drug	disease	label	fold
5-hydroxytryptophan	C0917801	1	0
ACT-132577	C2973725	1	4
DB00001	C0002965	1	3
DB00001	C0040038	1	3
DB00001	C0040053	1	0
DB00002	C0007102	1	1
DB00002	C1168401	1	0
DB00004	C0079773	1	2
DB00005	C0003872	1	2
DB00005	C0003873	1	0
DB00005	C0038013	1	3
DB00005	C3495559	1	1
DB00006	C0002962	1	0
DB00006	C0002965	1	2
DB00006	C0040053	1	3
DB00007	C0014170	1	0
DB00007	C0014175	1	2
DB00007	C0021359	1	3
DB00007	C0021361	1	1
DB00007	C0023267	1	0
DB00007	C0033578	1	3
DB00007	C0034013	1	1
DB00007	C0042133	1	1
DB00007	C0376358	1	0
DB00007	C0919267	1	0
DB00007	C1458155	1	2
DB00007	C2937421	1	4
DB00008	C0006118	1	4
DB00008	C0007134	1	0
DB00008	C0009404	1	2
DB00008	C0018916	1	0
DB00008	C0023443	1	3
DB00008	C0024437	1	0
DB00008	C0025202	1	1
DB00008	C0026764	1	3
DB00008	C0026948	1	4
DB00008	C0036220	1	4
DB00008	C0036920	1	1
DB00008	C0037286	1	2
DB00008	C0037299	1	2
DB00008	C0040028	1	1
DB00008	C0276535	1	0
DB00008	C0524909	1	1
DB00008	C0524910	1	3
DB00008	C1540912	1	3
DB00008	C2239176	1	4
DB00009	C0027051	1	1
DB00009	C0034065	1	2
DB00009	C0040053	1	1
DB00009	C0948008	1	4
DB00010	C0013338	1	1
DB00010	C0021359	1	0
DB00010	C0343755	1	3
DB00012	C0002871	1	4
DB00013	C0010072	1	3
DB00013	C0027051	1	3
DB00013	C0034065	1	2
DB00013	C0040053	1	4
DB00013	C0042487	1	2
DB00014	C0006142	1	1
DB00014	C0014175	1	0
DB00015	C0018802	1	3
DB00015	C0027051	1	1
DB00015	C0034065	1	0
DB00015	C0040053	1	2
DB00015	C0242973	1	1
DB00016	C0002871	1	2
DB00017	C0020437	1	0
DB00017	C0029401	1	1
DB00017	C0029456	1	1
DB00017	C0029458	1	3
DB00020	C0019829	1	4
DB00020	C0023449	1	1
DB00020	C1458155	1	2
DB00022	C0006118	1	4
DB00022	C0007134	1	1
DB00022	C0009404	1	4
DB00022	C0018916	1	2
DB00022	C0023443	1	0
DB00022	C0024437	1	1
DB00022	C0025202	1	0
DB00022	C0026764	1	4
DB00022	C0026948	1	4
DB00022	C0036220	1	0
DB00022	C0036920	1	1
DB00022	C0037286	1	1
DB00022	C0037299	1	3
DB00022	C0040028	1	2
DB00022	C0524910	1	3
DB00022	C1540912	1	0
DB00022	C2239176	1	0
DB00024	C0020676	1	3
DB00024	C0040136	1	2
DB00025	C0019080	1	2
DB00026	C0003873	1	0
DB00026	C0409818	1	1
DB00026	C2316212	1	4
DB00028	C0002880	1	1
DB00028	C0011633	1	3
DB00028	C0021051	1	2
DB00028	C0023418	1	2
DB00028	C0023434	1	3
DB00028	C0026691	1	3
DB00029	C0027051	1	0
DB00029	C0034065	1	4
DB00029	C0040053	1	2
DB00030	C0011849	1	4
DB00030	C0011854	1	4
DB00030	C0011860	1	2
DB00030	C0021655	1	2
DB00030	C2748055	1	1
DB00031	C0010072	1	2
DB00031	C0027051	1	2
DB00031	C0040053	1	2
DB00032	C0021359	1	1
DB00033	C0006118	1	2
DB00033	C0007134	1	3
DB00033	C0009404	1	4
DB00033	C0018203	1	1
DB00033	C0018916	1	3
DB00033	C0023443	1	1
DB00033	C0024437	1	1
DB00033	C0025202	1	0
DB00033	C0026764	1	4
DB00033	C0026948	1	0
DB00033	C0036220	1	1
DB00033	C0036920	1	3
DB00033	C0037286	1	2
DB00033	C0037299	1	2
DB00033	C0040028	1	1
DB00033	C0524910	1	4
DB00033	C1540912	1	4
DB00033	C2239176	1	3
DB00034	C0006118	1	4
DB00034	C0007134	1	0
DB00034	C0009404	1	1
DB00034	C0018916	1	0
DB00034	C0023443	1	1
DB00034	C0024437	1	1
DB00034	C0025202	1	4
DB00034	C0026764	1	3
DB00034	C0026948	1	4
DB00034	C0036220	1	4
DB00034	C0036920	1	0
DB00034	C0037286	1	4
DB00034	C0037299	1	1
DB00034	C0040028	1	2
DB00034	C0524910	1	4
DB00034	C1540912	1	2
DB00034	C2239176	1	3
DB00035	C0011848	1	1
DB00035	C0018924	1	0
DB00035	C0019069	1	0
DB00035	C0019080	1	4
DB00035	C0041948	1	4
DB00036	C0008533	1	2
DB00036	C0015503	1	4
DB00036	C0019069	1	4
DB00036	C0019080	1	1
DB00036	C0040015	1	2
DB00038	C0040034	1	1
DB00039	C0376545	1	4
DB00040	C0002792	1	0
DB00040	C0011849	1	4
DB00040	C0020615	1	2
DB00040	C0036980	1	0
DB00040	C0428977	1	4
DB00041	C0007134	1	1
DB00041	C0009404	1	1
DB00041	C0023467	1	3
DB00041	C0024305	1	0
DB00041	C0025202	1	3
DB00041	C0026764	1	4
DB00042	C0038379	1	2
DB00043	C0004096	1	3
DB00043	C0020517	1	0
DB00044	C0021361	1	3
DB00046	C0011849	1	3
DB00046	C0011854	1	0
DB00046	C0011860	1	4
DB00046	C0020456	1	3
DB00046	C2748055	1	1
DB00047	C0011849	1	0
DB00047	C0011854	1	3
DB00047	C0011860	1	1
DB00047	C0020456	1	1
DB00047	C2748055	1	1
DB00048	C0030848	1	4
DB00048	C0037299	1	3
DB00051	C0003872	1	1
DB00051	C0003873	1	2
DB00051	C0009324	1	0
DB00051	C0010346	1	3
DB00051	C0038013	1	0
DB00051	C0162836	1	2
DB00051	C3495559	1	2
DB00052	C0001206	1	2
DB00052	C0013338	1	2
DB00052	C0032897	1	2
DB00052	C0041408	1	0
DB00052	C0151686	1	1
DB00052	C0343755	1	4
DB00052	C0878787	1	4
DB00054	C0002965	1	1
DB00054	C0040053	1	2
DB00055	C0040053	1	0
DB00056	C0023467	1	0
DB00056	C0023479	1	3
DB00060	C0006118	1	3
DB00060	C0007134	1	2
DB00060	C0009404	1	4
DB00060	C0018916	1	2
DB00060	C0023443	1	1
DB00060	C0024437	1	2
DB00060	C0025202	1	4
DB00060	C0026764	1	4
DB00060	C0026948	1	3
DB00060	C0036220	1	1
DB00060	C0036920	1	3
DB00060	C0037286	1	4
DB00060	C0037299	1	4
DB00060	C0040028	1	0
DB00060	C0524910	1	2
DB00060	C0751967	1	2
DB00060	C1540912	1	4
DB00060	C2239176	1	0
DB00063	C0002965	1	0
DB00063	C0027051	1	3
DB00063	C0040053	1	4
DB00063	C0948089	1	3
DB00065	C0003872	1	2
DB00065	C0003873	1	1
DB00065	C0009324	1	0
DB00065	C0010346	1	0
DB00065	C0038013	1	0
DB00065	C3495559	1	1
DB00066	C0021359	1	1
DB00066	C0021361	1	0
DB00067	C0011848	1	4
DB00067	C0017181	1	4
DB00067	C0019069	1	4
DB00067	C0019080	1	0
DB00067	C0042510	1	0
DB00067	C0042514	1	1
DB00068	C0006118	1	2
DB00068	C0007134	1	4
DB00068	C0009404	1	2
DB00068	C0018916	1	3
DB00068	C0023443	1	4
DB00068	C0024437	1	2
DB00068	C0025202	1	4
DB00068	C0026764	1	1
DB00068	C0026769	1	1
DB00068	C0026948	1	4
DB00068	C0036220	1	3
DB00068	C0036920	1	2
DB00068	C0037286	1	0
DB00068	C0037299	1	4
DB00068	C0040028	1	1
DB00068	C0524910	1	3
DB00068	C0751967	1	2
DB00068	C1540912	1	3
DB00068	C2239176	1	3
DB00069	C0006118	1	3
DB00069	C0007134	1	4
DB00069	C0009404	1	2
DB00069	C0018916	1	4
DB00069	C0023443	1	4
DB00069	C0024437	1	4
DB00069	C0025202	1	1
DB00069	C0026764	1	2
DB00069	C0026948	1	1
DB00069	C0036220	1	1
DB00069	C0036920	1	0
DB00069	C0037286	1	0
DB00069	C0037299	1	4
DB00069	C0040028	1	3
DB00069	C0276535	1	1
DB00069	C0524910	1	4
DB00069	C1540912	1	2
DB00069	C2239176	1	0
DB00070	C0042909	1	0
DB00071	C0011849	1	2
DB00072	C1458155	1	4
DB00073	C0003873	1	2
DB00073	C0023434	1	0
DB00073	C0024305	1	0
DB00073	C0079731	1	3
DB00075	C0018133	1	0
DB00078	C0024301	1	3
DB00078	C0024305	1	1
DB00078	C0079731	1	0
DB00081	C0024301	1	2
DB00082	C0001206	1	2
DB00083	C0038379	1	0
DB00083	C2930898	1	4
DB00086	C0027051	1	1
DB00086	C0034065	1	3
DB00086	C0040053	1	3
DB00086	C0042487	1	4
DB00086	C0149871	1	3
DB00086	C0151942	1	1
DB00087	C0023434	1	0
DB00087	C0751967	1	2
DB00091	C0003873	1	4
DB00091	C0004096	1	2
DB00091	C0013238	1	2
DB00091	C0017668	1	3
DB00091	C0022575	1	1
DB00091	C0024141	1	2
DB00091	C0026896	1	2
DB00091	C0033860	1	4
DB00092	C0033860	1	3
DB00093	C0022116	1	2
DB00094	C0021359	1	1
DB00094	C0021361	1	2
DB00094	C0032460	1	3
DB00095	C0033860	1	1
DB00097	C0021361	1	0
DB00099	C0221023	1	1
DB00100	C0008533	1	0
DB00100	C0015503	1	2
DB00100	C0019069	1	3
DB00100	C0019080	1	1
DB00100	C0020640	1	3
DB00102	C0037299	1	2
DB00104	C0001206	1	2
DB00104	C0001430	1	2
DB00104	C0007095	1	2
DB00104	C0011991	1	2
DB00104	C0024586	1	1
DB00104	C0030297	1	1
DB00104	C0032019	1	2
DB00105	C0006118	1	1
DB00105	C0007134	1	0
DB00105	C0009404	1	3
DB00105	C0018916	1	2
DB00105	C0023443	1	1
DB00105	C0023470	1	4
DB00105	C0023473	1	4
DB00105	C0024305	1	1
DB00105	C0024437	1	0
DB00105	C0024586	1	3
DB00105	C0025202	1	0
DB00105	C0026764	1	1
DB00105	C0026948	1	0
DB00105	C0032463	1	0
DB00105	C0036220	1	1
DB00105	C0036920	1	2
DB00105	C0037286	1	3
DB00105	C0037299	1	4
DB00105	C0040028	1	0
DB00105	C0040136	1	3
DB00105	C0524909	1	2
DB00105	C0524910	1	0
DB00105	C1540912	1	2
DB00105	C2239176	1	0
DB00106	C0376358	1	4
DB00107	C0032787	1	1
DB00108	C0010346	1	4
DB00108	C0026769	1	4
DB00110	C0006287	1	3
DB00110	C0151526	1	4
DB00112	C1621958	1	3
DB00114	C0162429	1	0
DB00115	C0002871	1	4
DB00115	C0007570	1	2
DB00115	C0011882	1	2
DB00115	C0026769	1	0
DB00115	C0042847	1	0
DB00115	C0162316	1	0
DB00115	C1394891	1	2
DB00117	C0003873	1	3
DB00118	C0029408	1	1
DB00118	C1263846	1	1
DB00119	C0162429	1	0
DB00120	C0042900	1	2
DB00121	C0162429	1	1
DB00122	C0020473	1	2
DB00122	C0162429	1	1
DB00122	C0917801	1	1
DB00123	C0029456	1	3
DB00125	C0162429	1	3
DB00126	C0025637	1	4
DB00126	C0268483	1	1
DB00127	C0162429	1	1
DB00128	C0020621	1	2
DB00129	C0162429	1	3
DB00130	C0003467	1	3
DB00130	C0003862	1	0
DB00130	C0009324	1	0
DB00130	C0010346	1	0
DB00130	C0011991	1	3
DB00130	C0162429	1	4
DB00130	C0231528	1	0
DB00130	C0917801	1	2
DB00131	C0162429	1	4
DB00132	C0020443	1	3
DB00132	C0020473	1	1
DB00132	C0162429	1	4
DB00132	C1527336	1	1
DB00133	C0017612	1	3
DB00136	C0020502	1	0
DB00136	C0020598	1	4
DB00136	C0020626	1	2
DB00136	C0022661	1	2
DB00136	C0029456	1	4
DB00136	C0033860	1	1
DB00136	C0035579	1	1
DB00136	C0042842	1	3
DB00136	C0042870	1	2
DB00136	C0042875	1	4
DB00136	C0085682	1	0
DB00138	C0003873	1	1
DB00138	C0029408	1	4
DB00139	C0041582	1	4
DB00139	C0162316	1	1
DB00139	C0162429	1	2
DB00141	C0029408	1	0
DB00142	C0041582	1	0
DB00143	C0162429	1	1
DB00145	C0010200	1	2
DB00145	C0027424	1	1
DB00145	C0030920	1	3
DB00145	C0035455	1	2
DB00145	C2607914	1	3
DB00146	C0020598	1	2
DB00146	C0020626	1	3
DB00146	C0022661	1	0
DB00146	C0029456	1	1
DB00146	C0035579	1	0
DB00146	C0042870	1	4
DB00146	C0085682	1	0
DB00147	C0014544	1	2
DB00147	C0162429	1	0
DB00147	C0936215	1	1
DB00148	C0162429	1	0
DB00150	C0003467	1	3
DB00150	C0009806	1	3
DB00150	C0015672	1	3
DB00150	C0917801	1	4
DB00151	C0002726	1	4
DB00151	C0006267	1	1
DB00151	C1408258	1	1
DB00152	C0039841	1	1
DB00152	C0042847	1	0
DB00152	C0349464	1	3
DB00153	C0001122	1	3
DB00153	C0015624	1	3
DB00153	C0020598	1	2
DB00153	C0020626	1	2
DB00153	C0029442	1	1
DB00153	C0029456	1	0
DB00153	C0029458	1	3
DB00153	C0035579	1	2
DB00153	C0042842	1	0
DB00153	C0042870	1	4
DB00153	C0085682	1	1
DB00154	C0162429	1	0
DB00155	C0162429	1	0
DB00157	C0002395	1	1
DB00157	C0030567	1	3
DB00158	C0002871	1	1
DB00158	C0002888	1	4
DB00158	C0007570	1	1
DB00158	C0016412	1	3
DB00158	C0042847	1	2
DB00158	C0162316	1	1
DB00159	C0010674	1	1
DB00159	C0011860	1	4
DB00159	C0011881	1	3
DB00159	C0020557	1	3
DB00161	C0019151	1	4
DB00161	C0031485	1	1
DB00162	C0022593	1	3
DB00162	C0042842	1	1
DB00162	C0042870	1	3
DB00162	C0702166	1	3
DB00163	C0002395	1	2
DB00163	C0003873	1	4
DB00163	C0004096	1	2
DB00163	C0004153	1	2
DB00163	C0042875	1	2
DB00165	C0936215	1	3
DB00165	C1849508	1	0
DB00167	C0019151	1	3
DB00169	C0010346	1	3
DB00169	C0020598	1	2
DB00169	C0020626	1	2
DB00169	C0022661	1	3
DB00169	C0024121	1	3
DB00169	C0029442	1	1
DB00169	C0029456	1	0
DB00169	C0029458	1	4
DB00169	C0033860	1	4
DB00169	C0035579	1	3
DB00169	C0037286	1	3
DB00169	C0042842	1	3
DB00169	C0042870	1	2
DB00170	C0003873	1	4
DB00170	C0009324	1	2
DB00170	C0011991	1	3
DB00170	C0018681	1	2
DB00170	C0019080	1	0
DB00170	C0037299	1	3
DB00170	C0042345	1	1
DB00170	C0042880	1	0
DB00173	C0162429	1	0
DB00174	C0162429	1	2
DB00175	C0003850	1	3
DB00175	C0020443	1	0
DB00175	C0020473	1	3
DB00175	C0020474	1	1
DB00175	C0020476	1	0
DB00175	C0020479	1	2
DB00175	C0020557	1	0
DB00175	C0027051	1	4
DB00175	C0038454	1	4
DB00176	C0028768	1	4
DB00177	C0011881	1	1
DB00177	C0018802	1	3
DB00177	C0020538	1	3
DB00177	C0242698	1	3
DB00178	C0011849	1	4
DB00178	C0018802	1	4
DB00178	C0020538	1	2
DB00178	C0027051	1	0
DB00178	C0038454	1	4
DB00178	C0730345	1	4
DB00179	C0020456	1	4
DB00179	C0022593	1	1
DB00180	C0004096	1	2
DB00180	C0035457	1	4
DB00180	C2607914	1	3
DB00181	C0005697	1	0
DB00181	C0007789	1	4
DB00181	C0020179	1	1
DB00181	C0026769	1	3
DB00181	C0037763	1	4
DB00181	C0037930	1	0
DB00181	C0038018	1	0
DB00181	C0040997	1	0
DB00182	C0027404	1	2
DB00182	C0028754	1	2
DB00182	C1263846	1	4
DB00185	C1527336	1	4
DB00186	C0003467	1	2
DB00186	C0014544	1	4
DB00186	C0014550	1	2
DB00186	C0014553	1	2
DB00186	C0021603	1	1
DB00186	C0030319	1	4
DB00186	C0038220	1	3
DB00186	C0238111	1	0
DB00186	C0270846	1	4
DB00187	C0004238	1	4
DB00187	C0039240	1	2
DB00187	C0042514	1	4
DB00188	C0026764	1	4
DB00188	C0334634	1	2
DB00189	C0021603	1	4
DB00189	C0917801	1	1
DB00190	C0030567	1	4
DB00190	C0242422	1	3
DB00191	C0020649	1	1
DB00191	C0028754	1	3
DB00192	C0003811	1	4
DB00193	C0029408	1	0
DB00193	C0030193	1	2
DB00193	C0150055	1	4
DB00193	C0235063	1	0
DB00195	C0017601	1	3
DB00195	C0017612	1	1
DB00195	C0020538	1	0
DB00195	C0028840	1	2
DB00196	C0025289	1	2
DB00199	C0008311	1	1
DB00199	C0017160	1	4
DB00199	C0025289	1	4
DB00199	C0042029	1	1
DB00199	C0155862	1	3
DB00199	C0702166	1	2
DB00199	C2242472	1	0
DB00200	C0002871	1	0
DB00200	C0007570	1	1
DB00200	C0011882	1	3
DB00200	C0020550	1	0
DB00200	C0024523	1	3
DB00200	C0026769	1	0
DB00200	C0042847	1	2
DB00200	C0346647	1	3
DB00201	C0003578	1	4
DB00201	C0003862	1	4
DB00201	C0004604	1	2
DB00201	C0013144	1	0
DB00201	C0013390	1	3
DB00201	C0015672	1	2
DB00201	C0026838	1	3
DB00201	C0027424	1	0
DB00201	C0030193	1	1
DB00201	C0149931	1	4
DB00201	C2607914	1	2
DB00203	C0242350	1	0
DB00203	C2973725	1	3
DB00204	C0003811	1	0
DB00204	C0004238	1	0
DB00204	C0004239	1	1
DB00206	C0013384	1	0
DB00206	C0020538	1	0
DB00206	C0033975	1	1
DB00206	C0085580	1	4
DB00207	C0029882	1	4
DB00207	C0032285	1	2
DB00207	C0155862	1	3
DB00207	C0702166	1	2
DB00208	C0038454	1	3
DB00208	C0040053	1	4
DB00209	C0042023	1	0
DB00209	C0042024	1	4
DB00209	C0085606	1	4
DB00209	C0878773	1	3
DB00210	C0702166	1	1
DB00211	C0020649	1	1
DB00211	C0020651	1	1
DB00211	C0042024	1	3
DB00212	C0018801	1	0
DB00213	C0014868	1	0
DB00213	C0017168	1	2
DB00213	C0027662	1	3
DB00213	C0030920	1	3
DB00213	C0041582	1	0
DB00213	C0043515	1	1
DB00214	C0013604	1	3
DB00214	C0018802	1	3
DB00214	C0020538	1	0
DB00214	C0022660	1	3
DB00214	C0022661	1	1
DB00214	C0023890	1	4
DB00214	C0027726	1	3
DB00214	C0034063	1	0
DB00215	C0011581	1	0
DB00215	C0011882	1	4
DB00215	C1269683	1	3
DB00216	C0149931	1	4
DB00218	C0008677	1	3
DB00218	C0010692	1	4
DB00218	C0031154	1	2
DB00218	C0032285	1	0
DB00218	C0034186	1	1
DB00218	C0037199	1	2
DB00218	C0155862	1	2
DB00218	C0876973	1	2
DB00221	C0004096	1	1
DB00222	C0003811	1	4
DB00222	C0011849	1	1
DB00222	C0011860	1	1
DB00222	C0020456	1	1
DB00223	C0011615	1	2
DB00223	C0011616	1	3
DB00223	C0015230	1	2
DB00223	C0015456	1	0
DB00223	C0024138	1	2
DB00223	C0036508	1	0
DB00223	C0079773	1	4
DB00226	C0020538	1	1
DB00227	C0003850	1	4
DB00227	C0010068	1	4
DB00227	C0020443	1	3
DB00227	C0020473	1	2
DB00227	C0020474	1	2
DB00227	C0020476	1	1
DB00227	C0020557	1	4
DB00227	C0027051	1	2
DB00227	C0473527	1	4
DB00228	C0151636	1	3
DB00230	C0014544	1	0
DB00230	C0031117	1	3
DB00230	C0032768	1	0
DB00230	C0036572	1	1
DB00231	C0021603	1	0
DB00231	C0917801	1	1
DB00232	C0013604	1	4
DB00232	C0018802	1	2
DB00232	C0020538	1	3
DB00232	C0027726	1	1
DB00233	C0009324	1	2
DB00233	C0010346	1	1
DB00233	C0021390	1	1
DB00233	C0041296	1	0
DB00234	C1269683	1	3
DB00235	C0018802	1	4
DB00237	C0013428	1	2
DB00237	C0021603	1	0
DB00237	C0917801	1	2
DB00240	C0011603	1	1
DB00240	C0011615	1	1
DB00240	C0011616	1	0
DB00240	C0015230	1	3
DB00240	C0015456	1	4
DB00240	C0024138	1	3
DB00240	C0036508	1	1
DB00240	C0079773	1	4
DB00241	C0018681	1	3
DB00241	C0149931	1	3
DB00242	C0002871	1	2
DB00242	C0023434	1	3
DB00242	C0023443	1	3
DB00242	C0024305	1	3
DB00242	C0026769	1	0
DB00242	C0079773	1	1
DB00243	C0002962	1	4
DB00244	C0009324	1	3
DB00244	C0014356	1	3
DB00244	C0021390	1	0
DB00245	C0013384	1	3
DB00245	C0015371	1	2
DB00245	C0030567	1	0
DB00245	C0242422	1	1
DB00246	C0005586	1	1
DB00246	C0036341	1	2
DB00247	C0018681	1	3
DB00247	C0149931	1	4
DB00248	C0013384	1	1
DB00248	C0020514	1	2
DB00248	C0030567	1	2
DB00248	C0032000	1	4
DB00248	C0033375	1	3
DB00248	C0242422	1	0
DB00250	C0702166	1	4
DB00252	C0014544	1	4
DB00252	C0014549	1	2
DB00252	C0014556	1	4
DB00252	C0036572	1	4
DB00252	C0038220	1	2
DB00252	C0149958	1	3
DB00252	C0234974	1	2
DB00252	C0238111	1	1
DB00252	C0494475	1	3
DB00253	C0009763	1	3
DB00253	C0010043	1	3
DB00253	C0013182	1	0
DB00253	C0014583	1	2
DB00253	C0022073	1	0
DB00253	C0035854	1	0
DB00253	C0042164	1	1
DB00254	C0008149	1	1
DB00254	C0031099	1	2
DB00254	C0032227	1	1
DB00254	C0035585	1	4
DB00254	C0037199	1	1
DB00254	C0702166	1	0
DB00255	C0000786	1	1
DB00255	C0033578	1	1
DB00255	C0151526	1	3
DB00255	C0376358	1	1
DB00255	C1458155	1	1
DB00261	C0027022	1	3
DB00261	C0032463	1	2
DB00261	C0040028	1	1
DB00261	C0040053	1	2
DB00261	C0836924	1	3
DB00262	C0004114	1	3
DB00262	C0006118	1	4
DB00262	C0009375	1	3
DB00262	C0014474	1	2
DB00262	C0017636	1	1
DB00262	C0019829	1	0
DB00262	C0024121	1	2
DB00262	C0024305	1	1
DB00262	C0025149	1	1
DB00262	C0025202	1	1
DB00262	C0026764	1	4
DB00262	C0079744	1	1
DB00264	C0002962	1	0
DB00264	C0020538	1	3
DB00264	C0027051	1	1
DB00264	C0948089	1	4
DB00266	C0027051	1	1
DB00266	C0040038	1	0
DB00266	C0040053	1	2
DB00266	C0149871	1	1
DB00268	C0013384	1	4
DB00268	C0030567	1	2
DB00268	C0035258	1	4
DB00270	C0020538	1	4
DB00270	C0085580	1	3
DB00273	C0014544	1	2
DB00273	C0014549	1	3
DB00273	C0028754	1	1
DB00273	C0037769	1	4
DB00273	C0149931	1	4
DB00273	C0234974	1	2
DB00273	C0238111	1	2
DB00275	C0011881	1	2
DB00275	C0018802	1	4
DB00275	C0020538	1	2
DB00275	C0242698	1	1
DB00276	C0023467	1	1
DB00277	C0003578	1	0
DB00277	C0004096	1	0
DB00277	C0008677	1	1
DB00277	C0024115	1	2
DB00277	C0034067	1	4
DB00277	C0428977	1	2
DB00277	C0746102	1	2
DB00279	C0010308	1	1
DB00279	C0018021	1	0
DB00279	C0020676	1	1
DB00279	C0040136	1	2
DB00279	C0040156	1	3
DB00279	C0920350	1	2
DB00280	C0003811	1	4
DB00280	C0004238	1	2
DB00280	C0004239	1	3
DB00280	C0042514	1	1
DB00280	C0085612	1	0
DB00280	C0151636	1	4
DB00280	C0559106	1	0
DB00281	C0003811	1	0
DB00281	C0013595	1	0
DB00281	C0019080	1	4
DB00281	C0019112	1	4
DB00281	C0027796	1	1
DB00281	C0032768	1	3
DB00281	C0033774	1	3
DB00281	C0042510	1	2
DB00281	C0042514	1	2
DB00281	C0085612	1	1
DB00281	C0151636	1	0
DB00282	C0020437	1	0
DB00282	C0026764	1	1
DB00282	C0029401	1	4
DB00282	C0029458	1	3
DB00283	C0002994	1	3
DB00283	C0020517	1	1
DB00283	C0027424	1	1
DB00283	C0033774	1	1
DB00283	C0035457	1	3
DB00283	C0042109	1	3
DB00283	C0343065	1	4
DB00283	C2607914	1	3
DB00284	C0011849	1	4
DB00284	C0011860	1	3
DB00284	C0020456	1	3
DB00285	C0006142	1	2
DB00285	C0030319	1	4
DB00285	C1269683	1	0
DB00286	C0006142	1	1
DB00286	C0020619	1	2
DB00286	C0029456	1	1
DB00286	C1384606	1	1
DB00287	C0017601	1	0
DB00287	C0017612	1	1
DB00287	C0028840	1	0
DB00288	C0011603	1	0
DB00288	C0011615	1	0
DB00288	C0011616	1	0
DB00288	C0015230	1	0
DB00288	C0015456	1	2
DB00288	C0024138	1	0
DB00288	C0036508	1	4
DB00288	C0079773	1	0
DB00289	C1263846	1	1
DB00290	C0007137	1	4
DB00290	C0019829	1	0
DB00290	C0024299	1	4
DB00290	C0024301	1	2
DB00290	C0024305	1	0
DB00290	C0025202	1	1
DB00290	C0039590	1	2
DB00290	C0079744	1	4
DB00290	C0278996	1	1
DB00290	C1261473	1	2
DB00290	C1336708	1	2
DB00292	C0007786	1	3
DB00292	C0038220	1	0
DB00293	C0025500	1	1
DB00293	C1527249	1	2
DB00295	C0011991	1	3
DB00295	C0030193	1	4
DB00295	C0150055	1	4
DB00297	C0033774	1	1
DB00298	C0017601	1	0
DB00298	C0026961	1	0
DB00300	C0524909	1	0
DB00302	C0005779	1	4
DB00302	C0014175	1	4
DB00302	C0019080	1	3
DB00302	C0025323	1	3
DB00302	C0038525	1	2
DB00302	C0271578	1	4
DB00304	C0014175	1	3
DB00306	C0917801	1	3
DB00307	C0011849	1	0
DB00307	C0079773	1	2
DB00307	C0596263	1	0
DB00308	C0003811	1	4
DB00308	C0004238	1	1
DB00308	C0004239	1	3
DB00309	C0019829	1	2
DB00309	C0023449	1	4
DB00309	C0023473	1	0
DB00309	C0024299	1	1
DB00309	C0025202	1	4
DB00309	C0085669	1	0
DB00310	C0013604	1	0
DB00310	C0018802	1	3
DB00310	C0020538	1	0
DB00310	C0022661	1	1
DB00310	C0023890	1	2
DB00310	C0027726	1	1
DB00311	C0017601	1	2
DB00312	C0014544	1	2
DB00312	C0038220	1	2
DB00312	C0917798	1	2
DB00312	C0917801	1	4
DB00313	C0002395	1	1
DB00313	C0014544	1	1
DB00313	C0014553	1	0
DB00313	C0036572	1	1
DB00313	C0085417	1	4
DB00315	C0149931	1	1
DB00316	C0003862	1	2
DB00316	C0003864	1	2
DB00316	C0004604	1	0
DB00316	C0013390	1	1
DB00316	C0015967	1	2
DB00316	C0030193	1	2
DB00316	C0149931	1	2
DB00316	C2607914	1	1
DB00317	C0007131	1	1
DB00317	C0024121	1	3
DB00318	C0010200	1	0
DB00318	C0015967	1	0
DB00318	C0027424	1	3
DB00318	C0030193	1	0
DB00318	C0035455	1	1
DB00318	C2607914	1	0
DB00320	C0149931	1	3
DB00321	C0011581	1	1
DB00321	C0338908	1	2
DB00322	C0009404	1	0
DB00322	C0038356	1	2
DB00322	C1527249	1	1
DB00323	C0013384	1	3
DB00323	C0030567	1	4
DB00324	C0005741	1	3
DB00324	C0010043	1	1
DB00324	C0020517	1	0
DB00324	C0022073	1	2
DB00324	C0035854	1	0
DB00324	C0042164	1	0
DB00324	C0702166	1	2
DB00325	C0020538	1	0
DB00325	C0020546	1	4
DB00327	C0010200	1	0
DB00327	C0030193	1	1
DB00328	C0003868	1	4
DB00328	C0003873	1	4
DB00328	C0013274	1	0
DB00328	C0018099	1	1
DB00328	C0022876	1	4
DB00328	C0029408	1	1
DB00328	C0038013	1	1
DB00328	C0039103	1	2
DB00331	C0011849	1	3
DB00331	C0011860	1	1
DB00331	C0020456	1	0
DB00332	C0003811	1	2
DB00332	C0004096	1	1
DB00332	C0008677	1	2
DB00332	C0024117	1	4
DB00332	C0034067	1	2
DB00332	C0035457	1	2
DB00332	C2607914	1	2
DB00334	C0005586	1	3
DB00334	C0005587	1	1
DB00334	C0036341	1	4
DB00334	C1269683	1	0
DB00335	C0002962	1	2
DB00335	C0003811	1	3
DB00335	C0004238	1	4
DB00335	C0004239	1	2
DB00335	C0018802	1	2
DB00335	C0020538	1	4
DB00335	C0027051	1	4
DB00335	C0039240	1	3
DB00335	C0042510	1	3
DB00335	C0042514	1	2
DB00337	C0011603	1	2
DB00337	C0011615	1	2
DB00337	C0013595	1	1
DB00338	C0013295	1	0
DB00338	C0014868	1	4
DB00338	C0014869	1	3
DB00338	C0017168	1	4
DB00338	C0017181	1	2
DB00338	C0018834	1	1
DB00338	C0030920	1	1
DB00338	C0038358	1	3
DB00338	C0041582	1	2
DB00338	C0043515	1	4
DB00339	C0041296	1	4
DB00340	C0030567	1	3
DB00340	C0242422	1	4
DB00341	C0018621	1	2
DB00341	C0020517	1	0
DB00341	C0027424	1	3
DB00341	C0035457	1	0
DB00341	C0042109	1	3
DB00341	C2607914	1	0
DB00342	C0018621	1	2
DB00342	C2607914	1	1
DB00343	C0002962	1	4
DB00343	C0004238	1	4
DB00343	C0004239	1	3
DB00343	C0020538	1	0
DB00343	C0027051	1	4
DB00343	C0030590	1	2
DB00343	C0039240	1	0
DB00344	C0011581	1	4
DB00347	C0014544	1	1
DB00347	C0014553	1	0
DB00347	C0036572	1	2
DB00348	C0268483	1	0
DB00348	C0268490	1	2
DB00349	C0014544	1	4
DB00349	C0036572	1	0
DB00349	C0238111	1	2
DB00350	C0002170	1	2
DB00350	C0020538	1	2
DB00350	C0020540	1	3
DB00351	C0003123	1	1
DB00351	C0476089	1	3
DB00351	C0678222	1	1
DB00352	C0023437	1	0
DB00352	C0023467	1	0
DB00352	C0023481	1	4
DB00352	C0033860	1	4
DB00356	C0026838	1	1
DB00356	C0027121	1	0
DB00357	C0010481	1	2
DB00357	C0027661	1	4
DB00357	C0033578	1	4
DB00357	C1458155	1	3
DB00360	C0751434	1	4
DB00360	C0751435	1	4
DB00361	C0007131	1	4
DB00361	C0019829	1	1
DB00361	C0919267	1	4
DB00361	C1458155	1	0
DB00363	C0036341	1	0
DB00363	C3544321	1	1
DB00364	C0013295	1	2
DB00364	C0014868	1	4
DB00364	C0017152	1	4
DB00364	C0017168	1	3
DB00364	C0030920	1	1
DB00364	C0032285	1	1
DB00364	C0038358	1	3
DB00364	C0038362	1	3
DB00364	C0041582	1	3
DB00366	C0018621	1	1
DB00366	C0020517	1	3
DB00366	C0021603	1	1
DB00366	C0027424	1	4
DB00366	C0033774	1	4
DB00366	C0035457	1	1
DB00366	C0042109	1	4
DB00366	C0343065	1	2
DB00366	C2607914	1	4
DB00367	C0025323	1	3
DB00368	C0004096	1	0
DB00368	C0006267	1	4
DB00368	C0018681	1	4
DB00368	C0020649	1	4
DB00368	C0030567	1	3
DB00368	C0034067	1	4
DB00368	C0036983	1	4
DB00368	C0042109	1	0
DB00368	C0085159	1	3
DB00370	C1269683	1	4
DB00371	C0003467	1	1
DB00372	C0027497	1	1
DB00373	C0003811	1	3
DB00373	C0017601	1	3
DB00373	C0017612	1	4
DB00373	C0018802	1	1
DB00373	C0020538	1	0
DB00373	C0027051	1	0
DB00373	C0028840	1	3
DB00373	C0149931	1	1
DB00374	C0020542	1	0
DB00374	C0040053	1	0
DB00374	C2973725	1	3
DB00376	C0013384	1	3
DB00376	C0015371	1	1
DB00376	C0030567	1	2
DB00376	C0242422	1	3
DB00377	C0027497	1	3
DB00377	C0042963	1	0
DB00378	C0000809	1	2
DB00378	C0021359	1	0
DB00378	C0156404	1	2
DB00379	C0003811	1	2
DB00379	C0011882	1	2
DB00379	C0042510	1	3
DB00379	C0042514	1	3
DB00379	C0085612	1	4
DB00379	C0151636	1	4
DB00380	C0878544	1	0
DB00380	C1458155	1	2
DB00381	C0002962	1	0
DB00381	C0020538	1	3
DB00381	C0038454	1	1
DB00381	C1956346	1	3
DB00382	C0002395	1	3
DB00383	C0030920	1	3
DB00384	C0013604	1	2
DB00384	C0018802	1	4
DB00384	C0020538	1	4
DB00384	C0020621	1	2
DB00384	C0023890	1	2
DB00384	C0027726	1	4
DB00385	C0005684	1	2
DB00385	C0005695	1	2
DB00387	C0013384	1	1
DB00387	C0013421	1	0
DB00387	C0015371	1	4
DB00387	C0030567	1	2
DB00387	C0242422	1	3
DB00388	C0010200	1	0
DB00388	C0015967	1	1
DB00388	C0017612	1	1
DB00388	C0018621	1	1
DB00388	C0019112	1	2
DB00388	C0020649	1	4
DB00388	C0026961	1	3
DB00388	C0027424	1	1
DB00388	C0030590	1	2
DB00388	C0035455	1	0
DB00388	C0036983	1	3
DB00388	C0039240	1	1
DB00388	C2607914	1	3
DB00389	C0018213	1	2
DB00389	C0020550	1	1
DB00389	C0040156	1	4
DB00390	C0003811	1	1
DB00390	C0004238	1	0
DB00390	C0004239	1	3
DB00390	C0018801	1	4
DB00390	C0018802	1	4
DB00390	C0036980	1	3
DB00390	C0039240	1	3
DB00391	C0003467	1	0
DB00391	C0017168	1	0
DB00391	C0022104	1	4
DB00391	C0030920	1	2
DB00391	C0036341	1	3
DB00391	C0042571	1	1
DB00392	C0013384	1	1
DB00392	C0030567	1	0
DB00393	C0019080	1	0
DB00393	C0022116	1	4
DB00393	C0038525	1	4
DB00394	C0003811	1	2
DB00394	C0004096	1	0
DB00394	C0014356	1	0
DB00394	C0027430	1	4
DB00394	C0035455	1	2
DB00394	C2607914	1	4
DB00395	C0004604	1	4
DB00395	C0026838	1	1
DB00395	C0027121	1	0
DB00396	C0002453	1	4
DB00396	C0014173	1	4
DB00396	C0014175	1	0
DB00396	C0021359	1	2
DB00396	C0021361	1	1
DB00396	C0025874	1	3
DB00396	C0232940	1	1
DB00396	C0476089	1	0
DB00397	C0010200	1	2
DB00397	C0018621	1	3
DB00397	C0027424	1	4
DB00397	C0028754	1	0
DB00397	C0033117	1	4
DB00397	C0035455	1	0
DB00397	C0042024	1	1
DB00397	C2607914	1	3
DB00398	C0007134	1	1
DB00398	C2239176	1	1
DB00399	C0005967	1	2
DB00399	C0020437	1	0
DB00399	C0026764	1	1
DB00399	C0029401	1	1
DB00399	C0029456	1	0
DB00399	C0029458	1	4
DB00400	C0040261	1	3
DB00401	C0020538	1	1
DB00402	C0917801	1	0
DB00403	C0030446	1	4
DB00404	C0003467	1	3
DB00404	C0030319	1	2
DB00404	C0338908	1	0
DB00405	C0018621	1	0
DB00405	C0020517	1	2
DB00405	C0033774	1	1
DB00405	C0035457	1	2
DB00405	C0037199	1	4
DB00405	C0042109	1	0
DB00405	C0343065	1	3
DB00405	C2607914	1	3
DB00408	C0005586	1	3
DB00408	C0036341	1	1
DB00411	C0017601	1	4
DB00411	C0017612	1	3
DB00412	C0011860	1	4
DB00412	C0020456	1	1
DB00413	C0013384	1	0
DB00413	C0030567	1	3
DB00413	C0035258	1	4
DB00414	C0011849	1	3
DB00414	C0011860	1	1
DB00414	C0020456	1	0
DB00415	C0008311	1	1
DB00415	C0014121	1	3
DB00415	C0014836	1	3
DB00415	C0025289	1	4
DB00415	C0025294	1	0
DB00415	C0037199	1	2
DB00415	C0042029	1	3
DB00415	C0155862	1	1
DB00417	C0014733	1	4
DB00417	C0032285	1	4
DB00417	C0149704	1	0
DB00418	C0014544	1	3
DB00418	C0021603	1	2
DB00418	C0038220	1	0
DB00418	C0917801	1	4
DB00419	C0017205	1	2
DB00419	C0020517	1	1
DB00419	C0220756	1	4
DB00419	C1961835	1	4
DB00420	C0002994	1	1
DB00420	C0027424	1	0
DB00420	C0027497	1	2
DB00420	C0027498	1	0
DB00420	C0033774	1	3
DB00420	C0033975	1	0
DB00420	C0036341	1	1
DB00420	C0042109	1	3
DB00420	C0042963	1	4
DB00420	C0162565	1	1
DB00420	C0343065	1	0
DB00420	C2607914	1	4
DB00421	C0003962	1	2
DB00421	C0013604	1	1
DB00421	C0018802	1	0
DB00421	C0020428	1	3
DB00421	C0020538	1	1
DB00421	C0020621	1	2
DB00421	C0023890	1	4
DB00421	C0027726	1	2
DB00422	C0027404	1	3
DB00422	C1263846	1	2
DB00423	C0026838	1	2
DB00423	C0027121	1	1
DB00424	C0005697	1	4
DB00424	C0009324	1	2
DB00424	C0010692	1	4
DB00424	C0013428	1	4
DB00424	C0022104	1	3
DB00424	C0030305	1	2
DB00424	C0030567	1	4
DB00424	C0030920	1	1
DB00424	C0035455	1	3
DB00424	C0037036	1	3
DB00424	C0040822	1	1
DB00424	C0085610	1	2
DB00424	C0282488	1	4
DB00425	C0917801	1	0
DB00427	C0002994	1	3
DB00427	C0011615	1	4
DB00427	C0018621	1	0
DB00427	C0020517	1	1
DB00427	C0033774	1	0
DB00427	C0035457	1	0
DB00427	C0042109	1	1
DB00427	C0343065	1	3
DB00427	C2607914	1	4
DB00428	C0009404	1	3
DB00428	C0019829	1	4
DB00428	C0030297	1	2
DB00428	C0346647	1	3
DB00429	C0015944	1	0
DB00432	C0007102	1	4
DB00432	C0022573	1	0
DB00433	C0027497	1	2
DB00433	C0027498	1	2
DB00433	C0036341	1	1
DB00433	C0042963	1	2
DB00434	C0002994	1	4
DB00434	C0009763	1	2
DB00434	C0013384	1	2
DB00434	C0016470	1	4
DB00434	C0018621	1	2
DB00434	C0020517	1	1
DB00434	C0027424	1	0
DB00434	C0033774	1	3
DB00434	C0035457	1	0
DB00434	C0042109	1	1
DB00434	C0343065	1	3
DB00434	C1527304	1	2
DB00434	C2607914	1	4
DB00435	C0004096	1	2
DB00435	C0020542	1	0
DB00435	C0031190	1	0
DB00435	C0035220	1	3
DB00436	C0013604	1	4
DB00436	C0018801	1	1
DB00436	C0018802	1	0
DB00436	C0020538	1	1
DB00436	C0027726	1	0
DB00437	C0003868	1	3
DB00437	C0018099	1	0
DB00437	C0022650	1	1
DB00437	C0023418	1	1
DB00437	C0024299	1	4
DB00437	C0740394	1	1
DB00439	C0020443	1	1
DB00439	C0020473	1	2
DB00439	C0020476	1	1
DB00440	C0011991	1	0
DB00440	C0032285	1	4
DB00440	C0034186	1	4
DB00440	C0037199	1	1
DB00440	C0042029	1	1
DB00441	C0007131	1	3
DB00441	C0281361	1	1
DB00441	C0887833	1	0
DB00441	C1140680	1	1
DB00443	C0001403	1	1
DB00443	C0001627	1	4
DB00443	C0002875	1	0
DB00443	C0002880	1	4
DB00443	C0002994	1	3
DB00443	C0003868	1	4
DB00443	C0003872	1	1
DB00443	C0003873	1	2
DB00443	C0004096	1	3
DB00443	C0004364	1	0
DB00443	C0005138	1	1
DB00443	C0006114	1	0
DB00443	C0010346	1	1
DB00443	C0011606	1	4
DB00443	C0011615	1	1
DB00443	C0011616	1	2
DB00443	C0013604	1	1
DB00443	C0014356	1	0
DB00443	C0014742	1	0
DB00443	C0015230	1	1
DB00443	C0015397	1	0
DB00443	C0015456	1	2
DB00443	C0019829	1	2
DB00443	C0020517	1	0
DB00443	C0021390	1	3
DB00443	C0023052	1	2
DB00443	C0023449	1	0
DB00443	C0024138	1	3
DB00443	C0024141	1	4
DB00443	C0024301	1	2
DB00443	C0024305	1	1
DB00443	C0026769	1	3
DB00443	C0026948	1	3
DB00443	C0027726	1	3
DB00443	C0030807	1	2
DB00443	C0033860	1	2
DB00443	C0036202	1	0
DB00443	C0036508	1	1
DB00443	C0036830	1	2
DB00443	C0037274	1	1
DB00443	C0038013	1	2
DB00443	C0039103	1	3
DB00443	C0040147	1	2
DB00443	C0079773	1	4
DB00443	C0405580	1	2
DB00443	C1260899	1	0
DB00443	C2607914	1	4
DB00444	C0023448	1	3
DB00444	C0023449	1	0
DB00444	C0262584	1	2
DB00445	C0006142	1	2
DB00445	C0678222	1	2
DB00445	C1458155	1	0
DB00446	C0015967	1	2
DB00446	C0025289	1	0
DB00446	C0025294	1	0
DB00446	C0035585	1	4
DB00446	C0702166	1	3
DB00448	C0013295	1	4
DB00448	C0014868	1	3
DB00448	C0017168	1	0
DB00448	C0017181	1	1
DB00448	C0018834	1	0
DB00448	C0030920	1	3
DB00448	C0038358	1	0
DB00448	C0041582	1	0
DB00448	C0043515	1	4
DB00449	C0017601	1	2
DB00449	C0017612	1	2
DB00450	C0027497	1	3
DB00450	C0042963	1	3
DB00451	C0010308	1	2
DB00451	C0018021	1	2
DB00451	C0020473	1	3
DB00451	C0020550	1	4
DB00451	C0020676	1	0
DB00451	C0677607	1	3
DB00452	C0005741	1	4
DB00452	C0019151	1	4
DB00454	C0030193	1	3
DB00455	C0018621	1	1
DB00455	C0020517	1	2
DB00455	C0027424	1	4
DB00455	C0035457	1	0
DB00455	C0042109	1	0
DB00455	C2607914	1	4
DB00457	C0018802	1	3
DB00457	C0020538	1	2
DB00457	C0031511	1	3
DB00457	C0034734	1	1
DB00457	C2937421	1	3
DB00458	C0011581	1	2
DB00458	C0032768	1	1
DB00459	C0022593	1	1
DB00459	C0033860	1	4
DB00461	C0003873	1	4
DB00461	C0029408	1	3
DB00462	C0010200	1	3
DB00462	C0022104	1	1
DB00462	C0027424	1	1
DB00462	C0030920	1	1
DB00462	C2607914	1	3
DB00463	C0014544	1	1
DB00464	C0042345	1	0
DB00467	C0010692	1	1
DB00467	C0042029	1	0
DB00469	C0003864	1	1
DB00469	C0003873	1	1
DB00469	C0029408	1	4
DB00469	C0038013	1	0
DB00470	C0003123	1	1
DB00470	C0343755	1	3
DB00471	C0003811	1	1
DB00471	C0004096	1	4
DB00471	C0035457	1	3
DB00471	C2607914	1	3
DB00472	C0005586	1	2
DB00472	C0005587	1	2
DB00472	C0011581	1	4
DB00472	C0028768	1	3
DB00472	C0030319	1	2
DB00472	C1269683	1	2
DB00472	C2267227	1	1
DB00475	C0001957	1	2
DB00475	C0003467	1	0
DB00475	C0022104	1	1
DB00475	C0030920	1	3
DB00475	C0149821	1	0
DB00475	C0236663	1	2
DB00475	C0338908	1	4
DB00476	C0031117	1	2
DB00476	C0231528	1	0
DB00476	C1269683	1	4
DB00477	C0027497	1	4
DB00477	C0027498	1	4
DB00477	C0033975	1	0
DB00477	C0036341	1	3
DB00477	C0042963	1	4
DB00477	C0162565	1	0
DB00477	C0236964	1	0
DB00480	C0002871	1	1
DB00480	C0026764	1	4
DB00480	C0334634	1	1
DB00481	C0006142	1	4
DB00481	C0029453	1	2
DB00481	C0029456	1	2
DB00481	C0029458	1	0
DB00482	C0003873	1	0
DB00482	C0013390	1	0
DB00482	C0029408	1	0
DB00482	C0032580	1	4
DB00482	C0038013	1	0
DB00484	C0017601	1	0
DB00484	C0017612	1	0
DB00484	C0028840	1	1
DB00489	C0003811	1	3
DB00489	C0004238	1	2
DB00489	C0004239	1	1
DB00489	C0039240	1	3
DB00489	C0042510	1	3
DB00489	C0042514	1	4
DB00489	C0085612	1	2
DB00491	C0011849	1	1
DB00491	C0011860	1	1
DB00491	C0020456	1	3
DB00492	C0018802	1	0
DB00492	C0020538	1	4
DB00492	C0730345	1	4
DB00493	C0025289	1	3
DB00493	C0025294	1	3
DB00493	C0031154	1	3
DB00493	C0034186	1	2
DB00493	C0149725	1	4
DB00493	C2242472	1	4
DB00494	C0013384	1	1
DB00494	C0030567	1	0
DB00496	C0042023	1	2
DB00496	C0042024	1	1
DB00496	C0085606	1	4
DB00496	C0878773	1	4
DB00497	C0034063	1	1
DB00498	C0004238	1	1
DB00498	C0004239	1	4
DB00498	C0034065	1	2
DB00498	C0040053	1	3
DB00498	C0149871	1	1
DB00498	C0398623	1	2
DB00498	C0878544	1	2
DB00499	C0033578	1	4
DB00500	C0003873	1	2
DB00500	C0029408	1	1
DB00501	C0013295	1	3
DB00501	C0014869	1	2
DB00501	C0017168	1	4
DB00501	C0018834	1	1
DB00501	C0027662	1	3
DB00501	C0030920	1	0
DB00501	C0038358	1	4
DB00501	C0041582	1	3
DB00501	C0042109	1	3
DB00501	C0043515	1	4
DB00501	C0221013	1	2
DB00502	C0013384	1	1
DB00502	C0033975	1	4
DB00502	C0036341	1	1
DB00502	C0040517	1	1
DB00502	C0221765	1	2
DB00503	C0524910	1	3
DB00504	C0235063	1	0
DB00505	C0028738	1	4
DB00508	C0027497	1	1
DB00508	C0027498	1	2
DB00508	C0033975	1	4
DB00508	C0042963	1	2
DB00509	C0020443	1	0
DB00509	C0020473	1	3
DB00509	C0020476	1	3
DB00511	C0003811	1	2
DB00511	C0018802	1	3
DB00513	C0019080	1	3
DB00514	C0010200	1	1
DB00514	C0015967	1	3
DB00514	C0027424	1	1
DB00514	C0035455	1	0
DB00514	C2607914	1	2
DB00515	C0004114	1	1
DB00515	C0005684	1	0
DB00515	C0005695	1	0
DB00515	C0014859	1	4
DB00515	C0019829	1	2
DB00515	C0024305	1	3
DB00515	C0026764	1	1
DB00515	C0027819	1	0
DB00515	C0029463	1	3
DB00515	C0033578	1	0
DB00515	C0038356	1	2
DB00515	C0039590	1	3
DB00515	C0262584	1	3
DB00515	C0919267	1	2
DB00515	C1140680	1	4
DB00515	C1336708	1	3
DB00515	C1458155	1	3
DB00517	C0030920	1	3
DB00517	C0038358	1	1
DB00517	C0041582	1	4
DB00519	C0018802	1	3
DB00519	C0020538	1	2
DB00519	C0027051	1	1
DB00521	C0003811	1	3
DB00521	C0017601	1	2
DB00521	C0017612	1	1
DB00521	C0020538	1	2
DB00521	C0028840	1	4
DB00523	C0011603	1	0
DB00523	C0022593	1	4
DB00523	C0023487	1	3
DB00523	C0036220	1	1
DB00523	C0276535	1	0
DB00524	C0013604	1	2
DB00524	C0018802	1	0
DB00524	C0020538	1	0
DB00524	C0027726	1	4
DB00527	C0033774	1	4
DB00528	C0020538	1	0
DB00528	C0034734	1	1
DB00530	C0007131	1	1
DB00530	C0281361	1	2
DB00530	C0346647	1	4
DB00531	C0002880	1	4
DB00531	C0006413	1	1
DB00531	C0014170	1	4
DB00531	C0019829	1	2
DB00531	C0023418	1	4
DB00531	C0023434	1	2
DB00531	C0023449	1	0
DB00531	C0023467	1	0
DB00531	C0023473	1	0
DB00531	C0024121	1	0
DB00531	C0024143	1	4
DB00531	C0024299	1	2
DB00531	C0024419	1	2
DB00531	C0026764	1	2
DB00531	C0026769	1	2
DB00531	C0026896	1	0
DB00531	C0026948	1	0
DB00531	C0027022	1	1
DB00531	C0027726	1	0
DB00531	C0027819	1	3
DB00531	C0035335	1	3
DB00531	C0035412	1	3
DB00531	C0039590	1	1
DB00531	C0553580	1	3
DB00531	C0678222	1	0
DB00531	C0919267	1	2
DB00531	C0948216	1	4
DB00531	C1458155	1	3
DB00532	C0036572	1	2
DB00533	C0003873	1	4
DB00533	C0013390	1	3
DB00533	C0029408	1	2
DB00533	C0149931	1	4
DB00535	C0029882	1	3
DB00535	C0032285	1	1
DB00535	C0037199	1	3
DB00537	C0010692	1	2
DB00537	C0014836	1	1
DB00537	C0029443	1	3
DB00537	C0033581	1	4
DB00537	C0037199	1	2
DB00537	C0149725	1	4
DB00537	C2242472	1	4
DB00539	C0027661	1	0
DB00539	C0376358	1	3
DB00539	C1458155	1	4
DB00540	C0011581	1	4
DB00541	C0006413	1	4
DB00541	C0019829	1	1
DB00541	C0023418	1	3
DB00541	C0023449	1	3
DB00541	C0024299	1	4
DB00541	C0024301	1	1
DB00541	C0024305	1	3
DB00541	C0027708	1	0
DB00541	C0027819	1	3
DB00541	C0035412	1	2
DB00541	C0079744	1	4
DB00541	C0085669	1	1
DB00542	C0018802	1	1
DB00542	C0020538	1	2
DB00543	C0011581	1	1
DB00544	C0006142	1	0
DB00544	C0007095	1	3
DB00544	C0007102	1	2
DB00544	C0007117	1	1
DB00544	C0007134	1	1
DB00544	C0009375	1	3
DB00544	C0018671	1	2
DB00544	C0022593	1	1
DB00544	C0030297	1	1
DB00544	C0034885	1	2
DB00544	C0038356	1	3
DB00544	C0235974	1	3
DB00544	C0278996	1	1
DB00544	C0281361	1	1
DB00544	C0346647	1	1
DB00544	C0678222	1	4
DB00544	C0699791	1	4
DB00544	C1458155	1	1
DB00544	C1527249	1	2
DB00545	C0026896	1	0
DB00546	C0038220	1	3
DB00547	C0011615	1	0
DB00547	C0011616	1	0
DB00547	C0015230	1	4
DB00547	C0015456	1	1
DB00547	C0024138	1	4
DB00547	C0036508	1	4
DB00547	C0079773	1	0
DB00548	C0035854	1	4
DB00548	C0702166	1	2
DB00549	C0004096	1	4
DB00550	C0018021	1	0
DB00550	C0018213	1	2
DB00550	C0020550	1	0
DB00550	C0154143	1	4
DB00551	C0042029	1	4
DB00552	C0002871	1	2
DB00552	C0023443	1	0
DB00553	C0026948	1	3
DB00553	C0033860	1	2
DB00553	C0042900	1	0
DB00553	C0079773	1	4
DB00554	C0003873	1	0
DB00554	C0029408	1	0
DB00554	C0038013	1	2
DB00555	C0005586	1	0
DB00555	C0014544	1	0
DB00555	C0234974	1	1
DB00555	C0238111	1	3
DB00555	C0494475	1	4
DB00557	C0003467	1	4
DB00557	C0011615	1	2
DB00557	C0033774	1	4
DB00557	C0042109	1	2
DB00557	C0343065	1	2
DB00557	C2607914	1	4
DB00559	C0011644	1	2
DB00559	C0020542	1	0
DB00559	C2973725	1	4
DB00561	C0024117	1	0
DB00561	C0035228	1	2
DB00561	C0235063	1	3
DB00562	C0013604	1	0
DB00562	C0018802	1	1
DB00562	C0027726	1	2
DB00563	C0003873	1	2
DB00563	C0006413	1	2
DB00563	C0014859	1	1
DB00563	C0020217	1	2
DB00563	C0023418	1	2
DB00563	C0023449	1	4
DB00563	C0024121	1	4
DB00563	C0024305	1	4
DB00563	C0026948	1	4
DB00563	C0029463	1	3
DB00563	C0033860	1	1
DB00563	C0038356	1	3
DB00563	C0039590	1	1
DB00563	C0278996	1	0
DB00563	C1458155	1	3
DB00564	C0014544	1	0
DB00564	C0014549	1	0
DB00564	C0035258	1	4
DB00564	C0036572	1	1
DB00564	C0040997	1	0
DB00564	C0085417	1	2
DB00564	C0234974	1	0
DB00564	C0238111	1	3
DB00564	C0494475	1	4
DB00568	C0020517	1	4
DB00568	C0027497	1	2
DB00568	C0042571	1	0
DB00569	C0040053	1	1
DB00569	C0149871	1	3
DB00570	C0006142	1	3
DB00570	C0018671	1	0
DB00570	C0019618	1	3
DB00570	C0019829	1	3
DB00570	C0022665	1	1
DB00570	C0024121	1	1
DB00570	C0024299	1	4
DB00570	C0024305	1	1
DB00570	C0026948	1	2
DB00570	C0027819	1	4
DB00570	C0036220	1	3
DB00570	C0039590	1	2
DB00570	C1458155	1	2
DB00571	C0002962	1	2
DB00571	C0003811	1	2
DB00571	C0004238	1	0
DB00571	C0007194	1	0
DB00571	C0018802	1	3
DB00571	C0018916	1	4
DB00571	C0020538	1	0
DB00571	C0027051	1	3
DB00571	C0031511	1	2
DB00571	C0039240	1	4
DB00571	C0042510	1	2
DB00571	C0042514	1	0
DB00571	C0270736	1	4
DB00572	C0002418	1	4
DB00572	C0003811	1	2
DB00572	C0004096	1	1
DB00572	C0018790	1	2
DB00572	C0026961	1	2
DB00572	C0037188	1	1
DB00572	C0038358	1	0
DB00572	C0042164	1	3
DB00572	C0428977	1	0
DB00573	C0003873	1	3
DB00573	C0029408	1	2
DB00573	C0030193	1	0
DB00574	C0028754	1	2
DB00575	C0013390	1	3
DB00575	C0017601	1	2
DB00575	C0017612	1	2
DB00575	C0019080	1	0
DB00575	C0020538	1	0
DB00575	C0031511	1	3
DB00575	C0037036	1	4
DB00575	C0149931	1	4
DB00575	C0236663	1	3
DB00575	C0751865	1	3
DB00575	C1263846	1	2
DB00579	C0013264	1	3
DB00579	C0020473	1	1
DB00579	C0028754	1	2
DB00580	C0003873	1	2
DB00580	C0013390	1	1
DB00580	C0029408	1	1
DB00583	C0020473	1	2
DB00583	C0020476	1	1
DB00583	C0022661	1	4
DB00583	C0220710	1	4
DB00583	C0268579	1	0
DB00583	C0268583	1	3
DB00583	C0268596	1	0
DB00583	C0342788	1	1
DB00583	C1142132	1	3
DB00584	C0003873	1	2
DB00584	C0004775	1	2
DB00584	C0013604	1	1
DB00584	C0018802	1	2
DB00584	C0020538	1	4
DB00584	C0020540	1	1
DB00584	C0020545	1	2
DB00584	C0085580	1	1
DB00585	C0013295	1	2
DB00585	C0014869	1	2
DB00585	C0017168	1	4
DB00585	C0018834	1	4
DB00585	C0030920	1	4
DB00585	C0038358	1	1
DB00585	C0041582	1	2
DB00585	C0042109	1	2
DB00585	C0043515	1	2
DB00586	C0003873	1	2
DB00586	C0013390	1	3
DB00586	C0022593	1	4
DB00586	C0029408	1	3
DB00586	C0030193	1	1
DB00586	C0038013	1	4
DB00586	C0409959	1	3
DB00587	C0003811	1	1
DB00587	C0004096	1	0
DB00588	C0004096	1	1
DB00588	C0011615	1	1
DB00588	C0011616	1	4
DB00588	C0015230	1	1
DB00588	C0020517	1	1
DB00588	C0024138	1	2
DB00588	C0034067	1	2
DB00588	C0035455	1	4
DB00588	C0036508	1	2
DB00588	C0079773	1	1
DB00588	C2607914	1	2
DB00589	C0001206	1	2
DB00589	C0002453	1	4
DB00589	C0013384	1	3
DB00589	C0030567	1	4
DB00589	C0149931	1	1
DB00590	C0020507	1	0
DB00590	C0020538	1	3
DB00590	C2937421	1	0
DB00591	C0011615	1	4
DB00591	C0011616	1	1
DB00591	C0015230	1	2
DB00591	C0024138	1	1
DB00591	C0036508	1	1
DB00591	C0079773	1	2
DB00593	C0014544	1	3
DB00593	C0014553	1	1
DB00594	C0010674	1	3
DB00594	C0013604	1	2
DB00594	C0018802	1	1
DB00594	C0020538	1	4
DB00596	C0011616	1	4
DB00596	C0015230	1	1
DB00596	C0015456	1	4
DB00596	C0024138	1	4
DB00596	C0036508	1	0
DB00596	C0079773	1	0
DB00598	C0018802	1	3
DB00598	C0020538	1	2
DB00598	C0020540	1	0
DB00598	C0020546	1	3
DB00598	C0027051	1	1
DB00598	C0031511	1	4
DB00598	C0032914	1	4
DB00599	C0014544	1	0
DB00599	C0151740	1	4
DB00600	C0042900	1	4
DB00601	C0032285	1	0
DB00603	C0014173	1	1
DB00603	C0014175	1	0
DB00603	C0025874	1	3
DB00603	C0232940	1	4
DB00603	C0476089	1	1
DB00604	C0017168	1	0
DB00604	C0041582	1	3
DB00604	C0152020	1	2
DB00605	C0003868	1	0
DB00605	C0003873	1	0
DB00605	C0018099	1	1
DB00605	C0029408	1	0
DB00605	C0038013	1	3
DB00606	C0013604	1	2
DB00606	C0018802	1	1
DB00606	C0027726	1	3
DB00607	C0007642	1	1
DB00607	C0014121	1	1
DB00607	C0029443	1	2
DB00607	C0036690	1	2
DB00607	C0038160	1	4
DB00607	C2242472	1	3
DB00608	C0003873	1	1
DB00608	C0024138	1	1
DB00608	C0024141	1	4
DB00608	C0030807	1	0
DB00608	C0036421	1	0
DB00610	C0019080	1	4
DB00610	C0020649	1	0
DB00611	C0030193	1	2
DB00612	C0003811	1	0
DB00612	C0018802	1	2
DB00612	C0020538	1	0
DB00612	C0027051	1	2
DB00612	C0039240	1	3
DB00615	C0041296	1	3
DB00617	C0014544	1	0
DB00617	C0014553	1	0
DB00617	C0036572	1	1
DB00619	C0005699	1	1
DB00619	C0023472	1	2
DB00619	C0023473	1	4
DB00619	C0221013	1	1
DB00619	C0238198	1	1
DB00619	C0346421	1	4
DB00619	C0392784	1	3
DB00619	C1540912	1	0
DB00619	C1960397	1	4
DB00620	C0001403	1	1
DB00620	C0001623	1	2
DB00620	C0001627	1	0
DB00620	C0002171	1	4
DB00620	C0002875	1	2
DB00620	C0002880	1	4
DB00620	C0002994	1	4
DB00620	C0003868	1	3
DB00620	C0003872	1	4
DB00620	C0003873	1	4
DB00620	C0004096	1	2
DB00620	C0004364	1	1
DB00620	C0005138	1	3
DB00620	C0006114	1	4
DB00620	C0010346	1	0
DB00620	C0011606	1	0
DB00620	C0011615	1	2
DB00620	C0011616	1	4
DB00620	C0014742	1	3
DB00620	C0015230	1	2
DB00620	C0015397	1	3
DB00620	C0015456	1	0
DB00620	C0017563	1	1
DB00620	C0018621	1	0
DB00620	C0019829	1	0
DB00620	C0020517	1	1
DB00620	C0021390	1	3
DB00620	C0022548	1	3
DB00620	C0023052	1	4
DB00620	C0023449	1	3
DB00620	C0024138	1	1
DB00620	C0024141	1	4
DB00620	C0024301	1	3
DB00620	C0024305	1	4
DB00620	C0026769	1	3
DB00620	C0026948	1	0
DB00620	C0027726	1	0
DB00620	C0030807	1	4
DB00620	C0033860	1	3
DB00620	C0035457	1	1
DB00620	C0036202	1	1
DB00620	C0036508	1	0
DB00620	C0036830	1	4
DB00620	C0037274	1	4
DB00620	C0038013	1	0
DB00620	C0038363	1	4
DB00620	C0039103	1	0
DB00620	C0039483	1	1
DB00620	C0040147	1	1
DB00620	C0042164	1	4
DB00620	C0079773	1	4
DB00620	C0405580	1	4
DB00620	C1260899	1	4
DB00620	C2607914	1	4
DB00621	C0018273	1	1
DB00621	C0029456	1	0
DB00622	C0020538	1	2
DB00623	C0033975	1	3
DB00623	C0036341	1	1
DB00624	C0010417	1	0
DB00624	C0020619	1	1
DB00624	C0020635	1	0
DB00624	C0034012	1	3
DB00624	C0151721	1	2
DB00624	C0271623	1	4
DB00624	C0342527	1	0
DB00624	C0948896	1	1
DB00624	C1458155	1	3
DB00626	C0014356	1	2
DB00626	C0022568	1	1
DB00626	C0032285	1	0
DB00627	C0020443	1	1
DB00627	C0020473	1	0
DB00627	C0020474	1	4
DB00627	C0020480	1	2
DB00627	C0020481	1	2
DB00627	C0020557	1	0
DB00628	C0001957	1	0
DB00628	C0003467	1	4
DB00628	C0149821	1	4
DB00628	C0236663	1	0
DB00629	C0020538	1	1
DB00630	C0029401	1	4
DB00630	C0029456	1	2
DB00630	C0029458	1	4
DB00631	C0023449	1	0
DB00635	C0001403	1	3
DB00635	C0001623	1	4
DB00635	C0001627	1	2
DB00635	C0002871	1	1
DB00635	C0002875	1	4
DB00635	C0002880	1	3
DB00635	C0002994	1	2
DB00635	C0003868	1	3
DB00635	C0003872	1	0
DB00635	C0003873	1	3
DB00635	C0004096	1	4
DB00635	C0004364	1	1
DB00635	C0005138	1	2
DB00635	C0006114	1	2
DB00635	C0009324	1	3
DB00635	C0009763	1	3
DB00635	C0010346	1	3
DB00635	C0011606	1	0
DB00635	C0011615	1	2
DB00635	C0011616	1	4
DB00635	C0011633	1	0
DB00635	C0013182	1	4
DB00635	C0014335	1	0
DB00635	C0014356	1	0
DB00635	C0014742	1	2
DB00635	C0018133	1	1
DB00635	C0018621	1	2
DB00635	C0019829	1	3
DB00635	C0020437	1	4
DB00635	C0020517	1	2
DB00635	C0021390	1	3
DB00635	C0022073	1	0
DB00635	C0022568	1	3
DB00635	C0023052	1	1
DB00635	C0023434	1	3
DB00635	C0023448	1	1
DB00635	C0023449	1	4
DB00635	C0024141	1	1
DB00635	C0024299	1	1
DB00635	C0024301	1	2
DB00635	C0024305	1	0
DB00635	C0024419	1	1
DB00635	C0025289	1	1
DB00635	C0026769	1	0
DB00635	C0026896	1	1
DB00635	C0026948	1	4
DB00635	C0027726	1	1
DB00635	C0029134	1	2
DB00635	C0029408	1	3
DB00635	C0030807	1	4
DB00635	C0033860	1	4
DB00635	C0035457	1	4
DB00635	C0036202	1	0
DB00635	C0036508	1	1
DB00635	C0036830	1	0
DB00635	C0037274	1	4
DB00635	C0038013	1	4
DB00635	C0038325	1	2
DB00635	C0039483	1	3
DB00635	C0040147	1	1
DB00635	C0079744	1	1
DB00635	C0079773	1	2
DB00635	C0405580	1	2
DB00635	C0949116	1	1
DB00635	C1260899	1	0
DB00635	C2607914	1	1
DB00636	C0020443	1	3
DB00636	C0020473	1	0
DB00636	C0020476	1	4
DB00636	C0020479	1	0
DB00637	C0009763	1	4
DB00637	C0020517	1	1
DB00637	C0020676	1	4
DB00637	C0035455	1	0
DB00637	C0035457	1	1
DB00637	C0042109	1	3
DB00637	C2607914	1	4
DB00640	C0003811	1	0
DB00640	C0030590	1	0
DB00640	C0039240	1	2
DB00640	C0043202	1	2
DB00641	C0003850	1	2
DB00641	C0010068	1	0
DB00641	C0020443	1	0
DB00641	C0020473	1	3
DB00641	C0020474	1	1
DB00641	C0020476	1	2
DB00641	C0020479	1	4
DB00641	C0020557	1	0
DB00641	C0027051	1	4
DB00641	C0038454	1	1
DB00641	C0342881	1	0
DB00641	C0473527	1	0
DB00642	C0007131	1	0
DB00642	C0025500	1	1
DB00643	C0030567	1	0
DB00644	C0002453	1	0
DB00644	C0029927	1	2
DB00644	C0032019	1	0
DB00644	C0034012	1	1
DB00644	C0034013	1	2
DB00645	C0033774	1	0
DB00645	C0038363	1	0
DB00647	C0030193	1	0
DB00648	C0001618	1	2
DB00648	C0010481	1	4
DB00648	C0206686	1	4
DB00650	C0002888	1	0
DB00650	C0016412	1	4
DB00650	C0029463	1	2
DB00650	C1527249	1	4
DB00651	C0004096	1	3
DB00651	C0008677	1	3
DB00651	C0034067	1	0
DB00652	C0030193	1	2
DB00653	C0003811	1	4
DB00653	C0009806	1	4
DB00653	C0014544	1	2
DB00653	C0022876	1	0
DB00653	C0024473	1	0
DB00653	C0027697	1	3
DB00653	C0032914	1	1
DB00653	C0039621	1	1
DB00653	C0040479	1	4
DB00653	C0042510	1	3
DB00653	C0151723	1	3
DB00654	C0017601	1	0
DB00654	C0017612	1	4
DB00654	C0028840	1	4
DB00655	C0020619	1	1
DB00655	C0025322	1	1
DB00655	C0025323	1	4
DB00655	C0028754	1	1
DB00655	C0033578	1	3
DB00655	C0085215	1	1
DB00655	C1458155	1	1
DB00656	C0021603	1	3
DB00656	C1269683	1	1
DB00657	C0020538	1	0
DB00657	C0020540	1	4
DB00657	C0085580	1	4
DB00659	C0001973	1	0
DB00661	C0002962	1	2
DB00661	C0003811	1	2
DB00661	C0004238	1	3
DB00661	C0004239	1	1
DB00661	C0020538	1	0
DB00661	C0027051	1	4
DB00661	C0030590	1	0
DB00661	C0039240	1	4
DB00662	C0017160	1	1
DB00662	C0027497	1	1
DB00662	C0027498	1	2
DB00662	C0042963	1	4
DB00663	C0011615	1	4
DB00663	C0011616	1	4
DB00663	C0015230	1	3
DB00663	C0024138	1	2
DB00663	C0036508	1	0
DB00663	C0079773	1	2
DB00665	C0033578	1	0
DB00666	C0014175	1	3
DB00666	C0021359	1	3
DB00666	C0021361	1	0
DB00666	C0034013	1	1
DB00666	C0342543	1	4
DB00668	C0001883	1	4
DB00668	C0002792	1	0
DB00668	C0004096	1	2
DB00668	C0006267	1	4
DB00668	C0013404	1	4
DB00668	C0017601	1	0
DB00668	C0017612	1	3
DB00668	C0018790	1	1
DB00668	C0018794	1	4
DB00668	C0019080	1	2
DB00668	C0020649	1	2
DB00668	C0034067	1	3
DB00668	C0036983	1	3
DB00668	C0042510	1	3
DB00668	C0042514	1	3
DB00668	C0428977	1	2
DB00669	C0149931	1	0
DB00670	C0013295	1	1
DB00670	C0017168	1	4
DB00670	C0030920	1	0
DB00670	C0038358	1	1
DB00670	C0041582	1	0
DB00672	C0011849	1	4
DB00672	C0011860	1	4
DB00672	C0020456	1	4
DB00673	C0027497	1	2
DB00673	C0042963	1	0
DB00674	C0002395	1	0
DB00675	C0006142	1	4
DB00675	C0018418	1	4
DB00675	C0030297	1	3
DB00675	C0034013	1	3
DB00675	C1134719	1	1
DB00675	C1458155	1	1
DB00677	C0017601	1	0
DB00677	C0038379	1	3
DB00678	C0003811	1	2
DB00678	C0011881	1	2
DB00678	C0018802	1	2
DB00678	C0020538	1	2
DB00678	C0242698	1	4
DB00679	C3544321	1	3
DB00680	C0003811	1	1
DB00680	C0042510	1	3
DB00680	C0042514	1	0
DB00680	C0085612	1	0
DB00682	C0004238	1	1
DB00682	C0004239	1	4
DB00682	C0027051	1	3
DB00682	C0034065	1	3
DB00682	C0040038	1	2
DB00682	C0040046	1	2
DB00682	C0040053	1	1
DB00682	C0149871	1	0
DB00682	C0878544	1	0
DB00682	C0917805	1	2
DB00683	C0003467	1	0
DB00683	C0038220	1	3
DB00683	C0085631	1	4
DB00685	C0037199	1	4
DB00685	C0042029	1	1
DB00686	C0042345	1	4
DB00686	C0282488	1	4
DB00687	C0001403	1	1
DB00687	C0405580	1	2
DB00688	C0033860	1	0
DB00690	C0021603	1	4
DB00690	C0917801	1	4
DB00691	C0018802	1	1
DB00691	C0020538	1	2
DB00692	C0020540	1	3
DB00692	C0020546	1	1
DB00692	C0021308	1	2
DB00692	C0023212	1	0
DB00692	C0027051	1	0
DB00692	C0031511	1	4
DB00692	C0085096	1	3
DB00692	C0242350	1	0
DB00692	C0917798	1	2
DB00694	C0023440	1	1
DB00694	C0023449	1	2
DB00694	C0023465	1	1
DB00694	C0023467	1	2
DB00694	C0023487	1	4
DB00694	C0036220	1	0
DB00695	C0013604	1	4
DB00695	C0018802	1	2
DB00695	C0020538	1	1
DB00695	C0022660	1	3
DB00695	C0022661	1	1
DB00695	C0023890	1	1
DB00695	C0027726	1	0
DB00695	C0034063	1	1
DB00696	C0149931	1	3
DB00697	C0026838	1	1
DB00697	C0027121	1	3
DB00697	C0037763	1	0
DB00697	C0040997	1	2
DB00699	C0004153	1	3
DB00699	C0024437	1	2
DB00699	C0034734	1	0
DB00699	C0040053	1	1
DB00699	C0149931	1	3
DB00700	C0018802	1	1
DB00700	C0020428	1	0
DB00700	C0020538	1	3
DB00703	C0017601	1	3
DB00703	C0017605	1	4
DB00703	C0017612	1	1
DB00704	C0001973	1	4
DB00704	C0028754	1	2
DB00704	C0150055	1	0
DB00706	C2937421	1	3
DB00707	C0007131	1	1
DB00707	C0014859	1	2
DB00710	C0020437	1	4
DB00710	C0029456	1	3
DB00710	C0029458	1	2
DB00712	C0003873	1	2
DB00712	C0013390	1	1
DB00712	C0029408	1	0
DB00712	C0038013	1	0
DB00713	C0007642	1	2
DB00713	C0014121	1	3
DB00713	C0029443	1	2
DB00713	C0036690	1	0
DB00713	C0037199	1	4
DB00713	C0038160	1	2
DB00713	C0149725	1	4
DB00713	C2242472	1	1
DB00714	C0013384	1	1
DB00714	C0030567	1	0
DB00714	C0242350	1	3
DB00715	C0011581	1	1
DB00715	C0028768	1	3
DB00715	C0030319	1	2
DB00715	C1269683	1	2
DB00716	C0004096	1	3
DB00716	C0009763	1	3
DB00716	C0020517	1	4
DB00716	C0847614	1	1
DB00717	C0014173	1	2
DB00717	C0014175	1	3
DB00717	C0020619	1	3
DB00717	C0025323	1	3
DB00717	C0025874	1	4
DB00717	C0232940	1	2
DB00717	C0271578	1	4
DB00719	C0018621	1	1
DB00719	C0020517	1	0
DB00719	C0027424	1	4
DB00719	C0033774	1	3
DB00719	C0035457	1	0
DB00719	C0042109	1	2
DB00719	C0343065	1	0
DB00719	C2607914	1	1
DB00720	C0020437	1	4
DB00720	C0020502	1	2
DB00720	C0026764	1	1
DB00720	C0029456	1	4
DB00722	C0011849	1	4
DB00722	C0018802	1	0
DB00722	C0020538	1	4
DB00722	C0027051	1	2
DB00722	C0040053	1	3
DB00722	C0730345	1	0
DB00723	C0020649	1	1
DB00723	C0030590	1	3
DB00724	C0007117	1	1
DB00725	C0010200	1	3
DB00725	C0013295	1	2
DB00725	C0022104	1	1
DB00725	C0030920	1	3
DB00725	C0038358	1	4
DB00725	C0041582	1	2
DB00726	C0011581	1	3
DB00726	C0700201	1	2
DB00727	C0018802	1	4
DB00727	C0020542	1	1
DB00727	C0022876	1	2
DB00727	C0027051	1	1
DB00727	C0037299	1	2
DB00727	C1956346	1	4
DB00729	C0004096	1	0
DB00729	C0017152	1	1
DB00729	C0030920	1	4
DB00731	C0011849	1	4
DB00731	C0011860	1	3
DB00731	C0020456	1	3
DB00733	C0026896	1	0
DB00734	C0004352	1	0
DB00734	C0005586	1	0
DB00734	C0036341	1	0
DB00736	C0013295	1	1
DB00736	C0014868	1	3
DB00736	C0014869	1	1
DB00736	C0017168	1	1
DB00736	C0017181	1	2
DB00736	C0030920	1	0
DB00736	C0041582	1	0
DB00736	C0043515	1	0
DB00737	C0020517	1	4
DB00737	C0027497	1	1
DB00737	C0042571	1	4
DB00737	C0042963	1	1
DB00738	C0032285	1	2
DB00740	C0002736	1	0
DB00741	C0001403	1	2
DB00741	C0001623	1	2
DB00741	C0002875	1	4
DB00741	C0002880	1	0
DB00741	C0002994	1	4
DB00741	C0003864	1	4
DB00741	C0003868	1	2
DB00741	C0003872	1	0
DB00741	C0003873	1	2
DB00741	C0004096	1	0
DB00741	C0004364	1	4
DB00741	C0005138	1	3
DB00741	C0006114	1	1
DB00741	C0009324	1	2
DB00741	C0010043	1	3
DB00741	C0010346	1	1
DB00741	C0011603	1	1
DB00741	C0011606	1	4
DB00741	C0011615	1	0
DB00741	C0011616	1	1
DB00741	C0013595	1	2
DB00741	C0014356	1	1
DB00741	C0014742	1	2
DB00741	C0015230	1	4
DB00741	C0015397	1	0
DB00741	C0015456	1	0
DB00741	C0017563	1	0
DB00741	C0019112	1	0
DB00741	C0019829	1	3
DB00741	C0020517	1	1
DB00741	C0021390	1	4
DB00741	C0022073	1	3
DB00741	C0022568	1	2
DB00741	C0023052	1	1
DB00741	C0023449	1	2
DB00741	C0024138	1	2
DB00741	C0024141	1	3
DB00741	C0024305	1	2
DB00741	C0026769	1	4
DB00741	C0026948	1	4
DB00741	C0027726	1	3
DB00741	C0030807	1	1
DB00741	C0033860	1	2
DB00741	C0035854	1	1
DB00741	C0036202	1	3
DB00741	C0036508	1	3
DB00741	C0036830	1	2
DB00741	C0038013	1	4
DB00741	C0038363	1	3
DB00741	C0039103	1	2
DB00741	C0040147	1	2
DB00741	C0042164	1	1
DB00741	C0079773	1	2
DB00741	C0405580	1	3
DB00741	C1260899	1	4
DB00741	C2607914	1	0
DB00744	C0004096	1	1
DB00745	C0027404	1	3
DB00745	C0520679	1	0
DB00746	C0002871	1	1
DB00746	C0018995	1	2
DB00746	C0282193	1	2
DB00747	C0010200	1	4
DB00747	C0015469	1	3
DB00747	C0022073	1	0
DB00747	C0022104	1	0
DB00747	C0026961	1	4
DB00747	C0027424	1	1
DB00747	C0027497	1	4
DB00747	C0030920	1	1
DB00747	C0037036	1	0
DB00747	C0042164	1	0
DB00747	C0042963	1	0
DB00747	C0428977	1	1
DB00747	C2607914	1	4
DB00748	C0002994	1	1
DB00748	C0009763	1	3
DB00748	C0016470	1	1
DB00748	C0018621	1	1
DB00748	C0020517	1	0
DB00748	C0030567	1	1
DB00748	C0033774	1	1
DB00748	C0035457	1	2
DB00748	C0042109	1	0
DB00748	C0343065	1	3
DB00748	C1527304	1	4
DB00748	C2607914	1	3
DB00749	C0003873	1	0
DB00749	C0029408	1	0
DB00749	C0030193	1	3
DB00751	C0009763	1	2
DB00751	C0020517	1	0
DB00752	C1269683	1	0
DB00754	C0014544	1	1
DB00754	C0014549	1	2
DB00754	C0014556	1	1
DB00754	C0036572	1	1
DB00754	C0149958	1	1
DB00755	C0007117	1	2
DB00755	C0022593	1	0
DB00755	C0022595	1	4
DB00755	C0022596	1	4
DB00755	C0023487	1	2
DB00755	C0033860	1	4
DB00755	C0036651	1	4
DB00755	C0162834	1	3
DB00755	C0702166	1	3
DB00755	C0870082	1	1
DB00757	C0027497	1	3
DB00757	C0042963	1	0
DB00758	C0004153	1	0
DB00758	C0027051	1	4
DB00758	C0038454	1	0
DB00758	C0040053	1	4
DB00758	C0948089	1	1
DB00758	C1704436	1	1
DB00759	C0032285	1	3
DB00759	C0037199	1	1
DB00759	C0042029	1	3
DB00759	C0149704	1	0
DB00759	C0702166	1	4
DB00761	C0009806	1	3
DB00761	C0020621	1	2
DB00761	C0220983	1	4
DB00762	C0007131	1	2
DB00762	C0009375	1	1
DB00762	C0023418	1	0
DB00762	C0024299	1	1
DB00762	C0027627	1	0
DB00762	C0030297	1	2
DB00762	C0034885	1	1
DB00762	C0038356	1	2
DB00762	C0149925	1	0
DB00762	C1458155	1	0
DB00762	C1527249	1	2
DB00763	C0018021	1	2
DB00763	C0018213	1	4
DB00763	C0020550	1	3
DB00763	C0033860	1	4
DB00764	C0004096	1	1
DB00764	C0011616	1	3
DB00764	C0015230	1	0
DB00764	C0018621	1	1
DB00764	C0020517	1	1
DB00764	C0024138	1	0
DB00764	C0035457	1	3
DB00764	C0036508	1	2
DB00764	C0079773	1	4
DB00764	C2607914	1	4
DB00765	C0031511	1	3
DB00768	C0009763	1	3
DB00768	C0018621	1	0
DB00768	C0020517	1	2
DB00768	C0847614	1	3
DB00768	C2607914	1	1
DB00770	C0003492	1	1
DB00770	C0018798	1	4
DB00770	C0020542	1	1
DB00770	C0039685	1	1
DB00770	C0242350	1	3
DB00771	C0003811	1	2
DB00771	C0014356	1	4
DB00771	C0022104	1	4
DB00771	C0030920	1	4
DB00773	C0005695	1	4
DB00773	C0006118	1	0
DB00773	C0019618	1	2
DB00773	C0023467	1	0
DB00773	C0023470	1	4
DB00773	C0024121	1	2
DB00773	C0024299	1	2
DB00773	C0026948	1	4
DB00773	C0027819	1	2
DB00773	C0033578	1	2
DB00773	C0035412	1	2
DB00773	C0036220	1	4
DB00773	C0039590	1	1
DB00773	C0042138	1	3
DB00773	C0149925	1	2
DB00773	C0553580	1	1
DB00773	C1621958	1	3
DB00774	C0013604	1	4
DB00774	C0018802	1	4
DB00774	C0020538	1	0
DB00774	C0022661	1	0
DB00774	C0023890	1	4
DB00774	C0027726	1	2
DB00775	C0002965	1	3
DB00775	C0027051	1	0
DB00775	C0040053	1	1
DB00775	C0948089	1	4
DB00776	C0014544	1	3
DB00776	C0036572	1	3
DB00776	C0234974	1	2
DB00777	C0021603	1	4
DB00780	C0011581	1	0
DB00782	C0022104	1	0
DB00782	C0030305	1	0
DB00782	C0030920	1	0
DB00782	C0041582	1	4
DB00783	C0020619	1	4
DB00783	C0025322	1	4
DB00783	C0025323	1	2
DB00783	C0029456	1	0
DB00783	C0033578	1	4
DB00783	C0085215	1	3
DB00783	C0271578	1	0
DB00783	C1458155	1	0
DB00784	C0003873	1	3
DB00784	C0013390	1	4
DB00784	C0025323	1	3
DB00784	C0029408	1	2
DB00784	C0030193	1	0
DB00787	C0276226	1	3
DB00788	C0003862	1	2
DB00788	C0003873	1	4
DB00788	C0013390	1	3
DB00788	C0015967	1	4
DB00788	C0018099	1	3
DB00788	C0018681	1	2
DB00788	C0029408	1	2
DB00788	C0030193	1	2
DB00788	C0038013	1	4
DB00788	C0149931	1	4
DB00788	C0231528	1	2
DB00790	C0010068	1	0
DB00790	C0018802	1	4
DB00790	C0020538	1	4
DB00790	C0027051	1	4
DB00790	C0085580	1	1
DB00790	C1956346	1	0
DB00792	C0004096	1	2
DB00792	C0020517	1	2
DB00792	C0027424	1	0
DB00792	C0033774	1	4
DB00792	C0035457	1	1
DB00792	C0042109	1	4
DB00792	C0343065	1	2
DB00792	C2607914	1	1
DB00794	C0014544	1	4
DB00794	C0014549	1	3
DB00794	C0014556	1	2
DB00794	C0036572	1	2
DB00794	C0234974	1	3
DB00794	C0238111	1	3
DB00794	C0494475	1	0
DB00795	C0003873	1	0
DB00795	C0009324	1	3
DB00795	C0010346	1	4
DB00795	C0014356	1	4
DB00796	C0018802	1	0
DB00796	C0020538	1	1
DB00797	C0007820	1	0
DB00797	C0031190	1	4
DB00797	C0034734	1	0
DB00797	C0036421	1	4
DB00797	C0040046	1	2
DB00797	C0042373	1	2
DB00798	C0008311	1	1
DB00798	C0010930	1	4
DB00798	C0014836	1	0
DB00798	C0030578	1	1
DB00798	C0031154	1	4
DB00798	C0036690	1	3
DB00798	C2242472	1	4
DB00799	C0022593	1	1
DB00799	C0033860	1	3
DB00799	C0702166	1	4
DB00800	C0018802	1	3
DB00800	C0020540	1	3
DB00800	C0020545	1	0
DB00801	C0003467	1	0
DB00804	C0022104	1	2
DB00805	C0030567	1	2
DB00806	C0007786	1	3
DB00806	C0011875	1	3
DB00806	C0011882	1	4
DB00806	C0017086	1	0
DB00806	C0021775	1	0
DB00806	C0038454	1	1
DB00806	C0040053	1	2
DB00806	C0042384	1	4
DB00806	C0085096	1	0
DB00806	C1306889	1	2
DB00808	C0013604	1	0
DB00808	C0018802	1	1
DB00808	C0020538	1	4
DB00808	C0027726	1	2
DB00809	C0022073	1	3
DB00809	C0022568	1	4
DB00809	C0026961	1	3
DB00809	C0034951	1	0
DB00810	C0013384	1	1
DB00810	C0015371	1	1
DB00810	C0030567	1	0
DB00810	C0242422	1	2
DB00811	C0023890	1	0
DB00811	C0524910	1	3
DB00812	C0038013	1	2
DB00813	C0030193	1	0
DB00814	C0003864	1	3
DB00814	C0003873	1	2
DB00814	C0029408	1	3
DB00816	C0004096	1	4
DB00816	C0008677	1	0
DB00816	C0022876	1	2
DB00816	C0034067	1	2
DB00818	C0038220	1	2
DB00819	C0013604	1	0
DB00819	C0014544	1	2
DB00819	C0014553	1	2
DB00819	C0017601	1	0
DB00819	C0017605	1	0
DB00819	C0017612	1	1
DB00819	C0085649	1	2
DB00820	C0020542	1	0
DB00820	C0242350	1	4
DB00821	C0029408	1	1
DB00822	C0001973	1	3
DB00823	C0014175	1	1
DB00823	C0020619	1	2
DB00824	C0002895	1	0
DB00824	C0003811	1	1
DB00824	C0004096	1	1
DB00824	C0011882	1	2
DB00825	C0004604	1	2
DB00825	C0033774	1	2
DB00825	C0036508	1	2
DB00829	C0001957	1	4
DB00829	C0003467	1	2
DB00829	C0026838	1	0
DB00829	C0038220	1	3
DB00829	C0040822	1	1
DB00829	C0236663	1	1
DB00830	C0028754	1	2
DB00831	C0003467	1	2
DB00831	C0036341	1	0
DB00832	C0014544	1	0
DB00832	C0014553	1	3
DB00832	C0036572	1	1
DB00834	C0006118	1	0
DB00834	C0011849	1	2
DB00834	C0011860	1	2
DB00834	C0020456	1	0
DB00834	C0032987	1	0
DB00834	C0271650	1	4
DB00835	C0018621	1	2
DB00835	C0020517	1	0
DB00835	C0033774	1	1
DB00835	C0035457	1	3
DB00835	C0042109	1	2
DB00835	C0343065	1	4
DB00835	C2607914	1	2
DB00836	C0011991	1	1
DB00836	C0014356	1	3
DB00836	C0017160	1	0
DB00836	C0401151	1	2
DB00837	C0013384	1	3
DB00837	C0014544	1	0
DB00837	C0030567	1	2
DB00838	C0011616	1	3
DB00838	C0015230	1	3
DB00838	C0015456	1	1
DB00838	C0024138	1	3
DB00838	C0036508	1	1
DB00838	C0079773	1	2
DB00839	C0011849	1	2
DB00839	C0011860	1	3
DB00839	C0020456	1	4
DB00841	C0018802	1	0
DB00841	C0036980	1	2
DB00842	C0001957	1	0
DB00842	C0003467	1	1
DB00842	C0236663	1	2
DB00843	C0002395	1	1
DB00844	C0030193	1	3
DB00846	C0011615	1	1
DB00846	C0011616	1	0
DB00846	C0015230	1	0
DB00846	C0015456	1	4
DB00846	C0024138	1	1
DB00846	C0033860	1	2
DB00846	C0036508	1	4
DB00846	C0079773	1	3
DB00847	C0010691	1	0
DB00847	C0451641	1	0
DB00848	C0009375	1	1
DB00848	C0025202	1	4
DB00848	C0278996	1	0
DB00849	C0003467	1	4
DB00849	C0014544	1	2
DB00849	C0014549	1	3
DB00849	C0014553	1	2
DB00850	C0020179	1	2
DB00850	C0027497	1	0
DB00850	C0027498	1	2
DB00850	C0036341	1	3
DB00850	C0042963	1	3
DB00850	C0338908	1	2
DB00851	C0016057	1	2
DB00851	C0019829	1	2
DB00851	C0025202	1	3
DB00851	C0027819	1	4
DB00851	C0035412	1	4
DB00851	C0206693	1	0
DB00852	C0004096	1	4
DB00852	C0018621	1	3
DB00852	C0027424	1	3
DB00852	C0033117	1	0
DB00852	C0035455	1	2
DB00852	C0035457	1	3
DB00852	C0037199	1	3
DB00852	C2607914	1	4
DB00853	C0004114	1	4
DB00853	C0017636	1	2
DB00853	C0017638	1	2
DB00853	C0025202	1	0
DB00853	C0334579	1	0
DB00853	C1621958	1	2
DB00854	C0030193	1	0
DB00857	C0040261	1	2
DB00858	C0002874	1	4
DB00858	C0010043	1	0
DB00858	C0022073	1	4
DB00858	C0035854	1	1
DB00858	C0042164	1	4
DB00858	C0178416	1	2
DB00858	C1260899	1	4
DB00860	C0001403	1	1
DB00860	C0001623	1	4
DB00860	C0001627	1	4
DB00860	C0002390	1	3
DB00860	C0002875	1	1
DB00860	C0002880	1	0
DB00860	C0002994	1	4
DB00860	C0003868	1	3
DB00860	C0003872	1	1
DB00860	C0003873	1	2
DB00860	C0004096	1	3
DB00860	C0004364	1	4
DB00860	C0005138	1	3
DB00860	C0006114	1	4
DB00860	C0007570	1	0
DB00860	C0009324	1	3
DB00860	C0009763	1	1
DB00860	C0010043	1	3
DB00860	C0010346	1	3
DB00860	C0010930	1	0
DB00860	C0011606	1	3
DB00860	C0011615	1	2
DB00860	C0011616	1	0
DB00860	C0013604	1	3
DB00860	C0014356	1	1
DB00860	C0014742	1	3
DB00860	C0015230	1	0
DB00860	C0015397	1	2
DB00860	C0019829	1	0
DB00860	C0020517	1	0
DB00860	C0021390	1	2
DB00860	C0021655	1	1
DB00860	C0022073	1	2
DB00860	C0022568	1	3
DB00860	C0023052	1	3
DB00860	C0023418	1	1
DB00860	C0023449	1	2
DB00860	C0024138	1	0
DB00860	C0024141	1	0
DB00860	C0024299	1	4
DB00860	C0024301	1	1
DB00860	C0024305	1	3
DB00860	C0026769	1	0
DB00860	C0026948	1	2
DB00860	C0027726	1	3
DB00860	C0030807	1	1
DB00860	C0033860	1	1
DB00860	C0034069	1	3
DB00860	C0035854	1	4
DB00860	C0036202	1	4
DB00860	C0036508	1	3
DB00860	C0036830	1	2
DB00860	C0037274	1	2
DB00860	C0038013	1	1
DB00860	C0038325	1	0
DB00860	C0039103	1	4
DB00860	C0039483	1	4
DB00860	C0040147	1	4
DB00860	C0042164	1	1
DB00860	C0079773	1	1
DB00860	C0405580	1	4
DB00860	C1260899	1	3
DB00860	C1527336	1	4
DB00860	C2607914	1	3
DB00861	C0003873	1	1
DB00861	C0029408	1	0
DB00861	C0030193	1	3
DB00861	C0150055	1	2
DB00862	C0242350	1	0
DB00863	C0013295	1	0
DB00863	C0017168	1	2
DB00863	C0018834	1	3
DB00863	C0030920	1	2
DB00863	C0038358	1	2
DB00863	C0041582	1	3
DB00863	C0043515	1	1
DB00864	C0011603	1	2
DB00864	C0011615	1	1
DB00865	C0028754	1	1
DB00866	C0002962	1	2
DB00866	C0003811	1	4
DB00867	C0022876	1	2
DB00868	C0010200	1	3
DB00869	C0017601	1	4
DB00869	C0017612	1	0
DB00869	C0028840	1	0
DB00871	C0004096	1	2
DB00871	C0013238	1	4
DB00871	C0020456	1	1
DB00871	C0022876	1	1
DB00871	C0033774	1	1
DB00871	C0034067	1	1
DB00872	C0001623	1	2
DB00872	C0020625	1	4
DB00872	C0020676	1	3
DB00872	C0021141	1	3
DB00872	C0546817	1	3
DB00873	C0009763	1	1
DB00873	C0013604	1	3
DB00873	C0018621	1	2
DB00873	C0020473	1	4
DB00873	C0022073	1	3
DB00873	C0022568	1	4
DB00873	C0035854	1	2
DB00873	C0042164	1	3
DB00875	C0036341	1	0
DB00876	C0011881	1	1
DB00876	C0018802	1	2
DB00876	C0020538	1	2
DB00876	C0242698	1	2
DB00877	C0007134	1	1
DB00877	C0334634	1	0
DB00877	C0751674	1	4
DB00880	C0013604	1	4
DB00880	C0018802	1	3
DB00880	C0020538	1	0
DB00880	C0027726	1	1
DB00881	C0002994	1	2
DB00881	C0018802	1	3
DB00881	C0020538	1	3
DB00882	C0003128	1	4
DB00882	C0021359	1	1
DB00882	C0021361	1	1
DB00882	C0021364	1	2
DB00882	C0032460	1	2
DB00883	C0002962	1	1
DB00883	C0037299	1	1
DB00883	C1956346	1	4
DB00884	C0029401	1	0
DB00884	C0029456	1	1
DB00884	C0029458	1	3
DB00885	C0004096	1	1
DB00885	C0018621	1	0
DB00885	C0020517	1	1
DB00885	C2607914	1	4
DB00887	C0013604	1	0
DB00887	C0018802	1	0
DB00887	C0022660	1	3
DB00887	C0022661	1	1
DB00887	C0023890	1	0
DB00887	C0027726	1	1
DB00887	C0034063	1	3
DB00889	C0027497	1	3
DB00889	C0042963	1	2
DB00890	C1384606	1	2
DB00893	C0002871	1	3
DB00894	C1458155	1	4
DB00896	C0042164	1	0
DB00897	C0021603	1	0
DB00897	C0917801	1	3
DB00898	C0040997	1	1
DB00898	C0150055	1	1
DB00902	C0002994	1	4
DB00902	C0011615	1	4
DB00902	C0013595	1	1
DB00902	C0020517	1	4
DB00902	C0027424	1	0
DB00902	C0033774	1	4
DB00902	C0035457	1	2
DB00902	C0042109	1	3
DB00902	C0162820	1	3
DB00902	C0343065	1	0
DB00902	C2607914	1	1
DB00903	C0013604	1	2
DB00903	C0018802	1	2
DB00903	C0022660	1	3
DB00903	C0022661	1	1
DB00903	C0023890	1	1
DB00903	C0027726	1	4
DB00903	C0034063	1	1
DB00903	C0035078	1	1
DB00903	C0085605	1	3
DB00904	C0027497	1	3
DB00904	C0042963	1	0
DB00905	C0017601	1	3
DB00905	C0017612	1	4
DB00905	C0028840	1	1
DB00906	C0014544	1	2
DB00906	C0036572	1	3
DB00906	C0234974	1	3
DB00908	C0003811	1	2
DB00908	C0004238	1	2
DB00908	C0004239	1	0
DB00908	C0085612	1	1
DB00908	C0559106	1	3
DB00909	C0014544	1	0
DB00909	C0036572	1	1
DB00910	C0020502	1	1
DB00910	C0020503	1	1
DB00910	C0020550	1	4
DB00910	C1561643	1	1
DB00910	C2316810	1	1
DB00912	C0011849	1	0
DB00912	C0011860	1	1
DB00912	C0020456	1	0
DB00914	C0011860	1	3
DB00914	C0020456	1	1
DB00915	C0013384	1	1
DB00915	C0013386	1	3
DB00915	C0015371	1	0
DB00915	C0030567	1	0
DB00915	C0242422	1	2
DB00916	C0006105	1	1
DB00916	C0013295	1	3
DB00916	C0017160	1	2
DB00916	C0031154	1	4
DB00916	C0035854	1	1
DB00916	C0149725	1	0
DB00916	C2242472	1	4
DB00917	C0000786	1	3
DB00917	C0042138	1	1
DB00917	C2931618	1	1
DB00918	C0149931	1	3
DB00920	C0020517	1	3
DB00920	C0847614	1	1
DB00921	C0150055	1	4
DB00922	C0003811	1	0
DB00922	C0018802	1	2
DB00924	C0026838	1	2
DB00924	C0027121	1	1
DB00924	C0037763	1	4
DB00925	C0005694	1	1
DB00925	C0020540	1	4
DB00925	C0031511	1	3
DB00925	C0042024	1	4
DB00927	C0013295	1	3
DB00927	C0014869	1	0
DB00927	C0017168	1	2
DB00927	C0018834	1	3
DB00927	C0030920	1	0
DB00927	C0038358	1	4
DB00927	C0041582	1	3
DB00927	C0042109	1	2
DB00927	C0043515	1	3
DB00928	C0002871	1	3
DB00928	C0002893	1	2
DB00928	C0002894	1	2
DB00928	C0023480	1	4
DB00928	C3463824	1	2
DB00929	C0013295	1	0
DB00929	C0017168	1	4
DB00929	C0030920	1	0
DB00929	C0038358	1	3
DB00929	C0041582	1	1
DB00933	C0036341	1	0
DB00934	C0011581	1	1
DB00934	C0013295	1	0
DB00934	C0013415	1	0
DB00934	C0338908	1	1
DB00935	C0009763	1	4
DB00935	C0027424	1	0
DB00935	C0035455	1	2
DB00936	C0003862	1	1
DB00936	C0003873	1	3
DB00936	C0004604	1	3
DB00936	C0015967	1	0
DB00936	C0020757	1	3
DB00936	C0022593	1	4
DB00936	C0027051	1	4
DB00936	C0029408	1	2
DB00936	C0030193	1	0
DB00936	C0032027	1	2
DB00936	C0033860	1	4
DB00936	C0036508	1	2
DB00936	C0039103	1	2
DB00936	C0149931	1	3
DB00936	C0542346	1	3
DB00936	C0702166	1	1
DB00936	C0870082	1	0
DB00936	C2607914	1	4
DB00937	C0028754	1	0
DB00938	C0004096	1	0
DB00938	C0024117	1	0
DB00938	C0034067	1	3
DB00939	C0003862	1	3
DB00939	C0003864	1	3
DB00939	C0003873	1	4
DB00939	C0013390	1	4
DB00939	C0025323	1	3
DB00939	C0029408	1	1
DB00939	C0030193	1	1
DB00939	C0231528	1	4
DB00940	C0005697	1	3
DB00940	C0017152	1	3
DB00940	C0022104	1	3
DB00940	C0030305	1	0
DB00940	C0030920	1	1
DB00940	C0038358	1	0
DB00940	C0042024	1	2
DB00942	C0013384	1	0
DB00942	C0030567	1	1
DB00944	C0017601	1	1
DB00945	C0002965	1	4
DB00945	C0003862	1	0
DB00945	C0003864	1	4
DB00945	C0003873	1	0
DB00945	C0004604	1	4
DB00945	C0013390	1	4
DB00945	C0015967	1	1
DB00945	C0018099	1	1
DB00945	C0018681	1	1
DB00945	C0021308	1	4
DB00945	C0024141	1	0
DB00945	C0027051	1	3
DB00945	C0029408	1	1
DB00945	C0030193	1	2
DB00945	C0038013	1	2
DB00945	C0040053	1	2
DB00945	C0149931	1	0
DB00945	C0231528	1	0
DB00946	C0004238	1	3
DB00946	C0027051	1	3
DB00946	C0034065	1	3
DB00946	C0040038	1	1
DB00946	C0040053	1	2
DB00946	C0042487	1	3
DB00946	C0948008	1	1
DB00947	C0006142	1	0
DB00947	C1458155	1	2
DB00949	C0002874	1	3
DB00949	C0014544	1	3
DB00949	C0085417	1	3
DB00949	C0085605	1	2
DB00949	C0234974	1	4
DB00949	C0238111	1	1
DB00950	C0018621	1	4
DB00950	C0020517	1	4
DB00950	C0035457	1	4
DB00950	C0042109	1	0
DB00950	C2607914	1	3
DB00951	C0020473	1	3
DB00951	C0041296	1	3
DB00952	C0149931	1	0
DB00953	C0149931	1	3
DB00956	C0010200	1	3
DB00956	C0027424	1	0
DB00956	C0030193	1	4
DB00956	C0035455	1	3
DB00956	C2607914	1	1
DB00957	C0002453	1	0
DB00957	C0021361	1	2
DB00959	C0001403	1	1
DB00959	C0001627	1	4
DB00959	C0002871	1	2
DB00959	C0002875	1	4
DB00959	C0002880	1	4
DB00959	C0002994	1	2
DB00959	C0003868	1	2
DB00959	C0003872	1	0
DB00959	C0003873	1	0
DB00959	C0004096	1	2
DB00959	C0004364	1	0
DB00959	C0005138	1	0
DB00959	C0006114	1	3
DB00959	C0009324	1	3
DB00959	C0010346	1	0
DB00959	C0011606	1	3
DB00959	C0011615	1	4
DB00959	C0011616	1	4
DB00959	C0014335	1	4
DB00959	C0014742	1	3
DB00959	C0015230	1	4
DB00959	C0015397	1	1
DB00959	C0018621	1	0
DB00959	C0019829	1	2
DB00959	C0020437	1	4
DB00959	C0020517	1	4
DB00959	C0021390	1	4
DB00959	C0023052	1	0
DB00959	C0023449	1	0
DB00959	C0024138	1	3
DB00959	C0024141	1	1
DB00959	C0024301	1	2
DB00959	C0024305	1	2
DB00959	C0026769	1	0
DB00959	C0026948	1	3
DB00959	C0027726	1	1
DB00959	C0029408	1	4
DB00959	C0030807	1	3
DB00959	C0033860	1	0
DB00959	C0035222	1	4
DB00959	C0035457	1	4
DB00959	C0036202	1	3
DB00959	C0036508	1	0
DB00959	C0036830	1	4
DB00959	C0037274	1	0
DB00959	C0038013	1	3
DB00959	C0039103	1	0
DB00959	C0040147	1	0
DB00959	C0079773	1	4
DB00959	C0405580	1	1
DB00959	C0702166	1	3
DB00959	C1260899	1	1
DB00959	C2607914	1	2
DB00960	C0004238	1	2
DB00960	C0013604	1	1
DB00960	C0017601	1	3
DB00960	C0020538	1	2
DB00960	C0027051	1	4
DB00960	C0042514	1	2
DB00962	C0021603	1	2
DB00962	C0917801	1	4
DB00963	C0030193	1	3
DB00964	C0017601	1	3
DB00964	C0017612	1	4
DB00966	C0011860	1	4
DB00966	C0011881	1	0
DB00966	C0018802	1	2
DB00966	C0020538	1	0
DB00966	C0038454	1	3
DB00966	C0242698	1	4
DB00967	C0018621	1	3
DB00967	C0020517	1	2
DB00967	C0027424	1	2
DB00967	C0035457	1	4
DB00967	C0042109	1	0
DB00967	C2607914	1	3
DB00968	C0020538	1	1
DB00969	C0022104	1	1
DB00970	C0025202	1	0
DB00970	C0027708	1	3
DB00970	C0027819	1	2
DB00970	C0035335	1	2
DB00970	C0035412	1	0
DB00970	C0036220	1	0
DB00970	C0039590	1	2
DB00970	C0042138	1	4
DB00970	C0553580	1	0
DB00970	C2931618	1	0
DB00972	C0004096	1	2
DB00972	C0009763	1	3
DB00972	C0018621	1	4
DB00972	C0020517	1	1
DB00972	C0035457	1	3
DB00972	C0847614	1	0
DB00972	C2607914	1	4
DB00973	C0020443	1	3
DB00973	C0020445	1	3
DB00973	C0020473	1	1
DB00973	C0020474	1	4
DB00973	C0342881	1	1
DB00973	C0342907	1	2
DB00975	C0004238	1	2
DB00975	C0040053	1	0
DB00975	C1704436	1	0
DB00975	C1956346	1	1
DB00976	C0006271	1	4
DB00976	C0032285	1	2
DB00976	C0155862	1	3
DB00977	C0006142	1	3
DB00977	C0020619	1	2
DB00977	C0025322	1	2
DB00977	C0025323	1	4
DB00977	C0029456	1	1
DB00977	C0033578	1	1
DB00977	C0085215	1	3
DB00977	C0271578	1	3
DB00977	C0702166	1	2
DB00977	C1458155	1	3
DB00978	C0041296	1	3
DB00978	C0042029	1	3
DB00978	C0149725	1	1
DB00979	C0026961	1	3
DB00980	C0917801	1	0
DB00981	C0002395	1	0
DB00981	C0017601	1	1
DB00981	C0017612	1	1
DB00981	C0020649	1	2
DB00981	C0152020	1	4
DB00982	C0020538	1	4
DB00982	C0022593	1	2
DB00982	C0023418	1	2
DB00982	C0027819	1	1
DB00982	C0702166	1	1
DB00983	C0004096	1	4
DB00983	C0024117	1	3
DB00983	C0034067	1	3
DB00984	C0002893	1	0
DB00984	C0272375	1	0
DB00984	C0678222	1	0
DB00984	C0878787	1	1
DB00985	C0027497	1	3
DB00985	C0027498	1	2
DB00985	C0042571	1	2
DB00985	C0042963	1	1
DB00986	C0024117	1	1
DB00986	C0030920	1	1
DB00986	C0037036	1	4
DB00987	C0005699	1	1
DB00987	C0023418	1	1
DB00987	C0023434	1	0
DB00987	C0023449	1	0
DB00987	C0023467	1	1
DB00987	C0023473	1	1
DB00987	C0023487	1	1
DB00987	C0024299	1	4
DB00987	C0024305	1	1
DB00988	C0018681	1	4
DB00988	C0018794	1	2
DB00988	C0018802	1	2
DB00988	C0020649	1	0
DB00988	C0027051	1	2
DB00988	C0030567	1	1
DB00988	C0035078	1	0
DB00988	C0036690	1	3
DB00988	C0040822	1	3
DB00988	C0085612	1	1
DB00988	C0242422	1	1
DB00988	C0428977	1	3
DB00989	C0002395	1	1
DB00989	C0030567	1	0
DB00990	C1458155	1	4
DB00991	C0003873	1	0
DB00991	C0029408	1	0
DB00993	C0003873	1	2
DB00993	C0009319	1	3
DB00993	C0009324	1	2
DB00993	C0010346	1	2
DB00993	C0024141	1	3
DB00993	C0026769	1	1
DB00994	C0014356	1	1
DB00994	C0019151	1	0
DB00994	C0022568	1	4
DB00994	C0042029	1	4
DB00994	C0042164	1	4
DB00995	C0003864	1	3
DB00995	C0003872	1	0
DB00995	C0003873	1	0
DB00995	C0030807	1	4
DB00996	C0013384	1	2
DB00996	C0014544	1	2
DB00996	C0030567	1	4
DB00996	C0032768	1	1
DB00996	C0035258	1	0
DB00996	C0036572	1	1
DB00997	C0005695	1	2
DB00997	C0006413	1	1
DB00997	C0019829	1	1
DB00997	C0023449	1	3
DB00997	C0023467	1	0
DB00997	C0024301	1	3
DB00997	C0024305	1	3
DB00997	C0026764	1	0
DB00997	C0027708	1	2
DB00997	C0027819	1	2
DB00997	C0036220	1	4
DB00997	C0079744	1	3
DB00997	C0149925	1	1
DB00997	C0276535	1	3
DB00997	C0678222	1	3
DB00997	C0919267	1	3
DB00997	C1140680	1	0
DB00997	C1458155	1	0
DB00998	C0149931	1	2
DB00999	C0013604	1	2
DB00999	C0018802	1	2
DB00999	C0020538	1	2
DB00999	C0027726	1	4
DB01001	C0004096	1	1
DB01001	C0008677	1	0
DB01001	C0022876	1	1
DB01001	C0024117	1	4
DB01001	C0746102	1	2
DB01003	C0004096	1	2
DB01003	C0009324	1	0
DB01003	C0009763	1	3
DB01003	C0011603	1	1
DB01003	C0014356	1	0
DB01003	C0016470	1	3
DB01003	C0022568	1	3
DB01003	C0024899	1	0
DB01003	C0035457	1	4
DB01003	C0042109	1	3
DB01003	C0221013	1	4
DB01003	C0847614	1	2
DB01003	C2607914	1	4
DB01005	C0002895	1	1
DB01005	C0006118	1	3
DB01005	C0007131	1	4
DB01005	C0007134	1	2
DB01005	C0018671	1	3
DB01005	C0023473	1	4
DB01005	C0023518	1	2
DB01005	C0025202	1	3
DB01005	C0032463	1	3
DB01005	C0033578	1	0
DB01005	C0033860	1	3
DB01005	C0040028	1	3
DB01005	C0042138	1	2
DB01005	C0278996	1	1
DB01005	C0919267	1	1
DB01005	C1140680	1	2
DB01005	C1168401	1	2
DB01005	C1540912	1	4
DB01006	C0006142	1	2
DB01006	C1458155	1	1
DB01009	C0003873	1	3
DB01009	C0013390	1	4
DB01009	C0029408	1	0
DB01009	C0030193	1	1
DB01009	C0038013	1	1
DB01010	C0026896	1	3
DB01011	C0010481	1	2
DB01012	C0020437	1	0
DB01012	C0020502	1	1
DB01012	C0020503	1	3
DB01012	C0687150	1	1
DB01012	C1561643	1	3
DB01013	C0011616	1	2
DB01013	C0033860	1	0
DB01013	C0036508	1	3
DB01014	C0009324	1	4
DB01014	C0014356	1	2
DB01014	C0041582	1	1
DB01015	C0014335	1	3
DB01015	C0029882	1	3
DB01015	C0032285	1	1
DB01015	C0033581	1	2
DB01016	C0003811	1	4
DB01016	C0011849	1	2
DB01016	C0011860	1	3
DB01016	C0020456	1	2
DB01017	C0009763	1	1
DB01017	C0015967	1	4
DB01017	C0031099	1	3
DB01017	C0032285	1	3
DB01017	C0037199	1	0
DB01017	C0042029	1	1
DB01017	C0149704	1	1
DB01018	C0020538	1	0
DB01018	C1263846	1	0
DB01019	C0005697	1	3
DB01019	C0017168	1	3
DB01019	C0080274	1	3
DB01020	C0002962	1	1
DB01020	C0027051	1	1
DB01020	C1956346	1	3
DB01021	C0013604	1	1
DB01021	C0018801	1	2
DB01021	C0018802	1	4
DB01021	C0020538	1	3
DB01021	C0027726	1	2
DB01022	C0019080	1	1
DB01022	C0019087	1	4
DB01022	C0020598	1	1
DB01022	C0029456	1	4
DB01022	C0042880	1	4
DB01023	C0003811	1	1
DB01023	C0020538	1	4
DB01023	C0085580	1	4
DB01024	C0033860	1	0
DB01025	C0004096	1	4
DB01025	C0009763	1	4
DB01025	C0020517	1	4
DB01025	C0038363	1	3
DB01025	C0041582	1	3
DB01026	C0036508	1	2
DB01029	C0011860	1	4
DB01029	C0011881	1	4
DB01029	C0018802	1	2
DB01029	C0020538	1	0
DB01029	C0242698	1	1
DB01030	C0007131	1	4
DB01030	C0149925	1	3
DB01030	C0262584	1	0
DB01030	C0919267	1	1
DB01030	C1140680	1	1
DB01030	C4048328	1	0
DB01031	C0021603	1	3
DB01031	C0917801	1	2
DB01032	C0003868	1	0
DB01032	C0018099	1	2
DB01032	C0740394	1	1
DB01033	C0023434	1	0
DB01033	C0023449	1	2
DB01033	C0023487	1	2
DB01033	C0024305	1	1
DB01034	C0020473	1	0
DB01035	C0003811	1	3
DB01035	C0004238	1	1
DB01035	C0004239	1	3
DB01035	C0039240	1	3
DB01035	C0042514	1	3
DB01035	C0085612	1	3
DB01035	C0151636	1	0
DB01036	C0042023	1	2
DB01036	C0042024	1	2
DB01036	C0085606	1	2
DB01036	C0878773	1	1
DB01037	C0002395	1	3
DB01037	C0013384	1	1
DB01037	C0030567	1	4
DB01037	C1269683	1	4
DB01039	C0020443	1	3
DB01039	C0020473	1	1
DB01039	C0020474	1	0
DB01039	C0020476	1	1
DB01039	C0020557	1	1
DB01039	C0473527	1	0
DB01041	C0003873	1	3
DB01041	C0004943	1	0
DB01041	C0007134	1	3
DB01041	C0010346	1	2
DB01041	C0014742	1	4
DB01041	C0014743	1	3
DB01041	C0024138	1	0
DB01041	C0024419	1	4
DB01041	C0026764	1	4
DB01041	C0038363	1	1
DB01043	C0002395	1	2
DB01043	C0013384	1	1
DB01043	C0030567	1	4
DB01045	C0025289	1	2
DB01045	C0041296	1	1
DB01046	C0009806	1	0
DB01046	C0022104	1	4
DB01047	C0011616	1	3
DB01047	C0013595	1	2
DB01047	C0015230	1	4
DB01047	C0020517	1	3
DB01047	C0024138	1	4
DB01047	C0036508	1	1
DB01047	C0079773	1	0
DB01049	C0497327	1	4
DB01050	C0003872	1	0
DB01050	C0003873	1	4
DB01050	C0013390	1	4
DB01050	C0015967	1	0
DB01050	C0018099	1	0
DB01050	C0018681	1	1
DB01050	C0025323	1	0
DB01050	C0029408	1	1
DB01050	C0030193	1	4
DB01050	C0031046	1	2
DB01050	C0038013	1	1
DB01050	C0149931	1	4
DB01050	C0231528	1	3
DB01050	C0233315	1	1
DB01053	C0014121	1	3
DB01053	C0014733	1	0
DB01053	C0025289	1	1
DB01053	C0025294	1	0
DB01053	C0032285	1	0
DB01053	C0149704	1	2
DB01053	C0155862	1	0
DB01056	C0003811	1	0
DB01056	C0040997	1	4
DB01056	C0085612	1	1
DB01057	C0014877	1	0
DB01057	C0017601	1	0
DB01057	C0017612	1	3
DB01057	C0271093	1	4
DB01059	C0010692	1	0
DB01059	C0014836	1	3
DB01059	C0031154	1	0
DB01059	C0032285	1	0
DB01059	C0033581	1	1
DB01059	C0034186	1	2
DB01059	C0042029	1	1
DB01059	C0149725	1	1
DB01059	C0155862	1	3
DB01059	C2242472	1	2
DB01060	C0013295	1	2
DB01060	C0014836	1	0
DB01060	C0029882	1	0
DB01060	C0037199	1	4
DB01060	C0042029	1	3
DB01060	C0149725	1	0
DB01060	C0155862	1	0
DB01062	C0005697	1	0
DB01062	C0042023	1	4
DB01062	C0042024	1	3
DB01062	C0085606	1	3
DB01062	C0878773	1	0
DB01063	C0033975	1	4
DB01064	C0004096	1	2
DB01064	C0004245	1	1
DB01064	C0008677	1	4
DB01064	C0018790	1	3
DB01064	C0018794	1	2
DB01064	C0040479	1	4
DB01064	C0042510	1	1
DB01064	C0428977	1	1
DB01065	C0007789	1	0
DB01065	C0021603	1	3
DB01065	C0376358	1	4
DB01065	C0456909	1	4
DB01065	C0877792	1	2
DB01067	C0011849	1	3
DB01067	C0011860	1	1
DB01067	C0020456	1	2
DB01068	C0014544	1	2
DB01068	C0014550	1	3
DB01068	C0014553	1	0
DB01068	C0030319	1	3
DB01068	C0035258	1	3
DB01068	C0036572	1	2
DB01068	C0238111	1	4
DB01068	C0270846	1	4
DB01068	C0595948	1	1
DB01069	C0018621	1	3
DB01069	C0020517	1	0
DB01069	C0027498	1	2
DB01069	C0032787	1	3
DB01069	C0035457	1	3
DB01069	C0042109	1	4
DB01070	C0001122	1	1
DB01070	C0015624	1	4
DB01070	C0020502	1	1
DB01070	C0020598	1	4
DB01070	C0020626	1	2
DB01070	C0022661	1	2
DB01070	C0029442	1	2
DB01070	C0029456	1	0
DB01070	C0033806	1	3
DB01070	C0035579	1	4
DB01070	C0039621	1	0
DB01070	C0042842	1	1
DB01070	C0042870	1	0
DB01070	C0085682	1	2
DB01071	C0018621	1	4
DB01071	C0042109	1	4
DB01071	C2607914	1	4
DB01073	C0023434	1	0
DB01073	C0024305	1	1
DB01074	C0002962	1	1
DB01075	C0013384	1	4
DB01075	C0018621	1	2
DB01075	C0018681	1	0
DB01075	C0020517	1	1
DB01075	C0021603	1	2
DB01075	C0030567	1	0
DB01075	C0035457	1	3
DB01075	C0042109	1	2
DB01075	C0917801	1	4
DB01076	C0002962	1	2
DB01076	C0003850	1	2
DB01076	C0020443	1	3
DB01076	C0020473	1	2
DB01076	C0020474	1	0
DB01076	C0020476	1	2
DB01076	C0020479	1	0
DB01076	C0020538	1	0
DB01076	C0020557	1	3
DB01076	C0027051	1	4
DB01076	C0038454	1	0
DB01076	C0342881	1	1
DB01076	C0948089	1	1
DB01077	C0020437	1	2
DB01077	C0029396	1	2
DB01077	C0029401	1	3
DB01078	C0003811	1	4
DB01078	C0004238	1	4
DB01078	C0004239	1	3
DB01078	C0018801	1	4
DB01078	C0018802	1	2
DB01078	C0039240	1	2
DB01079	C0022104	1	2
DB01080	C0036572	1	1
DB01080	C0037763	1	3
DB01080	C0037769	1	2
DB01081	C0011991	1	2
DB01081	C0014356	1	1
DB01082	C0014121	1	0
DB01082	C0014356	1	0
DB01082	C0041296	1	0
DB01083	C0028754	1	3
DB01084	C0009763	1	4
DB01084	C0020517	1	4
DB01084	C0033774	1	0
DB01084	C0042109	1	4
DB01085	C0017601	1	3
DB01085	C0017605	1	1
DB01085	C0017612	1	0
DB01085	C0018671	1	4
DB01085	C0028840	1	3
DB01085	C0043352	1	4
DB01085	C1527336	1	1
DB01086	C0010200	1	3
DB01086	C0028754	1	1
DB01086	C0029882	1	4
DB01086	C0033774	1	3
DB01086	C0038363	1	0
DB01086	C0149745	1	3
DB01088	C0020542	1	1
DB01088	C0040053	1	4
DB01088	C2973725	1	1
DB01089	C0013384	1	4
DB01090	C0020546	1	3
DB01092	C0003811	1	3
DB01092	C0004238	1	2
DB01092	C0004239	1	2
DB01092	C0018801	1	4
DB01094	C0020473	1	3
DB01095	C0003850	1	2
DB01095	C0010054	1	4
DB01095	C0018798	1	4
DB01095	C0020443	1	1
DB01095	C0020473	1	2
DB01095	C0020474	1	4
DB01095	C0020476	1	4
DB01095	C0242339	1	1
DB01097	C0003872	1	4
DB01097	C0003873	1	0
DB01098	C0003850	1	1
DB01098	C0004153	1	2
DB01098	C0020443	1	4
DB01098	C0020473	1	4
DB01098	C0020474	1	3
DB01098	C0020479	1	3
DB01098	C0020557	1	1
DB01098	C0038454	1	3
DB01098	C0242339	1	1
DB01098	C0342881	1	2
DB01099	C0025289	1	0
DB01100	C0013384	1	2
DB01100	C0020179	1	1
DB01100	C0040517	1	4
DB01101	C0009404	1	3
DB01101	C1458155	1	3
DB01101	C1527249	1	3
DB01102	C1956346	1	0
DB01104	C0011581	1	3
DB01104	C0028768	1	4
DB01104	C0030319	1	0
DB01105	C0028754	1	1
DB01106	C0009763	1	4
DB01106	C0847614	1	1
DB01106	C2607914	1	2
DB01107	C0021603	1	0
DB01107	C0917801	1	4
DB01108	C0010481	1	2
DB01109	C0012739	1	3
DB01109	C0149871	1	3
DB01110	C0014356	1	3
DB01110	C0040261	1	3
DB01113	C0002962	1	3
DB01113	C0003811	1	0
DB01113	C0007786	1	2
DB01113	C0009319	1	3
DB01113	C0027051	1	2
DB01113	C0034065	1	1
DB01113	C0034734	1	3
DB01113	C0040038	1	4
DB01113	C0085096	1	4
DB01113	C0242350	1	4
DB01113	C0917798	1	4
DB01114	C0004096	1	2
DB01114	C0018621	1	0
DB01114	C0020517	1	4
DB01114	C0027424	1	3
DB01114	C0033774	1	1
DB01114	C0035455	1	0
DB01114	C0035457	1	0
DB01114	C0042109	1	4
DB01114	C0343065	1	0
DB01114	C2607914	1	0
DB01115	C0002962	1	0
DB01115	C0020538	1	3
DB01115	C0022876	1	0
DB01117	C0032285	1	3
DB01118	C0003811	1	3
DB01118	C0039240	1	4
DB01118	C0042510	1	0
DB01118	C0085612	1	0
DB01119	C0020459	1	0
DB01119	C0020540	1	2
DB01119	C0020615	1	3
DB01119	C0021670	1	2
DB01120	C0011849	1	4
DB01120	C0011860	1	4
DB01120	C0020456	1	2
DB01121	C0014544	1	2
DB01121	C0036572	1	0
DB01121	C0085417	1	0
DB01122	C0026848	1	2
DB01122	C0026896	1	2
DB01124	C0011849	1	1
DB01124	C0011860	1	0
DB01124	C0020456	1	3
DB01125	C0004238	1	1
DB01125	C0027051	1	1
DB01125	C0040053	1	2
DB01125	C0149871	1	2
DB01126	C0020507	1	1
DB01126	C2937421	1	0
DB01128	C0033578	1	0
DB01128	C0376358	1	2
DB01129	C0013295	1	4
DB01129	C0017168	1	4
DB01129	C0017181	1	2
DB01129	C0027662	1	3
DB01129	C0030920	1	1
DB01129	C0041582	1	3
DB01129	C0043515	1	1
DB01129	C0221013	1	1
DB01130	C0011615	1	2
DB01130	C0011616	1	4
DB01130	C0013595	1	1
DB01130	C0015230	1	1
DB01130	C0015456	1	1
DB01130	C0024138	1	0
DB01130	C0036508	1	0
DB01130	C0079773	1	2
DB01132	C0011849	1	2
DB01132	C0011860	1	0
DB01132	C0020456	1	0
DB01133	C0029401	1	3
DB01136	C0018801	1	3
DB01136	C0018802	1	4
DB01136	C0020538	1	4
DB01136	C0027051	1	3
DB01136	C0151744	1	4
DB01136	C0878544	1	1
DB01137	C0032285	1	1
DB01137	C0033581	1	1
DB01137	C0034186	1	3
DB01137	C0037199	1	4
DB01137	C0155862	1	2
DB01138	C0003868	1	4
DB01138	C0018099	1	3
DB01138	C0027051	1	2
DB01138	C0740394	1	3
DB01140	C0042029	1	1
DB01142	C0003467	1	1
DB01142	C0005587	1	1
DB01142	C0011581	1	1
DB01142	C0011615	1	1
DB01142	C0033774	1	2
DB01142	C0270458	1	3
DB01142	C0917801	1	4
DB01143	C0278996	1	1
DB01143	C1140680	1	0
DB01144	C0014544	1	0
DB01144	C0017601	1	2
DB01144	C0017605	1	0
DB01144	C0017612	1	2
DB01146	C0018621	1	1
DB01146	C0027424	1	0
DB01146	C0033774	1	1
DB01146	C0042109	1	0
DB01146	C0343065	1	4
DB01146	C2607914	1	0
DB01148	C0010692	1	2
DB01148	C0013428	1	4
DB01148	C0028734	1	3
DB01148	C0033581	1	2
DB01148	C0042023	1	0
DB01148	C0042024	1	0
DB01148	C0085606	1	4
DB01148	C0282488	1	4
DB01149	C1269683	1	2
DB01151	C0011581	1	0
DB01151	C0150055	1	0
DB01156	C0011581	1	3
DB01156	C0028754	1	0
DB01156	C0085159	1	2
DB01156	C1269683	1	1
DB01157	C0007102	1	3
DB01158	C0003811	1	1
DB01158	C0042510	1	3
DB01158	C0042514	1	4
DB01158	C0085612	1	2
DB01162	C0020538	1	4
DB01162	C2937421	1	2
DB01164	C0018790	1	0
DB01164	C0020461	1	4
DB01164	C0020598	1	4
DB01164	C0020621	1	1
DB01164	C0039621	1	4
DB01164	C0151714	1	1
DB01164	C0151940	1	0
DB01165	C0010692	1	4
DB01165	C0011991	1	0
DB01165	C0014534	1	1
DB01165	C0014836	1	4
DB01165	C0015967	1	4
DB01165	C0032285	1	2
DB01165	C0033581	1	4
DB01165	C0034186	1	1
DB01165	C0037199	1	0
DB01165	C0042029	1	1
DB01165	C0149725	1	1
DB01165	C0155862	1	2
DB01165	C2242472	1	1
DB01166	C0004096	1	3
DB01166	C0021775	1	2
DB01166	C0040053	1	0
DB01167	C0040261	1	3
DB01168	C0006118	1	4
DB01168	C0019829	1	0
DB01168	C0024121	1	3
DB01168	C0024305	1	3
DB01168	C0025202	1	3
DB01168	C0026764	1	0
DB01169	C0023479	1	0
DB01169	C0023487	1	3
DB01170	C0017601	1	3
DB01170	C0020538	1	1
DB01170	C0020544	1	3
DB01171	C0003467	1	4
DB01171	C0011581	1	1
DB01173	C0013384	1	2
DB01173	C0026838	1	2
DB01173	C0027121	1	4
DB01173	C0030567	1	2
DB01173	C0231528	1	4
DB01173	C0242422	1	3
DB01174	C0009952	1	2
DB01174	C0014544	1	3
DB01174	C0014549	1	3
DB01174	C0020433	1	0
DB01174	C0149931	1	4
DB01174	C0234533	1	0
DB01174	C0234974	1	2
DB01174	C0238111	1	4
DB01174	C0270851	1	4
DB01174	C0494475	1	4
DB01175	C1269683	1	3
DB01176	C0010200	1	2
DB01176	C0018621	1	4
DB01176	C0027424	1	1
DB01176	C0027497	1	1
DB01176	C0042571	1	2
DB01176	C0042963	1	2
DB01176	C2607914	1	2
DB01177	C0023449	1	0
DB01177	C0023467	1	1
DB01177	C0023473	1	3
DB01177	C0023487	1	1
DB01177	C0026998	1	2
DB01177	C1458155	1	3
DB01179	C0022593	1	2
DB01181	C0005684	1	1
DB01181	C0019829	1	0
DB01181	C0023434	1	1
DB01181	C0023449	1	0
DB01181	C0024121	1	1
DB01181	C0024305	1	3
DB01181	C0029463	1	4
DB01181	C0030297	1	0
DB01181	C0038356	1	2
DB01181	C0039590	1	2
DB01181	C0149925	1	0
DB01181	C0919267	1	2
DB01181	C1140680	1	4
DB01181	C1261473	1	3
DB01181	C1336708	1	3
DB01181	C1458155	1	4
DB01182	C0003811	1	0
DB01182	C0004238	1	4
DB01182	C0030590	1	0
DB01182	C0039240	1	2
DB01182	C0042514	1	4
DB01182	C0085612	1	0
DB01182	C0235480	1	4
DB01183	C0030193	1	1
DB01183	C0036983	1	2
DB01183	C0235063	1	0
DB01184	C0027498	1	0
DB01185	C0002994	1	4
DB01185	C0010417	1	4
DB01185	C0020619	1	2
DB01185	C0028326	1	2
DB01185	C0034012	1	1
DB01185	C0151721	1	0
DB01185	C0342527	1	2
DB01185	C1458155	1	0
DB01185	C2936781	1	2
DB01186	C0030567	1	0
DB01186	C0242422	1	2
DB01188	C0036508	1	2
DB01188	C0040261	1	2
DB01191	C0028754	1	4
DB01192	C0030193	1	4
DB01192	C0150055	1	2
DB01193	C0003811	1	0
DB01193	C0020538	1	4
DB01193	C0027051	1	2
DB01193	C0042510	1	4
DB01193	C0042514	1	4
DB01193	C0085612	1	4
DB01193	C0151636	1	0
DB01194	C0017601	1	0
DB01194	C0017612	1	2
DB01194	C0028840	1	0
DB01195	C0003811	1	2
DB01195	C0004238	1	1
DB01195	C0030590	1	3
DB01195	C0039240	1	3
DB01195	C0042514	1	4
DB01195	C0085612	1	3
DB01195	C0235480	1	1
DB01196	C0033578	1	2
DB01197	C0003873	1	4
DB01197	C0004775	1	3
DB01197	C0011849	1	1
DB01197	C0011881	1	1
DB01197	C0013604	1	3
DB01197	C0018802	1	2
DB01197	C0020538	1	0
DB01197	C0020540	1	3
DB01197	C0020545	1	1
DB01197	C0027051	1	4
DB01197	C0034734	1	2
DB01197	C0085580	1	3
DB01197	C0242698	1	2
DB01198	C0917801	1	3
DB01199	C0026896	1	0
DB01200	C0001206	1	1
DB01200	C0002453	1	2
DB01200	C0013384	1	3
DB01200	C0020514	1	2
DB01200	C0020619	1	1
DB01200	C0021359	1	3
DB01200	C0030567	1	4
DB01200	C0033375	1	3
DB01201	C0041296	1	2
DB01202	C0014544	1	3
DB01202	C0036572	1	3
DB01202	C0234974	1	2
DB01203	C0002962	1	0
DB01203	C0003811	1	0
DB01203	C0018802	1	1
DB01203	C0020538	1	2
DB01203	C0027051	1	3
DB01204	C0023467	1	2
DB01204	C0024299	1	0
DB01204	C0026769	1	3
DB01204	C0033578	1	4
DB01204	C0751967	1	0
DB01204	C1261473	1	3
DB01204	C1458155	1	0
DB01206	C0006118	1	0
DB01206	C0009375	1	0
DB01206	C0019829	1	2
DB01206	C0022665	1	0
DB01206	C0024121	1	4
DB01206	C0024305	1	4
DB01206	C0025202	1	1
DB01207	C0040053	1	4
DB01208	C0032285	1	3
DB01208	C0041296	1	2
DB01209	C0030193	1	1
DB01210	C0017601	1	1
DB01210	C0017612	1	3
DB01210	C0028840	1	4
DB01211	C0013295	1	4
DB01211	C0014038	1	0
DB01211	C0020523	1	4
DB01211	C0029882	1	4
DB01211	C0032285	1	3
DB01211	C0037199	1	0
DB01211	C0155862	1	4
DB01212	C0014335	1	2
DB01212	C0014534	1	0
DB01212	C0014836	1	0
DB01212	C0025289	1	1
DB01212	C0025294	1	3
DB01212	C0029882	1	2
DB01212	C0031154	1	1
DB01212	C0032285	1	0
DB01212	C0149725	1	2
DB01212	C2242472	1	1
DB01214	C0003811	1	3
DB01214	C0017601	1	1
DB01214	C0017612	1	2
DB01214	C0028840	1	0
DB01215	C0021603	1	4
DB01216	C0020507	1	2
DB01216	C0033578	1	0
DB01216	C2937421	1	1
DB01216	C4083212	1	4
DB01217	C1458155	1	3
DB01219	C0007785	1	1
DB01219	C0007789	1	3
DB01219	C0024591	1	3
DB01219	C0026769	1	2
DB01219	C0026838	1	1
DB01219	C0037763	1	1
DB01220	C0011991	1	3
DB01220	C0014356	1	4
DB01220	C0019151	1	3
DB01220	C0022104	1	4
DB01220	C0220994	1	3
DB01222	C0004096	1	0
DB01222	C0010346	1	4
DB01222	C0014356	1	0
DB01222	C0018621	1	0
DB01222	C0020517	1	3
DB01222	C0035455	1	3
DB01222	C0035457	1	2
DB01222	C2607914	1	2
DB01223	C0003578	1	3
DB01223	C0004096	1	0
DB01223	C0008677	1	3
DB01223	C0024115	1	1
DB01223	C0034067	1	2
DB01223	C0428977	1	3
DB01223	C0746102	1	1
DB01224	C0005586	1	0
DB01224	C0005587	1	1
DB01224	C0036341	1	1
DB01225	C0149871	1	1
DB01228	C0003811	1	2
DB01228	C0004238	1	2
DB01228	C0004239	1	3
DB01228	C0042510	1	3
DB01228	C0042514	1	0
DB01228	C0151636	1	3
DB01229	C0006142	1	2
DB01229	C0007131	1	3
DB01229	C0017612	1	0
DB01229	C0020538	1	3
DB01229	C0024121	1	2
DB01229	C0028840	1	4
DB01229	C0036220	1	2
DB01229	C0678222	1	4
DB01229	C0919267	1	1
DB01229	C1140680	1	3
DB01229	C1458155	1	4
DB01231	C0042571	1	2
DB01232	C0021051	1	3
DB01233	C0017168	1	3
DB01233	C0027497	1	0
DB01233	C0042963	1	4
DB01233	C0152020	1	1
DB01234	C0001403	1	0
DB01234	C0002871	1	0
DB01234	C0002875	1	2
DB01234	C0002880	1	1
DB01234	C0002994	1	0
DB01234	C0003868	1	1
DB01234	C0003872	1	3
DB01234	C0003873	1	3
DB01234	C0004096	1	2
DB01234	C0005138	1	0
DB01234	C0006114	1	2
DB01234	C0006413	1	4
DB01234	C0009324	1	4
DB01234	C0010043	1	4
DB01234	C0010346	1	4
DB01234	C0011606	1	2
DB01234	C0011615	1	4
DB01234	C0011616	1	1
DB01234	C0013604	1	4
DB01234	C0014335	1	0
DB01234	C0014742	1	1
DB01234	C0015230	1	3
DB01234	C0015397	1	1
DB01234	C0019829	1	1
DB01234	C0020437	1	0
DB01234	C0020517	1	4
DB01234	C0021390	1	2
DB01234	C0022073	1	3
DB01234	C0022548	1	4
DB01234	C0022568	1	1
DB01234	C0023052	1	3
DB01234	C0023449	1	0
DB01234	C0024138	1	2
DB01234	C0024141	1	3
DB01234	C0024301	1	2
DB01234	C0024305	1	2
DB01234	C0026764	1	4
DB01234	C0026769	1	3
DB01234	C0026948	1	2
DB01234	C0027726	1	0
DB01234	C0029408	1	2
DB01234	C0030807	1	4
DB01234	C0033860	1	3
DB01234	C0035457	1	3
DB01234	C0035854	1	3
DB01234	C0036202	1	3
DB01234	C0036508	1	4
DB01234	C0036830	1	4
DB01234	C0036983	1	4
DB01234	C0037274	1	0
DB01234	C0038013	1	2
DB01234	C0040147	1	3
DB01234	C0042164	1	3
DB01234	C0079744	1	1
DB01234	C0079773	1	1
DB01234	C0405580	1	3
DB01234	C0702166	1	4
DB01234	C0847614	1	2
DB01234	C1260899	1	1
DB01234	C1527311	1	0
DB01234	C2607914	1	2
DB01234	C2718128	1	0
DB01235	C0013384	1	4
DB01235	C0030567	1	1
DB01235	C0030569	1	0
DB01235	C0242422	1	2
DB01237	C0010200	1	4
DB01237	C0018621	1	0
DB01237	C0020517	1	0
DB01237	C0021603	1	4
DB01237	C0027424	1	2
DB01237	C0035457	1	0
DB01237	C0042109	1	1
DB01238	C0004352	1	4
DB01238	C0005586	1	0
DB01238	C0036341	1	2
DB01239	C0005586	1	2
DB01239	C0036341	1	2
DB01240	C0003850	1	0
DB01240	C0010200	1	0
DB01240	C0011644	1	4
DB01240	C0020542	1	4
DB01240	C0027424	1	4
DB01240	C0034150	1	4
DB01240	C0035222	1	0
DB01240	C0035455	1	1
DB01240	C0036421	1	1
DB01240	C0040053	1	1
DB01240	C2607914	1	2
DB01240	C2973725	1	4
DB01241	C0010068	1	2
DB01241	C0020443	1	0
DB01241	C0020473	1	3
DB01241	C0020476	1	1
DB01241	C0020480	1	1
DB01241	C0020481	1	3
DB01241	C0020557	1	4
DB01241	C0030305	1	2
DB01242	C0027404	1	2
DB01242	C0028768	1	2
DB01242	C0150055	1	2
DB01243	C0011991	1	0
DB01243	C0014356	1	1
DB01243	C0021390	1	1
DB01243	C0036508	1	4
DB01244	C0002962	1	0
DB01244	C0003811	1	3
DB01246	C0002994	1	1
DB01246	C0011615	1	4
DB01246	C0027424	1	4
DB01246	C0033774	1	3
DB01246	C0035457	1	1
DB01246	C0042109	1	1
DB01246	C0162820	1	3
DB01246	C0343065	1	3
DB01246	C2607914	1	0
DB01247	C1269683	1	3
DB01248	C0007131	1	3
DB01248	C0018671	1	3
DB01248	C0025202	1	2
DB01248	C0030297	1	4
DB01248	C0038356	1	0
DB01248	C0278996	1	4
DB01248	C0376358	1	2
DB01248	C0678222	1	3
DB01248	C0919267	1	0
DB01248	C1168401	1	1
DB01248	C1458155	1	1
DB01250	C0009324	1	3
DB01250	C0014356	1	0
DB01251	C0011849	1	3
DB01251	C0011860	1	4
DB01251	C0020456	1	4
DB01252	C0011849	1	2
DB01252	C0011860	1	1
DB01253	C0149931	1	4
DB01254	C0005699	1	4
DB01254	C0023472	1	4
DB01254	C0023473	1	1
DB01254	C1960397	1	1
DB01255	C1263846	1	3
DB01257	C0019054	1	4
DB01257	C0024790	1	0
DB01260	C0004096	1	3
DB01260	C0010346	1	3
DB01260	C0011615	1	0
DB01260	C0011616	1	2
DB01260	C0015230	1	1
DB01260	C0015456	1	1
DB01260	C0024138	1	2
DB01260	C0036508	1	1
DB01260	C0079773	1	1
DB01260	C2607914	1	0
DB01261	C0011849	1	2
DB01261	C0011860	1	3
DB01261	C0020456	1	2
DB01262	C0002871	1	1
DB01262	C0002893	1	3
DB01262	C0002894	1	4
DB01262	C0023467	1	1
DB01262	C0023473	1	3
DB01262	C0023480	1	4
DB01263	C0018133	1	2
DB01263	C0376545	1	4
DB01265	C0524909	1	1
DB01267	C0033975	1	3
DB01267	C0036337	1	2
DB01267	C0036341	1	3
DB01268	C0007134	1	0
DB01268	C0238198	1	2
DB01270	C0011884	1	0
DB01270	C0027686	1	4
DB01270	C0242383	1	0
DB01271	C0026705	1	3
DB01274	C0004096	1	4
DB01274	C0008677	1	2
DB01274	C0024117	1	0
DB01274	C0034067	1	3
DB01275	C0018802	1	1
DB01275	C0020538	1	4
DB01275	C0020540	1	4
DB01275	C0020542	1	2
DB01275	C0032914	1	4
DB01275	C0085580	1	2
DB01276	C0011849	1	2
DB01276	C0020456	1	0
DB01277	C0002736	1	4
DB01277	C0271568	1	3
DB01277	C0878787	1	4
DB01277	C1837475	1	1
DB01278	C0011849	1	3
DB01278	C0020456	1	2
DB01279	C0026709	1	0
DB01280	C1961099	1	1
DB01281	C0003873	1	1
DB01281	C3495559	1	2
DB01282	C0019080	1	3
DB01282	C0032897	1	3
DB01283	C0029408	1	2
DB01283	C0409959	1	0
DB01284	C0405580	1	1
DB01285	C0037769	1	2
DB01285	C0038325	1	3
DB01288	C0004096	1	1
DB01288	C0022876	1	0
DB01291	C0004096	1	3
DB01291	C0006267	1	0
DB01291	C0024115	1	4
DB01291	C0034067	1	2
DB01295	C0002962	1	2
DB01295	C0003811	1	1
DB01296	C0003862	1	4
DB01296	C0003873	1	1
DB01296	C0029408	1	2
DB01296	C0231528	1	0
DB01297	C0003811	1	3
DB01303	C0003578	1	2
DB01303	C0004096	1	1
DB01303	C0034067	1	4
DB01303	C0428977	1	4
DB01306	C0011849	1	4
DB01306	C2748055	1	1
DB01307	C0011849	1	3
DB01307	C0011854	1	2
DB01307	C0011860	1	0
DB01307	C0020456	1	0
DB01309	C0011849	1	1
DB01309	C0020456	1	1
DB01309	C2748055	1	3
DB01320	C0014544	1	1
DB01320	C0036572	1	4
DB01320	C0038220	1	3
DB01324	C0013604	1	3
DB01324	C0018802	1	0
DB01324	C0020538	1	3
DB01324	C0022661	1	2
DB01324	C0023890	1	4
DB01324	C0027726	1	0
DB01325	C0013604	1	2
DB01325	C0018802	1	0
DB01325	C0027726	1	3
DB01327	C0008311	1	4
DB01327	C0149725	1	1
DB01327	C2242472	1	4
DB01333	C0032285	1	2
DB01333	C0033581	1	1
DB01333	C0042029	1	0
DB01333	C0149725	1	0
DB01333	C2242472	1	1
DB01340	C0018802	1	0
DB01340	C0020538	1	2
DB01348	C0020538	1	2
DB01349	C0018801	1	1
DB01349	C0020538	1	4
DB01351	C0014544	1	4
DB01351	C0021603	1	2
DB01351	C0038220	1	2
DB01351	C0917801	1	1
DB01352	C0021603	1	1
DB01352	C0917801	1	3
DB01353	C0917801	1	3
DB01356	C0003873	1	2
DB01356	C0005586	1	2
DB01356	C0013390	1	4
DB01356	C0015967	1	3
DB01356	C0029408	1	4
DB01356	C0030193	1	3
DB01357	C0014175	1	4
DB01357	C0025323	1	3
DB01357	C0271578	1	0
DB01359	C0020538	1	3
DB01359	C0027051	1	1
DB01364	C0004096	1	4
DB01364	C0018621	1	4
DB01364	C0020649	1	2
DB01364	C0027404	1	3
DB01364	C0027424	1	2
DB01364	C0028754	1	2
DB01364	C0035455	1	4
DB01364	C2607914	1	4
DB01365	C0020649	1	1
DB01366	C0004096	1	4
DB01366	C0024117	1	2
DB01367	C0030567	1	3
DB01378	C0024473	1	1
DB01380	C0001403	1	0
DB01380	C0001623	1	1
DB01380	C0001627	1	1
DB01380	C0002875	1	3
DB01380	C0002880	1	2
DB01380	C0002994	1	1
DB01380	C0003868	1	2
DB01380	C0003872	1	0
DB01380	C0003873	1	4
DB01380	C0004096	1	2
DB01380	C0004364	1	1
DB01380	C0005138	1	1
DB01380	C0006114	1	2
DB01380	C0009324	1	1
DB01380	C0009763	1	2
DB01380	C0010043	1	4
DB01380	C0010346	1	0
DB01380	C0011606	1	2
DB01380	C0011616	1	2
DB01380	C0014742	1	3
DB01380	C0015230	1	2
DB01380	C0015397	1	3
DB01380	C0017563	1	2
DB01380	C0019112	1	2
DB01380	C0019829	1	0
DB01380	C0020517	1	0
DB01380	C0021390	1	4
DB01380	C0022073	1	3
DB01380	C0022568	1	3
DB01380	C0023052	1	2
DB01380	C0023449	1	2
DB01380	C0024138	1	1
DB01380	C0024141	1	2
DB01380	C0024301	1	0
DB01380	C0024305	1	3
DB01380	C0025289	1	2
DB01380	C0026769	1	2
DB01380	C0026948	1	4
DB01380	C0027726	1	2
DB01380	C0029408	1	4
DB01380	C0030807	1	3
DB01380	C0033860	1	2
DB01380	C0035854	1	4
DB01380	C0036202	1	3
DB01380	C0036508	1	2
DB01380	C0036830	1	0
DB01380	C0037274	1	4
DB01380	C0038013	1	1
DB01380	C0038363	1	0
DB01380	C0039103	1	0
DB01380	C0040147	1	0
DB01380	C0042109	1	1
DB01380	C0042164	1	0
DB01380	C0079773	1	3
DB01380	C0405580	1	0
DB01380	C1260899	1	2
DB01380	C2607914	1	3
DB01382	C0011860	1	1
DB01382	C0020456	1	2
DB01392	C0242350	1	1
DB01392	C0428977	1	1
DB01393	C0011849	1	0
DB01393	C0020443	1	1
DB01393	C0020473	1	0
DB01393	C0020476	1	3
DB01393	C0020479	1	2
DB01393	C0020480	1	0
DB01393	C0020481	1	0
DB01393	C0745103	1	2
DB01393	C1704417	1	2
DB01394	C0015967	1	2
DB01394	C0018099	1	4
DB01394	C0031069	1	0
DB01395	C0020428	1	3
DB01396	C0003811	1	0
DB01396	C0004238	1	0
DB01396	C0004239	1	4
DB01396	C0018801	1	1
DB01396	C0018802	1	4
DB01396	C0036980	1	4
DB01396	C0039240	1	4
DB01397	C0003862	1	3
DB01397	C0003873	1	3
DB01397	C0004604	1	0
DB01397	C0013390	1	3
DB01397	C0015967	1	3
DB01397	C0029408	1	2
DB01397	C0030193	1	1
DB01397	C0039103	1	0
DB01399	C0003864	1	4
DB01399	C0003873	1	1
DB01399	C0029408	1	1
DB01400	C0017601	1	3
DB01400	C0026896	1	3
DB01400	C0080274	1	0
DB01401	C0003864	1	1
DB01403	C0005586	1	3
DB01403	C0027497	1	1
DB01403	C0036341	1	0
DB01403	C0917801	1	0
DB01404	C0242350	1	3
DB01406	C0002994	1	0
DB01406	C0013604	1	2
DB01406	C0014175	1	0
DB01407	C0004096	1	1
DB01408	C0004096	1	4
DB01408	C0022876	1	1
DB01408	C0034067	1	1
DB01409	C0004096	1	4
DB01409	C0008677	1	1
DB01409	C0024117	1	3
DB01409	C0034067	1	2
DB01410	C0004096	1	2
DB01410	C0018621	1	3
DB01410	C0020517	1	4
DB01410	C0035457	1	3
DB01410	C2607914	1	4
DB01411	C0004096	1	1
DB01411	C2607914	1	3
DB01412	C0004096	1	4
DB01418	C0040038	1	3
DB01418	C0040053	1	0
DB01418	C0149871	1	4
DB01420	C0010417	1	1
DB01420	C0034012	1	2
DB01420	C0151721	1	0
DB01420	C0342527	1	3
DB01425	C0027497	1	2
DB01426	C0003811	1	2
DB01426	C0043202	1	1
DB01427	C0007193	1	3
DB01427	C0018802	1	4
DB01427	C0036980	1	2
DB01429	C0003811	1	2
DB01429	C0085612	1	2
DB01429	C0428974	1	3
DB01430	C0024117	1	1
DB01430	C0235063	1	4
DB01431	C0000786	1	3
DB01431	C0022876	1	2
DB01435	C0029882	1	3
DB01436	C0020502	1	2
DB01436	C0020626	1	2
DB01436	C0042842	1	0
DB01436	C0042870	1	4
DB01437	C0021603	1	1
DB01437	C0917801	1	2
DB01438	C0013428	1	2
DB01440	C0027404	1	4
DB01440	C0751362	1	0
DB01452	C0027051	1	1
DB01452	C0150055	1	0
DB01483	C0036572	1	0
DB01558	C0236663	1	3
DB01576	C0027404	1	2
DB01576	C1263846	1	1
DB01577	C0027404	1	0
DB01577	C0028754	1	3
DB01577	C1263846	1	2
DB01579	C0028754	1	0
DB01580	C0002962	1	3
DB01580	C0003467	1	4
DB01580	C0003811	1	1
DB01580	C0020538	1	0
DB01580	C0085612	1	3
DB01586	C0008312	1	1
DB01586	C0008350	1	0
DB01586	C0023892	1	1
DB01586	C0856727	1	3
DB01588	C0001957	1	2
DB01588	C0003467	1	3
DB01588	C0013295	1	2
DB01588	C0917801	1	4
DB01589	C0021603	1	4
DB01589	C0917801	1	4
DB01590	C0007134	1	3
DB01590	C0041341	1	1
DB01590	C0205768	1	3
DB01590	C0241961	1	0
DB01590	C0678222	1	4
DB01591	C0042023	1	0
DB01591	C0042024	1	4
DB01591	C0085606	1	3
DB01591	C0878773	1	2
DB01592	C0002871	1	1
DB01592	C0162316	1	0
DB01593	C0042345	1	3
DB01595	C0014550	1	4
DB01595	C0917801	1	3
DB01597	C0031154	1	0
DB01597	C0149725	1	1
DB01597	C2242472	1	3
DB01599	C0020443	1	3
DB01599	C0020473	1	1
DB01599	C0020476	1	4
DB01599	C1956346	1	0
DB01600	C0003873	1	4
DB01600	C0029408	1	3
DB01600	C0030193	1	3
DB01609	C0005283	1	0
DB01609	C0282193	1	0
DB01611	C0003873	1	1
DB01611	C0024138	1	1
DB01611	C0024141	1	0
DB01611	C0162566	1	2
DB01615	C0917801	1	0
DB01616	C0006142	1	4
DB01616	C0013390	1	3
DB01616	C0022104	1	1
DB01618	C0036341	1	2
DB01619	C0015230	1	2
DB01619	C0020517	1	3
DB01619	C0027424	1	4
DB01619	C0033774	1	2
DB01619	C0035457	1	2
DB01619	C0042109	1	3
DB01619	C0343065	1	2
DB01619	C2607914	1	1
DB01620	C0010200	1	0
DB01620	C0015967	1	3
DB01620	C0018621	1	1
DB01620	C0020517	1	2
DB01620	C0027424	1	0
DB01620	C0033774	1	2
DB01620	C0042109	1	4
DB01620	C0343065	1	3
DB01620	C2607914	1	4
DB01621	C0036341	1	4
DB01622	C0036341	1	2
DB01623	C0036341	1	4
DB01624	C0005586	1	0
DB01624	C0036341	1	4
DB01625	C0008350	1	1
DB01625	C0017152	1	0
DB01625	C0022104	1	4
DB01625	C0030920	1	3
DB01626	C0020538	1	3
DB01628	C0003864	1	3
DB01628	C0003872	1	2
DB01628	C0003873	1	3
DB01628	C0018099	1	2
DB01628	C0029408	1	3
DB01628	C0038013	1	4
DB01656	C0004096	1	1
DB01685	C0018099	1	0
DB01685	C0740394	1	0
DB01698	C0003862	1	1
DB01698	C0009806	1	0
DB01708	C0001623	1	1
DB01708	C0024141	1	4
DB01708	C0029453	1	0
DB01708	C0029456	1	1
DB01708	C0149745	1	3
DB01708	C0242350	1	4
DB01744	C0004604	1	2
DB01839	C0022638	1	4
DB01956	C0003467	1	4
DB01956	C0917801	1	1
DB02300	C0033860	1	3
DB02530	C0014544	1	4
DB02546	C0079773	1	1
DB02638	C0020649	1	0
DB02659	C0005424	1	0
DB02659	C0008350	1	1
DB02659	C0009806	1	1
DB02659	C0043459	1	1
DB02659	C0238052	1	2
DB02659	C0282528	1	0
DB02701	C0020473	1	1
DB02701	C0702166	1	4
DB02709	C0596263	1	4
DB02772	C0162429	1	0
DB02901	C0020626	1	0
DB02901	C0039621	1	4
DB02925	C0013604	1	1
DB03017	C0014356	1	0
DB03017	C0702166	1	2
DB03085	C0022593	1	0
DB03128	C0013144	1	4
DB03128	C0015672	1	0
DB03128	C0017601	1	4
DB03128	C0018681	1	3
DB03255	C0033774	1	0
DB03255	C0038363	1	4
DB03255	C0042345	1	4
DB03619	C0028754	1	2
DB03754	C0001122	1	3
DB03793	C0011633	1	4
DB03793	C0011644	1	3
DB03793	C0030807	1	4
DB03793	C0030848	1	3
DB03793	C0220994	1	4
DB03852	C0017574	1	3
DB03904	C0011603	1	2
DB03904	C0011616	1	0
DB03904	C0013595	1	3
DB03904	C0015230	1	3
DB03904	C0020757	1	1
DB03904	C0022593	1	2
DB03904	C0028840	1	2
DB03904	C0033860	1	1
DB03904	C0036508	1	0
DB03904	C0079584	1	0
DB03904	C0151740	1	0
DB03904	C0221260	1	3
DB03904	C0259817	1	2
DB03904	C0870082	1	1
DB04106	C0025202	1	0
DB04115	C0014356	1	0
DB04115	C0042345	1	0
DB04216	C0013144	1	4
DB04216	C0015672	1	1
DB04272	C0001126	1	2
DB04272	C0020517	1	4
DB04272	C0042035	1	4
DB04465	C0022951	1	2
DB04519	C0014356	1	0
DB04552	C0003862	1	1
DB04552	C0003873	1	4
DB04552	C0231528	1	2
DB04572	C0001418	1	0
DB04572	C0005684	1	1
DB04572	C0005695	1	1
DB04572	C0019829	1	1
DB04572	C0024299	1	3
DB04572	C0024305	1	2
DB04572	C0027022	1	4
DB04572	C1140680	1	4
DB04572	C1261473	1	4
DB04575	C0006142	1	1
DB04575	C0025322	1	3
DB04575	C0271578	1	3
DB04575	C0376358	1	4
DB04576	C0011991	1	3
DB04576	C0014335	1	1
DB04665	C0004096	1	3
DB04665	C0007570	1	0
DB04665	C0009324	1	0
DB04743	C0029408	1	2
DB04837	C0010200	1	3
DB04837	C0027424	1	3
DB04837	C0035455	1	3
DB04837	C2607914	1	2
DB04838	C0003850	1	4
DB04838	C0034734	1	1
DB04840	C0020544	1	0
DB04841	C0042571	1	3
DB04841	C1704436	1	1
DB04842	C0036341	1	3
DB04843	C0030920	1	4
DB04843	C0038358	1	4
DB04844	C0008489	1	2
DB04844	C0020179	1	0
DB04844	C0026650	1	0
DB04845	C0006142	1	4
DB04845	C0007134	1	3
DB04845	C0024305	1	1
DB04845	C0025202	1	3
DB04845	C0278996	1	4
DB04845	C0376358	1	4
DB04845	C0678222	1	3
DB04846	C0003811	1	0
DB04846	C0013720	1	3
DB04846	C0020538	1	0
DB04854	C0018099	1	2
DB04854	C0740394	1	4
DB04855	C0003811	1	2
DB04855	C0004238	1	4
DB04855	C0235480	1	4
DB04861	C0020538	1	2
DB04861	C0085580	1	0
DB04865	C0023467	1	2
DB04865	C0023473	1	1
DB04866	C0011644	1	0
DB04868	C0023418	1	0
DB04868	C0023472	1	0
DB04868	C0023473	1	0
DB04871	C0028754	1	4
DB04876	C0011849	1	1
DB04876	C0011860	1	4
DB04876	C0020456	1	1
DB04878	C0011849	1	2
DB04878	C0011860	1	3
DB04878	C0017205	1	3
DB04878	C0020456	1	4
DB04880	C0018802	1	4
DB04890	C0009763	1	3
DB04890	C0020517	1	0
DB04890	C0042109	1	0
DB04894	C0023890	1	3
DB04895	C0027686	1	1
DB04895	C0242383	1	2
DB04896	C0150055	1	1
DB04898	C0040053	1	0
DB04898	C0149871	1	2
DB04899	C0013405	1	2
DB04899	C0018802	1	0
DB04920	C0020538	1	1
DB04924	C0003123	1	2
DB04924	C0018834	1	1
DB04924	C0027497	1	0
DB04924	C0042963	1	1
DB04924	C0152020	1	2
DB04931	C0162568	1	2
DB04931	C0596263	1	0
DB04932	C0019156	1	3
DB04932	C0040053	1	3
DB04938	C0029456	1	1
DB04938	C1384606	1	4
DB04941	C0014356	1	0
DB04942	C0023418	1	1
DB04942	C0023487	1	4
DB04946	C0036341	1	0
DB04951	C1800706	1	4
DB04953	C0014544	1	1
DB04967	C0036323	1	0
DB05015	C0079774	1	2
DB05016	C0010674	1	3
DB05016	C0013264	1	1
DB05039	C0001883	1	0
DB05039	C0008677	1	2
DB05039	C0024117	1	2
DB05039	C0034067	1	1
DB05099	C0040053	1	3
DB05239	C0025202	1	4
DB05246	C0014544	1	1
DB05246	C0014553	1	1
DB05246	C0036572	1	4
DB05260	C0020437	1	0
DB05260	C0024305	1	2
DB05265	C0013238	1	4
DB05265	C0017168	1	3
DB05265	C0030920	1	4
DB05265	C0041582	1	2
DB05265	C0596263	1	2
DB05266	C0004096	1	4
DB05266	C0007820	1	1
DB05266	C0026769	1	4
DB05266	C0038454	1	1
DB05271	C0030567	1	2
DB05271	C0035258	1	4
DB05294	C0007131	1	1
DB05311	C0019243	1	2
DB05332	C0019080	1	1
DB05332	C0398650	1	0
DB05351	C0017168	1	3
DB05351	C0030920	1	1
DB05389	C0037299	1	4
DB05521	C0524910	1	3
DB05541	C0014544	1	0
DB05541	C0036572	1	4
DB05541	C0270736	1	4
DB05578	C0007131	1	2
DB05630	C0036323	1	1
DB05676	C0003864	1	4
DB05676	C0003872	1	2
DB05676	C0004096	1	3
DB05676	C0033860	1	4
DB05679	C0003872	1	1
DB05679	C0033860	1	4
DB05777	C0040053	1	3
DB05812	C0376358	1	4
DB05829	C0020626	1	2
DB05990	C0008312	1	4
DB06016	C0036341	1	4
DB06144	C0036341	1	2
DB06148	C1269683	1	3
DB06151	C0002726	1	2
DB06151	C0006267	1	0
DB06151	C0010674	1	4
DB06151	C0032285	1	0
DB06151	C0034067	1	4
DB06151	C0035222	1	3
DB06152	C0022876	1	2
DB06152	C0034734	1	2
DB06153	C0149931	1	1
DB06155	C0011860	1	0
DB06155	C0028754	1	3
DB06155	C0242339	1	4
DB06168	C0003868	1	1
DB06168	C0003873	1	0
DB06168	C0031069	1	2
DB06168	C0268390	1	4
DB06168	C0342731	1	1
DB06168	C1275126	1	3
DB06168	C1384600	1	2
DB06168	C2316212	1	3
DB06176	C0079773	1	1
DB06176	C0079774	1	1
DB06193	C0024305	1	4
DB06196	C0002994	1	1
DB06196	C0019243	1	0
DB06201	C0014544	1	3
DB06201	C0036572	1	1
DB06201	C0238111	1	1
DB06202	C0029456	1	3
DB06203	C0011849	1	4
DB06203	C0011860	1	1
DB06203	C0020456	1	2
DB06204	C0030193	1	2
DB06204	C0231528	1	1
DB06209	C0027051	1	1
DB06209	C0038454	1	0
DB06209	C0040053	1	0
DB06209	C0948089	1	4
DB06209	C1956346	1	1
DB06210	C0002871	1	1
DB06210	C0019080	1	0
DB06210	C0040034	1	2
DB06211	C0008325	1	2
DB06211	C0034186	1	2
DB06212	C0018802	1	0
DB06212	C0020625	1	1
DB06212	C0021141	1	1
DB06212	C0023890	1	4
DB06212	C0085413	1	2
DB06213	C0878544	1	0
DB06216	C0005586	1	4
DB06216	C0036341	1	4
DB06217	C0003811	1	0
DB06217	C0004238	1	0
DB06218	C0014544	1	3
DB06218	C0036572	1	0
DB06219	C0162627	1	4
DB06228	C0004238	1	3
DB06228	C0034065	1	4
DB06228	C0038454	1	1
DB06228	C0040053	1	1
DB06228	C0149871	1	1
DB06228	C1861172	1	1
DB06230	C0235063	1	2
DB06237	C0242350	1	4
DB06243	C0020555	1	2
DB06262	C0013384	1	1
DB06262	C0030567	1	3
DB06262	C0206245	1	4
DB06264	C0004153	1	0
DB06264	C0026769	1	0
DB06264	C0034734	1	2
DB06264	C0038013	1	4
DB06267	C0242350	1	1
DB06268	C0018802	1	4
DB06268	C0020542	1	2
DB06268	C2973725	1	1
DB06271	C0011881	1	3
DB06271	C0011882	1	2
DB06271	C0040053	1	2
DB06272	C0020502	1	1
DB06272	C0033860	1	2
DB06272	C0042842	1	2
DB06272	C0042870	1	1
DB06272	C0596263	1	4
DB06273	C0003873	1	2
DB06273	C0017531	1	4
DB06282	C0018621	1	4
DB06282	C0042109	1	3
DB06282	C2607914	1	2
DB06285	C0020626	1	3
DB06285	C0029456	1	4
DB06285	C0029458	1	1
DB06287	C0003873	1	4
DB06287	C0006142	1	1
DB06287	C0007134	1	1
DB06287	C0024299	1	3
DB06287	C0026764	1	4
DB06287	C0334634	1	2
DB06288	C0005586	1	3
DB06288	C0036341	1	0
DB06288	C0221765	1	4
DB06290	C0524910	1	1
DB06292	C0011849	1	1
DB06292	C0011860	1	0
DB06292	C0020456	1	1
DB06317	C0026764	1	3
DB06335	C0011849	1	0
DB06335	C0011860	1	4
DB06335	C0020456	1	3
DB06335	C0524620	1	4
DB06372	C2316212	1	1
DB06401	C0029456	1	2
DB06401	C0029458	1	0
DB06403	C2973725	1	1
DB06410	C0020502	1	4
DB06410	C0020503	1	0
DB06410	C1561643	1	0
DB06412	C0002871	1	1
DB06412	C0002874	1	2
DB06412	C0026987	1	3
DB06412	C0178416	1	2
DB06412	C1260899	1	2
DB06413	C0027404	1	0
DB06413	C0520679	1	0
DB06439	C0010674	1	2
DB06439	C0035220	1	1
DB06441	C0040053	1	3
DB06470	C0030567	1	1
DB06479	C0038454	1	2
DB06480	C0009806	1	2
DB06589	C0007134	1	4
DB06589	C1261473	1	4
DB06594	C1269683	1	0
DB06603	C0026764	1	1
DB06603	C0079773	1	1
DB06605	C0004238	1	0
DB06605	C0034065	1	0
DB06605	C0038454	1	0
DB06605	C0040053	1	4
DB06605	C0149871	1	0
DB06616	C0005699	1	0
DB06616	C0023472	1	2
DB06616	C0023473	1	3
DB06626	C0007134	1	3
DB06637	C0026769	1	3
DB06643	C0029456	1	4
DB06643	C0029458	1	0
DB06650	C0023434	1	0
DB06654	C0014544	1	2
DB06654	C0030567	1	2
DB06655	C0011849	1	0
DB06655	C0011860	1	3
DB06655	C0020456	1	4
DB06655	C0028754	1	2
DB06663	C0001206	1	4
DB06663	C0010481	1	2
DB06674	C0003872	1	0
DB06674	C0003873	1	2
DB06674	C0009324	1	1
DB06674	C0038013	1	2
DB06684	C1269683	1	1
DB06688	C0376358	1	1
DB06689	C0042345	1	2
DB06691	C0013390	1	1
DB06691	C0018621	1	3
DB06691	C0020517	1	3
DB06691	C0027424	1	4
DB06691	C0033774	1	3
DB06691	C0035457	1	4
DB06691	C0042109	1	4
DB06691	C0343065	1	3
DB06691	C2607914	1	3
DB06692	C0019080	1	0
DB06694	C0020517	1	1
DB06694	C0027424	1	3
DB06695	C0004238	1	3
DB06695	C0038454	1	4
DB06695	C0040053	1	0
DB06695	C1861172	1	0
DB06697	C0036323	1	3
DB06699	C0376358	1	4
DB06700	C1269683	1	3
DB06701	C1263846	1	2
DB06702	C0042023	1	0
DB06702	C0042024	1	2
DB06702	C0085606	1	0
DB06702	C0878773	1	1
DB06706	C0018681	1	1
DB06706	C0149931	1	0
DB06707	C0019080	1	4
DB06707	C0149745	1	3
DB06709	C0017601	1	0
DB06709	C0085129	1	2
DB06710	C0006142	1	0
DB06710	C0020619	1	4
DB06710	C0034012	1	3
DB06710	C0151721	1	4
DB06710	C0242350	1	3
DB06710	C0342527	1	3
DB06710	C1458155	1	3
DB06711	C0020452	1	1
DB06711	C0035455	1	2
DB06711	C0037199	1	3
DB06713	C0002453	1	1
DB06713	C0006142	1	4
DB06714	C0015967	1	4
DB06714	C0020517	1	3
DB06714	C0028754	1	1
DB06714	C2607914	1	1
DB06716	C0038220	1	4
DB06717	C0027497	1	4
DB06717	C0042963	1	3
DB06718	C0002871	1	0
DB06718	C0019243	1	1
DB06719	C0021359	1	2
DB06719	C0021361	1	3
DB06720	C0017205	1	1
DB06720	C1961835	1	2
DB06725	C0003864	1	1
DB06725	C0029408	1	1
DB06725	C0030193	1	4
DB06736	C0003873	1	4
DB06736	C0024031	1	3
DB06736	C0029408	1	3
DB06736	C0038013	1	3
DB06739	C0004096	1	0
DB06754	C0040053	1	3
DB06756	C0010692	1	4
DB06756	C0019880	1	3
DB06756	C0020473	1	1
DB06764	C0020452	1	3
DB06764	C0027424	1	2
DB06764	C0037199	1	1
DB06766	C0020517	1	2
DB06774	C0003864	1	0
DB06774	C0003873	1	3
DB06774	C0004604	1	1
DB06774	C0011882	1	4
DB06774	C0027796	1	1
DB06774	C0032768	1	4
DB06774	C0231528	1	1
DB06775	C0220994	1	1
DB06775	C0268543	1	4
DB06777	C0008350	1	2
DB06782	C0311375	1	3
DB06785	C0085083	1	1
DB06786	C0011615	1	3
DB06786	C0011616	1	2
DB06786	C0015230	1	0
DB06786	C0015456	1	1
DB06786	C0024138	1	2
DB06786	C0036508	1	4
DB06786	C0079773	1	2
DB06788	C0034013	1	0
DB06791	C0001206	1	2
DB06800	C0009806	1	2
DB06803	C0036323	1	1
DB06809	C0024305	1	0
DB06809	C0026764	1	4
DB06813	C0079774	1	2
DB06819	C0175683	1	4
DB06819	C0751753	1	3
DB06824	C0007134	1	0
DB06824	C0019202	1	3
DB06825	C0014175	1	1
DB06825	C0034013	1	0
DB07477	C0003873	1	0
DB07477	C0231528	1	4
DB07615	C0004096	1	4
DB07615	C0020517	1	1
DB07615	C0022548	1	0
DB07615	C2607914	1	0
DB08604	C0020473	1	3
DB08604	C0702166	1	0
DB08799	C0009763	1	3
DB08799	C0020517	1	3
DB08799	C0027424	1	2
DB08799	C0033774	1	2
DB08799	C0042109	1	2
DB08799	C0343065	1	1
DB08799	C0847614	1	2
DB08799	C2607914	1	2
DB08800	C0004096	1	3
DB08800	C0009763	1	2
DB08800	C0013604	1	1
DB08800	C2607914	1	0
DB08801	C0013182	1	1
DB08801	C0015230	1	3
DB08801	C0016470	1	4
DB08801	C0018621	1	4
DB08801	C0020517	1	0
DB08801	C0042109	1	0
DB08801	C1527304	1	2
DB08802	C1527304	1	0
DB08804	C0002893	1	3
DB08804	C0272375	1	1
DB08804	C0678222	1	1
DB08804	C0878787	1	4
DB08804	C1565489	1	4
DB08806	C0013295	1	4
DB08806	C0017152	1	3
DB08806	C0017168	1	1
DB08806	C0030920	1	0
DB08806	C0038358	1	0
DB08806	C0041582	1	1
DB08806	C0043515	1	3
DB08807	C0004238	1	2
DB08807	C0013604	1	2
DB08807	C0042514	1	3
DB08807	C1956346	1	1
DB08808	C0003811	1	1
DB08808	C0017601	1	3
DB08808	C0020538	1	3
DB08810	C0017168	1	4
DB08811	C0003467	1	3
DB08811	C0236663	1	0
DB08814	C0004238	1	1
DB08814	C0007785	1	4
DB08814	C0027051	1	0
DB08814	C0038454	1	3
DB08814	C0040053	1	1
DB08815	C0005587	1	4
DB08815	C0036341	1	2
DB08816	C0027051	1	2
DB08816	C0038454	1	4
DB08816	C0040053	1	3
DB08816	C0085096	1	2
DB08816	C0948089	1	0
DB08818	C0003864	1	0
DB08818	C0017601	1	3
DB08818	C0029408	1	2
DB08818	C0037299	1	3
DB08818	C0282488	1	2
DB08819	C0017601	1	0
DB08819	C0017612	1	4
DB08819	C0028840	1	2
DB08820	C0010674	1	3
DB08822	C0020538	1	1
DB08826	C0005283	1	3
DB08826	C0282193	1	0
DB08827	C0000744	1	1
DB08827	C0020443	1	4
DB08827	C0020473	1	2
DB08827	C0342881	1	2
DB08828	C0007117	1	1
DB08835	C0847614	1	3
DB08836	C0011881	1	4
DB08836	C0018802	1	0
DB08836	C1956346	1	1
DB08839	C0003467	1	1
DB08839	C0917801	1	2
DB08860	C0020443	1	1
DB08860	C0020473	1	4
DB08860	C0020474	1	4
DB08867	C0042133	1	0
DB08868	C0026769	1	2
DB08868	C0751967	1	0
DB08869	C0311277	1	0
DB08870	C0019829	1	2
DB08870	C0376545	1	0
DB08871	C0023827	1	3
DB08872	C0014544	1	1
DB08872	C0032768	1	0
DB08872	C0035258	1	3
DB08873	C0524910	1	1
DB08875	C0007134	1	4
DB08875	C0238462	1	2
DB08877	C0026987	1	2
DB08877	C0027022	1	0
DB08877	C0032463	1	1
DB08879	C0024141	1	0
DB08880	C0003872	1	1
DB08880	C0003873	1	1
DB08880	C0026769	1	4
DB08881	C0025202	1	0
DB08882	C0011849	1	3
DB08882	C0011860	1	4
DB08882	C0020456	1	2
DB08883	C0014544	1	0
DB08883	C0036572	1	0
DB08885	C0027686	1	4
DB08888	C0040053	1	1
DB08889	C0026764	1	4
DB08890	C0009806	1	4
DB08890	C0022104	1	4
DB08893	C0042024	1	3
DB08893	C0878773	1	1
DB08894	C0002871	1	0
DB08895	C0003873	1	4
DB08896	C0238198	1	2
DB08896	C1527249	1	1
DB08897	C0024117	1	1
DB08899	C0376358	1	0
DB08901	C0023473	1	4
DB08901	C1960397	1	1
DB08904	C0003872	1	1
DB08904	C0003873	1	1
DB08904	C0010346	1	1
DB08904	C0038013	1	0
DB08906	C0004096	1	4
DB08906	C0020517	1	1
DB08906	C0024117	1	1
DB08906	C2607914	1	1
DB08907	C0011849	1	4
DB08907	C0011860	1	4
DB08907	C0020456	1	3
DB08908	C0026769	1	3
DB08908	C0033860	1	2
DB08908	C0751967	1	0
DB08910	C0026764	1	3
DB08911	C0025202	1	4
DB08912	C0025202	1	3
DB08918	C1269683	1	1
DB08922	C0005586	1	4
DB08922	C0036341	1	0
DB08931	C0020542	1	1
DB08931	C2973725	1	1
DB08932	C1800706	1	0
DB08932	C2973725	1	3
DB08935	C0023434	1	3
DB08935	C0024299	1	0
DB08936	C0010200	1	2
DB08936	C0018621	1	2
DB08936	C0027424	1	4
DB08936	C0035457	1	4
DB08936	C2607914	1	3
DB08941	C0003850	1	3
DB08941	C0007820	1	4
DB08941	C0022876	1	1
DB08941	C0034734	1	3
DB08941	C0042373	1	0
DB08955	C0015967	1	4
DB08957	C0004096	1	0
DB08957	C0022876	1	1
DB08961	C0013604	1	1
DB08983	C0020443	1	1
DB08983	C0020473	1	1
DB08983	C0020557	1	0
DB08984	C0003862	1	2
DB08984	C0029408	1	3
DB08984	C0231528	1	1
DB08985	C0015967	1	2
DB08985	C0018681	1	3
DB08986	C0003467	1	3
DB08992	C0002736	1	3
DB08992	C0037763	1	3
DB08995	C0013604	1	4
DB08995	C0149871	1	3
DB09000	C0003467	1	3
DB09000	C0036341	1	0
DB09006	C0020443	1	0
DB09006	C0020473	1	3
DB09006	C0020557	1	4
DB09010	C1527249	1	2
DB09014	C0003469	1	1
DB09015	C0013604	1	1
DB09015	C0020428	1	1
DB09016	C0011581	1	3
DB09018	C0017168	1	2
DB09018	C0027497	1	3
DB09018	C0042963	1	0
DB09026	C0020538	1	2
DB09026	C0085580	1	3
DB09029	C0003873	1	4
DB09029	C0033860	1	3
DB09029	C0042164	1	2
DB09030	C0027051	1	3
DB09030	C0038454	1	0
DB09030	C0040053	1	3
DB09030	C1704436	1	1
DB09033	C0009324	1	2
DB09033	C0010346	1	3
DB09034	C0917801	1	2
DB09035	C0007131	1	2
DB09036	C0017531	1	0
DB09037	C0007131	1	0
DB09038	C0011849	1	2
DB09038	C0011860	1	0
DB09038	C0020456	1	4
DB09039	C0017205	1	3
DB09040	C0040261	1	1
DB09043	C0011860	1	0
DB09043	C0020456	1	3
DB09045	C0011860	1	0
DB09045	C0020456	1	2
DB09046	C0028754	1	3
DB09046	C0220989	1	0
DB09046	C0221032	1	1
DB09047	C0010674	1	2
DB09048	C0027497	1	0
DB09048	C0042963	1	0
DB09049	C0009806	1	2
DB09053	C0023434	1	0
DB09053	C0024419	1	1
DB09053	C0079731	1	1
DB09053	C0334634	1	0
DB09054	C0023434	1	2
DB09054	C0024301	1	4
DB09059	C0002962	1	1
DB09059	C0020473	1	0
DB09059	C0022876	1	3
DB09059	C0027051	1	3
DB09059	C0038454	1	3
DB09064	C0020443	1	3
DB09064	C0020473	1	4
DB09064	C0020476	1	1
DB09067	C0010481	1	4
DB09067	C0405580	1	2
DB09068	C1269683	1	1
DB09069	C0002962	1	2
DB09070	C0014175	1	2
DB09074	C1140680	1	2
DB09075	C0004238	1	1
DB09075	C0034065	1	2
DB09075	C0038454	1	2
DB09075	C0040038	1	4
DB09075	C0040053	1	2
DB09075	C0149871	1	3
DB09076	C0024117	1	4
DB09078	C0206682	1	4
DB09078	C0238463	1	2
DB09079	C0007131	1	0
DB09079	C1800706	1	2
DB09080	C0024117	1	2
DB09082	C0004096	1	1
DB09082	C0008677	1	2
DB09082	C0024117	1	0
DB09082	C0034067	1	4
DB09083	C0002962	1	2
DB09085	C0033774	1	2
DB09089	C0022104	1	4
DB09090	C0022104	1	1
DB09091	C0014356	1	2
DB09097	C0020514	1	0
DB09099	C0019080	1	3
DB09107	C0002871	1	1
DB09108	C0019080	1	1
DB09109	C0019069	1	3
DB09109	C0019080	1	1
DB09118	C0014544	1	3
DB09118	C0014550	1	2
DB09118	C0751122	1	1
DB09119	C0014544	1	1
DB09119	C0036572	1	0
DB09121	C0003872	1	3
DB09121	C0003873	1	4
DB09121	C0030807	1	0
DB09123	C0014175	1	3
DB09126	C0021359	1	4
DB09126	C0021361	1	0
DB09128	C0036341	1	4
DB09128	C1269683	1	0
DB09131	C0268070	1	1
DB09140	C0017086	1	1
DB09140	C0032285	1	3
DB09140	C0034069	1	4
DB09140	C0035229	1	0
DB09143	C0007117	1	3
DB09146	C0002871	1	2
DB09146	C0085681	1	2
DB09146	C0162316	1	3
DB09166	C0003467	1	1
DB09166	C0917801	1	1
DB09167	C1269683	1	0
DB09185	C0751362	1	1
DB09198	C0011860	1	0
DB09204	C0040822	1	4
DB09205	C0034734	1	3
DB09205	C0242350	1	2
DB09212	C0003873	1	4
DB09213	C0003873	1	0
DB09213	C0013390	1	2
DB09213	C0015967	1	2
DB09213	C0029408	1	2
DB09213	C0030193	1	0
DB09215	C0003873	1	3
DB09215	C0029408	1	1
DB09217	C0029408	1	3
DB09220	C0002962	1	1
DB09220	C0003811	1	4
DB09221	C0017168	1	1
DB09221	C0030920	1	2
DB09221	C0041582	1	1
DB09223	C0036341	1	4
DB09225	C0036341	1	4
DB09228	C0019243	1	3
DB09228	C0398775	1	2
DB09229	C0020538	1	1
DB09230	C0020538	1	2
DB09235	C0020538	1	2
DB09241	C0023869	1	0
DB09241	C0025637	1	0
DB09244	C0011581	1	0
DB09245	C0011581	1	1
DB09258	C0034065	1	4
DB09258	C0149871	1	2
DB09262	C0037763	1	2
DB09265	C0011860	1	0
DB09265	C0020456	1	3
DB09270	C0018802	1	2
DB09270	C0020179	1	0
DB09270	C0020473	1	4
DB09271	C0022104	1	1
DB09272	C0014356	1	0
DB09272	C0022104	1	3
DB09273	C0004096	1	1
DB09279	C0018802	1	1
DB09279	C0020538	1	0
DB09280	C0010674	1	2
DB09282	C1956346	1	3
DB09283	C1956346	1	3
DB09286	C0036341	1	0
DB09288	C0015967	1	0
DB09289	C0004096	1	0
DB09289	C0022104	1	3
DB09290	C0022104	1	0
DB09290	C0027497	1	4
DB09290	C0042963	1	3
DB09292	C0018802	1	1
DB09301	C0029408	1	3
DB09302	C0004153	1	0
DB09302	C0020443	1	0
DB09302	C0020473	1	1
DB09304	C0014544	1	0
DB09310	C0019080	1	1
DB09331	C0026764	1	0
DB09332	C0022354	1	1
DB09343	C0007102	1	4
DB09343	C1527249	1	4
DB09351	C0017601	1	0
DB09351	C0017612	1	2
DB09351	C0028840	1	3
DB09371	C0002453	1	2
DB09371	C0014173	1	2
DB09371	C0021361	1	4
DB09389	C0025323	1	1
DB09401	C0002962	1	3
DB09401	C0017168	1	2
DB09401	C0017601	1	4
DB09401	C0018802	1	1
DB09401	C1956346	1	3
DB09418	C0020550	1	3
DB09462	C0009806	1	4
DB09477	C0003873	1	3
DB09477	C0004775	1	4
DB09477	C0013604	1	2
DB09477	C0018802	1	3
DB09477	C0020538	1	4
DB09477	C0020540	1	3
DB09481	C0009806	1	1
DB09481	C0017168	1	0
DB09481	C0018834	1	4
DB09481	C0030920	1	1
DB09481	C0151723	1	2
DB09488	C0018621	1	2
DB09488	C0027424	1	3
DB09488	C0035457	1	0
DB09488	C0042109	1	1
DB09488	C2607914	1	3
DB09516	C0162834	1	3
DB09517	C0002871	1	3
DB09517	C0162316	1	1
DB09526	C0162834	1	2
DB09555	C0018621	1	4
DB09555	C0033774	1	1
DB09555	C0042109	1	2
DB09555	C0343065	1	1
DB09555	C2607914	1	0
DB09559	C0007131	1	4
DB09564	C0011849	1	2
DB09568	C0020557	1	1
DB11059	C0037299	1	2
DB11071	C0282488	1	1
DB11081	C0702166	1	2
DB11085	C0013595	1	3
DB11085	C0022593	1	2
DB11085	C0033860	1	0
DB11085	C0035854	1	3
DB11085	C0036508	1	3
DB11085	C0702166	1	3
DB11130	C0010346	1	2
DB11130	C0014356	1	0
DB11131	C0003864	1	0
DB11136	C0028754	1	1
DB11157	C0033860	1	0
DB11166	C0040053	1	4
DB11181	C0026961	1	2
DB11235	C0847614	1	0
DB11273	C0149931	1	0
DB11274	C0030567	1	0
DB11324	C0003873	1	1
DB11324	C0231528	1	1
DB11362	C2973725	1	2
DB11363	C0007131	1	4
DB11560	C0018099	1	1
DB11560	C0740394	1	3
DB11571	C0019080	1	1
DB11572	C0019080	1	3
DB11581	C0023434	1	3
DB11582	C0026838	1	2
DB11591	C0009763	1	4
DB11591	C0042109	1	3
DB11591	C2607914	1	1
DB11595	C0007138	1	4
DB11598	C0012739	1	2
DB11598	C0019156	1	1
DB11598	C0040053	1	3
DB11598	C0272375	1	1
DB11614	C0042109	1	0
DB11619	C0014175	1	2
DB11629	C0020443	1	2
DB11629	C0020473	1	3
DB11629	C0242339	1	2
DB11632	C0030567	1	3
DB11635	C0042875	1	3
DB11656	C0017152	1	0
DB11660	C0017601	1	4
DB11675	C0017168	1	1
DB11675	C0022104	1	1
DB11696	C0011991	1	4
DB11699	C0027497	1	1
DB11699	C0042963	1	0
DB11712	C0010674	1	4
DB11742	C0042109	1	3
DB11748	C0024031	1	1
DB11748	C0039841	1	3
DB11753	C0041296	1	2
DB11757	C0030567	1	3
DB11767	C0003873	1	2
DB11767	C0038013	1	2
DB11783	C0018802	1	1
DB11792	C0242350	1	3
DB11817	C0003873	1	3
DB11824	C0011849	1	1
DB11827	C0011849	1	3
DB11827	C0011860	1	1
DB11827	C0020456	1	4
DB11834	C0033860	1	3
DB11950	C0011849	1	1
DB11988	C0003873	1	2
DB11994	C0029408	1	1
DB11995	C0019080	1	3
DB11995	C0040034	1	2
DB12010	C0003873	1	0
DB12010	C0079731	1	4
DB12010	C0398650	1	2
DB12017	C0038454	1	3
DB12023	C0004096	1	0
DB12082	C0018802	1	2
DB12095	C0024586	1	0
DB12153	C0002395	1	3
DB12153	C0017601	1	1
DB12153	C0030567	1	0
DB12153	C0038454	1	3
DB12153	C1263846	1	1
DB12159	C0011603	1	2
DB12163	C0002962	1	3
DB12163	C0004153	1	2
DB12163	C0011849	1	3
DB12163	C0034734	1	4
DB12230	C0017601	1	0
DB12233	C0003873	1	0
DB12243	C0038454	1	2
DB12248	C0004096	1	0
DB12278	C0042024	1	4
DB12319	C0018099	1	4
DB12364	C0040053	1	3
DB12364	C0149871	1	4
DB12401	C0036341	1	2
DB12417	C0011849	1	2
DB12478	C0012833	1	4
DB12478	C0030567	1	3
DB12483	C0024301	1	0
DB12523	C0042109	1	1
DB12545	C0040053	1	0
DB12554	C0022104	1	3
DB12598	C0019080	1	4
DB12783	C0013384	1	2
DB12783	C0030567	1	2
DB12831	C0030305	1	0
DB12833	C0013415	1	3
DB12836	C0029408	1	1
DB12863	C0242488	1	4
DB12865	C0020503	1	4
DB12867	C0036341	1	0
DB12947	C1527249	1	4
DB13036	C0004096	1	0
DB13036	C1956346	1	4
DB13152	C0008533	1	1
DB13152	C0015503	1	1
DB13152	C0015530	1	0
DB13152	C0019069	1	1
DB13152	C0019080	1	2
DB13165	C0017601	1	4
DB13165	C0028840	1	3
DB13167	C0003873	1	3
DB13169	C0002871	1	1
DB13179	C0004096	1	1
DB13179	C0032285	1	2
DB13179	C0037199	1	4
DB13179	C0155862	1	1
DB13217	C0003862	1	0
DB13217	C0231528	1	1
DB13345	C0149931	1	4
DB13500	C0022104	1	2
DB13689	C0033860	1	2
DB13689	C0424489	1	3
DB13783	C0029408	1	0
DB13873	C0020443	1	3
DB13873	C0020473	1	4
DB13873	C0242339	1	1
DB13919	C0018802	1	3
DB13928	C0011860	1	0
DB13928	C0020456	1	0
DB13933	C0019080	1	1
DB13943	C0029191	1	3
DB13943	C0151721	1	3
DB13943	C0271623	1	3
DB13943	C0342384	1	3
DB13943	C0948896	1	4
DB13954	C0020619	1	1
DB13996	C0024473	1	0
DB13999	C0019080	1	2
DB14006	C0003873	1	3
DB14006	C0029408	1	1
DB14061	C0036323	1	2
L-Arginine	C0018802	1	2
L-Arginine	C0021359	1	1
L-Arginine	C0242350	1	3
L-Arginine	C1956346	1	4
L-Citrulline	C0242350	1	2
SN-38	C1527249	1	1
aceclidine	C0017601	1	1
acefylline	C0004096	1	0
adiphenine	C0037763	1	1
adrenalone	C0019080	1	1
aminopentamide	C0027497	1	4
ammonium-lactate	C0079584	1	4
amtolmetin-guacil	C0003873	1	4
amtolmetin-guacil	C0029408	1	2
arsenic-trioxide	C0011991	1	0
azelaic-acid	C0035854	1	0
bendazac	C0003862	1	3
bendazac	C0231528	1	0
benztropine-mesylate	C0030567	1	4
bifemelane	C0017601	1	4
bucladesine	C0037299	1	4
budipine	C0030567	1	0
buflomedil	C1704436	1	2
butorphanol-(+)-tartrate	C0000737	1	1
butorphanol-(+)-tartrate	C0018681	1	4
butorphanol-(+)-tartrate	C0231528	1	4
camostat-mesilate	C0030305	1	2
caramiphen	C0030567	1	0
carazolol	C0002962	1	0
carazolol	C0027051	1	3
chlormadinone-acetate	C0002453	1	1
chlormadinone-acetate	C0028949	1	0
chlorogenic-acid	C0018681	1	3
clebopride	C0027497	1	4
clobetasone-butyrate	C0011603	1	3
clobetasone-butyrate	C0013595	1	0
clobetasone-butyrate	C0033860	1	3
clorprenaline	C0004096	1	4
cortisone	C0003873	1	0
cortisone	C0009324	1	1
cortisone	C0013595	1	3
cortisone	C0033860	1	4
cycloserine-(d)	C0041296	1	4
cyclosporin-a	C0003873	1	4
cyclosporin-a	C0033860	1	0
dabigatran	C0034065	1	2
dabigatran	C0038454	1	3
dabigatran	C0149871	1	3
dabigatran-etexilate	C0034065	1	4
dabigatran-etexilate	C0038454	1	4
dabigatran-etexilate	C0149871	1	4
deracoxib	C0029408	1	1
desmopressin-acetate	C0687720	1	0
desoxycorticosterone-pivalate	C0001403	1	2
dexamethasone-sodium-phosphate	C0002871	1	2
dexamethasone-sodium-phosphate	C0003872	1	0
dexamethasone-sodium-phosphate	C0003873	1	2
dexamethasone-sodium-phosphate	C0009324	1	4
dexamethasone-sodium-phosphate	C0014335	1	4
dexamethasone-sodium-phosphate	C0020437	1	0
dexamethasone-sodium-phosphate	C0026769	1	4
dexamethasone-sodium-phosphate	C0027726	1	3
dexamethasone-sodium-phosphate	C0029408	1	1
dexamethasone-sodium-phosphate	C0033860	1	0
diphemanil	C0037763	1	2
epalrestat	C0011881	1	4
ephedrine-(racemic)	C0004096	1	1
ephedrine-(racemic)	C0020649	1	1
ephedrine-(racemic)	C0027404	1	2
ephedrine-(racemic)	C0028754	1	1
estropipate	C0029456	1	2
ethanolamine-oleate	C0014867	1	3
etofylline	C0004096	1	0
falecalcitriol	C0020502	1	2
fenigam	C0003467	1	2
flopropione	C0037763	1	0
fludarabine-phosphate	C0023434	1	0
fludrocortisone-acetate	C0001403	1	3
fludrocortisone-acetate	C0302280	1	3
fluocinolone-acetonide	C0036508	1	1
fluphenazine-decanoate	C0036341	1	2
flurbiprofen-(S)-(+)	C0003873	1	0
flurbiprofen-(S)-(+)	C0029408	1	3
ftorafur	C1527249	1	2
gentamycin	C0025289	1	4
gentamycin	C0032285	1	1
haloperidol-decanoate	C0036341	1	4
hyaluronic-acid	C0029408	1	4
hyaluronic-acid	C0282488	1	0
hydrocortisone-butyrate	C0013595	1	1
hydrocortisone-phosphate	C0004096	1	2
hydrocortisone-phosphate	C0009319	1	0
hydrocortisone-phosphate	C0011616	1	3
hydrocortisone-phosphate	C0014335	1	4
hydrocortisone-phosphate	C0026764	1	2
hydrocortisone-phosphate	C0027497	1	4
hydrocortisone-phosphate	C0042963	1	0
ibuprofen-lysine	C0013274	1	4
icatibant-acetate	C0002994	1	4
ipragliflozin-l-proline	C0011849	1	0
levocarnitine-propionate	C0031117	1	3
levocarnitine-propionate	C1142132	1	0
maropitant	C0042963	1	1
megestrol-acetate	C0003123	1	0
megestrol-acetate	C0006625	1	3
meldonium	C1956346	1	2
melevodopa	C0030567	1	0
methylene-blue	C0025637	1	2
methylprednisolone-aceponate	C0001627	1	1
methylprednisolone-aceponate	C0002871	1	3
methylprednisolone-aceponate	C0003873	1	3
methylprednisolone-aceponate	C0004096	1	1
methylprednisolone-aceponate	C0009324	1	3
methylprednisolone-aceponate	C0014335	1	2
methylprednisolone-aceponate	C0020437	1	4
methylprednisolone-aceponate	C0026769	1	4
methylprednisolone-aceponate	C0029408	1	0
methylprednisolone-aceponate	C0033860	1	2
methylprednisolone-aceponate	C0040147	1	4
minodronic-acid	C0029456	1	1
mofezolac	C0003873	1	1
mofezolac	C0029456	1	4
mozavaptan	C0020625	1	0
nemonapride	C0036341	1	3
neridronic-acid	C0029434	1	1
olprinone	C0018802	1	1
omeprazole-magnesium	C0017168	1	0
omeprazole-magnesium	C0018834	1	2
penfluridol	C0036341	1	1
phosphatidylcholine	C0013595	1	4
picotamide	C0040053	1	0
pimobendan	C0018802	1	2
pipenzolate	C0037763	1	3
piperidolate	C0037763	1	0
pralidoxime-chloride	C0235063	1	0
prednisolone-acetate	C0009763	1	3
prednisolone-acetate	C0035854	1	0
prednisolone-sodium-phosphate	C0001627	1	0
prednisolone-sodium-phosphate	C0003872	1	4
prednisolone-sodium-phosphate	C0003873	1	1
prednisolone-sodium-phosphate	C0004096	1	0
prednisolone-sodium-phosphate	C0009324	1	0
prednisolone-sodium-phosphate	C0011616	1	3
prednisolone-sodium-phosphate	C0014335	1	3
prednisolone-sodium-phosphate	C0020437	1	3
prednisolone-sodium-phosphate	C0025289	1	1
prednisolone-sodium-phosphate	C0026769	1	1
prednisolone-sodium-phosphate	C0032285	1	2
prednisolone-sodium-phosphate	C0040147	1	1
psoralen	C0013595	1	2
psoralen	C0033860	1	2
psoralen	C0042900	1	0
quinaprilat	C0002994	1	2
r(-)-apomorphine	C0030567	1	1
revaprazan	C0017152	1	2
silibinin	C0023890	1	0
sodium-monofluorophosphate	C0011334	1	2
sodium-oxybate	C0027404	1	3
sodium-salicylate	C0015967	1	3
sodium-tetradecyl-sulfate	C0042345	1	0
spiperone	C0036341	1	0
strontium-ranelate	C0029408	1	1
strontium-ranelate	C0029456	1	4
taltirelin	C0087012	1	3
tannic-acid	C0009806	1	0
tebipenem	C0032285	1	1
telotristat-ethyl	C0011991	1	3
tepoxalin	C0003873	1	3
tepoxalin	C1328407	1	4
testosterone-enanthate	C0020619	1	3
testosterone-undecanoate	C0020619	1	0
thiostrepton	C0024894	1	3
thiram	C0011616	1	2
trelagliptin	C0011849	1	1
trepibutone	C0022104	1	3
ufenamate	C0011603	1	3
ufenamate	C0013595	1	1
vinburnine	C0038454	1	1
xipamide	C0013604	1	0
zotarolimus	C0948480	1	1
5-hydroxytryptophan	C0036690	0	1
5-hydroxytryptophan	C0041948	0	2
5-hydroxytryptophan	C0087012	0	0
ACT-132577	C0011875	0	2
ACT-132577	C0015469	0	3
DB00001	C0398623	0	0
DB00002	C0020179	0	1
DB00002	C0020479	0	3
DB00002	C0022104	0	0
DB00002	C0026896	0	4
DB00002	C0027498	0	4
DB00004	C0014742	0	0
DB00004	C0023827	0	1
DB00004	C0036572	0	0
DB00004	C0085417	0	4
DB00005	C0162565	0	1
DB00005	C0270851	0	2
DB00005	C1134719	0	4
DB00005	C1961099	0	3
DB00006	C0021364	0	4
DB00006	C0023212	0	0
DB00006	C0085631	0	1
DB00006	C1134719	0	0
DB00006	C1961099	0	1
DB00007	C0006287	0	2
DB00007	C0026896	0	0
DB00007	C0027796	0	4
DB00008	C0029442	0	4
DB00008	C0029458	0	0
DB00008	C0392784	0	1
DB00008	C0751122	0	1
DB00009	C0023449	0	0
DB00009	C0268543	0	4
DB00009	C0948480	0	0
DB00010	C0001430	0	2
DB00010	C0392784	0	3
DB00010	C2937421	0	1
DB00012	C0011848	0	0
DB00012	C0033774	0	4
DB00013	C0002888	0	0
DB00013	C0013421	0	1
DB00013	C0021364	0	4
DB00013	C0022665	0	3
DB00013	C0027627	0	0
DB00013	C0151744	0	2
DB00013	C0206682	0	4
DB00013	C2316212	0	0
DB00014	C0005694	0	2
DB00014	C0011882	0	4
DB00014	C0020445	0	4
DB00014	C0028949	0	2
DB00014	C0032019	0	2
DB00014	C0042109	0	0
DB00014	C0042842	0	0
DB00014	C0042847	0	1
DB00014	C0343065	0	3
DB00015	C0028738	0	2
DB00015	C0037199	0	1
DB00016	C0010072	0	1
DB00016	C0012739	0	0
DB00016	C0018203	0	0
DB00016	C0018798	0	3
DB00016	C0029408	0	1
DB00016	C0151526	0	4
DB00016	C0917801	0	3
DB00017	C0003862	0	3
DB00017	C0014335	0	2
DB00017	C0025500	0	3
DB00017	C0034885	0	0
DB00017	C0150055	0	4
DB00017	C0343755	0	1
DB00017	C0687150	0	1
DB00020	C0007138	0	0
DB00020	C0020626	0	2
DB00020	C0042909	0	4
DB00022	C0015456	0	2
DB00022	C0015624	0	4
DB00022	C0023052	0	2
DB00024	C0003469	0	4
DB00024	C0031511	0	1
DB00024	C0162429	0	3
DB00024	C0268070	0	0
DB00026	C0005967	0	4
DB00026	C0013390	0	2
DB00026	C0014175	0	3
DB00026	C0022596	0	0
DB00026	C0032019	0	4
DB00026	C0033581	0	0
DB00028	C0011603	0	0
DB00028	C0011854	0	4
DB00028	C0030305	0	0
DB00029	C0014121	0	4
DB00029	C0031485	0	1
DB00029	C0034150	0	4
DB00029	C0270851	0	1
DB00030	C0002726	0	1
DB00030	C0011581	0	1
DB00030	C0025289	0	2
DB00030	C0026987	0	0
DB00030	C0029408	0	1
DB00030	C0079731	0	3
DB00030	C0405580	0	3
DB00031	C0006118	0	4
DB00031	C0007786	0	1
DB00031	C0948216	0	2
DB00032	C0001627	0	4
DB00032	C0023890	0	2
DB00032	C0085083	0	4
DB00032	C2930898	0	1
DB00033	C0006413	0	2
DB00033	C0017638	0	1
DB00033	C0027662	0	2
DB00033	C0206682	0	4
DB00033	C1134719	0	3
DB00034	C0027708	0	4
DB00034	C1704417	0	0
DB00035	C0272375	0	3
DB00035	C0282528	0	4
DB00036	C0002453	0	0
DB00036	C0018798	0	3
DB00036	C0023212	0	0
DB00036	C0027497	0	1
DB00036	C0029191	0	3
DB00036	C0029927	0	2
DB00036	C0032897	0	1
DB00038	C0007789	0	2
DB00038	C0012739	0	0
DB00038	C0018681	0	1
DB00038	C0020179	0	0
DB00038	C0024419	0	3
DB00038	C0085413	0	1
DB00038	C0242698	0	2
DB00039	C0006287	0	2
DB00039	C0271568	0	2
DB00039	C0677607	0	0
DB00039	C0730345	0	4
DB00040	C0040822	0	2
DB00040	C0221023	0	4
DB00040	C0302280	0	4
DB00041	C0003578	0	0
DB00041	C0023487	0	2
DB00041	C0023892	0	4
DB00041	C0235480	0	3
DB00041	C0270846	0	4
DB00041	C0342543	0	4
DB00041	C0401151	0	4
DB00041	C1849508	0	4
DB00042	C0042345	0	2
DB00042	C0878773	0	2
DB00043	C0011991	0	3
DB00043	C0020635	0	2
DB00043	C0023892	0	0
DB00043	C0036572	0	1
DB00044	C0034012	0	1
DB00044	C0178416	0	2
DB00046	C0002871	0	4
DB00046	C0024899	0	1
DB00046	C0030446	0	3
DB00046	C0035229	0	4
DB00046	C0038358	0	1
DB00046	C0042510	0	2
DB00046	C0559106	0	0
DB00048	C0003864	0	0
DB00048	C0018213	0	0
DB00048	C0042029	0	3
DB00051	C0007820	0	4
DB00051	C0019080	0	4
DB00051	C0037286	0	1
DB00051	C0596263	0	1
DB00051	C0746102	0	3
DB00052	C0016470	0	3
DB00052	C0023470	0	3
DB00052	C0428974	0	1
DB00052	C0456909	0	3
DB00054	C0003123	0	2
DB00054	C0023465	0	1
DB00054	C0035412	0	1
DB00054	C0079744	0	4
DB00054	C0392784	0	2
DB00055	C0038013	0	4
DB00055	C0038525	0	4
DB00056	C0011854	0	1
DB00056	C0037199	0	0
DB00060	C0042024	0	0
DB00060	C0042880	0	4
DB00060	C0836924	0	1
DB00063	C0016057	0	1
DB00063	C0020428	0	2
DB00065	C0003128	0	3
DB00065	C0017605	0	0
DB00065	C0032987	0	0
DB00066	C0040136	0	2
DB00066	C0041408	0	1
DB00066	C0085129	0	3
DB00066	C0206693	0	4
DB00066	C0268579	0	3
DB00067	C0001627	0	0
DB00067	C0038013	0	0
DB00067	C0042138	0	0
DB00067	C0079744	0	4
DB00068	C0020615	0	1
DB00069	C0023892	0	2
DB00069	C0026705	0	4
DB00069	C0206686	0	3
DB00070	C0014743	0	3
DB00070	C0027627	0	4
DB00070	C0085682	0	1
DB00071	C0042384	0	2
DB00071	C1458155	0	3
DB00072	C0012833	0	0
DB00072	C0028949	0	0
DB00072	C0031485	0	4
DB00072	C0162836	0	1
DB00072	C0206686	0	3
DB00073	C0009806	0	4
DB00073	C0023479	0	2
DB00073	C0026769	0	4
DB00073	C0948008	0	0
DB00075	C0032227	0	4
DB00075	C0242350	0	3
DB00075	C0473527	0	4
DB00078	C0038454	0	3
DB00078	C0042029	0	4
DB00078	C0042487	0	0
DB00078	C0043202	0	3
DB00078	C0270851	0	2
DB00078	C0751865	0	3
DB00078	C1168401	0	4
DB00078	C1561643	0	1
DB00081	C0017563	0	1
DB00081	C0027662	0	3
DB00081	C0149821	0	4
DB00081	C1260899	0	0
DB00082	C0014534	0	0
DB00082	C0029408	0	3
DB00082	C0031190	0	2
DB00083	C0037769	0	2
DB00086	C0311375	0	1
DB00086	C0546817	0	4
DB00087	C0020428	0	2
DB00087	C0022596	0	1
DB00087	C0038356	0	4
DB00087	C0043352	0	3
DB00091	C0039103	0	4
DB00091	C0151740	0	4
DB00091	C0278996	0	3
DB00091	C0346421	0	2
DB00091	C0751435	0	4
DB00091	C1527249	0	4
DB00092	C0010072	0	1
DB00092	C0231528	0	0
DB00092	C1394891	0	3
DB00093	C0036690	0	3
DB00093	C0268490	0	2
DB00094	C0004153	0	1
DB00094	C0005697	0	0
DB00094	C0022593	0	3
DB00094	C2931618	0	0
DB00095	C0014356	0	1
DB00095	C0029458	0	4
DB00095	C0032463	0	1
DB00097	C0040053	0	3
DB00097	C0151740	0	4
DB00097	C0456909	0	0
DB00097	C1956346	0	3
DB00099	C0013338	0	3
DB00099	C0014877	0	1
DB00099	C0020676	0	0
DB00099	C0020757	0	1
DB00099	C0027726	0	3
DB00099	C0028949	0	3
DB00099	C0031511	0	3
DB00099	C0036202	0	3
DB00100	C0012739	0	0
DB00100	C0024117	0	3
DB00102	C0022876	0	2
DB00102	C0030848	0	1
DB00102	C0276226	0	1
DB00104	C0730345	0	1
DB00105	C0010054	0	4
DB00106	C0009806	0	1
DB00106	C0011849	0	1
DB00106	C0013274	0	2
DB00106	C2973725	0	4
DB00107	C0014549	0	1
DB00107	C0020473	0	4
DB00107	C0043515	0	2
DB00107	C0876973	0	3
DB00107	C0919267	0	2
DB00107	C1269683	0	4
DB00108	C0021390	0	0
DB00108	C0242350	0	2
DB00110	C0031511	0	4
DB00110	C0036830	0	0
DB00112	C0008533	0	3
DB00112	C0015530	0	3
DB00112	C0020626	0	2
DB00112	C1527304	0	3
DB00114	C0001957	0	0
DB00114	C0032285	0	0
DB00114	C0149925	0	2
DB00114	C0687150	0	2
DB00115	C0019243	0	4
DB00115	C0151942	0	2
DB00117	C0220994	0	1
DB00118	C0006287	0	4
DB00118	C0022951	0	4
DB00118	C0035579	0	2
DB00118	C0038356	0	2
DB00119	C0000744	0	3
DB00119	C0037763	0	3
DB00119	C1540912	0	3
DB00120	C0017612	0	0
DB00120	C0023479	0	1
DB00120	C0027819	0	2
DB00120	C0149925	0	1
DB00120	C0342527	0	3
DB00120	C0476089	0	3
DB00120	C0751865	0	3
DB00120	C1800706	0	3
DB00120	C1961099	0	4
DB00121	C0036323	0	2
DB00122	C0023472	0	4
DB00122	C0037199	0	4
DB00123	C0018794	0	1
DB00123	C0236663	0	3
DB00123	C0917798	0	1
DB00125	C1837475	0	2
DB00126	C0007820	0	2
DB00126	C0014544	0	3
DB00126	C0024473	0	0
DB00126	C0035457	0	4
DB00127	C0002395	0	3
DB00127	C0027662	0	2
DB00127	C0042875	0	0
DB00127	C0151942	0	1
DB00127	C1394891	0	4
DB00128	C0021655	0	0
DB00128	C0022116	0	1
DB00128	C0028326	0	2
DB00128	C2931618	0	2
DB00129	C0005138	0	4
DB00129	C0014038	0	3
DB00129	C0021655	0	4
DB00129	C1561643	0	0
DB00130	C0002871	0	2
DB00130	C0010417	0	0
DB00130	C0015397	0	2
DB00131	C0005587	0	0
DB00131	C0019243	0	1
DB00131	C0030590	0	2
DB00131	C0042024	0	2
DB00131	C0162627	0	2
DB00132	C0008325	0	3
DB00132	C0035220	0	2
DB00133	C0002792	0	4
DB00133	C0013390	0	3
DB00136	C0013604	0	3
DB00136	C0020179	0	4
DB00136	C0039621	0	4
DB00136	C0085083	0	3
DB00136	C0206245	0	3
DB00136	C0233315	0	1
DB00138	C0020550	0	4
DB00138	C0151723	0	2
DB00139	C0020545	0	4
DB00139	C0020555	0	0
DB00139	C0020635	0	0
DB00139	C0040517	0	2
DB00139	C1168401	0	2
DB00141	C0014733	0	2
DB00141	C0020445	0	1
DB00141	C1861172	0	0
DB00142	C0032987	0	2
DB00142	C1263846	0	1
DB00143	C0029408	0	2
DB00143	C0034069	0	2
DB00143	C0730345	0	4
DB00145	C0008325	0	3
DB00145	C0036690	0	4
DB00145	C0282193	0	2
DB00145	C0311375	0	1
DB00146	C0010200	0	3
DB00146	C0014549	0	2
DB00146	C0017574	0	2
DB00146	C0018794	0	4
DB00146	C0268543	0	2
DB00147	C0006625	0	0
DB00147	C0151714	0	3
DB00148	C0017574	0	4
DB00148	C0034012	0	0
DB00150	C0002453	0	0
DB00150	C0020598	0	2
DB00150	C0021359	0	4
DB00150	C0039483	0	3
DB00150	C0085215	0	0
DB00150	C0877792	0	1
DB00151	C0000737	0	3
DB00151	C0020479	0	1
DB00151	C0023465	0	4
DB00151	C0042875	0	4
DB00151	C0342788	0	1
DB00152	C0005138	0	3
DB00152	C0034069	0	4
DB00153	C0014733	0	1
DB00153	C0031485	0	2
DB00153	C0162568	0	2
DB00153	C1800706	0	4
DB00154	C0020476	0	0
DB00154	C0042870	0	2
DB00154	C1561643	0	2
DB00155	C0014836	0	1
DB00155	C0032000	0	2
DB00155	C0270458	0	4
DB00155	C0281361	0	4
DB00157	C0010417	0	2
DB00157	C0013720	0	0
DB00157	C0023418	0	1
DB00157	C0042880	0	0
DB00158	C0002792	0	3
DB00158	C0011848	0	3
DB00158	C0014556	0	2
DB00158	C0033581	0	3
DB00158	C0038220	0	2
DB00158	C0162836	0	3
DB00158	C0282193	0	1
DB00158	C1561643	0	3
DB00159	C0001126	0	1
DB00159	C0003864	0	2
DB00159	C0020625	0	1
DB00159	C0746102	0	4
DB00161	C0002418	0	3
DB00161	C0023481	0	0
DB00161	C0024117	0	3
DB00161	C0220994	0	4
DB00161	C0235974	0	1
DB00161	C0342543	0	0
DB00161	C0409818	0	0
DB00162	C0149704	0	4
DB00162	C0151940	0	3
DB00165	C0019054	0	1
DB00165	C0024523	0	1
DB00165	C0032897	0	1
DB00165	C0035579	0	3
DB00165	C0080274	0	4
DB00165	C0206245	0	0
DB00167	C0026838	0	2
DB00167	C0028768	0	3
DB00167	C0149704	0	0
DB00169	C0014583	0	4
DB00169	C0014836	0	3
DB00169	C0268583	0	2
DB00169	C0282193	0	1
DB00169	C1142132	0	3
DB00170	C0032914	0	4
DB00173	C0009375	0	0
DB00173	C0040053	0	4
DB00173	C0041408	0	4
DB00173	C0398775	0	4
DB00173	C3463824	0	1
DB00174	C0007117	0	1
DB00174	C0008325	0	0
DB00174	C0020428	0	3
DB00174	C0042373	0	3
DB00174	C0595948	0	1
DB00175	C0020640	0	3
DB00175	C0021775	0	4
DB00176	C0027051	0	4
DB00176	C0031069	0	1
DB00177	C0020452	0	3
DB00177	C0021670	0	0
DB00178	C0010691	0	4
DB00178	C0024121	0	3
DB00179	C0020676	0	4
DB00179	C0027796	0	4
DB00179	C0270736	0	3
DB00179	C0349464	0	3
DB00180	C0038454	0	0
DB00180	C0235063	0	0
DB00180	C0346421	0	0
DB00181	C0004096	0	3
DB00181	C0022595	0	3
DB00181	C1394891	0	4
DB00182	C0002893	0	4
DB00182	C0041296	0	0
DB00185	C0009806	0	1
DB00185	C1849508	0	2
DB00186	C0026838	0	1
DB00186	C0151636	0	2
DB00186	C0424489	0	2
DB00187	C0030567	0	3
DB00187	C0595948	0	1
DB00187	C0702166	0	3
DB00188	C0002871	0	0
DB00188	C0018203	0	4
DB00188	C0021141	0	4
DB00188	C0271650	0	1
DB00189	C0021364	0	0
DB00189	C0033117	0	1
DB00189	C0154143	0	3
DB00189	C0220989	0	1
DB00189	C0342788	0	1
DB00189	C0856727	0	0
DB00190	C0013595	0	4
DB00190	C0020502	0	3
DB00190	C0040053	0	3
DB00190	C0278996	0	2
DB00191	C0003873	0	3
DB00191	C0028949	0	1
DB00191	C0268390	0	0
DB00191	C1540912	0	0
DB00193	C0009319	0	2
DB00193	C0018418	0	4
DB00193	C0042847	0	4
DB00193	C0151942	0	4
DB00193	C0278996	0	2
DB00195	C0006267	0	3
DB00195	C0023052	0	3
DB00195	C0220989	0	3
DB00195	C0238198	0	2
DB00195	C0392784	0	2
DB00195	C0473527	0	1
DB00196	C0025637	0	0
DB00196	C0032019	0	0
DB00196	C0035457	0	1
DB00199	C1263846	0	1
DB00199	C2937421	0	2
DB00200	C0010346	0	3
DB00200	C0026848	0	4
DB00201	C0342907	0	4
DB00201	C1140680	0	3
DB00203	C0008149	0	2
DB00203	C0011854	0	0
DB00203	C0020428	0	0
DB00203	C0034734	0	0
DB00203	C0085612	0	1
DB00204	C0014742	0	0
DB00204	C0032987	0	0
DB00204	C0241961	0	0
DB00204	C0887833	0	1
DB00206	C0010072	0	1
DB00206	C0023440	0	3
DB00206	C0042373	0	2
DB00206	C0151526	0	4
DB00207	C0003123	0	2
DB00207	C0006413	0	4
DB00207	C0017160	0	2
DB00207	C0020557	0	2
DB00207	C0022951	0	2
DB00207	C0042514	0	0
DB00208	C0004239	0	1
DB00209	C0014335	0	1
DB00209	C0027627	0	3
DB00209	C0042842	0	0
DB00209	C0042847	0	2
DB00209	C0596263	0	3
DB00210	C0001627	0	4
DB00210	C0007134	0	3
DB00210	C0035335	0	4
DB00210	C1527311	0	3
DB00211	C0029134	0	2
DB00212	C0004245	0	2
DB00212	C0042384	0	3
DB00212	C0151740	0	1
DB00212	C0238198	0	3
DB00212	C0268070	0	3
DB00213	C0037763	0	2
DB00214	C0013144	0	1
DB00214	C0026961	0	2
DB00214	C0079744	0	1
DB00215	C0019829	0	1
DB00216	C0020517	0	4
DB00218	C0020514	0	3
DB00218	C0027121	0	3
DB00218	C0037036	0	1
DB00218	C0268596	0	0
DB00218	C0745103	0	4
DB00221	C0026705	0	1
DB00221	C3544321	0	0
DB00222	C0003492	0	1
DB00222	C0027661	0	4
DB00222	C0030319	0	4
DB00223	C0039103	0	1
DB00226	C0010054	0	2
DB00226	C0013404	0	2
DB00226	C0026838	0	1
DB00226	C0302280	0	4
DB00226	C2973725	0	4
DB00228	C0005779	0	4
DB00228	C0030569	0	1
DB00228	C0041408	0	3
DB00228	C0162566	0	4
DB00230	C0043515	0	1
DB00230	C0162566	0	1
DB00231	C0040038	0	3
DB00231	C0085631	0	0
DB00232	C0005741	0	3
DB00232	C0014121	0	4
DB00232	C0220989	0	4
DB00233	C0020550	0	2
DB00233	C0024419	0	1
DB00234	C0003811	0	1
DB00234	C0018924	0	4
DB00234	C0020507	0	3
DB00234	C0026769	0	3
DB00234	C0030569	0	1
DB00235	C0015530	0	1
DB00235	C0409959	0	2
DB00237	C0005741	0	1
DB00237	C0034012	0	4
DB00237	C0035335	0	1
DB00237	C0043352	0	1
DB00240	C0037299	0	3
DB00240	C0281361	0	1
DB00241	C0234533	0	2
DB00241	C2930898	0	0
DB00242	C0020456	0	4
DB00243	C0005741	0	1
DB00243	C0007102	0	3
DB00243	C0015371	0	2
DB00243	C0018203	0	2
DB00243	C0019151	0	1
DB00243	C0025289	0	3
DB00243	C0087012	0	3
DB00243	C0398623	0	3
DB00243	C2718128	0	0
DB00244	C0017181	0	3
DB00246	C0011860	0	0
DB00246	C0021364	0	0
DB00246	C0024141	0	4
DB00246	C0025149	0	1
DB00246	C2748055	0	3
DB00247	C0022596	0	2
DB00247	C0031069	0	0
DB00247	C0235063	0	4
DB00248	C0020619	0	0
DB00248	C0023479	0	1
DB00248	C0085682	0	3
DB00250	C0014549	0	1
DB00250	C0016057	0	3
DB00250	C0026764	0	3
DB00250	C0035228	0	3
DB00252	C0002726	0	4
DB00252	C0004604	0	2
DB00252	C0020545	0	4
DB00252	C0030446	0	0
DB00252	C0162429	0	0
DB00252	C0232940	0	3
DB00252	C0687720	0	3
DB00253	C0014869	0	3
DB00253	C0026961	0	0
DB00253	C0029882	0	2
DB00254	C0018021	0	0
DB00254	C0023487	0	4
DB00254	C0687720	0	2
DB00255	C0001627	0	2
DB00255	C0007194	0	4
DB00255	C0008533	0	3
DB00255	C0019080	0	4
DB00255	C0032768	0	2
DB00255	C0236964	0	1
DB00261	C0020546	0	0
DB00261	C0028768	0	3
DB00261	C0398650	0	0
DB00262	C0030297	0	2
DB00262	C0036690	0	0
DB00262	C0235063	0	0
DB00262	C0887833	0	2
DB00262	C1134719	0	4
DB00262	C1800706	0	2
DB00264	C0011991	0	3
DB00264	C0740394	0	1
DB00266	C2316810	0	1
DB00268	C0011860	0	1
DB00268	C0035455	0	1
DB00268	C0154143	0	2
DB00268	C0178416	0	3
DB00268	C0241961	0	3
DB00270	C0013604	0	2
DB00270	C0020550	0	1
DB00273	C0006267	0	0
DB00273	C0017612	0	1
DB00273	C0018790	0	1
DB00273	C0024586	0	4
DB00273	C0025289	0	0
DB00273	C0026998	0	0
DB00273	C0032987	0	1
DB00273	C0035455	0	2
DB00273	C0342543	0	1
DB00273	C0920350	0	1
DB00275	C0005138	0	1
DB00275	C0020452	0	0
DB00275	C0021655	0	0
DB00275	C0023212	0	0
DB00275	C0497327	0	3
DB00277	C0020461	0	1
DB00277	C0026998	0	1
DB00277	C0220989	0	4
DB00277	C0878544	0	2
DB00277	C1384600	0	4
DB00279	C0020626	0	2
DB00279	C0027662	0	2
DB00279	C0150055	0	3
DB00280	C0031190	0	3
DB00280	C0040046	0	4
DB00280	C0948216	0	2
DB00280	C3463824	0	0
DB00281	C0008149	0	0
DB00281	C0022650	0	2
DB00281	C0042164	0	3
DB00282	C0001627	0	1
DB00282	C0024138	0	2
DB00282	C0162836	0	4
DB00282	C0702166	0	4
DB00283	C0006287	0	3
DB00283	C0020456	0	4
DB00283	C0020619	0	2
DB00284	C0020473	0	0
DB00284	C0948216	0	0
DB00285	C0033975	0	1
DB00286	C0024894	0	0
DB00286	C0033581	0	4
DB00286	C0524620	0	1
DB00286	C0751674	0	1
DB00287	C0000786	0	0
DB00287	C0007642	0	3
DB00287	C0028738	0	1
DB00287	C0028768	0	4
DB00287	C0038454	0	4
DB00287	C0948089	0	0
DB00288	C0000737	0	0
DB00288	C0020676	0	0
DB00288	C0162565	0	2
DB00289	C0035229	0	4
DB00289	C0917798	0	3
DB00290	C0751674	0	3
DB00292	C0010054	0	3
DB00292	C0013404	0	2
DB00292	C0020757	0	4
DB00293	C0035258	0	4
DB00293	C0409959	0	2
DB00293	C0451641	0	0
DB00295	C0085580	0	0
DB00295	C0149925	0	0
DB00297	C0011860	0	3
DB00297	C0014175	0	1
DB00297	C0014859	0	4
DB00297	C0041341	0	2
DB00298	C0031485	0	2
DB00298	C0497327	0	2
DB00302	C0014549	0	0
DB00302	C0018916	0	0
DB00302	C0023437	0	3
DB00302	C0238462	0	4
DB00302	C0376545	0	4
DB00304	C0009404	0	3
DB00304	C0011881	0	1
DB00304	C0015624	0	1
DB00304	C0020557	0	2
DB00304	C0036508	0	3
DB00306	C0220756	0	0
DB00306	C0242422	0	0
DB00307	C0014742	0	0
DB00307	C0017531	0	3
DB00307	C0021308	0	3
DB00307	C0085580	0	1
DB00308	C0006142	0	0
DB00308	C0022568	0	2
DB00308	C0022951	0	1
DB00308	C0030305	0	3
DB00308	C0035078	0	1
DB00308	C1527336	0	4
DB00309	C0007095	0	1
DB00309	C0013428	0	0
DB00309	C0023434	0	4
DB00309	C0151744	0	3
DB00309	C0878773	0	1
DB00310	C0002894	0	1
DB00310	C0035854	0	3
DB00310	C0039590	0	0
DB00310	C1961835	0	2
DB00311	C0001618	0	0
DB00311	C1140680	0	0
DB00312	C0010043	0	4
DB00312	C0206686	0	0
DB00312	C0405580	0	0
DB00313	C0001403	0	0
DB00313	C0235480	0	2
DB00313	C0878787	0	1
DB00316	C0678222	0	3
DB00316	C1527311	0	4
DB00317	C0022073	0	1
DB00317	C0023827	0	4
DB00317	C0036651	0	4
DB00318	C0011603	0	1
DB00318	C0022354	0	0
DB00318	C0242350	0	1
DB00318	C1527311	0	1
DB00318	C2239176	0	2
DB00320	C0085580	0	4
DB00320	C0154143	0	0
DB00320	C0238463	0	0
DB00320	C0334579	0	0
DB00320	C0473527	0	0
DB00320	C0745103	0	2
DB00321	C0030578	0	4
DB00321	C0033578	0	3
DB00322	C0027022	0	2
DB00322	C0268583	0	0
DB00323	C0002171	0	1
DB00323	C0020456	0	2
DB00323	C0033860	0	2
DB00323	C0236964	0	1
DB00324	C0002792	0	4
DB00324	C0003873	0	2
DB00324	C0017601	0	2
DB00324	C0035220	0	1
DB00324	C0236663	0	4
DB00325	C0014868	0	1
DB00325	C0041296	0	3
DB00325	C0234974	0	0
DB00327	C0007138	0	3
DB00327	C0023449	0	1
DB00327	C0026948	0	4
DB00327	C0302280	0	0
DB00327	C0392784	0	3
DB00328	C0014869	0	0
DB00328	C0022073	0	2
DB00328	C0031117	0	2
DB00331	C0007134	0	1
DB00331	C0022548	0	0
DB00331	C0024899	0	1
DB00331	C0409818	0	0
DB00331	C0559106	0	4
DB00332	C0011334	0	2
DB00332	C0015456	0	1
DB00332	C0020625	0	4
DB00332	C0029443	0	2
DB00332	C0030920	0	0
DB00332	C0085669	0	0
DB00332	C0151686	0	4
DB00332	C0342384	0	0
DB00332	C0699791	0	0
DB00334	C0013405	0	1
DB00334	C0020480	0	3
DB00334	C0085129	0	4
DB00335	C0014733	0	4
DB00335	C0206245	0	4
DB00337	C0024305	0	4
DB00337	C0025637	0	3
DB00337	C0040034	0	4
DB00337	C0242339	0	1
DB00337	C0270846	0	0
DB00337	C2316810	0	1
DB00338	C0005587	0	2
DB00338	C0014549	0	1
DB00338	C0018924	0	3
DB00338	C0023473	0	0
DB00338	C0026961	0	2
DB00338	C0028326	0	3
DB00339	C0025322	0	0
DB00339	C0751362	0	4
DB00340	C0018834	0	4
DB00340	C0042909	0	0
DB00340	C0149958	0	1
DB00341	C0001973	0	1
DB00341	C0013404	0	1
DB00341	C0024299	0	0
DB00341	C0151740	0	3
DB00342	C0014534	0	1
DB00343	C0020461	0	2
DB00343	C0021051	0	0
DB00343	C0026848	0	1
DB00343	C0039483	0	0
DB00344	C0013595	0	3
DB00344	C0022638	0	0
DB00344	C0022876	0	3
DB00344	C0023443	0	3
DB00344	C0040517	0	1
DB00344	C0272375	0	1
DB00347	C0010481	0	0
DB00347	C0020555	0	0
DB00347	C0036983	0	0
DB00347	C0221765	0	0
DB00348	C0005684	0	4
DB00348	C0042900	0	4
DB00348	C0151744	0	3
DB00348	C0687720	0	0
DB00349	C0003862	0	3
DB00349	C0014553	0	4
DB00349	C0079773	0	4
DB00349	C0259817	0	4
DB00349	C0346647	0	2
DB00350	C0017612	0	3
DB00350	C0028326	0	1
DB00350	C0040261	0	3
DB00350	C0270846	0	0
DB00351	C0005967	0	1
DB00351	C0042880	0	0
DB00351	C0085612	0	0
DB00351	C0268070	0	3
DB00356	C0009806	0	3
DB00356	C0014534	0	2
DB00356	C0023467	0	3
DB00356	C0032000	0	1
DB00356	C0156404	0	4
DB00356	C0476089	0	4
DB00357	C0000737	0	0
DB00357	C0948896	0	0
DB00360	C0002726	0	4
DB00360	C0037274	0	4
DB00360	C0043202	0	0
DB00361	C0006267	0	0
DB00361	C0006271	0	1
DB00361	C0006625	0	3
DB00361	C0011334	0	1
DB00361	C0013182	0	1
DB00361	C0019112	0	3
DB00361	C0035854	0	1
DB00363	C0006267	0	3
DB00363	C0007785	0	0
DB00363	C0008350	0	3
DB00363	C0033806	0	2
DB00364	C0013390	0	0
DB00364	C0015503	0	3
DB00364	C0026998	0	0
DB00364	C0238463	0	0
DB00366	C0004238	0	0
DB00366	C0023480	0	1
DB00366	C0033975	0	0
DB00366	C0042900	0	2
DB00366	C0271650	0	0
DB00366	C0751753	0	1
DB00366	C1336708	0	1
DB00367	C0002965	0	4
DB00367	C0040015	0	3
DB00368	C0085649	0	3
DB00370	C0016057	0	3
DB00370	C0746102	0	3
DB00371	C0010692	0	1
DB00371	C0022593	0	2
DB00371	C0085417	0	1
DB00372	C0026691	0	3
DB00372	C0398623	0	0
DB00372	C1527249	0	2
DB00373	C0001206	0	1
DB00374	C0003469	0	0
DB00374	C0042870	0	0
DB00376	C0020517	0	3
DB00376	C0028754	0	2
DB00376	C0038363	0	1
DB00376	C0700201	0	0
DB00376	C0878544	0	1
DB00377	C0010054	0	1
DB00377	C0043515	0	3
DB00377	C0087012	0	4
DB00377	C0238052	0	0
DB00377	C0524909	0	4
DB00377	C0751362	0	3
DB00378	C0013720	0	4
DB00378	C0014742	0	3
DB00378	C0022575	0	3
DB00378	C0376545	0	4
DB00378	C2242472	0	3
DB00379	C0005967	0	1
DB00379	C0022593	0	2
DB00379	C0151744	0	4
DB00380	C0007820	0	1
DB00380	C0013421	0	1
DB00380	C0473527	0	1
DB00381	C0006105	0	2
DB00381	C0007117	0	3
DB00381	C0020757	0	2
DB00382	C0017636	0	4
DB00382	C0476089	0	2
DB00383	C0014859	0	1
DB00383	C0035222	0	0
DB00383	C0036421	0	3
DB00383	C0042514	0	2
DB00383	C0085606	0	2
DB00383	C0151636	0	3
DB00383	C2267227	0	3
DB00384	C0013720	0	4
DB00384	C0018834	0	0
DB00384	C0030319	0	0
DB00384	C0036421	0	3
DB00384	C0221032	0	4
DB00385	C0010691	0	1
DB00385	C0023827	0	2
DB00385	C0039841	0	4
DB00385	C0151940	0	0
DB00387	C0005424	0	3
DB00387	C0013428	0	3
DB00388	C0003128	0	4
DB00388	C0018995	0	0
DB00389	C0010043	0	2
DB00389	C0015503	0	3
DB00389	C0020456	0	0
DB00390	C0003873	0	2
DB00390	C0004604	0	1
DB00390	C0018995	0	0
DB00390	C0019080	0	2
DB00390	C0034186	0	3
DB00390	C0149745	0	4
DB00391	C0002453	0	2
DB00391	C0023518	0	3
DB00391	C0039590	0	3
DB00391	C0079731	0	3
DB00392	C0003492	0	2
DB00393	C0022660	0	4
DB00393	C0031069	0	2
DB00393	C0036421	0	4
DB00393	C0085083	0	2
DB00393	C0270846	0	0
DB00394	C0026896	0	2
DB00394	C0034012	0	1
DB00394	C0451641	0	2
DB00395	C0003467	0	3
DB00395	C0024473	0	2
DB00395	C0027708	0	2
DB00395	C0042164	0	0
DB00395	C0152020	0	3
DB00396	C0003872	0	3
DB00396	C0011991	0	1
DB00396	C0035222	0	3
DB00396	C0221765	0	1
DB00397	C0019202	0	3
DB00398	C2607914	0	0
DB00399	C0002736	0	1
DB00399	C0040156	0	2
DB00399	C0085681	0	0
DB00399	C0751753	0	2
DB00400	C0003128	0	3
DB00400	C0917801	0	2
DB00401	C0030590	0	4
DB00402	C0013144	0	1
DB00402	C0022876	0	1
DB00402	C0342731	0	2
DB00402	C1336708	0	3
DB00403	C0022661	0	4
DB00403	C0023448	0	4
DB00403	C0024437	0	4
DB00403	C0024899	0	0
DB00404	C0020514	0	1
DB00404	C0020626	0	3
DB00404	C0036337	0	1
DB00404	C0476089	0	0
DB00405	C0014544	0	0
DB00405	C0017574	0	3
DB00405	C0037036	0	1
DB00408	C0005779	0	2
DB00408	C0014550	0	1
DB00408	C0019618	0	0
DB00408	C0024591	0	3
DB00408	C0042571	0	4
DB00408	C0270846	0	2
DB00408	C0524910	0	0
DB00411	C0014549	0	0
DB00411	C0020452	0	4
DB00411	C0020461	0	3
DB00411	C0023487	0	0
DB00412	C0040147	0	0
DB00413	C0014868	0	1
DB00413	C0022568	0	2
DB00413	C0023267	0	3
DB00413	C0042487	0	2
DB00413	C0238198	0	1
DB00413	C0520679	0	0
DB00413	C1527304	0	0
DB00414	C0015456	0	3
DB00414	C0021655	0	2
DB00414	C0025149	0	3
DB00414	C0039103	0	3
DB00414	C0241961	0	4
DB00414	C0699791	0	1
DB00415	C0020476	0	3
DB00415	C2607914	0	2
DB00417	C0014869	0	2
DB00417	C0026650	0	0
DB00418	C0079773	0	3
DB00419	C0007117	0	4
DB00419	C0017152	0	0
DB00419	C0017563	0	0
DB00420	C0334634	0	2
DB00421	C0004604	0	1
DB00421	C0948089	0	0
DB00422	C0002965	0	2
DB00422	C0029927	0	0
DB00422	C0033375	0	2
DB00423	C0010481	0	2
DB00423	C0021308	0	1
DB00423	C0036830	0	1
DB00423	C0079584	0	4
DB00424	C0018418	0	1
DB00424	C0034885	0	0
DB00424	C0152020	0	1
DB00424	C0270851	0	1
DB00425	C0009404	0	1
DB00425	C0013595	0	4
DB00425	C0020445	0	0
DB00425	C0031069	0	1
DB00425	C0040822	0	0
DB00425	C0149725	0	2
DB00425	C0150055	0	3
DB00425	C0162429	0	2
DB00425	C0162568	0	3
DB00425	C0334579	0	0
DB00427	C0035335	0	1
DB00427	C0041948	0	3
DB00427	C0151740	0	3
DB00427	C0338908	0	4
DB00428	C0021670	0	3
DB00428	C0745103	0	2
DB00429	C0003868	0	4
DB00429	C0013274	0	4
DB00429	C0041948	0	4
DB00432	C0005586	0	2
DB00432	C0151723	0	0
DB00432	C0473527	0	2
DB00432	C3495559	0	0
DB00433	C0040136	0	4
DB00433	C0041582	0	2
DB00434	C0011882	0	2
DB00434	C0036830	0	0
DB00434	C0236663	0	2
DB00434	C1306889	0	3
DB00434	C2748055	0	0
DB00435	C0220994	0	2
DB00435	C0343065	0	2
DB00435	C0524620	0	0
DB00436	C0004352	0	1
DB00436	C0013264	0	2
DB00436	C0238198	0	3
DB00437	C0015672	0	2
DB00437	C0030920	0	0
DB00437	C0040034	0	2
DB00437	C0042035	0	3
DB00439	C0024437	0	3
DB00440	C0005684	0	0
DB00440	C0017086	0	2
DB00440	C0038013	0	4
DB00440	C1328407	0	2
DB00440	C2931618	0	1
DB00441	C0000744	0	1
DB00441	C0000809	0	3
DB00441	C0015530	0	1
DB00441	C0030569	0	1
DB00441	C0036980	0	1
DB00441	C0149821	0	1
DB00441	C0220710	0	3
DB00443	C0008350	0	2
DB00443	C0021670	0	4
DB00443	C0023473	0	2
DB00443	C0040517	0	4
DB00443	C0553580	0	2
DB00444	C0037199	0	2
DB00444	C0038379	0	0
DB00444	C0343065	0	3
DB00444	C2973725	0	1
DB00445	C0005779	0	0
DB00445	C0007095	0	4
DB00445	C0008312	0	2
DB00445	C0036980	0	4
DB00446	C0014549	0	2
DB00446	C0027051	0	1
DB00446	C0030305	0	4
DB00446	C0042847	0	3
DB00446	C0268490	0	4
DB00448	C0003862	0	2
DB00448	C0018798	0	3
DB00448	C0238198	0	3
DB00448	C0272375	0	1
DB00449	C0018790	0	1
DB00449	C0149725	0	1
DB00450	C0268579	0	0
DB00450	C0342543	0	3
DB00450	C0746102	0	3
DB00451	C0006267	0	0
DB00451	C0020546	0	0
DB00451	C0085681	0	1
DB00451	C0268070	0	0
DB00452	C0036341	0	3
DB00452	C0037036	0	4
DB00452	C0085682	0	0
DB00454	C0009404	0	1
DB00454	C0023434	0	1
DB00454	C0878787	0	0
DB00454	C0948896	0	1
DB00455	C0016470	0	4
DB00455	C0023443	0	0
DB00455	C0023890	0	0
DB00455	C1704417	0	0
DB00457	C0005697	0	0
DB00457	C0029408	0	3
DB00457	C0038358	0	3
DB00457	C0085580	0	4
DB00457	C0085649	0	3
DB00458	C0018213	0	0
DB00458	C0026961	0	4
DB00458	C0032027	0	3
DB00458	C0042514	0	2
DB00458	C0268583	0	0
DB00461	C0236964	0	1
DB00461	C0268579	0	4
DB00462	C0014474	0	2
DB00462	C0042109	0	3
DB00463	C0001122	0	2
DB00463	C0003492	0	0
DB00463	C0008149	0	2
DB00463	C0346647	0	1
DB00464	C0005684	0	3
DB00464	C0019080	0	4
DB00464	C0031511	0	0
DB00464	C0039590	0	1
DB00467	C0020625	0	2
DB00467	C0234533	0	4
DB00467	C0282528	0	1
DB00467	C0428974	0	2
DB00469	C0014743	0	0
DB00470	C0002888	0	4
DB00470	C0006105	0	1
DB00470	C0017531	0	0
DB00470	C0042023	0	0
DB00470	C0085605	0	0
DB00470	C0282488	0	0
DB00470	C0302280	0	0
DB00470	C3463824	0	2
DB00471	C0034734	0	2
DB00471	C0451641	0	3
DB00471	C1561643	0	1
DB00472	C0017638	0	4
DB00472	C0032000	0	0
DB00472	C0039841	0	0
DB00472	C0220989	0	0
DB00472	C1328407	0	1
DB00475	C0007193	0	4
DB00475	C0036983	0	1
DB00475	C0040147	0	2
DB00476	C0015944	0	3
DB00476	C0020480	0	4
DB00476	C0025294	0	0
DB00476	C0030578	0	3
DB00476	C0038454	0	0
DB00476	C0699791	0	4
DB00477	C0003811	0	2
DB00477	C0025289	0	3
DB00477	C0035854	0	3
DB00477	C0036421	0	3
DB00480	C0002894	0	4
DB00480	C0006271	0	3
DB00480	C0007137	0	0
DB00480	C0017638	0	0
DB00480	C0034186	0	4
DB00480	C0268390	0	3
DB00480	C1261473	0	2
DB00481	C0026896	0	3
DB00481	C0034067	0	0
DB00481	C0740394	0	3
DB00481	C0751435	0	0
DB00482	C0004775	0	3
DB00482	C0017638	0	2
DB00482	C0029442	0	4
DB00482	C0040156	0	3
DB00482	C0151740	0	4
DB00484	C0031485	0	1
DB00489	C0018924	0	1
DB00489	C0022650	0	4
DB00489	C0037930	0	1
DB00489	C0334579	0	1
DB00491	C0007194	0	0
DB00491	C0021390	0	1
DB00491	C0028738	0	3
DB00491	C0039685	0	3
DB00491	C0687150	0	4
DB00492	C0019151	0	2
DB00492	C0023869	0	1
DB00492	C0917798	0	0
DB00492	C0917801	0	4
DB00493	C0003123	0	4
DB00493	C0010043	0	1
DB00493	C0015397	0	0
DB00493	C0028768	0	3
DB00493	C0029458	0	0
DB00493	C0032463	0	3
DB00493	C0038325	0	1
DB00494	C0013238	0	2
DB00494	C0022116	0	3
DB00494	C0024138	0	0
DB00496	C0017601	0	2
DB00496	C0030297	0	4
DB00497	C0022548	0	4
DB00497	C0024437	0	0
DB00497	C0497327	0	2
DB00497	C0877792	0	3
DB00498	C0022876	0	3
DB00498	C0220989	0	2
DB00498	C0751865	0	3
DB00498	C0751967	0	3
DB00499	C0030590	0	4
DB00499	C0041408	0	4
DB00499	C0149821	0	4
DB00499	C0232940	0	1
DB00499	C0270736	0	2
DB00499	C2973725	0	3
DB00500	C0008489	0	1
DB00500	C0023472	0	3
DB00500	C0025322	0	2
DB00500	C0030297	0	1
DB00500	C0030807	0	0
DB00500	C0040038	0	0
DB00500	C0262584	0	2
DB00501	C0006625	0	3
DB00501	C0010930	0	3
DB00502	C0039841	0	0
DB00502	C0151940	0	0
DB00503	C0005283	0	0
DB00503	C0029458	0	3
DB00504	C0497327	0	0
DB00505	C0524620	0	2
DB00508	C0040038	0	1
DB00508	C0085682	0	2
DB00509	C0014733	0	0
DB00509	C0020474	0	3
DB00509	C0026705	0	2
DB00509	C0043515	0	1
DB00511	C0008312	0	2
DB00511	C0020651	0	2
DB00511	C0033860	0	1
DB00511	C0042847	0	2
DB00513	C0004114	0	4
DB00513	C0036341	0	4
DB00513	C0220756	0	4
DB00513	C0276535	0	1
DB00514	C0039685	0	2
DB00514	C0162316	0	2
DB00514	C0282193	0	4
DB00515	C0018418	0	4
DB00515	C0020635	0	3
DB00515	C0027661	0	1
DB00517	C0019080	0	4
DB00517	C0032000	0	4
DB00517	C0042963	0	1
DB00517	C0524910	0	1
DB00519	C0014743	0	0
DB00519	C0021390	0	3
DB00519	C0023473	0	4
DB00521	C0023212	0	1
DB00521	C0026650	0	3
DB00521	C0035335	0	1
DB00521	C0080274	0	3
DB00521	C0151636	0	0
DB00524	C0338908	0	2
DB00524	C0920350	0	2
DB00527	C0847614	0	4
DB00528	C0017181	0	3
DB00528	C0026896	0	2
DB00528	C0042847	0	0
DB00528	C1704417	0	1
DB00530	C0020481	0	3
DB00531	C0020619	0	3
DB00531	C0020635	0	4
DB00531	C0038160	0	2
DB00531	C0079731	0	0
DB00532	C0002726	0	4
DB00532	C0009806	0	3
DB00532	C0334579	0	1
DB00532	C0346421	0	1
DB00533	C0002170	0	2
DB00533	C0031046	0	2
DB00535	C0007785	0	3
DB00535	C0010674	0	1
DB00535	C0019618	0	2
DB00535	C0235063	0	4
DB00535	C0751362	0	1
DB00537	C0020179	0	3
DB00537	C0039621	0	2
DB00537	C0847614	0	4
DB00539	C0011615	0	1
DB00539	C0242488	0	3
DB00539	C0409818	0	4
DB00540	C0005424	0	2
DB00540	C0008350	0	2
DB00540	C0019069	0	0
DB00541	C0020626	0	1
DB00542	C0020428	0	1
DB00542	C0023473	0	1
DB00542	C0346647	0	2
DB00543	C0034012	0	3
DB00543	C0042571	0	2
DB00543	C0043352	0	1
DB00543	C0342543	0	3
DB00543	C0877792	0	2
DB00543	C0948089	0	2
DB00544	C0004114	0	2
DB00544	C0023480	0	1
DB00544	C0042024	0	4
DB00545	C0004352	0	0
DB00545	C0010308	0	3
DB00545	C0013274	0	3
DB00545	C0014121	0	4
DB00545	C0038013	0	0
DB00545	C0085649	0	1
DB00545	C1140680	0	2
DB00546	C0011882	0	4
DB00547	C0009324	0	3
DB00547	C0034012	0	0
DB00548	C0006105	0	1
DB00548	C0018995	0	3
DB00548	C0020676	0	3
DB00548	C0026769	0	3
DB00549	C0005684	0	1
DB00549	C0005779	0	2
DB00549	C0015469	0	2
DB00549	C0022650	0	2
DB00549	C0031511	0	4
DB00549	C0042842	0	3
DB00549	C0079774	0	1
DB00549	C0234974	0	2
DB00549	C0730345	0	0
DB00550	C0030590	0	3
DB00550	C1800706	0	3
DB00551	C0009404	0	0
DB00551	C0013384	0	0
DB00551	C0020459	0	2
DB00551	C0020523	0	4
DB00551	C0035258	0	4
DB00551	C0039240	0	4
DB00552	C0019087	0	0
DB00552	C0020481	0	3
DB00552	C0023518	0	4
DB00552	C0409818	0	1
DB00552	C1540912	0	3
DB00552	C1621958	0	0
DB00553	C0002171	0	4
DB00553	C0020179	0	3
DB00554	C0030305	0	4
DB00554	C0030446	0	1
DB00554	C0035220	0	3
DB00555	C0009763	0	3
DB00557	C0013421	0	1
DB00557	C0022951	0	2
DB00557	C0043459	0	4
DB00557	C0342788	0	2
DB00559	C0005699	0	0
DB00559	C0178416	0	1
DB00559	C0836924	0	4
DB00559	C0919267	0	4
DB00561	C0013144	0	2
DB00561	C0017638	0	4
DB00561	C0036651	0	3
DB00561	C1134719	0	4
DB00562	C0007570	0	2
DB00562	C0026838	0	4
DB00562	C0175683	0	3
DB00562	C0342788	0	4
DB00562	C0740394	0	0
DB00563	C0009404	0	3
DB00563	C0020443	0	3
DB00563	C0035579	0	2
DB00563	C0040034	0	1
DB00564	C0002874	0	0
DB00564	C0005695	0	2
DB00564	C0150055	0	2
DB00564	C0151740	0	3
DB00564	C0343065	0	3
DB00568	C0009319	0	3
DB00568	C0024591	0	3
DB00568	C0038356	0	2
DB00568	C0085610	0	3
DB00569	C0018834	0	3
DB00569	C0020523	0	0
DB00569	C0022116	0	3
DB00569	C0042842	0	4
DB00569	C1328407	0	4
DB00570	C0022104	0	1
DB00570	C0342907	0	0
DB00570	C0424489	0	4
DB00570	C0948089	0	4
DB00571	C0030193	0	3
DB00571	C0038018	0	2
DB00571	C0085083	0	3
DB00571	C0151526	0	3
DB00571	C2239176	0	3
DB00572	C0014877	0	2
DB00572	C0024138	0	3
DB00572	C0030569	0	0
DB00572	C0036220	0	1
DB00572	C1408258	0	0
DB00573	C0009952	0	2
DB00573	C0011633	0	1
DB00573	C0085580	0	2
DB00574	C0018621	0	2
DB00574	C0936215	0	1
DB00574	C1527304	0	3
DB00575	C0004238	0	2
DB00575	C0036980	0	0
DB00575	C0268390	0	2
DB00575	C0451641	0	4
DB00579	C0001206	0	3
DB00579	C0002171	0	1
DB00579	C1458155	0	4
DB00580	C0020474	0	2
DB00580	C0037769	0	1
DB00580	C0042900	0	3
DB00583	C0002871	0	4
DB00583	C0011616	0	1
DB00583	C0154143	0	2
DB00583	C0162627	0	1
DB00584	C0003862	0	1
DB00584	C0014544	0	1
DB00584	C0020557	0	1
DB00584	C0026998	0	2
DB00584	C0270736	0	3
DB00585	C0010692	0	0
DB00585	C0011644	0	3
DB00585	C0013720	0	3
DB00585	C0017638	0	1
DB00585	C0018133	0	2
DB00585	C0020538	0	1
DB00585	C0080274	0	1
DB00585	C0236663	0	3
DB00585	C0596263	0	2
DB00585	C1527304	0	4
DB00586	C0011860	0	1
DB00586	C0015672	0	2
DB00586	C0334634	0	1
DB00587	C0002418	0	0
DB00587	C0003872	0	2
DB00587	C0032987	0	1
DB00587	C0281361	0	4
DB00587	C0451641	0	0
DB00588	C0001126	0	0
DB00588	C0007102	0	1
DB00588	C0011991	0	0
DB00588	C0017531	0	4
DB00588	C0020542	0	0
DB00589	C0013720	0	0
DB00589	C0020540	0	0
DB00589	C0034150	0	1
DB00589	C0036337	0	4
DB00589	C1800706	0	4
DB00590	C0002994	0	2
DB00590	C0020428	0	2
DB00590	C0024115	0	1
DB00590	C0038325	0	2
DB00590	C0596263	0	4
DB00590	C0948089	0	3
DB00591	C0024894	0	0
DB00591	C0206245	0	2
DB00591	C0687150	0	4
DB00591	C0687720	0	1
DB00594	C0014549	0	1
DB00594	C0024437	0	2
DB00594	C0029434	0	1
DB00594	C0085649	0	4
DB00594	C0151636	0	2
DB00594	C0349464	0	3
DB00596	C0037036	0	0
DB00596	C0149745	0	3
DB00596	C1527336	0	3
DB00598	C0018021	0	2
DB00598	C0032000	0	1
DB00599	C0004114	0	0
DB00599	C0029453	0	2
DB00600	C0001418	0	2
DB00600	C0019618	0	4
DB00600	C0032897	0	3
DB00600	C1142132	0	2
DB00601	C0021390	0	3
DB00601	C0022548	0	3
DB00601	C0085612	0	2
DB00601	C1134719	0	1
DB00601	C1621958	0	4
DB00604	C0038325	0	4
DB00604	C0151744	0	4
DB00605	C0023434	0	1
DB00605	C0428974	0	3
DB00606	C0014534	0	2
DB00606	C0024899	0	4
DB00607	C0000744	0	0
DB00607	C0271650	0	0
DB00608	C0002895	0	2
DB00608	C0003862	0	1
DB00608	C0010200	0	4
DB00608	C0015967	0	2
DB00608	C0020437	0	0
DB00608	C0022650	0	0
DB00610	C0004153	0	1
DB00610	C0268543	0	2
DB00611	C0085612	0	0
DB00611	C0524909	0	4
DB00612	C0003123	0	2
DB00612	C0006114	0	3
DB00612	C0033375	0	0
DB00612	C2937421	0	1
DB00615	C0003868	0	4
DB00615	C0003872	0	4
DB00615	C0020437	0	0
DB00615	C0020481	0	4
DB00617	C0019829	0	2
DB00617	C0028734	0	4
DB00617	C0042035	0	1
DB00617	C0751674	0	0
DB00617	C1142132	0	0
DB00619	C0006271	0	1
DB00619	C0018995	0	2
DB00619	C0020615	0	4
DB00619	C0026987	0	4
DB00619	C3463824	0	4
DB00620	C0003862	0	4
DB00620	C0022661	0	0
DB00620	C0027022	0	3
DB00620	C0398775	0	4
DB00620	C0596263	0	2
DB00620	C3544321	0	4
DB00622	C0007137	0	1
DB00622	C0027708	0	1
DB00622	C0042024	0	3
DB00622	C0847614	0	4
DB00623	C0149871	0	4
DB00623	C0242422	0	3
DB00623	C0270851	0	2
DB00624	C0085417	0	0
DB00624	C0259817	0	1
DB00624	C0342788	0	2
DB00624	C3544321	0	0
DB00626	C0004604	0	1
DB00626	C0007194	0	0
DB00626	C0687720	0	3
DB00626	C0745103	0	2
DB00626	C1527336	0	0
DB00627	C0022548	0	1
DB00628	C0009324	0	3
DB00628	C0010054	0	2
DB00628	C0020615	0	4
DB00628	C1704436	0	0
DB00629	C0000737	0	3
DB00629	C0014869	0	3
DB00629	C0020557	0	0
DB00629	C0023434	0	2
DB00629	C0029401	0	1
DB00629	C0032580	0	3
DB00629	C0080274	0	4
DB00629	C0085610	0	1
DB00629	C0677607	0	1
DB00629	C1263846	0	4
DB00629	C2267227	0	3
DB00630	C0007820	0	2
DB00630	C0025202	0	1
DB00630	C0334579	0	1
DB00631	C0023448	0	4
DB00631	C0036220	0	1
DB00635	C0004114	0	0
DB00635	C0019080	0	4
DB00635	C0020428	0	4
DB00635	C0020542	0	0
DB00635	C0029401	0	0
DB00635	C0029458	0	0
DB00635	C0034150	0	4
DB00635	C0235974	0	0
DB00636	C0022568	0	2
DB00636	C0043202	0	4
DB00636	C0270846	0	1
DB00636	C0751753	0	3
DB00637	C0014549	0	3
DB00637	C0021051	0	1
DB00637	C0023440	0	2
DB00637	C0887833	0	2
DB00640	C0014173	0	2
DB00640	C0080274	0	2
DB00640	C0156404	0	2
DB00640	C0221260	0	3
DB00640	C0242383	0	0
DB00641	C0015672	0	0
DB00641	C0040261	0	0
DB00641	C0079773	0	0
DB00641	C1275126	0	2
DB00642	C0014544	0	0
DB00642	C0024899	0	4
DB00642	C0920350	0	2
DB00642	C1565489	0	0
DB00643	C0004364	0	2
DB00643	C0014173	0	2
DB00643	C0016057	0	0
DB00643	C0456909	0	4
DB00644	C0007642	0	1
DB00644	C0042909	0	0
DB00644	C0559106	0	4
DB00644	C1269683	0	0
DB00645	C0017531	0	4
DB00645	C0029443	0	1
DB00645	C0031046	0	2
DB00645	C0342788	0	3
DB00645	C1269683	0	3
DB00647	C0007131	0	4
DB00647	C0018273	0	0
DB00647	C0029453	0	4
DB00647	C0040822	0	1
DB00647	C0302280	0	4
DB00647	C0740394	0	4
DB00648	C0015624	0	2
DB00648	C0021308	0	2
DB00648	C0401151	0	4
DB00650	C0011334	0	3
DB00650	C0016470	0	4
DB00650	C0022650	0	4
DB00650	C0023443	0	2
DB00650	C0034951	0	1
DB00650	C1961099	0	1
DB00651	C0006267	0	3
DB00651	C0030848	0	2
DB00651	C0040053	0	4
DB00651	C0836924	0	2
DB00651	C0917805	0	0
DB00652	C0000737	0	2
DB00652	C0014553	0	3
DB00653	C0020474	0	0
DB00653	C0024301	0	2
DB00653	C0149704	0	0
DB00654	C0001122	0	0
DB00654	C0035457	0	4
DB00655	C0003467	0	2
DB00655	C0018273	0	2
DB00655	C0270458	0	0
DB00656	C0020474	0	0
DB00657	C0024591	0	0
DB00657	C0036830	0	2
DB00657	C0242339	0	0
DB00657	C0270736	0	4
DB00657	C2973725	0	2
DB00659	C0011615	0	0
DB00659	C0026961	0	0
DB00659	C0887833	0	0
DB00661	C0003864	0	2
DB00661	C0007117	0	2
DB00661	C0007193	0	0
DB00661	C0023434	0	1
DB00661	C0343065	0	4
DB00661	C0730345	0	0
DB00662	C0020651	0	3
DB00662	C0334579	0	3
DB00662	C0342731	0	1
DB00663	C0026705	0	3
DB00663	C0033578	0	2
DB00665	C0040034	0	1
DB00665	C0948480	0	1
DB00666	C0014121	0	1
DB00666	C0020502	0	1
DB00666	C0035228	0	2
DB00666	C0241961	0	4
DB00666	C0398775	0	3
DB00668	C0677607	0	1
DB00669	C0542346	0	2
DB00670	C0005586	0	2
DB00670	C0017181	0	0
DB00670	C0220994	0	4
DB00672	C0011615	0	3
DB00672	C0042870	0	1
DB00672	C0524620	0	4
DB00672	C0559106	0	3
DB00673	C0034012	0	3
DB00673	C0037286	0	0
DB00673	C0039240	0	1
DB00673	C0342384	0	0
DB00673	C0878544	0	0
DB00673	C1849508	0	0
DB00674	C0270458	0	4
DB00675	C0009806	0	2
DB00675	C2239176	0	0
DB00677	C0024790	0	0
DB00677	C0032897	0	3
DB00677	C0033375	0	4
DB00678	C0002726	0	3
DB00678	C0010417	0	3
DB00678	C0022104	0	0
DB00678	C0031099	0	4
DB00678	C0151686	0	3
DB00678	C0276226	0	1
DB00679	C0031099	0	1
DB00679	C0271650	0	3
DB00680	C0015230	0	0
DB00680	C0038220	0	3
DB00680	C0042847	0	0
DB00680	C0242350	0	4
DB00680	C0428977	0	4
DB00682	C0003123	0	4
DB00682	C0023448	0	4
DB00682	C0023892	0	1
DB00682	C0036920	0	4
DB00682	C0039841	0	3
DB00683	C0021364	0	3
DB00683	C0878544	0	3
DB00685	C0007785	0	0
DB00685	C0009324	0	2
DB00685	C0236964	0	2
DB00686	C1956346	0	3
DB00687	C0005967	0	0
DB00687	C0007137	0	3
DB00687	C0019069	0	2
DB00687	C0149925	0	3
DB00688	C0029401	0	1
DB00688	C0029443	0	0
DB00688	C0149925	0	4
DB00690	C0014356	0	2
DB00690	C0020443	0	0
DB00690	C0022104	0	2
DB00690	C0023267	0	2
DB00691	C0238462	0	2
DB00691	C0917798	0	0
DB00692	C0014868	0	4
DB00692	C0022660	0	2
DB00692	C0162316	0	4
DB00694	C0014553	0	1
DB00694	C0017152	0	3
DB00694	C0024143	0	0
DB00694	C0031190	0	4
DB00694	C0041408	0	1
DB00695	C0013428	0	3
DB00695	C0030569	0	2
DB00695	C0751967	0	2
DB00695	C0917798	0	3
DB00696	C0039103	0	0
DB00696	C0524620	0	0
DB00697	C0014877	0	3
DB00699	C0026961	0	3
DB00699	C0027697	0	1
DB00699	C0040517	0	2
DB00699	C0151636	0	4
DB00699	C0235480	0	2
DB00700	C0018621	0	4
DB00700	C0033806	0	0
DB00703	C0029463	0	3
DB00703	C0398650	0	0
DB00703	C0497327	0	0
DB00704	C0011615	0	2
DB00704	C0014549	0	1
DB00704	C0014556	0	2
DB00704	C0018203	0	2
DB00704	C0020479	0	2
DB00704	C0035220	0	1
DB00704	C0151714	0	2
DB00706	C0001418	0	4
DB00706	C0017181	0	3
DB00706	C0019112	0	0
DB00706	C0282488	0	0
DB00707	C0004238	0	2
DB00707	C0020514	0	1
DB00707	C0021364	0	2
DB00707	C0035228	0	2
DB00707	C0041582	0	4
DB00707	C0559106	0	3
DB00707	C2718128	0	2
DB00710	C1269683	0	3
DB00712	C0013182	0	2
DB00712	C0027424	0	4
DB00712	C0032285	0	3
DB00712	C0035258	0	1
DB00713	C0014549	0	2
DB00713	C0021390	0	2
DB00713	C0036202	0	1
DB00713	C0242698	0	3
DB00713	C0524909	0	3
DB00714	C0018794	0	1
DB00714	C0018834	0	1
DB00714	C0028738	0	3
DB00714	C0034013	0	4
DB00714	C0037286	0	0
DB00714	C0221013	0	4
DB00714	C0342543	0	4
DB00715	C0002880	0	1
DB00715	C0004238	0	4
DB00715	C0020179	0	3
DB00715	C0451641	0	1
DB00716	C0003872	0	1
DB00716	C0008677	0	3
DB00716	C0015944	0	3
DB00716	C0150055	0	3
DB00716	C0342881	0	0
DB00717	C0008312	0	3
DB00717	C0268490	0	1
DB00719	C0079773	0	4
DB00720	C0003850	0	0
DB00720	C0030807	0	3
DB00722	C0001883	0	0
DB00722	C0007117	0	3
DB00722	C0017668	0	2
DB00722	C0033117	0	2
DB00723	C0002962	0	1
DB00723	C0010481	0	0
DB00723	C0021670	0	2
DB00723	C0023212	0	1
DB00723	C0023467	0	2
DB00723	C0349464	0	4
DB00723	C0751362	0	4
DB00723	C2930898	0	3
DB00724	C0035220	0	1
DB00725	C0002962	0	4
DB00725	C0003467	0	0
DB00725	C0007117	0	4
DB00725	C0018418	0	2
DB00725	C0019087	0	4
DB00725	C0020615	0	3
DB00725	C0024523	0	2
DB00725	C0040261	0	4
DB00726	C0002792	0	2
DB00726	C0004775	0	1
DB00726	C0005283	0	1
DB00726	C0043352	0	2
DB00726	C0043459	0	2
DB00726	C0699791	0	4
DB00727	C0003872	0	2
DB00727	C0020428	0	0
DB00727	C0028738	0	3
DB00729	C0017574	0	4
DB00729	C0024301	0	1
DB00731	C0004239	0	2
DB00731	C0262584	0	2
DB00733	C0004604	0	0
DB00733	C0019054	0	3
DB00733	C0021141	0	1
DB00733	C0024437	0	2
DB00733	C0040053	0	2
DB00733	C0242698	0	1
DB00733	C1263846	0	1
DB00734	C0011615	0	2
DB00734	C0013604	0	4
DB00734	C0026987	0	1
DB00734	C0028840	0	3
DB00734	C0040046	0	2
DB00734	C0751674	0	3
DB00736	C0020461	0	3
DB00737	C0021364	0	3
DB00737	C0024117	0	4
DB00737	C0027022	0	1
DB00737	C0027819	0	2
DB00737	C0034069	0	1
DB00737	C2937421	0	2
DB00738	C0020649	0	2
DB00738	C0030297	0	2
DB00738	C0039103	0	1
DB00738	C0039240	0	4
DB00738	C0040038	0	0
DB00738	C0149958	0	1
DB00738	C0271578	0	3
DB00740	C0008489	0	1
DB00740	C0699791	0	3
DB00740	C1527249	0	0
DB00746	C0001206	0	2
DB00746	C0162568	0	1
DB00746	C0206245	0	0
DB00747	C0011616	0	4
DB00747	C0014550	0	4
DB00747	C0022568	0	2
DB00747	C0151723	0	2
DB00747	C0342527	0	4
DB00747	C0699791	0	3
DB00748	C0003868	0	0
DB00748	C0011848	0	4
DB00748	C0020649	0	4
DB00748	C0037036	0	4
DB00749	C0015944	0	1
DB00749	C0021308	0	4
DB00749	C0220710	0	4
DB00751	C0004153	0	1
DB00751	C0020217	0	2
DB00751	C0282488	0	0
DB00751	C0847614	0	2
DB00751	C0878544	0	0
DB00752	C0000744	0	0
DB00752	C0017601	0	0
DB00752	C0221032	0	0
DB00754	C0011334	0	1
DB00754	C0011882	0	2
DB00754	C0017160	0	2
DB00754	C0018834	0	4
DB00754	C0024143	0	3
DB00754	C0401151	0	1
DB00755	C0023212	0	1
DB00755	C0035585	0	3
DB00755	C0042571	0	4
DB00755	C0919267	0	2
DB00757	C0038018	0	1
DB00757	C0040034	0	4
DB00757	C0151740	0	1
DB00759	C0002395	0	0
DB00759	C0014583	0	0
DB00759	C0028768	0	2
DB00759	C0039621	0	4
DB00759	C0856727	0	1
DB00761	C0002965	0	2
DB00761	C0042880	0	0
DB00761	C0687150	0	3
DB00762	C0032914	0	0
DB00762	C0040053	0	0
DB00762	C0405580	0	2
DB00762	C1260899	0	4
DB00763	C0019054	0	0
DB00763	C0022650	0	0
DB00763	C1384600	0	0
DB00763	C2607914	0	0
DB00764	C0001883	0	0
DB00764	C0002726	0	4
DB00764	C0009763	0	4
DB00764	C0220994	0	1
DB00764	C0270736	0	0
DB00765	C0010043	0	4
DB00765	C0029442	0	3
DB00765	C0030578	0	1
DB00768	C0002962	0	3
DB00768	C0043459	0	2
DB00770	C0001126	0	1
DB00770	C0006413	0	1
DB00770	C0011854	0	4
DB00770	C0013384	0	2
DB00770	C0035078	0	3
DB00771	C0030319	0	4
DB00771	C0080274	0	4
DB00771	C0085159	0	1
DB00771	C0268543	0	4
DB00771	C1394891	0	0
DB00773	C0004153	0	1
DB00773	C0024591	0	0
DB00773	C0026650	0	1
DB00773	C0036830	0	0
DB00773	C0270851	0	3
DB00773	C0376545	0	4
DB00773	C0497327	0	1
DB00773	C4048328	0	0
DB00774	C0008350	0	4
DB00774	C0039483	0	4
DB00774	C0152020	0	3
DB00774	C0596263	0	3
DB00775	C0013144	0	2
DB00775	C0020461	0	3
DB00775	C0023480	0	2
DB00775	C1565489	0	3
DB00776	C0010346	0	3
DB00776	C0033806	0	0
DB00776	C0037769	0	2
DB00776	C0042487	0	2
DB00777	C0011848	0	3
DB00777	C0017086	0	1
DB00777	C0025202	0	2
DB00777	C0027661	0	3
DB00777	C0038454	0	3
DB00782	C0011633	0	2
DB00782	C0020445	0	3
DB00782	C0028840	0	0
DB00782	C0595948	0	1
DB00783	C0023470	0	1
DB00783	C0311277	0	1
DB00783	C0745103	0	2
DB00784	C0001973	0	4
DB00784	C0012739	0	1
DB00784	C0020428	0	0
DB00784	C0035078	0	1
DB00784	C0271578	0	0
DB00784	C3544321	0	3
DB00787	C0018418	0	0
DB00787	C0024141	0	2
DB00788	C0020452	0	1
DB00788	C0220983	0	3
DB00788	C0595948	0	0
DB00790	C0036651	0	4
DB00792	C0006271	0	0
DB00792	C0268596	0	2
DB00794	C0024138	0	3
DB00795	C0272375	0	3
DB00795	C1260899	0	0
DB00796	C0011881	0	4
DB00796	C0022104	0	2
DB00796	C0085417	0	0
DB00797	C0010692	0	1
DB00797	C0015967	0	3
DB00797	C0151940	0	4
DB00797	C0234974	0	1
DB00797	C0451641	0	4
DB00798	C0001206	0	3
DB00798	C0018794	0	2
DB00798	C0039841	0	4
DB00798	C0042138	0	2
DB00798	C0085610	0	2
DB00798	C0151686	0	1
DB00799	C0020217	0	2
DB00799	C0029396	0	0
DB00799	C0034069	0	1
DB00800	C0023440	0	4
DB00800	C0036421	0	0
DB00800	C0542346	0	4
DB00800	C0920350	0	1
DB00801	C1134719	0	1
DB00804	C0005697	0	3
DB00804	C0005967	0	0
DB00804	C0021390	0	1
DB00804	C0206682	0	0
DB00805	C0001618	0	3
DB00805	C0001623	0	4
DB00805	C0003128	0	2
DB00805	C0018681	0	0
DB00805	C0024117	0	1
DB00805	C0036337	0	4
DB00805	C0042138	0	1
DB00805	C0151526	0	0
DB00806	C0376545	0	1
DB00808	C0005697	0	1
DB00808	C0020651	0	1
DB00808	C0024473	0	1
DB00808	C0039841	0	4
DB00808	C0079731	0	1
DB00809	C0009952	0	2
DB00809	C0010692	0	0
DB00810	C0007193	0	3
DB00810	C0023434	0	0
DB00810	C0028840	0	2
DB00810	C0034186	0	4
DB00810	C0040046	0	3
DB00810	C0405580	0	0
DB00810	C2937421	0	2
DB00811	C0398650	0	4
DB00811	C0520679	0	2
DB00812	C0038325	0	0
DB00812	C0494475	0	1
DB00813	C0018681	0	4
DB00813	C0036920	0	0
DB00813	C0232940	0	2
DB00814	C0017605	0	1
DB00814	C0020619	0	4
DB00814	C0025637	0	2
DB00814	C0036651	0	3
DB00814	C0242350	0	0
DB00814	C0281361	0	3
DB00814	C3463824	0	4
DB00816	C0003123	0	0
DB00816	C0020452	0	3
DB00816	C0023472	0	1
DB00816	C0038358	0	1
DB00816	C0149745	0	3
DB00816	C0342543	0	1
DB00818	C0027051	0	3
DB00818	C0038013	0	2
DB00818	C0151714	0	3
DB00819	C0002395	0	4
DB00819	C0751435	0	2
DB00819	C1565489	0	0
DB00820	C0003123	0	0
DB00820	C0005586	0	0
DB00820	C0017668	0	3
DB00820	C0029191	0	4
DB00820	C0042164	0	2
DB00820	C0079584	0	4
DB00820	C1142132	0	1
DB00821	C0029191	0	1
DB00821	C0037188	0	1
DB00821	C0149821	0	3
DB00822	C0001206	0	0
DB00822	C0011616	0	4
DB00822	C0031046	0	0
DB00823	C0003962	0	3
DB00824	C0015967	0	3
DB00825	C0024117	0	3
DB00825	C0035585	0	0
DB00825	C0038325	0	0
DB00825	C0040034	0	4
DB00829	C0018203	0	1
DB00829	C0019080	0	0
DB00829	C0020473	0	2
DB00829	C0020507	0	4
DB00829	C0031190	0	4
DB00829	C0042510	0	3
DB00829	C0220756	0	4
DB00829	C0392784	0	1
DB00829	C0428974	0	4
DB00830	C0004775	0	2
DB00830	C0019829	0	0
DB00830	C0042164	0	4
DB00831	C0004245	0	0
DB00831	C0013386	0	4
DB00831	C0020640	0	4
DB00831	C0038363	0	2
DB00831	C0887833	0	3
DB00831	C1263846	0	1
DB00832	C0014877	0	2
DB00832	C0017160	0	1
DB00834	C0014859	0	2
DB00834	C0027497	0	3
DB00834	C0152020	0	3
DB00834	C0271578	0	0
DB00835	C0014743	0	3
DB00835	C0023481	0	4
DB00835	C0030446	0	0
DB00835	C0220994	0	3
DB00835	C0276535	0	4
DB00835	C0494475	0	3
DB00835	C0553580	0	4
DB00836	C0001623	0	3
DB00836	C0001883	0	0
DB00836	C0021051	0	4
DB00836	C0031511	0	3
DB00836	C0042029	0	2
DB00836	C0042035	0	2
DB00836	C0042847	0	0
DB00836	C0751434	0	0
DB00837	C0014868	0	4
DB00837	C3463824	0	4
DB00838	C0002893	0	1
DB00839	C0020649	0	1
DB00839	C0039685	0	2
DB00841	C0013428	0	1
DB00841	C0026709	0	1
DB00841	C0032285	0	2
DB00841	C0042880	0	0
DB00841	C0678222	0	2
DB00842	C0003872	0	2
DB00842	C0022116	0	0
DB00842	C0028754	0	2
DB00842	C0392784	0	2
DB00842	C0836924	0	3
DB00842	C2316810	0	0
DB00843	C0014549	0	1
DB00843	C0036920	0	3
DB00843	C1269683	0	4
DB00843	C2937421	0	1
DB00844	C0011581	0	1
DB00846	C0080274	0	0
DB00847	C0002894	0	3
DB00847	C0206686	0	2
DB00847	C2267227	0	0
DB00848	C0003862	0	2
DB00848	C0020433	0	3
DB00848	C0036920	0	4
DB00848	C0042164	0	2
DB00849	C0006287	0	0
DB00849	C0022650	0	1
DB00849	C0033581	0	2
DB00849	C0149958	0	3
DB00849	C0238462	0	1
DB00849	C0745103	0	3
DB00850	C0020502	0	0
DB00850	C0025149	0	3
DB00850	C0036830	0	2
DB00850	C0042024	0	0
DB00851	C0010691	0	4
DB00851	C0014335	0	4
DB00851	C0024437	0	2
DB00851	C0026848	0	4
DB00851	C0029458	0	4
DB00851	C0034734	0	0
DB00851	C0376545	0	1
DB00852	C0015397	0	4
DB00852	C0021141	0	0
DB00852	C0494475	0	2
DB00852	C0948480	0	2
DB00853	C0029927	0	1
DB00853	C4048328	0	3
DB00854	C0031190	0	4
DB00854	C0042164	0	1
DB00854	C0281361	0	0
DB00857	C0026650	0	3
DB00857	C1269683	0	4
DB00857	C1527311	0	0
DB00857	C1527336	0	0
DB00858	C0010481	0	3
DB00858	C0029927	0	0
DB00858	C0036980	0	2
DB00858	C0042880	0	4
DB00858	C0268583	0	2
DB00860	C0021051	0	0
DB00860	C0041296	0	3
DB00860	C0085681	0	4
DB00860	C0262584	0	3
DB00860	C0546817	0	2
DB00860	C0596263	0	4
DB00861	C0232940	0	4
DB00862	C0036421	0	1
DB00862	C0919267	0	2
DB00863	C0042571	0	0
DB00863	C0079774	0	4
DB00863	C0151744	0	4
DB00863	C2242472	0	0
DB00864	C0002893	0	3
DB00864	C0025322	0	2
DB00864	C0030567	0	3
DB00864	C0497327	0	3
DB00865	C0006413	0	2
DB00865	C0023890	0	0
DB00865	C0042842	0	2
DB00865	C0232940	0	1
DB00866	C0007642	0	4
DB00866	C0010054	0	1
DB00866	C0020503	0	4
DB00866	C0026764	0	4
DB00867	C0002726	0	4
DB00867	C0007131	0	2
DB00867	C0026691	0	3
DB00868	C0039483	0	1
DB00871	C0003850	0	4
DB00871	C0020507	0	3
DB00871	C0238462	0	1
DB00872	C0003469	0	0
DB00873	C0007570	0	4
DB00873	C0010054	0	1
DB00873	C0011603	0	1
DB00873	C0027708	0	3
DB00873	C0031190	0	3
DB00873	C0476089	0	2
DB00875	C0002888	0	4
DB00875	C0028754	0	4
DB00875	C0034734	0	1
DB00875	C0870082	0	4
DB00876	C0002895	0	0
DB00876	C0020514	0	0
DB00876	C0032897	0	3
DB00876	C0494475	0	2
DB00876	C0751753	0	1
DB00877	C0009324	0	2
DB00877	C0018681	0	1
DB00877	C0024586	0	2
DB00877	C0036980	0	1
DB00877	C0042138	0	4
DB00880	C0006118	0	4
DB00880	C0007131	0	2
DB00880	C0018924	0	2
DB00880	C0024115	0	2
DB00881	C0009952	0	2
DB00881	C0151714	0	4
DB00881	C0282528	0	0
DB00881	C2748055	0	2
DB00882	C0027796	0	3
DB00882	C0034734	0	3
DB00882	C0036202	0	0
DB00883	C0029396	0	3
DB00884	C0002874	0	4
DB00884	C0079584	0	2
DB00885	C0020555	0	1
DB00885	C0020619	0	3
DB00885	C0036980	0	0
DB00885	C0149725	0	1
DB00887	C0007131	0	4
DB00887	C0008312	0	3
DB00887	C0030446	0	1
DB00887	C0220989	0	0
DB00889	C0268596	0	1
DB00889	C0428977	0	2
DB00890	C0018794	0	0
DB00890	C0162836	0	4
DB00893	C0024138	0	4
DB00893	C0242973	0	2
DB00894	C0004604	0	2
DB00894	C0043352	0	2
DB00894	C0162565	0	2
DB00894	C0235480	0	4
DB00894	C2316212	0	2
DB00896	C0010930	0	3
DB00896	C0011848	0	0
DB00896	C0020649	0	4
DB00896	C0029396	0	2
DB00896	C0029463	0	1
DB00896	C0730345	0	4
DB00896	C1527249	0	2
DB00897	C0011991	0	4
DB00897	C0013604	0	3
DB00897	C0028768	0	1
DB00897	C0878773	0	1
DB00898	C0028840	0	1
DB00898	C0206693	0	4
DB00898	C0221765	0	1
DB00902	C0014175	0	3
DB00903	C0005283	0	4
DB00904	C0007134	0	0
DB00904	C0015456	0	4
DB00904	C0017605	0	0
DB00904	C0220710	0	2
DB00905	C0259817	0	1
DB00906	C0014038	0	2
DB00908	C0018834	0	4
DB00908	C0020481	0	2
DB00908	C0030920	0	4
DB00908	C0036341	0	1
DB00908	C0878787	0	4
DB00909	C0014877	0	2
DB00909	C0027430	0	3
DB00909	C0036220	0	3
DB00910	C0004114	0	4
DB00910	C0024301	0	4
DB00910	C0024591	0	1
DB00910	C0040053	0	2
DB00910	C0151942	0	2
DB00910	C0342527	0	2
DB00912	C0007102	0	3
DB00912	C0007570	0	3
DB00912	C0018995	0	1
DB00912	C0029443	0	4
DB00914	C0020615	0	4
DB00915	C0007786	0	1
DB00915	C0019069	0	2
DB00915	C0023470	0	1
DB00915	C0398623	0	2
DB00915	C1384606	0	3
DB00916	C0004943	0	1
DB00916	C0005586	0	2
DB00916	C0037199	0	3
DB00916	C0038160	0	1
DB00916	C0042514	0	1
DB00916	C0085605	0	0
DB00916	C0398650	0	2
DB00916	C0856727	0	2
DB00917	C1861172	0	3
DB00918	C0015397	0	1
DB00918	C0018802	0	1
DB00918	C0281361	0	1
DB00918	C0451641	0	2
DB00920	C0004604	0	2
DB00920	C0010200	0	0
DB00920	C0011881	0	0
DB00920	C0038013	0	1
DB00921	C0021359	0	4
DB00921	C0023892	0	0
DB00921	C0029458	0	4
DB00921	C0149925	0	2
DB00921	C0178416	0	1
DB00921	C0242698	0	1
DB00922	C0003872	0	4
DB00922	C0020459	0	4
DB00922	C0038379	0	4
DB00922	C0162316	0	3
DB00924	C0018203	0	0
DB00924	C0020517	0	1
DB00924	C0268490	0	4
DB00925	C0004114	0	2
DB00925	C0038363	0	4
DB00925	C0409818	0	2
DB00927	C0001627	0	3
DB00927	C0040479	0	4
DB00927	C0456909	0	2
DB00927	C0949116	0	1
DB00928	C0007193	0	1
DB00928	C0008350	0	1
DB00928	C0038013	0	3
DB00929	C0085631	0	2
DB00929	C1960397	0	4
DB00933	C0036651	0	4
DB00933	C1458155	0	2
DB00934	C0003864	0	0
DB00934	C0036508	0	2
DB00934	C0038362	0	4
DB00934	C0085096	0	2
DB00934	C0221032	0	2
DB00934	C1800706	0	3
DB00935	C0011860	0	4
DB00936	C0013720	0	0
DB00936	C0026691	0	0
DB00936	C0085649	0	1
DB00936	C0338908	0	3
DB00936	C2930898	0	2
DB00937	C0015371	0	2
DB00937	C0018273	0	2
DB00937	C0021359	0	1
DB00937	C0023434	0	3
DB00938	C0026709	0	3
DB00938	C0030193	0	0
DB00938	C0035457	0	3
DB00939	C0020514	0	0
DB00939	C0687720	0	2
DB00939	C0948216	0	2
DB00940	C0011849	0	3
DB00940	C0029456	0	2
DB00940	C0038362	0	4
DB00940	C1458155	0	2
DB00942	C0011854	0	2
DB00942	C0022661	0	2
DB00942	C0024138	0	4
DB00942	C0035220	0	1
DB00942	C0079744	0	3
DB00942	C4048328	0	2
DB00944	C0011860	0	2
DB00944	C0028768	0	2
DB00944	C0036323	0	0
DB00944	C0206686	0	3
DB00944	C0870082	0	4
DB00945	C0009763	0	0
DB00945	C0013264	0	1
DB00945	C0028840	0	1
DB00946	C0014556	0	1
DB00946	C0022638	0	3
DB00946	C0034012	0	1
DB00946	C0268490	0	1
DB00947	C0026961	0	4
DB00947	C0042510	0	0
DB00947	C0151714	0	2
DB00949	C0085083	0	4
DB00949	C0151740	0	2
DB00949	C0398650	0	1
DB00950	C0008533	0	2
DB00950	C0014868	0	4
DB00950	C0162836	0	3
DB00951	C0030569	0	4
DB00951	C0039483	0	0
DB00951	C1800706	0	2
DB00952	C0002792	0	4
DB00952	C0006105	0	4
DB00952	C0151740	0	3
DB00952	C2973725	0	0
DB00953	C0008350	0	1
DB00953	C0024117	0	4
DB00953	C0036323	0	0
DB00953	C4083212	0	0
DB00956	C0006142	0	3
DB00956	C0042373	0	1
DB00957	C0014733	0	2
DB00957	C0024138	0	4
DB00957	C0026650	0	3
DB00957	C0041408	0	2
DB00959	C0037930	0	4
DB00960	C0042571	0	3
DB00960	C0149704	0	1
DB00960	C0428977	0	2
DB00962	C0042035	0	1
DB00964	C0007642	0	4
DB00964	C0010481	0	2
DB00964	C0033578	0	0
DB00964	C0039483	0	4
DB00964	C1140680	0	1
DB00966	C0007194	0	3
DB00966	C0008311	0	1
DB00966	C0030193	0	4
DB00966	C0085215	0	1
DB00966	C0221032	0	3
DB00967	C0009404	0	0
DB00967	C0017563	0	1
DB00967	C0027627	0	4
DB00967	C0042571	0	1
DB00968	C0042963	0	1
DB00968	C2267227	0	2
DB00969	C0004239	0	2
DB00969	C0019880	0	4
DB00969	C0085631	0	2
DB00969	C0259817	0	1
DB00969	C0877792	0	2
DB00970	C0042345	0	4
DB00970	C0242698	0	3
DB00972	C0022575	0	2
DB00972	C0029442	0	0
DB00972	C0030193	0	3
DB00972	C0235974	0	0
DB00972	C0342788	0	2
DB00973	C0001430	0	1
DB00973	C0007642	0	1
DB00973	C0024143	0	3
DB00975	C0022548	0	0
DB00975	C0029927	0	1
DB00975	C0040015	0	0
DB00975	C0085631	0	3
DB00975	C2267227	0	1
DB00976	C0028738	0	0
DB00976	C0030569	0	4
DB00978	C0011616	0	3
DB00978	C0017574	0	4
DB00978	C0042963	0	2
DB00978	C0272375	0	0
DB00978	C0702166	0	4
DB00979	C0236964	0	2
DB00979	C0342384	0	4
DB00980	C0005779	0	4
DB00980	C0011334	0	4
DB00980	C0020540	0	1
DB00980	C0024301	0	3
DB00980	C0259817	0	4
DB00981	C0007102	0	3
DB00981	C0033860	0	0
DB00981	C0271578	0	2
DB00981	C1142132	0	3
DB00982	C0014868	0	1
DB00982	C0016057	0	0
DB00982	C0020544	0	0
DB00982	C0035457	0	2
DB00982	C0162566	0	0
DB00982	C4083212	0	4
DB00983	C0013405	0	2
DB00983	C0029401	0	4
DB00983	C0042963	0	2
DB00983	C0751865	0	0
DB00984	C0456909	0	1
DB00985	C0001206	0	1
DB00985	C0002736	0	1
DB00985	C0014583	0	1
DB00985	C0015456	0	1
DB00985	C0242973	0	4
DB00986	C0005138	0	1
DB00986	C0023448	0	3
DB00986	C0040479	0	1
DB00987	C0001973	0	4
DB00987	C0008312	0	4
DB00987	C0018801	0	4
DB00987	C0021603	0	3
DB00987	C0027661	0	0
DB00987	C0029443	0	0
DB00987	C1527249	0	1
DB00988	C0017563	0	2
DB00988	C0022104	0	2
DB00989	C0019112	0	4
DB00989	C0030193	0	0
DB00989	C0035585	0	3
DB00989	C0398775	0	3
DB00990	C0017168	0	2
DB00990	C0022116	0	3
DB00990	C0042847	0	3
DB00990	C0206245	0	3
DB00990	C0405580	0	3
DB00991	C0015624	0	1
DB00991	C0027627	0	1
DB00991	C0456909	0	2
DB00993	C0013274	0	4
DB00993	C0021603	0	1
DB00993	C0038362	0	2
DB00993	C0085606	0	0
DB00993	C0349464	0	0
DB00994	C0014121	0	3
DB00994	C0019880	0	2
DB00994	C0206682	0	3
DB00995	C0013415	0	3
DB00995	C0020676	0	0
DB00995	C0024419	0	3
DB00995	C0035258	0	2
DB00995	C0149931	0	1
DB00996	C0003868	0	1
DB00996	C0007570	0	2
DB00996	C0920350	0	0
DB00997	C0013390	0	1
DB00997	C0017612	0	2
DB00997	C0033806	0	0
DB00997	C0085605	0	1
DB00998	C0008312	0	1
DB00998	C0022660	0	4
DB00999	C0015967	0	4
DB00999	C0028738	0	2
DB00999	C0034734	0	1
DB01001	C0042963	0	3
DB01001	C0221013	0	4
DB01001	C0268596	0	0
DB01003	C0020480	0	4
DB01003	C0035854	0	0
DB01003	C0038525	0	3
DB01003	C1527304	0	2
DB01005	C0020523	0	0
DB01005	C0024115	0	2
DB01005	C0036508	0	2
DB01006	C0011633	0	2
DB01006	C0013720	0	0
DB01006	C1527249	0	0
DB01006	C3463824	0	4
DB01009	C0220710	0	2
DB01009	C0221013	0	4
DB01009	C0233315	0	3
DB01009	C0346647	0	3
DB01010	C0001122	0	3
DB01010	C0013182	0	1
DB01010	C0019618	0	2
DB01011	C0002874	0	4
DB01011	C0036202	0	2
DB01011	C0162568	0	0
DB01011	C1704417	0	4
DB01011	C4083212	0	3
DB01012	C0023472	0	3
DB01012	C0024586	0	0
DB01013	C0014550	0	3
DB01013	C0751362	0	4
DB01014	C0006105	0	0
DB01014	C0014170	0	1
DB01014	C0022575	0	3
DB01014	C0026961	0	0
DB01014	C0029463	0	2
DB01014	C0042510	0	1
DB01015	C0010068	0	2
DB01015	C0020428	0	4
DB01015	C0040479	0	0
DB01016	C0006118	0	2
DB01016	C0026961	0	3
DB01016	C0376545	0	1
DB01017	C0013404	0	0
DB01017	C0018418	0	0
DB01017	C0039590	0	3
DB01017	C0040028	0	3
DB01018	C0014549	0	0
DB01018	C0023443	0	4
DB01019	C0011884	0	4
DB01019	C0268596	0	2
DB01020	C0004153	0	4
DB01021	C0017168	0	3
DB01021	C0023443	0	3
DB01021	C0023890	0	4
DB01021	C0033581	0	4
DB01021	C0033860	0	0
DB01022	C0020640	0	2
DB01023	C0004096	0	1
DB01023	C0023869	0	0
DB01023	C0034186	0	4
DB01023	C0042109	0	4
DB01023	C0085681	0	1
DB01023	C0282193	0	3
DB01024	C0015230	0	0
DB01024	C1961835	0	3
DB01025	C0006413	0	1
DB01025	C0010043	0	0
DB01025	C0042384	0	3
DB01025	C2931618	0	3
DB01026	C0004604	0	0
DB01026	C0005283	0	0
DB01026	C0020538	0	1
DB01026	C0022575	0	1
DB01026	C0023449	0	2
DB01026	C0037036	0	2
DB01029	C0029434	0	4
DB01029	C0040053	0	2
DB01029	C1527249	0	1
DB01030	C0035412	0	4
DB01030	C0220994	0	0
DB01030	C0405580	0	2
DB01031	C0013595	0	3
DB01031	C0019618	0	0
DB01031	C0030578	0	1
DB01031	C0035457	0	0
DB01031	C0238052	0	1
DB01032	C0017160	0	4
DB01032	C0025202	0	2
DB01032	C0025289	0	0
DB01032	C0027424	0	4
DB01032	C0029927	0	0
DB01032	C0035220	0	4
DB01032	C0040517	0	3
DB01032	C0236964	0	1
DB01033	C0019112	0	3
DB01033	C0027498	0	3
DB01033	C0036983	0	1
DB01033	C0175683	0	3
DB01034	C0007570	0	2
DB01035	C0002418	0	1
DB01035	C0010417	0	1
DB01035	C0011606	0	3
DB01035	C0015456	0	3
DB01035	C0018681	0	3
DB01035	C0031099	0	0
DB01035	C0039483	0	3
DB01036	C0002994	0	4
DB01036	C0007570	0	1
DB01036	C0014868	0	4
DB01036	C0034065	0	2
DB01036	C0238198	0	2
DB01036	C2930898	0	3
DB01037	C0022876	0	0
DB01037	C0042909	0	0
DB01039	C0003123	0	2
DB01039	C0019829	0	1
DB01039	C0037769	0	0
DB01039	C0334634	0	0
DB01041	C0151740	0	0
DB01045	C0005967	0	4
DB01045	C0038160	0	1
DB01045	C0751674	0	3
DB01046	C0020545	0	4
DB01046	C0037286	0	0
DB01046	C0085612	0	0
DB01046	C0270458	0	3
DB01046	C0751967	0	4
DB01047	C0002880	0	0
DB01047	C0041296	0	2
DB01049	C0005424	0	1
DB01049	C0398623	0	0
DB01049	C0751967	0	2
DB01049	C1328407	0	3
DB01050	C0014743	0	4
DB01050	C0020445	0	0
DB01050	C1527304	0	1
DB01053	C0015503	0	1
DB01053	C0034150	0	3
DB01053	C0876973	0	0
DB01053	C1384606	0	4
DB01056	C0040136	0	1
DB01057	C0013338	0	1
DB01057	C0015944	0	2
DB01057	C0032768	0	1
DB01057	C0745103	0	1
DB01059	C0015624	0	2
DB01059	C0042571	0	1
DB01059	C0221260	0	2
DB01059	C0428977	0	1
DB01060	C0338908	0	1
DB01062	C0035220	0	2
DB01063	C0018834	0	0
DB01063	C0042909	0	2
DB01063	C0271093	0	2
DB01063	C0948089	0	2
DB01063	C1527336	0	4
DB01064	C0000744	0	3
DB01064	C0008312	0	3
DB01064	C0010692	0	2
DB01064	C0035222	0	1
DB01064	C0270736	0	0
DB01065	C0268579	0	0
DB01065	C1263846	0	1
DB01067	C0014170	0	3
DB01067	C0021361	0	2
DB01068	C0005694	0	2
DB01068	C0018671	0	2
DB01068	C0023437	0	0
DB01068	C0024117	0	1
DB01068	C1837475	0	1
DB01069	C0003872	0	1
DB01069	C0030305	0	4
DB01069	C0238052	0	4
DB01069	C2239176	0	4
DB01070	C0014868	0	1
DB01070	C0079773	0	2
DB01071	C0005694	0	0
DB01071	C0028326	0	4
DB01071	C0242339	0	1
DB01071	C0948216	0	0
DB01073	C0005138	0	3
DB01074	C0023418	0	3
DB01074	C0023434	0	4
DB01074	C0948480	0	1
DB01074	C3495559	0	3
DB01075	C0003467	0	4
DB01075	C0009319	0	4
DB01076	C0020545	0	2
DB01076	C0020626	0	3
DB01076	C0028949	0	1
DB01076	C0041948	0	4
DB01077	C0002171	0	4
DB01077	C0034150	0	0
DB01077	C0036690	0	0
DB01077	C0041408	0	1
DB01077	C1956346	0	3
DB01078	C0007570	0	1
DB01078	C0020507	0	3
DB01078	C0022575	0	3
DB01078	C0024419	0	0
DB01078	C0032987	0	0
DB01078	C0037274	0	1
DB01078	C0151723	0	0
DB01079	C0042510	0	0
DB01079	C0149745	0	0
DB01079	C1527249	0	4
DB01080	C0022650	0	2
DB01080	C0028949	0	2
DB01080	C0029443	0	0
DB01080	C0409818	0	2
DB01080	C0595948	0	1
DB01080	C1306889	0	3
DB01081	C0026948	0	3
DB01082	C0013264	0	4
DB01082	C0023473	0	4
DB01082	C0079584	0	2
DB01082	C0878773	0	3
DB01082	C1527336	0	4
DB01083	C0002880	0	2
DB01083	C0011848	0	0
DB01084	C0149745	0	1
DB01084	C0311277	0	4
DB01084	C0342731	0	3
DB01084	C0948216	0	1
DB01084	C1134719	0	0
DB01085	C0151721	0	1
DB01085	C2973725	0	2
DB01086	C0018213	0	4
DB01086	C0020473	0	4
DB01086	C0220710	0	3
DB01088	C0018099	0	4
DB01088	C0029434	0	2
DB01088	C0038454	0	3
DB01088	C0041296	0	0
DB01088	C0236964	0	2
DB01089	C0020621	0	1
DB01090	C0020481	0	0
DB01090	C0020615	0	0
DB01090	C0238462	0	0
DB01090	C0242488	0	2
DB01092	C0001403	0	2
DB01092	C0010308	0	1
DB01092	C0014550	0	2
DB01092	C0220983	0	1
DB01092	C0271568	0	3
DB01094	C0002962	0	1
DB01094	C0006118	0	3
DB01094	C0751362	0	0
DB01094	C3495559	0	0
DB01095	C0004775	0	3
DB01095	C0022661	0	0
DB01095	C0028738	0	0
DB01095	C0079773	0	3
DB01097	C0020479	0	1
DB01097	C0034063	0	0
DB01097	C0035412	0	1
DB01097	C0041408	0	3
DB01097	C0043202	0	3
DB01097	C0085129	0	4
DB01097	C0221032	0	4
DB01097	C1263846	0	3
DB01098	C0001618	0	3
DB01098	C0001623	0	1
DB01098	C0004364	0	4
DB01098	C0151940	0	2
DB01099	C0013404	0	3
DB01099	C0018213	0	0
DB01099	C0041582	0	4
DB01099	C0242383	0	4
DB01099	C0242698	0	2
DB01100	C0004096	0	3
DB01100	C0037299	0	1
DB01101	C0014742	0	4
DB01101	C0034065	0	0
DB01101	C0042510	0	0
DB01101	C0042571	0	1
DB01101	C0281361	0	3
DB01101	C0751753	0	1
DB01102	C0001403	0	3
DB01102	C0031511	0	0
DB01104	C0011615	0	2
DB01104	C0014553	0	3
DB01104	C0020514	0	0
DB01104	C1961835	0	0
DB01105	C0013595	0	0
DB01105	C0027661	0	1
DB01105	C0035854	0	2
DB01105	C0037286	0	4
DB01106	C0043515	0	0
DB01106	C0456909	0	2
DB01107	C0013264	0	2
DB01107	C0494475	0	1
DB01107	C1306889	0	3
DB01108	C0014859	0	4
DB01108	C0032019	0	0
DB01108	C0751122	0	0
DB01109	C0001623	0	4
DB01110	C0001973	0	4
DB01110	C0014175	0	0
DB01110	C0031069	0	4
DB01110	C0221765	0	4
DB01110	C0878773	0	4
DB01114	C0014549	0	4
DB01114	C0017574	0	0
DB01114	C0424489	0	2
DB01114	C0948896	0	1
DB01115	C0002893	0	0
DB01115	C0039841	0	2
DB01115	C1142132	0	1
DB01117	C0017601	0	3
DB01117	C0235480	0	3
DB01117	C1527249	0	1
DB01118	C0004096	0	1
DB01118	C0010068	0	1
DB01119	C0001206	0	2
DB01119	C0085631	0	2
DB01119	C0343755	0	1
DB01120	C0011881	0	4
DB01120	C0038362	0	0
DB01120	C0039685	0	3
DB01120	C0234533	0	2
DB01120	C0920350	0	2
DB01121	C0003864	0	1
DB01121	C0005586	0	2
DB01121	C0010200	0	3
DB01121	C0032227	0	1
DB01121	C0036202	0	3
DB01121	C0751362	0	2
DB01121	C1260899	0	3
DB01122	C0034885	0	3
DB01122	C0042138	0	4
DB01122	C0151740	0	2
DB01122	C1306889	0	4
DB01124	C0001623	0	0
DB01124	C0024305	0	0
DB01125	C0022593	0	4
DB01125	C0023212	0	2
DB01125	C0085580	0	2
DB01126	C0002894	0	3
DB01126	C0014742	0	1
DB01126	C0041296	0	3
DB01128	C0002453	0	0
DB01128	C0007095	0	0
DB01128	C0019880	0	0
DB01128	C0021308	0	0
DB01128	C0021603	0	0
DB01128	C0029882	0	2
DB01129	C0013421	0	1
DB01129	C0019202	0	4
DB01129	C0023827	0	2
DB01129	C0149931	0	2
DB01130	C0008533	0	2
DB01130	C0017181	0	4
DB01130	C0022650	0	0
DB01130	C1275126	0	0
DB01132	C0011334	0	0
DB01132	C0039103	0	3
DB01132	C0042870	0	3
DB01132	C0398623	0	0
DB01132	C0878787	0	2
DB01133	C0008311	0	2
DB01133	C0011615	0	4
DB01133	C0030446	0	0
DB01133	C0936215	0	1
DB01136	C0002895	0	1
DB01136	C0003864	0	4
DB01136	C0018794	0	0
DB01136	C0019069	0	3
DB01136	C0020649	0	4
DB01136	C0151636	0	4
DB01137	C0008489	0	4
DB01137	C0011606	0	4
DB01137	C0030578	0	3
DB01137	C0042909	0	3
DB01137	C0085649	0	3
DB01137	C0149958	0	4
DB01137	C1527249	0	1
DB01138	C0003469	0	3
DB01138	C0027430	0	0
DB01138	C1336708	0	3
DB01140	C0027627	0	1
DB01140	C0553580	0	2
DB01142	C0024894	0	2
DB01142	C0028754	0	2
DB01142	C0038356	0	2
DB01142	C0241961	0	3
DB01143	C0020456	0	4
DB01143	C0020474	0	2
DB01143	C0022573	0	1
DB01143	C0027796	0	0
DB01143	C0032019	0	1
DB01144	C0005699	0	1
DB01144	C0015469	0	0
DB01144	C0018834	0	4
DB01144	C0024419	0	4
DB01144	C0034734	0	4
DB01144	C0038379	0	2
DB01144	C0342788	0	1
DB01146	C0002893	0	3
DB01146	C0015456	0	2
DB01146	C0025149	0	4
DB01146	C0259817	0	2
DB01148	C0022073	0	1
DB01148	C0220989	0	2
DB01148	C0342384	0	1
DB01149	C0002894	0	4
DB01149	C0024117	0	0
DB01149	C1263846	0	3
DB01151	C0001122	0	1
DB01151	C0001126	0	4
DB01151	C0001623	0	1
DB01151	C0022568	0	2
DB01151	C0036830	0	0
DB01151	C0238052	0	2
DB01156	C0000786	0	1
DB01156	C0029442	0	0
DB01156	C0033578	0	3
DB01156	C0034067	0	2
DB01156	C0035854	0	0
DB01156	C0080274	0	4
DB01156	C0751435	0	3
DB01157	C0032914	0	2
DB01157	C0036920	0	4
DB01157	C0042023	0	0
DB01157	C0428974	0	2
DB01158	C0011616	0	1
DB01158	C0017181	0	4
DB01158	C0876973	0	0
DB01165	C0015672	0	0
DB01165	C0020479	0	4
DB01165	C0026998	0	3
DB01165	C0038525	0	3
DB01165	C0220989	0	2
DB01165	C0520679	0	1
DB01165	C1961835	0	2
DB01166	C0041948	0	4
DB01166	C0149725	0	1
DB01166	C0836924	0	3
DB01167	C0003862	0	4
DB01167	C0019080	0	2
DB01167	C0023440	0	3
DB01167	C0029463	0	1
DB01167	C0032285	0	4
DB01168	C0036651	0	3
DB01168	C0038454	0	3
DB01168	C0042133	0	2
DB01169	C0034065	0	4
DB01170	C0002871	0	3
DB01170	C0011849	0	3
DB01170	C0151636	0	0
DB01170	C0948480	0	2
DB01171	C0014877	0	4
DB01171	C0040517	0	0
DB01171	C0206682	0	0
DB01171	C0235974	0	0
DB01173	C0018995	0	4
DB01173	C0040028	0	0
DB01173	C0220994	0	0
DB01173	C0678222	0	0
DB01174	C0018021	0	2
DB01174	C0036572	0	2
DB01174	C0152020	0	0
DB01174	C0596263	0	0
DB01174	C0948089	0	3
DB01174	C2973725	0	0
DB01175	C0003578	0	0
DB01175	C0012833	0	1
DB01175	C0017605	0	2
DB01175	C0042510	0	2
DB01176	C0020476	0	3
DB01176	C0042514	0	0
DB01176	C1140680	0	1
DB01177	C0003811	0	1
DB01177	C0031117	0	0
DB01177	C1621958	0	4
DB01179	C0002875	0	0
DB01179	C0004943	0	1
DB01179	C0008677	0	1
DB01179	C0079731	0	1
DB01181	C0009375	0	1
DB01182	C0030807	0	4
DB01182	C0085606	0	3
DB01183	C0001418	0	2
DB01183	C0007193	0	4
DB01183	C0014335	0	0
DB01183	C1168401	0	0
DB01184	C0010674	0	4
DB01184	C0031154	0	2
DB01185	C0006267	0	3
DB01185	C0008325	0	2
DB01185	C0014550	0	1
DB01185	C0038358	0	3
DB01185	C1134719	0	1
DB01186	C0002171	0	4
DB01186	C0002395	0	1
DB01186	C0007138	0	3
DB01186	C0162568	0	3
DB01186	C0342788	0	3
DB01186	C2748055	0	3
DB01188	C0015967	0	1
DB01188	C0020640	0	0
DB01188	C0040479	0	0
DB01188	C0278996	0	0
DB01191	C0004096	0	0
DB01191	C0019112	0	0
DB01191	C0025289	0	2
DB01191	C3544321	0	3
DB01193	C0020503	0	1
DB01193	C0026987	0	2
DB01193	C3495559	0	3
DB01195	C0011615	0	4
DB01195	C0034069	0	0
DB01195	C0038358	0	3
DB01195	C0039621	0	4
DB01195	C0948089	0	2
DB01196	C0751435	0	0
DB01196	C0948008	0	1
DB01196	C0948896	0	1
DB01198	C0043202	0	0
DB01198	C0079773	0	4
DB01198	C0085610	0	4
DB01198	C3495559	0	0
DB01199	C0018621	0	4
DB01199	C0162566	0	2
DB01200	C0085413	0	2
DB01200	C0234533	0	4
DB01200	C1168401	0	2
DB01201	C0014742	0	4
DB01201	C0018790	0	4
DB01201	C0029443	0	0
DB01201	C0149821	0	4
DB01201	C0206693	0	0
DB01202	C0023481	0	3
DB01202	C0030569	0	0
DB01202	C0042487	0	2
DB01202	C0343065	0	4
DB01202	C0948089	0	1
DB01202	C1458155	0	3
DB01202	C1956346	0	4
DB01203	C0017601	0	3
DB01203	C0025202	0	3
DB01203	C0392784	0	2
DB01204	C0001126	0	0
DB01204	C0004114	0	1
DB01204	C0011884	0	1
DB01204	C0020517	0	2
DB01204	C0029401	0	0
DB01204	C0029408	0	2
DB01206	C0009806	0	2
DB01206	C0026987	0	0
DB01206	C0028949	0	3
DB01206	C0030297	0	0
DB01208	C0001627	0	0
DB01208	C0015456	0	1
DB01208	C0018924	0	4
DB01208	C0030319	0	2
DB01208	C0038454	0	4
DB01208	C0268579	0	0
DB01209	C0008311	0	1
DB01209	C0036980	0	4
DB01210	C0023449	0	4
DB01210	C0036920	0	2
DB01210	C0476089	0	2
DB01211	C0010692	0	1
DB01212	C0936215	0	4
DB01214	C1328407	0	2
DB01215	C0006625	0	1
DB01215	C0007095	0	3
DB01215	C0014544	0	3
DB01215	C0033806	0	0
DB01215	C0036323	0	2
DB01216	C0001122	0	1
DB01216	C0020461	0	0
DB01216	C0150055	0	1
DB01216	C1261473	0	3
DB01217	C0013421	0	1
DB01217	C0026948	0	2
DB01217	C0029401	0	3
DB01217	C0085096	0	2
DB01219	C0021359	0	4
DB01219	C0238463	0	4
DB01219	C0242383	0	3
DB01220	C0023437	0	1
DB01220	C0040136	0	1
DB01220	C0042880	0	3
DB01222	C0025202	0	0
DB01222	C0025294	0	4
DB01222	C0032285	0	0
DB01222	C0236663	0	1
DB01223	C0023467	0	3
DB01223	C0024437	0	1
DB01223	C0036508	0	4
DB01224	C0038454	0	1
DB01225	C0017563	0	3
DB01225	C0023267	0	3
DB01225	C0029458	0	2
DB01225	C2718128	0	4
DB01228	C0546817	0	1
DB01229	C0020217	0	2
DB01229	C0040261	0	4
DB01231	C0014356	0	0
DB01231	C0015967	0	2
DB01231	C0022354	0	0
DB01231	C0023052	0	0
DB01231	C0029408	0	2
DB01231	C0029442	0	3
DB01231	C1328407	0	0
DB01232	C0007570	0	3
DB01232	C0036421	0	2
DB01232	C0042514	0	0
DB01232	C0085610	0	1
DB01232	C0524910	0	0
DB01232	C0559106	0	3
DB01233	C0003467	0	1
DB01233	C0035854	0	4
DB01234	C0003123	0	2
DB01234	C0010691	0	2
DB01234	C0033975	0	4
DB01234	C0036690	0	4
DB01234	C0917805	0	2
DB01235	C0002453	0	2
DB01235	C0027819	0	4
DB01235	C0035579	0	2
DB01235	C0746102	0	4
DB01235	C1527249	0	3
DB01237	C0037286	0	1
DB01237	C0847614	0	0
DB01237	C1394891	0	0
DB01238	C0005695	0	0
DB01238	C0008489	0	3
DB01238	C0024138	0	2
DB01238	C0030807	0	1
DB01238	C0032285	0	0
DB01238	C0276226	0	0
DB01239	C1704417	0	3
DB01240	C0334634	0	0
DB01241	C0029191	0	3
DB01241	C0949116	0	1
DB01242	C0026896	0	1
DB01243	C0002390	0	2
DB01243	C0004239	0	3
DB01243	C0022660	0	0
DB01243	C0085159	0	3
DB01243	C4083212	0	4
DB01244	C0018790	0	4
DB01244	C0018995	0	0
DB01244	C0751362	0	3
DB01244	C1263846	0	3
DB01246	C0002453	0	4
DB01246	C0014550	0	1
DB01246	C0022665	0	2
DB01247	C0037188	0	3
DB01247	C0042029	0	3
DB01247	C0151721	0	2
DB01248	C0009806	0	2
DB01248	C0014534	0	4
DB01250	C0007095	0	3
DB01250	C0019087	0	1
DB01250	C0020476	0	3
DB01251	C0006105	0	2
DB01251	C0010054	0	1
DB01251	C0011991	0	0
DB01251	C0021603	0	1
DB01251	C0023481	0	4
DB01252	C0023481	0	4
DB01252	C0024419	0	4
DB01252	C0026769	0	2
DB01252	C0151526	0	1
DB01252	C0234974	0	3
DB01253	C0007138	0	4
DB01253	C0022650	0	3
DB01253	C0596263	0	0
DB01254	C0017574	0	4
DB01254	C0031069	0	0
DB01254	C0242698	0	4
DB01254	C0456909	0	3
DB01255	C0014859	0	0
DB01257	C0002874	0	4
DB01257	C0029396	0	3
DB01257	C0221260	0	1
DB01260	C0017668	0	3
DB01260	C0023437	0	2
DB01260	C0342881	0	2
DB01260	C0398775	0	2
DB01260	C0451641	0	4
DB01260	C0751865	0	4
DB01261	C0027796	0	2
DB01261	C0038363	0	3
DB01261	C0268543	0	4
DB01261	C0282528	0	2
DB01261	C0520679	0	0
DB01261	C0836924	0	2
DB01262	C0005967	0	3
DB01262	C0035412	0	3
DB01263	C0002395	0	0
DB01265	C0006413	0	1
DB01265	C0041341	0	0
DB01267	C0948480	0	4
DB01268	C0003128	0	2
DB01268	C0003862	0	4
DB01268	C0009404	0	1
DB01268	C0014868	0	3
DB01268	C1704417	0	3
DB01270	C0029882	0	3
DB01270	C0042487	0	0
DB01270	C0740394	0	3
DB01270	C0751434	0	3
DB01271	C0010054	0	3
DB01271	C0014356	0	1
DB01271	C0029442	0	3
DB01271	C0242383	0	1
DB01274	C0002962	0	3
DB01274	C0751753	0	3
DB01275	C0007131	0	4
DB01275	C0087012	0	2
DB01275	C0270846	0	4
DB01275	C0700201	0	2
DB01276	C0002171	0	2
DB01276	C0022104	0	1
DB01276	C0041948	0	1
DB01276	C0206693	0	4
DB01276	C0334579	0	0
DB01276	C0376545	0	1
DB01277	C0023465	0	1
DB01277	C0242488	0	3
DB01277	C0278996	0	4
DB01278	C0005741	0	1
DB01278	C0007570	0	4
DB01279	C4048328	0	2
DB01280	C0001957	0	4
DB01280	C0011854	0	3
DB01280	C0018801	0	3
DB01280	C0024031	0	4
DB01280	C0032285	0	2
DB01280	C0035585	0	4
DB01280	C0343755	0	1
DB01281	C0019618	0	2
DB01281	C0038356	0	3
DB01282	C0018213	0	3
DB01282	C0023440	0	4
DB01282	C1134719	0	0
DB01283	C0020459	0	2
DB01283	C0041408	0	1
DB01283	C0687720	0	1
DB01284	C0006105	0	1
DB01284	C0745103	0	4
DB01285	C0004096	0	2
DB01285	C0032285	0	2
DB01285	C0085083	0	1
DB01285	C0151744	0	3
DB01285	C0524910	0	4
DB01288	C0010691	0	4
DB01288	C0017612	0	0
DB01288	C0018801	0	2
DB01288	C0020428	0	0
DB01288	C0022660	0	1
DB01288	C0553580	0	3
DB01291	C0042847	0	1
DB01295	C0029442	0	2
DB01296	C0018995	0	3
DB01297	C0006105	0	0
DB01297	C0007095	0	1
DB01297	C0008312	0	2
DB01297	C0079773	0	1
DB01297	C0149821	0	3
DB01297	C0238462	0	4
DB01303	C0009375	0	4
DB01303	C0040046	0	1
DB01303	C0949116	0	3
DB01306	C0002726	0	4
DB01306	C0008325	0	3
DB01306	C0029927	0	0
DB01307	C0014859	0	4
DB01309	C0029396	0	3
DB01309	C0149704	0	0
DB01309	C0751435	0	1
DB01320	C0085610	0	0
DB01320	C0149704	0	3
DB01320	C1561643	0	0
DB01324	C0001883	0	0
DB01324	C0002390	0	2
DB01324	C0009763	0	1
DB01324	C0023473	0	4
DB01324	C0031069	0	4
DB01324	C0162429	0	2
DB01324	C0238052	0	0
DB01324	C0342731	0	2
DB01325	C0014743	0	0
DB01325	C0014859	0	2
DB01325	C0024419	0	0
DB01325	C0149958	0	1
DB01325	C0156404	0	4
DB01327	C0001206	0	0
DB01327	C0011881	0	4
DB01327	C0281361	0	2
DB01327	C1527304	0	2
DB01333	C0699791	0	4
DB01340	C0036980	0	2
DB01340	C0162429	0	3
DB01340	C0271568	0	0
DB01348	C0003862	0	2
DB01348	C0010930	0	1
DB01348	C0342384	0	2
DB01349	C0015672	0	2
DB01349	C0020443	0	1
DB01349	C0043202	0	0
DB01351	C0012833	0	0
DB01351	C0023440	0	1
DB01351	C0220756	0	4
DB01352	C0002965	0	2
DB01352	C0010481	0	1
DB01352	C0022951	0	2
DB01352	C0024121	0	3
DB01352	C0028326	0	4
DB01352	C0206682	0	2
DB01352	C0338908	0	1
DB01353	C0025500	0	3
DB01353	C0030590	0	3
DB01353	C0042875	0	2
DB01353	C0085631	0	3
DB01353	C0259817	0	4
DB01356	C0015397	0	4
DB01356	C0022568	0	3
DB01356	C0221260	0	0
DB01357	C0002894	0	1
DB01357	C0011334	0	1
DB01357	C0020476	0	2
DB01357	C0033581	0	0
DB01357	C0311375	0	4
DB01359	C0022665	0	3
DB01359	C0024437	0	3
DB01359	C0037274	0	0
DB01364	C0039240	0	1
DB01364	C0276226	0	1
DB01365	C0021141	0	3
DB01365	C0220756	0	4
DB01366	C0013238	0	3
DB01366	C0029134	0	0
DB01366	C0233315	0	4
DB01367	C0008350	0	4
DB01367	C0027430	0	1
DB01367	C0276226	0	1
DB01378	C0003578	0	3
DB01378	C0013238	0	2
DB01378	C0041408	0	4
DB01380	C0004352	0	3
DB01392	C0025149	0	2
DB01392	C0042875	0	0
DB01392	C0268483	0	1
DB01392	C0524909	0	4
DB01393	C0006118	0	0
DB01393	C0040034	0	4
DB01394	C0014553	0	3
DB01394	C0019069	0	1
DB01394	C0042138	0	2
DB01395	C0014121	0	2
DB01395	C0022575	0	1
DB01395	C0023434	0	1
DB01395	C1336708	0	4
DB01396	C0019243	0	3
DB01396	C0027796	0	2
DB01396	C0029456	0	3
DB01396	C0042345	0	4
DB01397	C0003469	0	2
DB01397	C0019156	0	0
DB01397	C0020625	0	3
DB01397	C0151721	0	1
DB01397	C0235974	0	3
DB01397	C1142132	0	1
DB01399	C0011616	0	0
DB01399	C0013182	0	3
DB01400	C0001418	0	4
DB01400	C0006287	0	2
DB01400	C0022595	0	2
DB01400	C0025323	0	0
DB01400	C0029396	0	4
DB01400	C0151723	0	1
DB01401	C0002962	0	3
DB01403	C0001403	0	1
DB01403	C0018133	0	2
DB01403	C0022665	0	1
DB01404	C0040015	0	1
DB01404	C0949116	0	1
DB01406	C0014859	0	4
DB01406	C0020503	0	1
DB01406	C0021361	0	2
DB01406	C1384606	0	1
DB01407	C0020476	0	4
DB01407	C0151942	0	2
DB01408	C0026705	0	3
DB01408	C0039685	0	4
DB01408	C0085612	0	2
DB01409	C0020550	0	0
DB01409	C0031190	0	1
DB01410	C0004604	0	1
DB01410	C0029927	0	3
DB01410	C0042909	0	3
DB01410	C0162834	0	3
DB01410	C0343755	0	1
DB01411	C0021308	0	2
DB01411	C0027022	0	0
DB01411	C0029458	0	2
DB01412	C0010674	0	1
DB01412	C0038220	0	2
DB01412	C0085631	0	2
DB01412	C0175683	0	4
DB01418	C0012739	0	2
DB01418	C0042909	0	0
DB01418	C0236663	0	4
DB01418	C0376358	0	1
DB01420	C0021364	0	1
DB01425	C0037763	0	1
DB01425	C0398623	0	4
DB01425	C0700201	0	0
DB01426	C0011334	0	4
DB01426	C0012833	0	2
DB01426	C0029927	0	0
DB01426	C0039841	0	2
DB01426	C0270736	0	0
DB01427	C0005138	0	1
DB01427	C0011615	0	2
DB01427	C0011616	0	2
DB01427	C0023481	0	1
DB01427	C0080274	0	2
DB01427	C0150055	0	1
DB01429	C0022073	0	4
DB01429	C0023434	0	4
DB01429	C0027022	0	0
DB01429	C0034012	0	4
DB01429	C0271650	0	1
DB01429	C0409959	0	2
DB01429	C0948008	0	4
DB01430	C0007137	0	1
DB01430	C0021141	0	3
DB01430	C0023437	0	2
DB01430	C0154143	0	1
DB01430	C0451641	0	1
DB01431	C0003872	0	0
DB01431	C0022596	0	1
DB01431	C0023267	0	0
DB01435	C0023437	0	1
DB01435	C0040015	0	1
DB01435	C0220983	0	3
DB01436	C0023212	0	2
DB01436	C0036323	0	1
DB01437	C0238111	0	0
DB01437	C0270851	0	4
DB01437	C1849508	0	2
DB01437	C2242472	0	4
DB01438	C0002888	0	3
DB01438	C0021670	0	4
DB01438	C0040046	0	0
DB01438	C0236663	0	2
DB01438	C0405580	0	3
DB01440	C0003467	0	1
DB01452	C0009324	0	2
DB01452	C0013404	0	4
DB01452	C0026948	0	2
DB01452	C0029401	0	4
DB01452	C0032019	0	4
DB01452	C0751967	0	0
DB01483	C0005586	0	1
DB01483	C0007820	0	4
DB01483	C0010417	0	4
DB01483	C0699791	0	1
DB01483	C0751435	0	0
DB01483	C0751865	0	1
DB01558	C0009806	0	1
DB01558	C0085682	0	3
DB01558	C0242339	0	4
DB01558	C0878773	0	1
DB01576	C0007786	0	0
DB01577	C0085606	0	2
DB01577	C0149725	0	0
DB01577	C0238462	0	3
DB01577	C0343755	0	0
DB01577	C1269683	0	1
DB01579	C0003811	0	2
DB01579	C0020538	0	0
DB01579	C0023827	0	4
DB01580	C0010691	0	0
DB01580	C0019829	0	3
DB01580	C0020481	0	1
DB01580	C0040046	0	1
DB01580	C0271093	0	2
DB01586	C0006413	0	2
DB01586	C0013604	0	2
DB01586	C0546817	0	0
DB01586	C0917801	0	0
DB01588	C0009319	0	3
DB01588	C0009375	0	2
DB01588	C0022116	0	2
DB01588	C0311277	0	4
DB01589	C0024305	0	2
DB01589	C0024523	0	0
DB01589	C0027404	0	3
DB01589	C0221765	0	1
DB01590	C0010692	0	1
DB01590	C0014038	0	2
DB01590	C0020640	0	1
DB01590	C0024138	0	2
DB01590	C0025294	0	1
DB01590	C0034069	0	2
DB01590	C0036508	0	1
DB01591	C0035220	0	1
DB01591	C0409959	0	4
DB01591	C1704417	0	2
DB01591	C1956346	0	4
DB01592	C0034063	0	4
DB01592	C0042900	0	2
DB01592	C0271650	0	0
DB01592	C0878544	0	1
DB01593	C0025500	0	3
DB01593	C0032460	0	2
DB01593	C0033806	0	2
DB01593	C0085612	0	3
DB01593	C0162429	0	2
DB01593	C0342384	0	3
DB01595	C0011581	0	1
DB01595	C0020428	0	4
DB01595	C0020507	0	4
DB01595	C0030578	0	1
DB01595	C0034013	0	2
DB01595	C0085669	0	3
DB01595	C0524620	0	3
DB01595	C2316212	0	4
DB01597	C0001206	0	2
DB01597	C0001418	0	0
DB01597	C0020625	0	2
DB01597	C0042109	0	1
DB01597	C0238198	0	1
DB01597	C0272375	0	0
DB01599	C0006267	0	1
DB01600	C0013238	0	0
DB01600	C0020456	0	2
DB01609	C0009319	0	1
DB01609	C0024586	0	3
DB01609	C0042345	0	4
DB01609	C0149871	0	3
DB01611	C0020461	0	0
DB01611	C0027796	0	0
DB01611	C0029882	0	2
DB01611	C0036202	0	4
DB01611	C0038358	0	1
DB01611	C0041948	0	3
DB01611	C0271650	0	2
DB01615	C0038013	0	0
DB01615	C0235063	0	4
DB01616	C0007785	0	4
DB01616	C0008350	0	1
DB01616	C0010417	0	0
DB01616	C0025289	0	2
DB01616	C0037930	0	4
DB01618	C0032897	0	1
DB01618	C0730345	0	2
DB01619	C0015672	0	3
DB01619	C0949116	0	1
DB01620	C0007642	0	1
DB01620	C0015371	0	1
DB01620	C0018681	0	3
DB01620	C0678222	0	2
DB01620	C0751865	0	2
DB01621	C0151714	0	0
DB01622	C0019080	0	2
DB01622	C0023443	0	4
DB01623	C0013386	0	3
DB01623	C0025322	0	2
DB01623	C0042029	0	2
DB01623	C0259817	0	4
DB01623	C1306889	0	2
DB01624	C0002962	0	0
DB01624	C0011606	0	1
DB01624	C0038013	0	1
DB01625	C0007785	0	0
DB01625	C0019087	0	0
DB01625	C0030569	0	0
DB01625	C0033578	0	4
DB01625	C0034063	0	1
DB01625	C0233315	0	1
DB01625	C1961099	0	2
DB01626	C0011849	0	3
DB01626	C0016057	0	1
DB01626	C0751967	0	3
DB01628	C0024299	0	2
DB01628	C0029927	0	0
DB01628	C0036202	0	3
DB01628	C0259817	0	0
DB01628	C0473527	0	4
DB01628	C0476089	0	3
DB01656	C0014556	0	4
DB01656	C0079773	0	1
DB01656	C0271568	0	0
DB01685	C0011633	0	3
DB01685	C0023052	0	3
DB01685	C0035229	0	4
DB01685	C0039621	0	1
DB01685	C0151940	0	3
DB01698	C0014550	0	1
DB01698	C0038325	0	0
DB01708	C0020437	0	2
DB01744	C0020544	0	0
DB01744	C0029191	0	1
DB01744	C0034069	0	1
DB01744	C0220983	0	4
DB01744	C0238052	0	0
DB01839	C0235063	0	4
DB01956	C0004245	0	2
DB01956	C0242973	0	0
DB02300	C0002170	0	1
DB02300	C0011849	0	4
DB02300	C0037299	0	3
DB02300	C0149725	0	1
DB02300	C0740394	0	0
DB02530	C0002871	0	0
DB02530	C2931618	0	4
DB02546	C0021775	0	0
DB02546	C0232940	0	3
DB02638	C0027662	0	0
DB02638	C0242383	0	4
DB02638	C0268070	0	4
DB02638	C0876973	0	3
DB02659	C0013415	0	3
DB02659	C0018203	0	1
DB02659	C0022548	0	4
DB02659	C0085083	0	0
DB02701	C0015469	0	0
DB02701	C0018213	0	3
DB02701	C0020459	0	3
DB02701	C1561643	0	3
DB02709	C0220994	0	0
DB02709	C0847614	0	0
DB02772	C0011882	0	2
DB02772	C0242350	0	2
DB02901	C0001618	0	4
DB02925	C0024121	0	0
DB02925	C0035457	0	2
DB02925	C0235063	0	4
DB02925	C0278996	0	0
DB02925	C0542346	0	0
DB03017	C0029463	0	0
DB03017	C0029882	0	2
DB03017	C0034069	0	0
DB03017	C0948008	0	0
DB03085	C0014733	0	1
DB03128	C0002875	0	4
DB03128	C0021655	0	3
DB03128	C0038362	0	3
DB03128	C0162565	0	3
DB03128	C0236663	0	0
DB03255	C0001973	0	1
DB03255	C0002792	0	1
DB03255	C0017168	0	2
DB03255	C0022595	0	3
DB03255	C0034065	0	4
DB03255	C0311277	0	0
DB03255	C0745103	0	1
DB03255	C1800706	0	4
DB03619	C0023890	0	1
DB03619	C0037769	0	1
DB03619	C0040053	0	4
DB03619	C0079731	0	1
DB03619	C0242422	0	1
DB03754	C0001618	0	3
DB03754	C0035579	0	1
DB03754	C0085610	0	3
DB03754	C0398775	0	0
DB03754	C0424489	0	2
DB03793	C0270736	0	0
DB03793	C0451641	0	0
DB03852	C0000744	0	2
DB03852	C0009806	0	0
DB03852	C0018916	0	3
DB03852	C0019151	0	0
DB03852	C0020538	0	3
DB03852	C0022548	0	0
DB03852	C0149821	0	0
DB03852	C0151721	0	0
DB03852	C0151723	0	2
DB03904	C0017601	0	1
DB03904	C0038018	0	2
DB03904	C0162834	0	4
DB03904	C1527311	0	1
DB04106	C0021655	0	3
DB04106	C0035579	0	4
DB04106	C0042029	0	0
DB04106	C0149958	0	4
DB04106	C0542346	0	4
DB04106	C2748055	0	2
DB04115	C0013428	0	3
DB04115	C0221013	0	3
DB04115	C1263846	0	4
DB04115	C2718128	0	3
DB04216	C0006118	0	3
DB04216	C0008149	0	3
DB04216	C0014868	0	4
DB04216	C0271568	0	0
DB04216	C0311375	0	2
DB04216	C0473527	0	4
DB04216	C0948008	0	0
DB04272	C0017168	0	1
DB04272	C0033578	0	3
DB04465	C0041408	0	4
DB04519	C0019880	0	2
DB04519	C1458155	0	3
DB04552	C0013144	0	3
DB04552	C0029408	0	2
DB04552	C0887833	0	4
DB04575	C0002170	0	3
DB04575	C0029463	0	2
DB04575	C0034013	0	3
DB04575	C0039483	0	0
DB04575	C0259817	0	2
DB04575	C0476089	0	2
DB04576	C0019112	0	1
DB04576	C0398650	0	0
DB04576	C0595948	0	2
DB04665	C0004775	0	2
DB04665	C0013274	0	4
DB04665	C0013390	0	1
DB04665	C0014356	0	4
DB04665	C0033806	0	1
DB04743	C0595948	0	2
DB04743	C1384606	0	2
DB04837	C0023437	0	1
DB04837	C0026650	0	2
DB04837	C1704417	0	2
DB04838	C0020517	0	4
DB04838	C0022104	0	4
DB04838	C0024437	0	3
DB04838	C0024899	0	2
DB04838	C0079584	0	4
DB04838	C0079774	0	1
DB04840	C0018995	0	2
DB04840	C0019156	0	3
DB04840	C0409959	0	2
DB04840	C0917801	0	4
DB04841	C0017638	0	2
DB04841	C0018834	0	4
DB04841	C0031154	0	4
DB04841	C0238111	0	1
DB04842	C0014859	0	0
DB04842	C0026948	0	4
DB04842	C0034012	0	4
DB04842	C0043352	0	1
DB04843	C0014549	0	2
DB04843	C0751865	0	4
DB04844	C0004096	0	4
DB04844	C0025322	0	0
DB04844	C0038525	0	4
DB04844	C0751362	0	2
DB04845	C0020757	0	1
DB04845	C0034063	0	2
DB04845	C0034734	0	1
DB04846	C0015397	0	2
DB04846	C0032019	0	4
DB04846	C0037036	0	4
DB04846	C0878544	0	0
DB04854	C0004096	0	4
DB04854	C0004245	0	4
DB04854	C0596263	0	4
DB04854	C2936781	0	4
DB04855	C0008489	0	2
DB04855	C0020542	0	0
DB04855	C3463824	0	2
DB04861	C0018133	0	1
DB04861	C0032227	0	4
DB04861	C0162568	0	2
DB04861	C0919267	0	2
DB04865	C0007820	0	0
DB04865	C0020481	0	3
DB04865	C0149925	0	3
DB04866	C0020635	0	2
DB04866	C0029396	0	0
DB04866	C0035222	0	4
DB04866	C0270458	0	4
DB04868	C0008325	0	3
DB04868	C0026650	0	0
DB04868	C0040015	0	4
DB04868	C0043515	0	1
DB04868	C0242422	0	4
DB04871	C0008489	0	4
DB04871	C0014742	0	4
DB04871	C0043515	0	2
DB04876	C1704436	0	2
DB04878	C0011848	0	3
DB04878	C0042909	0	3
DB04878	C0149958	0	3
DB04878	C0553580	0	1
DB04880	C0006625	0	4
DB04880	C0011849	0	1
DB04880	C0015624	0	0
DB04880	C0235974	0	2
DB04890	C0018802	0	1
DB04890	C0020555	0	4
DB04890	C0036341	0	4
DB04890	C0085612	0	0
DB04890	C0235974	0	3
DB04894	C0010054	0	4
DB04894	C0022596	0	3
DB04894	C0042510	0	4
DB04894	C0242339	0	1
DB04895	C0005699	0	4
DB04895	C0008350	0	3
DB04895	C0010200	0	3
DB04895	C0011881	0	4
DB04895	C0042847	0	2
DB04895	C0085612	0	2
DB04895	C0334634	0	3
DB04896	C0010930	0	0
DB04896	C0014743	0	2
DB04896	C0037930	0	0
DB04896	C0234533	0	3
DB04896	C1527249	0	2
DB04898	C0017668	0	3
DB04898	C0038356	0	2
DB04898	C0206682	0	2
DB04898	C0376358	0	1
DB04899	C0001627	0	1
DB04899	C0035854	0	3
DB04899	C0040517	0	0
DB04920	C0040147	0	4
DB04920	C0405580	0	4
DB04920	C0751865	0	4
DB04924	C0009324	0	3
DB04924	C0012739	0	3
DB04924	C0022660	0	1
DB04924	C0268490	0	2
DB04924	C0271578	0	3
DB04924	C1527304	0	3
DB04931	C0011616	0	3
DB04931	C0014743	0	1
DB04931	C0751434	0	3
DB04931	C0948216	0	1
DB04932	C0268483	0	3
DB04938	C0001957	0	0
DB04938	C0026896	0	4
DB04938	C0029408	0	2
DB04938	C0030193	0	4
DB04938	C0036572	0	1
DB04938	C0700201	0	2
DB04941	C0011875	0	1
DB04941	C0029442	0	3
DB04941	C0085083	0	0
DB04941	C0221260	0	4
DB04942	C0007194	0	4
DB04942	C0014859	0	0
DB04942	C0030305	0	2
DB04942	C0035228	0	3
DB04946	C0008489	0	0
DB04946	C2930898	0	2
DB04953	C0001627	0	2
DB04953	C0036651	0	2
DB04953	C0346421	0	0
DB04953	C0917805	0	3
DB04967	C0000744	0	3
DB04967	C0005697	0	3
DB04967	C0020619	0	4
DB04967	C0151721	0	4
DB04967	C0242383	0	3
DB04967	C0456909	0	3
DB05015	C0013295	0	1
DB05015	C0014038	0	3
DB05015	C0014743	0	1
DB05015	C0042109	0	4
DB05015	C0155862	0	3
DB05016	C0011606	0	1
DB05016	C0023487	0	0
DB05039	C0006271	0	2
DB05039	C0011334	0	1
DB05039	C0282528	0	3
DB05099	C0024031	0	1
DB05099	C0026848	0	4
DB05239	C0010346	0	2
DB05239	C0017668	0	2
DB05239	C0018916	0	4
DB05239	C0268490	0	3
DB05246	C0005587	0	4
DB05246	C0035078	0	0
DB05260	C0024117	0	3
DB05260	C0027022	0	1
DB05260	C0740394	0	4
DB05260	C1306889	0	2
DB05260	C2239176	0	0
DB05260	C2930898	0	0
DB05265	C0020640	0	1
DB05265	C0030807	0	3
DB05265	C0149745	0	4
DB05265	C0220756	0	2
DB05265	C0241961	0	4
DB05266	C0003811	0	2
DB05266	C0004364	0	4
DB05266	C0024591	0	2
DB05266	C0205768	0	4
DB05271	C0004114	0	4
DB05271	C0024115	0	0
DB05271	C0027497	0	0
DB05271	C0040156	0	0
DB05294	C0162429	0	1
DB05294	C0268070	0	3
DB05294	C0268483	0	0
DB05294	C0677607	0	3
DB05311	C0002874	0	1
DB05311	C0014173	0	1
DB05332	C0014170	0	1
DB05332	C0020479	0	0
DB05332	C0034067	0	1
DB05332	C0221260	0	1
DB05351	C0023437	0	0
DB05351	C0334634	0	4
DB05351	C0751434	0	2
DB05351	C1384600	0	0
DB05389	C0035579	0	1
DB05389	C0282488	0	3
DB05389	C0334634	0	4
DB05521	C0007785	0	1
DB05521	C0024790	0	0
DB05541	C0011581	0	4
DB05541	C0015672	0	3
DB05541	C0017181	0	1
DB05541	C0949116	0	4
DB05578	C0020757	0	0
DB05578	C0023465	0	1
DB05578	C0043459	0	4
DB05578	C0311375	0	3
DB05630	C0013404	0	0
DB05630	C0036220	0	2
DB05630	C3463824	0	4
DB05679	C0007102	0	1
DB05679	C0013182	0	2
DB05679	C0018834	0	3
DB05679	C0342543	0	3
DB05679	C2748055	0	3
DB05777	C0015967	0	0
DB05777	C0035455	0	0
DB05777	C0036572	0	4
DB05777	C0038013	0	2
DB05777	C0238462	0	0
DB05777	C0948216	0	1
DB05812	C0009952	0	0
DB05812	C0014121	0	2
DB05812	C0027424	0	4
DB05812	C0038363	0	1
DB05812	C0398623	0	2
DB05812	C0524620	0	1
DB05829	C0746102	0	2
DB05990	C0013421	0	1
DB05990	C0020461	0	0
DB05990	C0020523	0	1
DB05990	C0023892	0	4
DB06016	C0003873	0	3
DB06016	C0018671	0	4
DB06016	C0022638	0	4
DB06016	C0149745	0	3
DB06144	C0007642	0	1
DB06144	C0152020	0	2
DB06148	C0005587	0	0
DB06148	C0032580	0	2
DB06148	C0085631	0	0
DB06148	C0235480	0	0
DB06148	C1527304	0	2
DB06151	C0000744	0	1
DB06151	C0014335	0	3
DB06151	C0018133	0	0
DB06151	C0036337	0	0
DB06151	C0085610	0	3
DB06152	C0020626	0	0
DB06152	C0040517	0	3
DB06152	C0079773	0	1
DB06152	C0687150	0	4
DB06153	C0018790	0	3
DB06153	C0022595	0	3
DB06153	C0023480	0	0
DB06153	C0035457	0	1
DB06155	C0015530	0	0
DB06155	C0021051	0	2
DB06155	C0032580	0	3
DB06155	C0079731	0	0
DB06155	C0948480	0	2
DB06168	C0005684	0	2
DB06168	C0017638	0	4
DB06168	C0524620	0	0
DB06176	C0041582	0	1
DB06193	C2267227	0	0
DB06196	C0020428	0	0
DB06196	C0021775	0	2
DB06196	C0024305	0	2
DB06196	C0700201	0	4
DB06201	C0032027	0	0
DB06201	C0473527	0	3
DB06201	C0751434	0	1
DB06202	C0025149	0	0
DB06202	C0025322	0	1
DB06202	C0030297	0	3
DB06202	C0079731	0	2
DB06202	C0151740	0	0
DB06202	C0596263	0	3
DB06202	C1800706	0	1
DB06203	C0032019	0	4
DB06209	C0004364	0	1
DB06209	C0019880	0	4
DB06209	C0917801	0	2
DB06210	C0037036	0	1
DB06210	C0042487	0	0
DB06211	C0019112	0	0
DB06211	C0026691	0	3
DB06212	C0018995	0	1
DB06212	C0019618	0	4
DB06212	C0236964	0	3
DB06212	C1261473	0	3
DB06213	C0002962	0	0
DB06213	C0004114	0	4
DB06213	C0041296	0	4
DB06213	C0152020	0	1
DB06213	C0206682	0	0
DB06213	C0242422	0	2
DB06213	C0948480	0	2
DB06213	C1960397	0	0
DB06216	C0022116	0	3
DB06216	C0036980	0	3
DB06217	C0238052	0	1
DB06217	C0494475	0	4
DB06217	C1458155	0	2
DB06218	C0002874	0	0
DB06218	C0004364	0	0
DB06218	C0013404	0	3
DB06218	C0037199	0	4
DB06219	C0002736	0	4
DB06219	C0011616	0	2
DB06219	C0022104	0	1
DB06219	C0023869	0	3
DB06219	C0751362	0	3
DB06219	C1384606	0	4
DB06228	C0020651	0	2
DB06228	C0259817	0	2
DB06230	C0020598	0	1
DB06230	C0023869	0	4
DB06230	C0242488	0	3
DB06230	C0524909	0	4
DB06230	C1961835	0	4
DB06237	C0033975	0	0
DB06237	C0037036	0	1
DB06243	C0018924	0	2
DB06243	C0029456	0	2
DB06264	C0002875	0	1
DB06264	C0011849	0	1
DB06264	C0020445	0	4
DB06264	C0155862	0	4
DB06267	C0040028	0	1
DB06267	C0040038	0	0
DB06267	C0270846	0	2
DB06268	C0024437	0	0
DB06271	C0017563	0	3
DB06271	C0034150	0	3
DB06272	C0002726	0	1
DB06272	C0008312	0	4
DB06273	C0014556	0	2
DB06273	C0020479	0	0
DB06273	C0085159	0	3
DB06282	C0013182	0	0
DB06282	C0150055	0	3
DB06282	C0151723	0	4
DB06282	C0206693	0	0
DB06285	C0024899	0	3
DB06285	C0033375	0	3
DB06285	C0221260	0	3
DB06285	C0346421	0	2
DB06287	C0877792	0	2
DB06288	C0034734	0	4
DB06290	C0014877	0	4
DB06290	C0020456	0	2
DB06290	C0233315	0	4
DB06290	C0740394	0	1
DB06290	C0856727	0	2
DB06290	C0948008	0	4
DB06290	C2936781	0	3
DB06292	C0003467	0	2
DB06292	C0005741	0	0
DB06292	C0080274	0	2
DB06292	C1394891	0	3
DB06292	C3495559	0	1
DB06317	C0010072	0	4
DB06317	C0020456	0	2
DB06317	C0024115	0	4
DB06335	C0022665	0	1
DB06335	C0024899	0	1
DB06335	C0027121	0	0
DB06335	C0033581	0	3
DB06335	C0033860	0	3
DB06335	C0035585	0	0
DB06335	C0162568	0	4
DB06335	C0677607	0	0
DB06372	C0014170	0	0
DB06372	C0021141	0	1
DB06401	C0011633	0	3
DB06401	C0014534	0	0
DB06401	C0026896	0	2
DB06401	C0282528	0	3
DB06401	C1384600	0	3
DB06403	C0039590	0	2
DB06403	C0149958	0	4
DB06410	C0008533	0	2
DB06410	C0010481	0	2
DB06410	C0018671	0	3
DB06410	C1961835	0	3
DB06412	C0015397	0	0
DB06412	C0026764	0	0
DB06412	C0037763	0	3
DB06412	C0085605	0	2
DB06413	C0007137	0	4
DB06413	C0014173	0	3
DB06413	C0015944	0	3
DB06439	C0206693	0	0
DB06441	C0021141	0	1
DB06441	C0036983	0	4
DB06441	C0235063	0	3
DB06470	C0011603	0	3
DB06470	C0024523	0	0
DB06470	C0028734	0	0
DB06470	C0035335	0	1
DB06470	C0041408	0	1
DB06470	C0151940	0	1
DB06479	C0042900	0	0
DB06480	C0024586	0	0
DB06480	C0035579	0	1
DB06480	C0156404	0	4
DB06480	C0342731	0	4
DB06589	C0151744	0	2
DB06589	C0242488	0	3
DB06594	C0020479	0	1
DB06594	C0151740	0	0
DB06594	C0242973	0	4
DB06594	C0342384	0	4
DB06603	C0011854	0	2
DB06603	C0085682	0	1
DB06605	C0002874	0	2
DB06605	C0013405	0	1
DB06605	C0018681	0	2
DB06605	C0270846	0	3
DB06616	C0002418	0	0
DB06616	C0003873	0	0
DB06616	C0005424	0	1
DB06616	C0042373	0	3
DB06626	C0004352	0	0
DB06626	C0014742	0	3
DB06626	C0036323	0	2
DB06626	C0751434	0	2
DB06637	C0002965	0	1
DB06637	C1704436	0	4
DB06643	C0011644	0	3
DB06643	C0019156	0	1
DB06643	C0020619	0	4
DB06643	C0023481	0	0
DB06643	C0178416	0	3
DB06643	C0401151	0	0
DB06650	C0005424	0	1
DB06650	C0014742	0	1
DB06650	C0035258	0	1
DB06654	C0005283	0	0
DB06654	C0017636	0	4
DB06654	C0020452	0	3
DB06654	C0032019	0	1
DB06654	C0268583	0	4
DB06654	C0268596	0	0
DB06654	C1565489	0	0
DB06655	C0029134	0	3
DB06663	C0033581	0	3
DB06663	C0035220	0	2
DB06663	C0151940	0	2
DB06663	C1561643	0	4
DB06674	C0025322	0	1
DB06674	C0028326	0	3
DB06674	C0282528	0	0
DB06684	C0149745	0	0
DB06688	C0042029	0	3
DB06691	C0002875	0	2
DB06691	C0007095	0	3
DB06691	C0011633	0	2
DB06691	C0029453	0	1
DB06691	C0040028	0	1
DB06692	C0311277	0	2
DB06692	C0700201	0	0
DB06694	C0001957	0	4
DB06694	C0019618	0	4
DB06694	C0025149	0	3
DB06694	C0040156	0	4
DB06694	C0302280	0	0
DB06695	C0010481	0	3
DB06695	C0011615	0	1
DB06695	C0018794	0	2
DB06695	C0023418	0	2
DB06695	C0231528	0	4
DB06697	C0022650	0	4
DB06697	C0024894	0	3
DB06697	C0026948	0	4
DB06697	C0079774	0	3
DB06697	C0151526	0	4
DB06697	C1384600	0	4
DB06699	C0002171	0	3
DB06699	C0020615	0	2
DB06699	C0021364	0	4
DB06699	C0022660	0	0
DB06699	C0032897	0	0
DB06700	C0009404	0	2
DB06700	C0032987	0	4
DB06700	C0546817	0	1
DB06700	C2931618	0	0
DB06701	C0005138	0	4
DB06701	C0013182	0	1
DB06701	C0020476	0	2
DB06701	C0036202	0	0
DB06701	C3463824	0	1
DB06702	C0031117	0	3
DB06702	C0037763	0	3
DB06702	C0042373	0	0
DB06702	C1527249	0	1
DB06706	C0014868	0	4
DB06706	C0039841	0	3
DB06706	C0041296	0	4
DB06706	C0042847	0	1
DB06707	C0021670	0	0
DB06709	C0010417	0	0
DB06709	C0272375	0	0
DB06710	C0017563	0	4
DB06710	C0268483	0	1
DB06710	C0268583	0	4
DB06710	C0342384	0	1
DB06711	C0011603	0	1
DB06711	C0020598	0	4
DB06711	C0036572	0	3
DB06711	C2239176	0	4
DB06713	C0019880	0	1
DB06713	C0342907	0	0
DB06714	C0001206	0	1
DB06714	C0010068	0	0
DB06714	C0021359	0	4
DB06714	C0162565	0	2
DB06714	C0205768	0	2
DB06714	C0677607	0	0
DB06716	C0014583	0	4
DB06716	C0015967	0	0
DB06716	C0027404	0	3
DB06716	C0033774	0	4
DB06716	C0242383	0	4
DB06717	C0002170	0	3
DB06717	C0038018	0	1
DB06718	C0011644	0	1
DB06718	C0027726	0	2
DB06718	C0034186	0	1
DB06718	C0162820	0	2
DB06718	C0206693	0	0
DB06718	C1861172	0	4
DB06719	C0043459	0	1
DB06719	C0151940	0	1
DB06719	C0205768	0	3
DB06719	C0278996	0	0
DB06720	C0001627	0	2
DB06720	C0013144	0	4
DB06720	C0042847	0	3
DB06725	C0002871	0	0
DB06725	C0022876	0	0
DB06725	C0035455	0	0
DB06736	C0039483	0	3
DB06736	C0042384	0	4
DB06739	C0020437	0	0
DB06739	C0020649	0	0
DB06739	C0029134	0	3
DB06739	C0238463	0	1
DB06754	C0009952	0	0
DB06754	C0025294	0	0
DB06756	C0018995	0	4
DB06756	C0023052	0	2
DB06756	C0029456	0	2
DB06756	C0030569	0	4
DB06764	C0002874	0	4
DB06766	C0011581	0	4
DB06766	C0268070	0	3
DB06774	C0010674	0	3
DB06774	C0021051	0	2
DB06775	C0085682	0	3
DB06777	C0008533	0	2
DB06777	C0024143	0	3
DB06777	C0031190	0	1
DB06777	C0234533	0	2
DB06777	C0876973	0	0
DB06782	C0002895	0	3
DB06782	C0003873	0	0
DB06782	C0013238	0	4
DB06782	C0025874	0	4
DB06782	C0282528	0	4
DB06782	C0687720	0	4
DB06785	C0002875	0	1
DB06785	C0043459	0	4
DB06785	C4048328	0	2
DB06786	C0004238	0	0
DB06786	C0040038	0	0
DB06786	C0042880	0	2
DB06786	C0235480	0	3
DB06788	C0005586	0	4
DB06788	C0008325	0	1
DB06791	C0013182	0	4
DB06791	C0876973	0	0
DB06800	C0007137	0	1
DB06800	C0017205	0	0
DB06800	C0018621	0	0
DB06800	C0024117	0	2
DB06800	C0024437	0	1
DB06800	C0027497	0	2
DB06800	C0040479	0	3
DB06800	C0206693	0	3
DB06803	C0021670	0	0
DB06803	C0038454	0	1
DB06803	C0221032	0	3
DB06803	C0740394	0	1
DB06809	C0002994	0	2
DB06809	C0023892	0	4
DB06809	C1961835	0	0
DB06809	C3544321	0	3
DB06813	C0032019	0	3
DB06813	C0038018	0	4
DB06813	C0162565	0	2
DB06819	C0042870	0	0
DB06819	C0917805	0	1
DB06819	C1260899	0	1
DB06824	C0013238	0	0
DB06825	C0007193	0	4
DB06825	C0027708	0	3
DB06825	C0035220	0	2
DB06825	C0151526	0	3
DB07477	C0000809	0	3
DB07477	C0013405	0	4
DB07477	C0020473	0	4
DB07477	C0028949	0	4
DB07477	C0040822	0	1
DB07477	C0270846	0	4
DB07615	C0037188	0	3
DB07615	C0878544	0	2
DB08604	C0013264	0	0
DB08604	C0017574	0	4
DB08604	C0546817	0	0
DB08604	C0595948	0	4
DB08799	C0005684	0	0
DB08799	C0010691	0	1
DB08799	C0020217	0	1
DB08799	C0024121	0	4
DB08799	C0026848	0	4
DB08800	C0022548	0	1
DB08800	C0022876	0	1
DB08800	C0023052	0	2
DB08800	C0029456	0	3
DB08801	C0029134	0	4
DB08801	C0034069	0	3
DB08801	C0751674	0	4
DB08802	C0013404	0	1
DB08802	C0017160	0	1
DB08802	C0026948	0	3
DB08802	C0026987	0	3
DB08804	C0020474	0	1
DB08804	C0036572	0	4
DB08806	C0007138	0	2
DB08806	C0015456	0	3
DB08806	C0023479	0	4
DB08806	C0042880	0	2
DB08807	C0014474	0	3
DB08807	C0027819	0	4
DB08807	C0030590	0	1
DB08807	C0037286	0	4
DB08807	C0236964	0	4
DB08808	C0002395	0	2
DB08808	C0020452	0	0
DB08808	C1960397	0	0
DB08811	C0015624	0	4
DB08811	C0349464	0	3
DB08811	C0751865	0	1
DB08811	C3463824	0	1
DB08814	C0162565	0	0
DB08814	C0856727	0	1
DB08815	C0006267	0	3
DB08815	C0012833	0	2
DB08815	C0018213	0	0
DB08815	C0020433	0	4
DB08815	C0021141	0	3
DB08815	C0699791	0	1
DB08816	C0005967	0	3
DB08816	C0271623	0	0
DB08816	C0687150	0	0
DB08816	C1275126	0	1
DB08818	C0007131	0	4
DB08818	C0020480	0	1
DB08818	C0085083	0	3
DB08818	C0085605	0	3
DB08819	C0013390	0	3
DB08819	C0013604	0	2
DB08819	C0023418	0	4
DB08819	C0032787	0	2
DB08820	C0013182	0	0
DB08820	C0017168	0	1
DB08820	C0020545	0	2
DB08820	C0751967	0	1
DB08822	C0018801	0	4
DB08822	C0020443	0	0
DB08822	C0035220	0	4
DB08826	C0730345	0	2
DB08826	C2936781	0	4
DB08827	C0008325	0	1
DB08827	C0042847	0	2
DB08827	C0149925	0	2
DB08828	C0005699	0	4
DB08828	C0019880	0	4
DB08828	C0036920	0	4
DB08835	C0015672	0	1
DB08835	C0151714	0	4
DB08835	C0268543	0	3
DB08835	C0398623	0	1
DB08836	C0008489	0	0
DB08839	C0017601	0	4
DB08839	C0019054	0	1
DB08839	C0029434	0	2
DB08839	C0042029	0	2
DB08839	C0206682	0	2
DB08839	C0677607	0	3
DB08839	C0687150	0	4
DB08860	C0001206	0	2
DB08860	C0017605	0	0
DB08860	C0020598	0	0
DB08860	C0038454	0	2
DB08860	C0042909	0	1
DB08867	C0020615	0	0
DB08867	C0021670	0	4
DB08867	C0026998	0	4
DB08867	C0079744	0	1
DB08868	C0002736	0	2
DB08868	C0006105	0	1
DB08868	C0011616	0	4
DB08868	C0022354	0	2
DB08868	C0042909	0	0
DB08868	C0085606	0	3
DB08869	C0004775	0	4
DB08869	C0025323	0	3
DB08869	C0030193	0	1
DB08869	C0154143	0	1
DB08869	C0268583	0	3
DB08870	C0004114	0	4
DB08870	C0035854	0	1
DB08871	C0013404	0	2
DB08871	C0029882	0	1
DB08871	C0206245	0	2
DB08871	C0206693	0	3
DB08871	C0259817	0	1
DB08872	C0002994	0	3
DB08872	C0017160	0	3
DB08872	C0022876	0	1
DB08872	C0030193	0	2
DB08872	C0949116	0	4
DB08873	C0014173	0	4
DB08873	C0020676	0	1
DB08873	C0677607	0	3
DB08875	C0008489	0	1
DB08875	C0009404	0	2
DB08875	C0011644	0	0
DB08875	C0015230	0	0
DB08875	C0022573	0	3
DB08875	C0023443	0	0
DB08877	C0013415	0	3
DB08877	C0014170	0	4
DB08877	C0014742	0	2
DB08877	C0231528	0	0
DB08879	C0000809	0	3
DB08879	C0019112	0	1
DB08879	C0039621	0	1
DB08879	C0040156	0	4
DB08880	C0022548	0	3
DB08880	C0022575	0	2
DB08880	C0023470	0	3
DB08880	C0041341	0	3
DB08880	C0221023	0	0
DB08881	C0272375	0	4
DB08882	C0007117	0	1
DB08882	C0019151	0	3
DB08882	C0030305	0	4
DB08882	C0936215	0	4
DB08883	C0007789	0	1
DB08883	C0021655	0	2
DB08885	C0006142	0	4
DB08885	C0014877	0	2
DB08885	C0023890	0	2
DB08885	C0032285	0	0
DB08885	C0042024	0	2
DB08888	C0004096	0	1
DB08888	C0019069	0	0
DB08888	C0033774	0	2
DB08888	C0398650	0	1
DB08889	C0028326	0	0
DB08889	C0232940	0	4
DB08890	C0021359	0	1
DB08890	C0042345	0	4
DB08890	C0149958	0	1
DB08893	C0016057	0	2
DB08894	C0022568	0	4
DB08895	C0015944	0	4
DB08895	C0206686	0	1
DB08896	C0002171	0	3
DB08896	C0018213	0	2
DB08896	C0730345	0	1
DB08897	C0003862	0	4
DB08897	C0017152	0	1
DB08897	C0020626	0	1
DB08897	C0023473	0	0
DB08897	C0023487	0	3
DB08897	C0079584	0	2
DB08897	C0751122	0	2
DB08899	C0001403	0	3
DB08899	C0162566	0	4
DB08901	C0003872	0	0
DB08901	C0011849	0	3
DB08901	C0021390	0	0
DB08901	C0221032	0	0
DB08904	C0000737	0	3
DB08904	C0002453	0	3
DB08904	C0037763	0	3
DB08904	C0040015	0	0
DB08906	C0030807	0	4
DB08906	C0038525	0	1
DB08907	C0017574	0	3
DB08907	C0018834	0	1
DB08907	C0031485	0	1
DB08907	C0035854	0	3
DB08907	C0036651	0	0
DB08908	C0000744	0	1
DB08908	C0008533	0	1
DB08908	C0032000	0	4
DB08908	C2931618	0	0
DB08910	C0024894	0	1
DB08910	C0032914	0	3
DB08910	C0149958	0	2
DB08911	C0006271	0	2
DB08911	C0014335	0	4
DB08911	C0020538	0	2
DB08911	C0021670	0	3
DB08912	C0009404	0	0
DB08912	C0012739	0	0
DB08912	C0029882	0	0
DB08912	C0154143	0	0
DB08918	C0020619	0	2
DB08918	C0033581	0	3
DB08918	C0231528	0	0
DB08918	C0392784	0	3
DB08922	C0005695	0	3
DB08922	C0006105	0	1
DB08922	C0020437	0	1
DB08922	C0020550	0	3
DB08922	C0085649	0	4
DB08922	C0699791	0	2
DB08931	C0000737	0	1
DB08931	C0079731	0	2
DB08932	C0017563	0	0
DB08932	C0024894	0	1
DB08932	C0028840	0	4
DB08932	C0149745	0	3
DB08932	C0595948	0	4
DB08936	C0005779	0	3
DB08936	C0032000	0	0
DB08936	C0238462	0	0
DB08936	C0271568	0	1
DB08936	C0687720	0	2
DB08936	C0878787	0	2
DB08955	C0007117	0	4
DB08955	C0010417	0	3
DB08955	C0021775	0	0
DB08955	C0033117	0	2
DB08955	C1527249	0	3
DB08957	C0007138	0	1
DB08957	C0038454	0	1
DB08957	C2937421	0	4
DB08961	C0002895	0	4
DB08961	C0042963	0	0
DB08983	C0004604	0	1
DB08983	C0005967	0	0
DB08983	C0020503	0	3
DB08983	C0025149	0	4
DB08983	C0028768	0	2
DB08984	C0014121	0	3
DB08984	C0024138	0	4
DB08984	C0042035	0	2
DB08985	C0001403	0	4
DB08985	C0002880	0	2
DB08985	C0028768	0	0
DB08985	C0162566	0	4
DB08985	C0236964	0	2
DB08985	C1134719	0	0
DB08986	C0007102	0	4
DB08986	C0014474	0	0
DB08986	C0018671	0	1
DB08986	C0023443	0	0
DB08986	C0033774	0	3
DB08986	C0043352	0	2
DB08992	C0037188	0	3
DB08992	C0038325	0	1
DB08992	C0876973	0	1
DB08995	C0024031	0	3
DB08995	C0740394	0	2
DB09000	C0011581	0	0
DB09000	C0020523	0	4
DB09000	C0020544	0	0
DB09000	C0042510	0	2
DB09006	C0020428	0	0
DB09006	C0027424	0	2
DB09006	C0085413	0	0
DB09010	C0014868	0	1
DB09010	C0021775	0	3
DB09010	C0027430	0	0
DB09010	C0085631	0	2
DB09010	C0343065	0	0
DB09010	C2748055	0	3
DB09014	C0015469	0	3
DB09014	C0021308	0	0
DB09014	C0043352	0	0
DB09014	C0085580	0	3
DB09014	C1458155	0	2
DB09015	C0019618	0	0
DB09016	C0007642	0	3
DB09016	C0042900	0	2
DB09016	C0276226	0	2
DB09018	C0206693	0	1
DB09018	C1384606	0	0
DB09026	C0013604	0	1
DB09026	C0040015	0	4
DB09026	C0162836	0	1
DB09026	C0220989	0	4
DB09026	C0342881	0	1
DB09029	C0001126	0	4
DB09029	C1275126	0	0
DB09030	C0004239	0	3
DB09030	C0018213	0	3
DB09030	C0019618	0	1
DB09030	C0236663	0	0
DB09030	C1800706	0	4
DB09033	C0027686	0	0
DB09033	C0162429	0	3
DB09034	C0005684	0	0
DB09034	C0011581	0	0
DB09034	C0040156	0	2
DB09034	C0042870	0	1
DB09034	C0428977	0	3
DB09035	C0005586	0	2
DB09035	C0020757	0	4
DB09035	C0027430	0	2
DB09035	C0085129	0	0
DB09035	C0234974	0	1
DB09036	C0024586	0	2
DB09036	C0026650	0	3
DB09037	C0018798	0	0
DB09037	C0025323	0	2
DB09037	C0030446	0	3
DB09038	C0025322	0	2
DB09038	C0032027	0	0
DB09038	C0042900	0	3
DB09038	C0206693	0	4
DB09038	C0687150	0	0
DB09039	C0005699	0	3
DB09040	C0003850	0	3
DB09040	C0023437	0	2
DB09040	C1956346	0	3
DB09043	C0015967	0	3
DB09043	C0151526	0	3
DB09043	C0559106	0	1
DB09045	C0020546	0	0
DB09046	C0013595	0	1
DB09046	C0025323	0	4
DB09046	C0031099	0	2
DB09046	C0038362	0	1
DB09046	C0042024	0	0
DB09046	C0154143	0	2
DB09046	C1960397	0	0
DB09047	C0004364	0	3
DB09047	C0024894	0	2
DB09047	C0031099	0	2
DB09047	C0042514	0	4
DB09047	C0917801	0	0
DB09047	C1961835	0	4
DB09048	C0011606	0	0
DB09048	C0013404	0	2
DB09048	C0029456	0	0
DB09048	C0079584	0	3
DB09048	C0334634	0	3
DB09048	C0542346	0	4
DB09048	C0856727	0	0
DB09048	C1306889	0	2
DB09049	C0013405	0	0
DB09049	C0020676	0	0
DB09049	C0024419	0	4
DB09049	C0028734	0	4
DB09049	C0029408	0	3
DB09053	C0014556	0	4
DB09053	C0162836	0	0
DB09053	C1408258	0	1
DB09054	C0011581	0	3
DB09054	C0023052	0	0
DB09054	C0023890	0	3
DB09054	C0026896	0	2
DB09054	C0745103	0	1
DB09059	C0015530	0	3
DB09059	C0022593	0	2
DB09059	C0311375	0	4
DB09059	C0595948	0	3
DB09059	C1861172	0	3
DB09064	C0032914	0	2
DB09064	C0033774	0	3
DB09064	C0042024	0	0
DB09067	C0000737	0	0
DB09067	C0001883	0	4
DB09067	C0026961	0	4
DB09067	C0042514	0	1
DB09067	C0271568	0	3
DB09068	C0038160	0	2
DB09068	C0242422	0	2
DB09069	C0027662	0	0
DB09069	C0162565	0	2
DB09069	C0242339	0	3
DB09069	C0456909	0	3
DB09069	C0878773	0	4
DB09070	C0011848	0	4
DB09070	C0032000	0	1
DB09070	C0451641	0	0
DB09070	C0677607	0	4
DB09074	C0041948	0	4
DB09074	C0042345	0	1
DB09075	C0398650	0	2
DB09076	C0022596	0	0
DB09076	C0031046	0	1
DB09076	C1140680	0	4
DB09078	C0002893	0	4
DB09078	C0013595	0	4
DB09078	C0039240	0	1
DB09079	C0020557	0	0
DB09079	C0023472	0	2
DB09079	C0025323	0	1
DB09079	C0033578	0	4
DB09079	C0038356	0	0
DB09079	C0236663	0	0
DB09079	C2316810	0	4
DB09080	C0003469	0	1
DB09080	C0015530	0	2
DB09080	C0032460	0	3
DB09080	C0041408	0	2
DB09080	C0262584	0	4
DB09080	C1861172	0	1
DB09080	C1960397	0	3
DB09082	C0002736	0	0
DB09082	C0010346	0	3
DB09082	C0013384	0	3
DB09082	C0023481	0	4
DB09082	C0221023	0	1
DB09082	C0270851	0	1
DB09083	C0020640	0	4
DB09083	C0026838	0	3
DB09083	C0079773	0	0
DB09083	C0342384	0	2
DB09085	C0003578	0	3
DB09085	C0003864	0	0
DB09085	C0005695	0	1
DB09085	C0039841	0	0
DB09089	C0014173	0	3
DB09089	C0026838	0	3
DB09090	C0002871	0	2
DB09090	C0020640	0	3
DB09090	C0027708	0	3
DB09090	C0038160	0	1
DB09091	C0011860	0	0
DB09091	C0040156	0	1
DB09091	C0151721	0	4
DB09091	C1394891	0	1
DB09097	C0007131	0	1
DB09097	C0008311	0	0
DB09097	C0038013	0	1
DB09097	C0042847	0	3
DB09097	C0870082	0	3
DB09099	C0221013	0	1
DB09099	C0595948	0	3
DB09107	C0015456	0	2
DB09107	C0020507	0	2
DB09107	C0596263	0	2
DB09107	C0751967	0	0
DB09108	C0003578	0	1
DB09108	C1408258	0	0
DB09109	C0010674	0	0
DB09109	C0036572	0	2
DB09109	C0497327	0	4
DB09118	C0002390	0	4
DB09118	C0687720	0	3
DB09118	C0878773	0	2
DB09119	C0015672	0	3
DB09121	C0025294	0	2
DB09121	C0027662	0	4
DB09121	C0042900	0	2
DB09121	C0149931	0	0
DB09123	C0011581	0	4
DB09123	C0013415	0	1
DB09123	C0017152	0	1
DB09123	C0030193	0	2
DB09123	C0220756	0	1
DB09126	C0002792	0	0
DB09126	C0036690	0	2
DB09126	C0038358	0	0
DB09126	C0042109	0	4
DB09128	C0006271	0	4
DB09128	C0342731	0	2
DB09128	C1961099	0	2
DB09131	C0003962	0	1
DB09131	C0022354	0	1
DB09131	C0030590	0	2
DB09140	C0006105	0	3
DB09140	C0006142	0	0
DB09140	C0014868	0	2
DB09140	C0020502	0	1
DB09140	C0024301	0	3
DB09140	C0026691	0	2
DB09140	C0677607	0	3
DB09140	C0751122	0	2
DB09143	C0004245	0	3
DB09143	C0023437	0	3
DB09143	C0524910	0	1
DB09143	C1956346	0	3
DB09146	C0006271	0	3
DB09146	C0040028	0	2
DB09146	C0175683	0	2
DB09166	C0002395	0	4
DB09166	C0002888	0	1
DB09166	C0021359	0	0
DB09166	C0024031	0	4
DB09166	C0035228	0	0
DB09166	C0268483	0	3
DB09166	C0268490	0	0
DB09166	C0428977	0	0
DB09167	C0008149	0	3
DB09167	C0023465	0	4
DB09167	C0034067	0	1
DB09167	C0085580	0	3
DB09185	C0002894	0	3
DB09198	C0022104	0	0
DB09198	C0023418	0	0
DB09198	C0029443	0	2
DB09198	C0085215	0	3
DB09198	C0878787	0	2
DB09204	C0042900	0	3
DB09205	C0001126	0	1
DB09205	C0154143	0	2
DB09205	C1956346	0	4
DB09212	C0011606	0	3
DB09212	C0017531	0	1
DB09212	C0342907	0	1
DB09213	C0002736	0	4
DB09213	C0020626	0	4
DB09213	C0025202	0	4
DB09213	C0042963	0	1
DB09215	C0025500	0	0
DB09215	C0039841	0	1
DB09215	C0041948	0	3
DB09215	C0376545	0	4
DB09217	C0013421	0	3
DB09217	C0028738	0	3
DB09220	C0149725	0	1
DB09220	C0559106	0	3
DB09220	C1275126	0	2
DB09221	C0018273	0	2
DB09221	C0021655	0	1
DB09221	C0027430	0	3
DB09221	C1527249	0	0
DB09223	C0022876	0	0
DB09225	C0011881	0	3
DB09225	C0020649	0	4
DB09225	C0023481	0	1
DB09228	C0002792	0	3
DB09228	C0018790	0	4
DB09228	C0024141	0	4
DB09228	C1261473	0	4
DB09229	C0024299	0	1
DB09229	C0042023	0	3
DB09229	C0162836	0	3
DB09230	C0017601	0	4
DB09230	C0887833	0	4
DB09235	C0020479	0	3
DB09235	C0027726	0	1
DB09235	C0030567	0	1
DB09235	C0032987	0	2
DB09235	C0235480	0	3
DB09235	C0948216	0	2
DB09241	C0001122	0	3
DB09241	C0021308	0	4
DB09241	C0021359	0	4
DB09241	C0025294	0	1
DB09244	C0031099	0	1
DB09244	C0032285	0	1
DB09244	C0036323	0	1
DB09244	C0751362	0	1
DB09244	C0878773	0	1
DB09245	C0018924	0	3
DB09245	C0025874	0	2
DB09245	C0037930	0	2
DB09245	C0162566	0	1
DB09245	C0178416	0	4
DB09258	C0020503	0	4
DB09258	C0025500	0	0
DB09258	C0242422	0	1
DB09262	C0011854	0	1
DB09262	C0014173	0	4
DB09262	C0027404	0	4
DB09262	C0030297	0	0
DB09262	C0220756	0	0
DB09265	C0001126	0	0
DB09265	C0025149	0	1
DB09265	C0043459	0	2
DB09265	C0043515	0	1
DB09265	C0085083	0	0
DB09265	C0238052	0	3
DB09265	C0342788	0	2
DB09265	C2607914	0	0
DB09270	C0023869	0	0
DB09270	C0040053	0	1
DB09270	C0235063	0	1
DB09270	C0268596	0	1
DB09270	C0948089	0	0
DB09270	C4048328	0	2
DB09271	C0019112	0	2
DB09271	C0031154	0	3
DB09271	C0948089	0	3
DB09272	C0020503	0	2
DB09272	C0040015	0	0
DB09272	C0236964	0	3
DB09273	C0034734	0	0
DB09279	C0004775	0	4
DB09279	C0014550	0	1
DB09279	C0016470	0	0
DB09279	C0019054	0	0
DB09279	C0036421	0	4
DB09280	C0042963	0	0
DB09280	C0542346	0	2
DB09280	C1408258	0	3
DB09282	C0035078	0	0
DB09282	C0040136	0	1
DB09282	C0235974	0	3
DB09282	C0276226	0	1
DB09283	C0011875	0	4
DB09283	C0021603	0	1
DB09283	C0221260	0	1
DB09286	C0001627	0	2
DB09286	C0002895	0	2
DB09286	C0152020	0	1
DB09288	C0029882	0	3
DB09289	C0020757	0	2
DB09289	C0034150	0	3
DB09289	C0035222	0	0
DB09289	C0040046	0	4
DB09289	C0042510	0	2
DB09290	C0014859	0	3
DB09290	C0017636	0	3
DB09290	C0027697	0	0
DB09290	C0751362	0	1
DB09301	C0020625	0	1
DB09301	C0271623	0	3
DB09302	C0004239	0	2
DB09302	C0013415	0	2
DB09302	C0022548	0	4
DB09302	C0023212	0	2
DB09302	C0024894	0	3
DB09304	C0015944	0	3
DB09304	C0027498	0	0
DB09304	C0036651	0	2
DB09304	C0085159	0	3
DB09310	C0024419	0	1
DB09310	C0878773	0	2
DB09331	C0006114	0	2
DB09331	C0023473	0	0
DB09331	C0038358	0	3
DB09331	C0221032	0	3
DB09332	C0007786	0	3
DB09332	C0019087	0	0
DB09332	C0020443	0	1
DB09332	C0033860	0	1
DB09332	C4048328	0	2
DB09343	C0010930	0	2
DB09343	C0031154	0	2
DB09343	C0079731	0	1
DB09343	C0878544	0	1
DB09343	C0919267	0	4
DB09351	C0011991	0	1
DB09351	C0031190	0	3
DB09351	C0079731	0	1
DB09371	C0023267	0	1
DB09371	C0024894	0	0
DB09371	C0038363	0	0
DB09371	C0242350	0	3
DB09371	C0271578	0	3
DB09371	C0948480	0	4
DB09389	C0018021	0	2
DB09389	C0024586	0	3
DB09401	C0032768	0	4
DB09401	C0085159	0	0
DB09401	C0271623	0	1
DB09401	C0401151	0	2
DB09401	C1458155	0	2
DB09418	C0006267	0	1
DB09418	C0009404	0	3
DB09418	C0020517	0	1
DB09418	C0021051	0	1
DB09418	C0029458	0	4
DB09462	C0007137	0	1
DB09462	C0009324	0	1
DB09462	C0017605	0	4
DB09462	C0020179	0	3
DB09462	C0037930	0	2
DB09462	C0041582	0	0
DB09462	C0162820	0	4
DB09462	C0238463	0	4
DB09462	C0392784	0	3
DB09477	C0021051	0	3
DB09477	C0038356	0	2
DB09477	C0149958	0	1
DB09481	C0035258	0	3
DB09481	C0038325	0	2
DB09481	C0233315	0	0
DB09488	C0023440	0	3
DB09488	C0428974	0	3
DB09516	C0001623	0	2
DB09516	C0030590	0	3
DB09516	C0268070	0	1
DB09517	C0005779	0	2
DB09517	C0009952	0	3
DB09517	C0029927	0	2
DB09517	C0040015	0	1
DB09526	C0028734	0	4
DB09526	C0036323	0	0
DB09555	C0022660	0	2
DB09555	C0346421	0	0
DB09559	C0005694	0	4
DB09559	C0085606	0	1
DB09564	C0007642	0	0
DB09564	C0013182	0	3
DB09564	C0034065	0	1
DB09564	C0035412	0	3
DB09564	C0233315	0	0
DB09568	C0037769	0	3
DB09568	C0041408	0	0
DB09568	C0151686	0	2
DB11059	C0007785	0	1
DB11059	C0022354	0	1
DB11071	C0010054	0	3
DB11071	C0018834	0	1
DB11071	C0022638	0	2
DB11071	C0023518	0	2
DB11071	C0150055	0	4
DB11071	C0238463	0	4
DB11081	C0002453	0	2
DB11081	C0022073	0	3
DB11081	C0740394	0	2
DB11085	C0022638	0	1
DB11085	C0024591	0	3
DB11130	C0003872	0	2
DB11130	C0010481	0	2
DB11130	C0085612	0	0
DB11130	C0156404	0	3
DB11130	C0342788	0	1
DB11131	C0017168	0	3
DB11131	C0031069	0	4
DB11131	C0205768	0	2
DB11136	C0014556	0	3
DB11136	C0342881	0	2
DB11157	C0032987	0	0
DB11157	C0037286	0	0
DB11157	C0038325	0	2
DB11157	C0149925	0	0
DB11166	C0004604	0	0
DB11166	C0162836	0	2
DB11166	C0268579	0	1
DB11166	C0917805	0	2
DB11181	C0013390	0	0
DB11181	C0029396	0	0
DB11181	C0035335	0	4
DB11181	C0035585	0	2
DB11181	C0149704	0	2
DB11181	C0877792	0	3
DB11235	C0001618	0	2
DB11235	C0017160	0	1
DB11235	C0020635	0	3
DB11235	C0030920	0	1
DB11235	C0037036	0	0
DB11235	C0085649	0	4
DB11273	C0021364	0	1
DB11273	C0022568	0	4
DB11273	C0035078	0	4
DB11273	C0035222	0	0
DB11273	C0085669	0	2
DB11273	C0917801	0	2
DB11273	C1565489	0	0
DB11274	C0004096	0	4
DB11274	C0010346	0	4
DB11274	C0013295	0	0
DB11324	C0022660	0	4
DB11324	C0039841	0	4
DB11324	C0085083	0	0
DB11362	C0016412	0	0
DB11362	C0030590	0	1
DB11362	C0205768	0	0
DB11363	C0242422	0	2
DB11363	C0948896	0	1
DB11560	C0004114	0	2
DB11560	C0013338	0	4
DB11560	C0018802	0	4
DB11571	C0018203	0	3
DB11571	C0241961	0	0
DB11572	C0039483	0	0
DB11572	C0236663	0	2
DB11581	C0009404	0	4
DB11582	C0032897	0	3
DB11582	C0040038	0	4
DB11582	C0151723	0	4
DB11591	C0015469	0	4
DB11591	C0027430	0	4
DB11591	C0085681	0	0
DB11591	C0242339	0	4
DB11598	C0011633	0	1
DB11598	C0026764	0	1
DB11598	C0035228	0	2
DB11598	C0085681	0	1
DB11598	C2316212	0	0
DB11614	C0020615	0	1
DB11614	C0032787	0	4
DB11614	C0042963	0	2
DB11619	C0003467	0	2
DB11619	C0006287	0	0
DB11619	C0031117	0	2
DB11619	C0271578	0	1
DB11619	C1540912	0	3
DB11629	C0001206	0	0
DB11629	C0028754	0	3
DB11629	C0151723	0	0
DB11629	C0206682	0	4
DB11629	C0343755	0	2
DB11629	C0687720	0	2
DB11632	C0032768	0	4
DB11632	C0149725	0	1
DB11635	C0019880	0	1
DB11635	C0242422	0	4
DB11656	C0002994	0	3
DB11656	C0035220	0	1
DB11656	C0039621	0	2
DB11656	C0085682	0	4
DB11656	C0221023	0	2
DB11660	C0004096	0	3
DB11660	C0010346	0	4
DB11660	C0016412	0	3
DB11660	C0038325	0	1
DB11660	C0085129	0	1
DB11660	C1458155	0	0
DB11675	C0002871	0	1
DB11675	C0013421	0	2
DB11675	C0020481	0	0
DB11675	C0026896	0	0
DB11675	C0036220	0	0
DB11675	C0494475	0	4
DB11675	C0700201	0	2
DB11675	C1336708	0	4
DB11696	C0001618	0	1
DB11696	C0002874	0	0
DB11696	C0020514	0	1
DB11696	C0085159	0	0
DB11696	C0948008	0	0
DB11699	C0042109	0	4
DB11699	C1837475	0	2
DB11712	C0014869	0	4
DB11712	C0020461	0	2
DB11712	C0023487	0	1
DB11712	C0024115	0	2
DB11712	C0027662	0	4
DB11742	C0006271	0	0
DB11742	C0017531	0	2
DB11742	C0023869	0	3
DB11742	C0029458	0	3
DB11742	C0242488	0	3
DB11748	C0022073	0	4
DB11748	C0023448	0	4
DB11748	C0085681	0	1
DB11748	C0149958	0	0
DB11748	C1956346	0	2
DB11753	C0022665	0	3
DB11753	C2937421	0	2
DB11757	C0024305	0	3
DB11757	C0034885	0	1
DB11767	C0154143	0	2
DB11767	C0917798	0	4
DB11783	C0022593	0	0
DB11783	C0033375	0	4
DB11783	C0041582	0	4
DB11783	C0270736	0	1
DB11792	C0031117	0	3
DB11817	C0282528	0	4
DB11817	C1336708	0	0
DB11824	C0002170	0	3
DB11824	C0022593	0	1
DB11824	C0037286	0	0
DB11824	C0270851	0	3
DB11824	C0334634	0	0
DB11824	C0376545	0	0
DB11827	C2242472	0	2
DB11834	C0000809	0	1
DB11834	C0001957	0	1
DB11834	C0002888	0	3
DB11834	C0007786	0	2
DB11834	C1960397	0	0
DB11834	C4083212	0	4
DB11950	C0009763	0	4
DB11950	C0032463	0	3
DB11950	C0032914	0	2
DB11950	C0034734	0	0
DB11950	C0376358	0	4
DB11950	C0836924	0	2
DB11994	C0013390	0	4
DB11994	C0027430	0	2
DB11994	C0031046	0	2
DB11995	C0030569	0	1
DB11995	C0042571	0	4
DB11995	C4083212	0	4
DB12010	C0018995	0	4
DB12010	C0030305	0	0
DB12010	C0038220	0	1
DB12010	C0162820	0	4
DB12017	C0018021	0	0
DB12017	C0205768	0	2
DB12023	C0042035	0	2
DB12082	C0017605	0	0
DB12082	C0162565	0	4
DB12095	C0003864	0	3
DB12095	C0014553	0	4
DB12095	C0019087	0	1
DB12095	C0020640	0	3
DB12095	C0022354	0	1
DB12153	C0019202	0	4
DB12153	C0025323	0	1
DB12159	C0022548	0	3
DB12159	C0024138	0	3
DB12159	C0029927	0	3
DB12159	C0699791	0	2
DB12159	C0702166	0	0
DB12163	C0032787	0	0
DB12230	C0022573	0	4
DB12230	C0876973	0	1
DB12233	C0013390	0	3
DB12233	C0018995	0	1
DB12233	C0021361	0	4
DB12233	C0026987	0	1
DB12233	C0034951	0	1
DB12233	C0085682	0	2
DB12243	C0002893	0	2
DB12243	C0013264	0	1
DB12243	C0027430	0	4
DB12243	C0036690	0	1
DB12248	C0003962	0	1
DB12248	C0022638	0	3
DB12248	C0024031	0	2
DB12248	C0029134	0	3
DB12248	C0242488	0	0
DB12278	C0020481	0	4
DB12278	C0022073	0	1
DB12278	C0024301	0	1
DB12278	C0546817	0	2
DB12278	C2316810	0	3
DB12364	C0016470	0	0
DB12364	C0040156	0	0
DB12364	C0178416	0	4
DB12401	C0005741	0	0
DB12401	C0027819	0	0
DB12417	C0007785	0	2
DB12417	C0014836	0	2
DB12417	C0023267	0	4
DB12417	C0031154	0	1
DB12417	C0271093	0	4
DB12478	C0014877	0	2
DB12478	C0019880	0	0
DB12478	C0020503	0	1
DB12478	C0020598	0	4
DB12478	C0023212	0	3
DB12478	C0036337	0	3
DB12483	C0010200	0	1
DB12483	C0014583	0	2
DB12483	C0026764	0	0
DB12483	C1800706	0	3
DB12523	C0149931	0	2
DB12523	C0149958	0	3
DB12523	C0476089	0	3
DB12523	C0751865	0	4
DB12545	C0001957	0	3
DB12545	C0007131	0	0
DB12545	C0342907	0	2
DB12545	C1142132	0	1
DB12545	C1261473	0	1
DB12545	C1704436	0	1
DB12554	C0021359	0	2
DB12554	C0035220	0	3
DB12598	C0032897	0	1
DB12598	C0272375	0	4
DB12783	C0002895	0	4
DB12783	C0004114	0	3
DB12783	C0038362	0	3
DB12783	C0920350	0	0
DB12783	C1961099	0	0
DB12831	C0032227	0	2
DB12833	C0009375	0	0
DB12833	C0014544	0	0
DB12833	C0041582	0	0
DB12833	C0270458	0	3
DB12833	C2239176	0	4
DB12836	C0020517	0	1
DB12836	C0022575	0	0
DB12836	C0241961	0	0
DB12863	C0017168	0	0
DB12865	C0011884	0	4
DB12865	C0018671	0	3
DB12865	C0023473	0	1
DB12865	C0149725	0	0
DB12867	C0031485	0	4
DB12947	C0042035	0	4
DB12947	C0376358	0	3
DB12947	C1527304	0	0
DB13036	C0002880	0	3
DB13036	C0020555	0	1
DB13036	C0036572	0	1
DB13036	C0238198	0	0
DB13152	C0028738	0	0
DB13152	C0029191	0	0
DB13165	C0013295	0	4
DB13165	C1961835	0	2
DB13167	C0023481	0	1
DB13167	C0040046	0	1
DB13167	C0041948	0	2
DB13169	C0013428	0	1
DB13169	C0022595	0	4
DB13179	C0026961	0	0
DB13345	C0020479	0	3
DB13345	C0027627	0	2
DB13345	C0029396	0	1
DB13345	C1849508	0	1
DB13500	C0027497	0	4
DB13500	C0746102	0	1
DB13500	C2607914	0	1
DB13689	C0007137	0	4
DB13689	C0036651	0	4
DB13689	C0242488	0	1
DB13689	C0268596	0	2
DB13783	C0008489	0	0
DB13783	C0010308	0	2
DB13783	C0027627	0	3
DB13873	C0017152	0	1
DB13873	C0027662	0	1
DB13873	C0042373	0	3
DB13919	C0022660	0	4
DB13919	C0031046	0	2
DB13928	C0020538	0	1
DB13933	C0014550	0	3
DB13933	C0018995	0	0
DB13933	C0024301	0	3
DB13933	C0040015	0	2
DB13933	C0042847	0	2
DB13933	C1961835	0	1
DB13943	C0003962	0	4
DB13943	C0008533	0	2
DB13943	C0019054	0	4
DB13943	C0020546	0	0
DB13943	C0033975	0	1
DB13943	C0039685	0	2
DB13943	C0376545	0	4
DB13943	C1956346	0	2
DB13943	C2316810	0	0
DB13954	C0002962	0	2
DB13954	C0085083	0	0
DB13954	C0271650	0	4
DB13996	C0010691	0	1
DB13999	C0007642	0	4
DB13999	C0020619	0	2
DB14006	C0017205	0	0
DB14006	C0023890	0	3
DB14006	C0029927	0	0
DB14006	C1527336	0	4
DB14061	C0020555	0	2
DB14061	C0039240	0	2
DB14061	C0730345	0	0
L-Arginine	C0002170	0	1
L-Arginine	C0006625	0	3
L-Arginine	C0009319	0	0
L-Arginine	C0010692	0	4
L-Arginine	C0025202	0	3
L-Arginine	C0027697	0	4
L-Citrulline	C0023448	0	0
L-Citrulline	C0023467	0	4
L-Citrulline	C0025289	0	0
L-Citrulline	C0029443	0	2
SN-38	C0020635	0	4
SN-38	C0022116	0	0
SN-38	C0085580	0	4
SN-38	C0233315	0	2
SN-38	C0242383	0	3
aceclidine	C0271093	0	0
acefylline	C0002893	0	2
acefylline	C0020473	0	2
acefylline	C0020517	0	3
acefylline	C0028734	0	3
acefylline	C0030319	0	4
acefylline	C0085083	0	1
acefylline	C0751362	0	0
adiphenine	C0017668	0	0
adiphenine	C0029408	0	4
adiphenine	C0040136	0	3
adiphenine	C1837475	0	4
adrenalone	C0036220	0	2
aminopentamide	C0018273	0	4
aminopentamide	C0241961	0	0
aminopentamide	C0751434	0	3
ammonium-lactate	C0020443	0	4
ammonium-lactate	C0242488	0	3
ammonium-lactate	C0878787	0	0
ammonium-lactate	C0948089	0	2
amtolmetin-guacil	C0010930	0	1
amtolmetin-guacil	C0039240	0	0
amtolmetin-guacil	C4083212	0	1
arsenic-trioxide	C0010072	0	1
arsenic-trioxide	C0019054	0	1
arsenic-trioxide	C0079773	0	2
arsenic-trioxide	C0700201	0	3
arsenic-trioxide	C2936781	0	1
azelaic-acid	C0011633	0	4
azelaic-acid	C0276535	0	3
bendazac	C0002395	0	3
bendazac	C0011848	0	2
bendazac	C0014742	0	4
bendazac	C0014859	0	0
benztropine-mesylate	C0007786	0	3
benztropine-mesylate	C0018273	0	3
benztropine-mesylate	C0023449	0	4
benztropine-mesylate	C0037299	0	1
benztropine-mesylate	C0080274	0	1
benztropine-mesylate	C0677607	0	1
bifemelane	C0035457	0	2
bifemelane	C0042900	0	1
bifemelane	C1961835	0	2
budipine	C0007820	0	4
budipine	C0017574	0	4
budipine	C0039590	0	3
budipine	C0149871	0	2
budipine	C0259817	0	3
buflomedil	C0000809	0	0
buflomedil	C0002170	0	4
buflomedil	C0007642	0	2
buflomedil	C0014867	0	3
buflomedil	C0023448	0	1
butorphanol-(+)-tartrate	C0015456	0	3
butorphanol-(+)-tartrate	C0038325	0	1
butorphanol-(+)-tartrate	C0220983	0	3
butorphanol-(+)-tartrate	C0887833	0	4
camostat-mesilate	C0018924	0	4
camostat-mesilate	C0020626	0	3
camostat-mesilate	C0036323	0	0
camostat-mesilate	C0038358	0	2
camostat-mesilate	C0151744	0	0
caramiphen	C0004238	0	4
caramiphen	C0014553	0	3
caramiphen	C0020461	0	1
caramiphen	C0022638	0	2
caramiphen	C0024473	0	0
caramiphen	C0085681	0	3
carazolol	C0014038	0	4
carazolol	C0031154	0	0
carazolol	C0428977	0	3
chlormadinone-acetate	C0001206	0	2
chlormadinone-acetate	C0029882	0	2
chlormadinone-acetate	C0948480	0	0
chlormadinone-acetate	C1956346	0	4
chlorogenic-acid	C0020452	0	0
chlorogenic-acid	C0040156	0	0
chlorogenic-acid	C0085649	0	4
chlorogenic-acid	C2316810	0	1
clebopride	C0002962	0	0
clebopride	C0039240	0	2
clebopride	C0080274	0	1
clebopride	C1384606	0	4
clobetasone-butyrate	C0020507	0	1
clobetasone-butyrate	C0022595	0	4
clobetasone-butyrate	C0029458	0	1
clobetasone-butyrate	C0039483	0	1
clobetasone-butyrate	C0596263	0	1
clobetasone-butyrate	C0878544	0	4
clorprenaline	C0011884	0	2
clorprenaline	C0233315	0	0
clorprenaline	C0271568	0	2
cortisone	C0271578	0	0
cortisone	C0278996	0	3
cortisone	C0342543	0	1
cycloserine-(d)	C0001973	0	4
cycloserine-(d)	C0011615	0	1
cycloserine-(d)	C0023418	0	3
cycloserine-(d)	C0025149	0	1
cycloserine-(d)	C0740394	0	2
dabigatran	C0005424	0	2
dabigatran	C0010068	0	2
dabigatran	C0010481	0	2
dabigatran	C0023473	0	4
dabigatran	C0028734	0	1
dabigatran	C0281361	0	2
dabigatran	C0282528	0	4
dabigatran	C1956346	0	4
dabigatran-etexilate	C0022573	0	3
dabigatran-etexilate	C0079744	0	0
dabigatran-etexilate	C0151526	0	3
dabigatran-etexilate	C0311277	0	0
dabigatran-etexilate	C0520679	0	1
dabigatran-etexilate	C0553580	0	1
deracoxib	C0013182	0	2
deracoxib	C0030446	0	0
deracoxib	C0730345	0	0
desmopressin-acetate	C0022876	0	1
desmopressin-acetate	C0162316	0	1
desmopressin-acetate	C1527304	0	2
desoxycorticosterone-pivalate	C0014553	0	1
desoxycorticosterone-pivalate	C0015503	0	3
desoxycorticosterone-pivalate	C0017181	0	4
desoxycorticosterone-pivalate	C0021603	0	4
desoxycorticosterone-pivalate	C0022568	0	0
desoxycorticosterone-pivalate	C0027430	0	1
desoxycorticosterone-pivalate	C0040997	0	2
desoxycorticosterone-pivalate	C0162568	0	4
desoxycorticosterone-pivalate	C0268490	0	0
desoxycorticosterone-pivalate	C2973725	0	4
dexamethasone-sodium-phosphate	C0002895	0	2
dexamethasone-sodium-phosphate	C0018099	0	3
dexamethasone-sodium-phosphate	C0035457	0	1
dexamethasone-sodium-phosphate	C0038454	0	0
dexamethasone-sodium-phosphate	C0338908	0	0
diphemanil	C0020473	0	3
diphemanil	C0030567	0	2
epalrestat	C0029191	0	1
epalrestat	C0162429	0	3
ephedrine-(racemic)	C0006142	0	2
ephedrine-(racemic)	C1961835	0	1
estropipate	C0149958	0	2
estropipate	C0151723	0	3
ethanolamine-oleate	C0013338	0	3
ethanolamine-oleate	C0017168	0	0
ethanolamine-oleate	C0042023	0	1
etofylline	C0022568	0	3
etofylline	C0234533	0	1
etofylline	C0271568	0	0
falecalcitriol	C0001122	0	1
falecalcitriol	C0349464	0	3
falecalcitriol	C0751362	0	4
flopropione	C0019880	0	3
flopropione	C0021655	0	3
flopropione	C0235480	0	4
flopropione	C1961099	0	3
fludarabine-phosphate	C0027498	0	4
fludrocortisone-acetate	C0004153	0	1
fludrocortisone-acetate	C0014742	0	1
fludrocortisone-acetate	C0020437	0	4
fludrocortisone-acetate	C0024894	0	0
fludrocortisone-acetate	C0033975	0	4
fludrocortisone-acetate	C0162429	0	3
fludrocortisone-acetate	C0206686	0	3
fluocinolone-acetonide	C0001430	0	0
fluocinolone-acetonide	C0039483	0	1
fluocinolone-acetonide	C0085215	0	0
fluocinolone-acetonide	C0268490	0	0
fluocinolone-acetonide	C0751362	0	2
fluphenazine-decanoate	C0018273	0	2
fluphenazine-decanoate	C0271568	0	0
fluphenazine-decanoate	C0687150	0	2
flurbiprofen-(S)-(+)	C0007117	0	2
flurbiprofen-(S)-(+)	C0013182	0	0
flurbiprofen-(S)-(+)	C0035220	0	1
flurbiprofen-(S)-(+)	C0334579	0	3
flurbiprofen-(S)-(+)	C0700201	0	3
ftorafur	C0018790	0	4
ftorafur	C0020619	0	3
ftorafur	C0039240	0	4
gentamycin	C0041296	0	4
gentamycin	C0042847	0	4
gentamycin	C0043352	0	0
haloperidol-decanoate	C0004238	0	3
haloperidol-decanoate	C0020557	0	2
haloperidol-decanoate	C0020626	0	4
haloperidol-decanoate	C0021655	0	2
hyaluronic-acid	C0002453	0	1
hyaluronic-acid	C0009404	0	3
hyaluronic-acid	C0022665	0	1
hyaluronic-acid	C0029396	0	4
hyaluronic-acid	C0085159	0	2
hydrocortisone-butyrate	C0014859	0	4
hydrocortisone-butyrate	C0036651	0	2
hydrocortisone-phosphate	C0003872	0	3
hydrocortisone-phosphate	C0004239	0	1
hydrocortisone-phosphate	C0004364	0	0
hydrocortisone-phosphate	C0018133	0	2
hydrocortisone-phosphate	C0041408	0	0
hydrocortisone-phosphate	C0242973	0	1
ibuprofen-lysine	C0001418	0	4
ibuprofen-lysine	C0021390	0	3
ibuprofen-lysine	C0039841	0	4
ibuprofen-lysine	C0948089	0	4
ibuprofen-lysine	C1260899	0	0
ibuprofen-lysine	C1704417	0	3
icatibant-acetate	C0014859	0	0
icatibant-acetate	C0028754	0	0
icatibant-acetate	C0740394	0	0
icatibant-acetate	C0751435	0	4
ipragliflozin-l-proline	C0022660	0	3
levocarnitine-propionate	C0003850	0	1
levocarnitine-propionate	C0014867	0	3
levocarnitine-propionate	C0014877	0	0
levocarnitine-propionate	C0027430	0	3
levocarnitine-propionate	C0027686	0	2
levocarnitine-propionate	C0242973	0	0
maropitant	C0012739	0	4
maropitant	C0268070	0	3
maropitant	C0595948	0	3
megestrol-acetate	C0409818	0	1
megestrol-acetate	C0476089	0	3
megestrol-acetate	C0751753	0	4
megestrol-acetate	C1275126	0	0
meldonium	C0025874	0	4
meldonium	C0730345	0	0
melevodopa	C0013384	0	1
melevodopa	C0018273	0	4
melevodopa	C0042023	0	0
melevodopa	C0043515	0	4
melevodopa	C0085649	0	3
melevodopa	C0677607	0	4
methylene-blue	C0005283	0	4
methylene-blue	C0023440	0	3
methylene-blue	C0024894	0	2
methylene-blue	C0025149	0	3
methylene-blue	C0040479	0	1
methylene-blue	C0042514	0	2
methylene-blue	C2931618	0	2
methylprednisolone-aceponate	C0011848	0	3
minodronic-acid	C0001206	0	4
minodronic-acid	C0005694	0	0
minodronic-acid	C0023467	0	4
minodronic-acid	C0080274	0	0
mofezolac	C0015944	0	1
mofezolac	C0042109	0	1
mofezolac	C0085083	0	2
mozavaptan	C0008325	0	2
mozavaptan	C0018834	0	0
mozavaptan	C0151526	0	0
nemonapride	C0027627	0	3
nemonapride	C0028326	0	2
nemonapride	C0036572	0	0
nemonapride	C0342384	0	1
nemonapride	C2973725	0	2
neridronic-acid	C0002965	0	2
neridronic-acid	C0149931	0	3
neridronic-acid	C0221023	0	0
neridronic-acid	C0268579	0	4
olprinone	C0020635	0	4
olprinone	C0919267	0	1
omeprazole-magnesium	C0001618	0	1
omeprazole-magnesium	C0005586	0	2
omeprazole-magnesium	C0014743	0	2
penfluridol	C0002871	0	2
penfluridol	C0020461	0	1
penfluridol	C0020550	0	4
phosphatidylcholine	C0553580	0	0
picotamide	C0014474	0	0
picotamide	C0020179	0	1
picotamide	C0020544	0	1
picotamide	C0162566	0	3
pipenzolate	C0020523	0	4
pipenzolate	C0020651	0	4
pipenzolate	C0271568	0	0
pipenzolate	C0311277	0	3
pralidoxime-chloride	C0008350	0	2
pralidoxime-chloride	C0021390	0	2
pralidoxime-chloride	C0038356	0	0
pralidoxime-chloride	C0238462	0	2
prednisolone-acetate	C0015371	0	0
prednisolone-acetate	C0020474	0	1
prednisolone-acetate	C0021308	0	0
prednisolone-acetate	C0268390	0	0
prednisolone-acetate	C0451641	0	0
prednisolone-acetate	C1861172	0	2
prednisolone-sodium-phosphate	C0020615	0	3
prednisolone-sodium-phosphate	C0021141	0	1
prednisolone-sodium-phosphate	C0034150	0	0
prednisolone-sodium-phosphate	C0039483	0	1
prednisolone-sodium-phosphate	C0948480	0	0
prednisolone-sodium-phosphate	C1168401	0	3
psoralen	C0003872	0	4
psoralen	C0017205	0	4
psoralen	C0019243	0	4
psoralen	C0020428	0	1
psoralen	C0085649	0	3
psoralen	C0740394	0	1
psoralen	C0751435	0	2
quinaprilat	C0151686	0	0
quinaprilat	C0178416	0	4
r(-)-apomorphine	C0029443	0	3
revaprazan	C0021603	0	1
revaprazan	C0036508	0	2
revaprazan	C0085606	0	0
silibinin	C0001126	0	0
silibinin	C0014175	0	1
silibinin	C0019069	0	0
sodium-monofluorophosphate	C0022660	0	4
sodium-monofluorophosphate	C0030446	0	3
sodium-monofluorophosphate	C0376545	0	1
sodium-monofluorophosphate	C0870082	0	2
sodium-oxybate	C0028840	0	0
sodium-oxybate	C0037930	0	2
sodium-oxybate	C0149725	0	1
sodium-salicylate	C0001418	0	2
sodium-salicylate	C0740394	0	0
sodium-salicylate	C0751753	0	3
sodium-tetradecyl-sulfate	C0003811	0	0
sodium-tetradecyl-sulfate	C0025289	0	4
sodium-tetradecyl-sulfate	C0038018	0	0
sodium-tetradecyl-sulfate	C0152020	0	0
spiperone	C0009404	0	0
spiperone	C0027796	0	3
spiperone	C0040156	0	2
spiperone	C1263846	0	3
strontium-ranelate	C0024121	0	0
strontium-ranelate	C0034067	0	4
strontium-ranelate	C1306889	0	1
strontium-ranelate	C4083212	0	3
taltirelin	C0002895	0	4
taltirelin	C0017612	0	0
taltirelin	C0027498	0	2
taltirelin	C0220983	0	1
tannic-acid	C0009319	0	2
tannic-acid	C0017152	0	3
tannic-acid	C0038018	0	2
tannic-acid	C0376545	0	4
tebipenem	C0027708	0	2
tebipenem	C0220989	0	0
tebipenem	C0524620	0	2
telotristat-ethyl	C0003868	0	2
telotristat-ethyl	C0014474	0	0
telotristat-ethyl	C0035228	0	1
tepoxalin	C0018681	0	3
tepoxalin	C0030578	0	0
tepoxalin	C0242383	0	2
tepoxalin	C0476089	0	3
testosterone-enanthate	C0007117	0	2
testosterone-enanthate	C0019202	0	1
testosterone-enanthate	C0026691	0	3
testosterone-undecanoate	C0030590	0	3
testosterone-undecanoate	C2931618	0	4
thiostrepton	C0005586	0	2
thiostrepton	C0007137	0	0
thiostrepton	C0035078	0	3
thiostrepton	C0036690	0	3
thiostrepton	C0042133	0	1
thiostrepton	C0270846	0	4
thiram	C0002994	0	3
thiram	C0029927	0	0
thiram	C0745103	0	4
thiram	C1527249	0	4
trelagliptin	C0002994	0	0
trelagliptin	C0018924	0	4
trelagliptin	C0031485	0	1
trelagliptin	C0032019	0	3
trelagliptin	C0040136	0	2
trelagliptin	C0042133	0	3
trelagliptin	C0595948	0	4
trepibutone	C0021359	0	2
trepibutone	C0031117	0	1
trepibutone	C0035412	0	1
trepibutone	C0040147	0	2
trepibutone	C0392784	0	4
vinburnine	C0005779	0	1
vinburnine	C0013386	0	1
vinburnine	C0015503	0	3
vinburnine	C0018794	0	2
vinburnine	C0036651	0	1
vinburnine	C0276535	0	0
xipamide	C0008677	0	2
xipamide	C0282488	0	0
xipamide	C0398650	0	4
zotarolimus	C0002894	0	4
zotarolimus	C0024031	0	3
zotarolimus	C0027661	0	2
zotarolimus	C0035220	0	1
zotarolimus	C0042109	0	4
zotarolimus	C0042909	0	3
zotarolimus	C2930898	0	1
