drug	disease	label	fold
5-hydroxytryptophan	C0917801	1	1
ACT-132577	C2973725	1	1
DB00001	C0002965	1	3
DB00001	C0040038	1	2
DB00001	C0040053	1	3
DB00002	C0007102	1	2
DB00002	C1168401	1	2
DB00004	C0079773	1	2
DB00005	C0003872	1	2
DB00005	C0003873	1	2
DB00005	C0038013	1	0
DB00005	C3495559	1	0
DB00006	C0002962	1	0
DB00006	C0002965	1	2
DB00006	C0040053	1	4
DB00007	C0014170	1	2
DB00007	C0014175	1	2
DB00007	C0021359	1	1
DB00007	C0021361	1	0
DB00007	C0023267	1	1
DB00007	C0033578	1	1
DB00007	C0034013	1	3
DB00007	C0042133	1	0
DB00007	C0376358	1	0
DB00007	C0919267	1	4
DB00007	C1458155	1	2
DB00007	C2937421	1	4
DB00008	C0006118	1	4
DB00008	C0007134	1	2
DB00008	C0009404	1	2
DB00008	C0018916	1	1
DB00008	C0023443	1	4
DB00008	C0024437	1	3
DB00008	C0025202	1	4
DB00008	C0026764	1	3
DB00008	C0026948	1	3
DB00008	C0036220	1	3
DB00008	C0036920	1	1
DB00008	C0037286	1	1
DB00008	C0037299	1	1
DB00008	C0040028	1	1
DB00008	C0276535	1	1
DB00008	C0524909	1	1
DB00008	C0524910	1	4
DB00008	C1540912	1	1
DB00008	C2239176	1	1
DB00009	C0027051	1	1
DB00009	C0034065	1	1
DB00009	C0040053	1	4
DB00009	C0948008	1	1
DB00010	C0013338	1	0
DB00010	C0021359	1	4
DB00010	C0343755	1	3
DB00012	C0002871	1	4
DB00013	C0010072	1	0
DB00013	C0027051	1	3
DB00013	C0034065	1	2
DB00013	C0040053	1	1
DB00013	C0042487	1	1
DB00014	C0006142	1	1
DB00014	C0014175	1	2
DB00015	C0018802	1	0
DB00015	C0027051	1	4
DB00015	C0034065	1	3
DB00015	C0040053	1	1
DB00015	C0242973	1	2
DB00016	C0002871	1	1
DB00017	C0020437	1	0
DB00017	C0029401	1	2
DB00017	C0029456	1	2
DB00017	C0029458	1	1
DB00020	C0019829	1	1
DB00020	C0023449	1	3
DB00020	C1458155	1	4
DB00022	C0006118	1	3
DB00022	C0007134	1	2
DB00022	C0009404	1	3
DB00022	C0018916	1	1
DB00022	C0023443	1	4
DB00022	C0024437	1	2
DB00022	C0025202	1	2
DB00022	C0026764	1	4
DB00022	C0026948	1	4
DB00022	C0036220	1	4
DB00022	C0036920	1	0
DB00022	C0037286	1	3
DB00022	C0037299	1	4
DB00022	C0040028	1	0
DB00022	C0524910	1	3
DB00022	C1540912	1	3
DB00022	C2239176	1	1
DB00024	C0020676	1	2
DB00024	C0040136	1	2
DB00025	C0019080	1	0
DB00026	C0003873	1	4
DB00026	C0409818	1	3
DB00026	C2316212	1	2
DB00028	C0002880	1	0
DB00028	C0011633	1	1
DB00028	C0021051	1	0
DB00028	C0023418	1	4
DB00028	C0023434	1	0
DB00028	C0026691	1	3
DB00029	C0027051	1	1
DB00029	C0034065	1	1
DB00029	C0040053	1	0
DB00030	C0011849	1	1
DB00030	C0011854	1	3
DB00030	C0011860	1	3
DB00030	C0021655	1	1
DB00030	C2748055	1	0
DB00031	C0010072	1	3
DB00031	C0027051	1	3
DB00031	C0040053	1	2
DB00032	C0021359	1	4
DB00033	C0006118	1	3
DB00033	C0007134	1	0
DB00033	C0009404	1	1
DB00033	C0018203	1	1
DB00033	C0018916	1	4
DB00033	C0023443	1	4
DB00033	C0024437	1	0
DB00033	C0025202	1	0
DB00033	C0026764	1	1
DB00033	C0026948	1	4
DB00033	C0036220	1	0
DB00033	C0036920	1	4
DB00033	C0037286	1	0
DB00033	C0037299	1	1
DB00033	C0040028	1	3
DB00033	C0524910	1	3
DB00033	C1540912	1	0
DB00033	C2239176	1	0
DB00034	C0006118	1	4
DB00034	C0007134	1	4
DB00034	C0009404	1	4
DB00034	C0018916	1	1
DB00034	C0023443	1	2
DB00034	C0024437	1	0
DB00034	C0025202	1	4
DB00034	C0026764	1	1
DB00034	C0026948	1	0
DB00034	C0036220	1	4
DB00034	C0036920	1	2
DB00034	C0037286	1	0
DB00034	C0037299	1	2
DB00034	C0040028	1	4
DB00034	C0524910	1	4
DB00034	C1540912	1	3
DB00034	C2239176	1	4
DB00035	C0011848	1	0
DB00035	C0018924	1	3
DB00035	C0019069	1	3
DB00035	C0019080	1	4
DB00035	C0041948	1	2
DB00036	C0008533	1	3
DB00036	C0015503	1	4
DB00036	C0019069	1	0
DB00036	C0019080	1	2
DB00036	C0040015	1	3
DB00038	C0040034	1	1
DB00039	C0376545	1	1
DB00040	C0002792	1	1
DB00040	C0011849	1	1
DB00040	C0020615	1	3
DB00040	C0036980	1	3
DB00040	C0428977	1	3
DB00041	C0007134	1	0
DB00041	C0009404	1	4
DB00041	C0023467	1	4
DB00041	C0024305	1	3
DB00041	C0025202	1	4
DB00041	C0026764	1	4
DB00042	C0038379	1	0
DB00043	C0004096	1	0
DB00043	C0020517	1	0
DB00044	C0021361	1	4
DB00046	C0011849	1	1
DB00046	C0011854	1	0
DB00046	C0011860	1	4
DB00046	C0020456	1	1
DB00046	C2748055	1	4
DB00047	C0011849	1	3
DB00047	C0011854	1	0
DB00047	C0011860	1	3
DB00047	C0020456	1	4
DB00047	C2748055	1	3
DB00048	C0030848	1	4
DB00048	C0037299	1	0
DB00051	C0003872	1	3
DB00051	C0003873	1	2
DB00051	C0009324	1	4
DB00051	C0010346	1	2
DB00051	C0038013	1	0
DB00051	C0162836	1	0
DB00051	C3495559	1	1
DB00052	C0001206	1	2
DB00052	C0013338	1	2
DB00052	C0032897	1	4
DB00052	C0041408	1	1
DB00052	C0151686	1	2
DB00052	C0343755	1	0
DB00052	C0878787	1	4
DB00054	C0002965	1	2
DB00054	C0040053	1	1
DB00055	C0040053	1	4
DB00056	C0023467	1	0
DB00056	C0023479	1	3
DB00060	C0006118	1	0
DB00060	C0007134	1	1
DB00060	C0009404	1	1
DB00060	C0018916	1	0
DB00060	C0023443	1	1
DB00060	C0024437	1	3
DB00060	C0025202	1	3
DB00060	C0026764	1	3
DB00060	C0026948	1	3
DB00060	C0036220	1	0
DB00060	C0036920	1	0
DB00060	C0037286	1	1
DB00060	C0037299	1	1
DB00060	C0040028	1	1
DB00060	C0524910	1	4
DB00060	C0751967	1	0
DB00060	C1540912	1	2
DB00060	C2239176	1	1
DB00063	C0002965	1	4
DB00063	C0027051	1	3
DB00063	C0040053	1	1
DB00063	C0948089	1	0
DB00065	C0003872	1	4
DB00065	C0003873	1	2
DB00065	C0009324	1	3
DB00065	C0010346	1	0
DB00065	C0038013	1	4
DB00065	C3495559	1	3
DB00066	C0021359	1	0
DB00066	C0021361	1	1
DB00067	C0011848	1	3
DB00067	C0017181	1	1
DB00067	C0019069	1	3
DB00067	C0019080	1	0
DB00067	C0042510	1	0
DB00067	C0042514	1	4
DB00068	C0006118	1	1
DB00068	C0007134	1	1
DB00068	C0009404	1	3
DB00068	C0018916	1	1
DB00068	C0023443	1	1
DB00068	C0024437	1	3
DB00068	C0025202	1	2
DB00068	C0026764	1	3
DB00068	C0026769	1	0
DB00068	C0026948	1	4
DB00068	C0036220	1	2
DB00068	C0036920	1	4
DB00068	C0037286	1	3
DB00068	C0037299	1	1
DB00068	C0040028	1	0
DB00068	C0524910	1	1
DB00068	C0751967	1	0
DB00068	C1540912	1	4
DB00068	C2239176	1	4
DB00069	C0006118	1	2
DB00069	C0007134	1	2
DB00069	C0009404	1	1
DB00069	C0018916	1	2
DB00069	C0023443	1	4
DB00069	C0024437	1	4
DB00069	C0025202	1	3
DB00069	C0026764	1	2
DB00069	C0026948	1	2
DB00069	C0036220	1	3
DB00069	C0036920	1	4
DB00069	C0037286	1	0
DB00069	C0037299	1	0
DB00069	C0040028	1	3
DB00069	C0276535	1	1
DB00069	C0524910	1	4
DB00069	C1540912	1	0
DB00069	C2239176	1	2
DB00070	C0042909	1	3
DB00071	C0011849	1	3
DB00072	C1458155	1	3
DB00073	C0003873	1	2
DB00073	C0023434	1	2
DB00073	C0024305	1	0
DB00073	C0079731	1	1
DB00075	C0018133	1	4
DB00078	C0024301	1	4
DB00078	C0024305	1	3
DB00078	C0079731	1	4
DB00081	C0024301	1	2
DB00082	C0001206	1	3
DB00083	C0038379	1	1
DB00083	C2930898	1	2
DB00086	C0027051	1	0
DB00086	C0034065	1	2
DB00086	C0040053	1	4
DB00086	C0042487	1	3
DB00086	C0149871	1	2
DB00086	C0151942	1	3
DB00087	C0023434	1	2
DB00087	C0751967	1	1
DB00091	C0003873	1	0
DB00091	C0004096	1	2
DB00091	C0013238	1	0
DB00091	C0017668	1	0
DB00091	C0022575	1	3
DB00091	C0024141	1	4
DB00091	C0026896	1	2
DB00091	C0033860	1	4
DB00092	C0033860	1	0
DB00093	C0022116	1	0
DB00094	C0021359	1	4
DB00094	C0021361	1	0
DB00094	C0032460	1	2
DB00095	C0033860	1	2
DB00097	C0021361	1	3
DB00099	C0221023	1	4
DB00100	C0008533	1	1
DB00100	C0015503	1	4
DB00100	C0019069	1	0
DB00100	C0019080	1	2
DB00100	C0020640	1	2
DB00102	C0037299	1	0
DB00104	C0001206	1	4
DB00104	C0001430	1	2
DB00104	C0007095	1	1
DB00104	C0011991	1	4
DB00104	C0024586	1	0
DB00104	C0030297	1	1
DB00104	C0032019	1	1
DB00105	C0006118	1	0
DB00105	C0007134	1	2
DB00105	C0009404	1	0
DB00105	C0018916	1	2
DB00105	C0023443	1	2
DB00105	C0023470	1	0
DB00105	C0023473	1	0
DB00105	C0024305	1	3
DB00105	C0024437	1	3
DB00105	C0024586	1	0
DB00105	C0025202	1	4
DB00105	C0026764	1	0
DB00105	C0026948	1	4
DB00105	C0032463	1	2
DB00105	C0036220	1	2
DB00105	C0036920	1	0
DB00105	C0037286	1	0
DB00105	C0037299	1	3
DB00105	C0040028	1	2
DB00105	C0040136	1	2
DB00105	C0524909	1	0
DB00105	C0524910	1	0
DB00105	C1540912	1	2
DB00105	C2239176	1	0
DB00106	C0376358	1	2
DB00107	C0032787	1	4
DB00108	C0010346	1	2
DB00108	C0026769	1	1
DB00110	C0006287	1	4
DB00110	C0151526	1	0
DB00112	C1621958	1	0
DB00114	C0162429	1	4
DB00115	C0002871	1	4
DB00115	C0007570	1	2
DB00115	C0011882	1	1
DB00115	C0026769	1	1
DB00115	C0042847	1	1
DB00115	C0162316	1	3
DB00115	C1394891	1	2
DB00117	C0003873	1	1
DB00118	C0029408	1	0
DB00118	C1263846	1	4
DB00119	C0162429	1	0
DB00120	C0042900	1	4
DB00121	C0162429	1	0
DB00122	C0020473	1	1
DB00122	C0162429	1	4
DB00122	C0917801	1	2
DB00123	C0029456	1	3
DB00125	C0162429	1	3
DB00126	C0025637	1	0
DB00126	C0268483	1	4
DB00127	C0162429	1	3
DB00128	C0020621	1	2
DB00129	C0162429	1	4
DB00130	C0003467	1	2
DB00130	C0003862	1	3
DB00130	C0009324	1	1
DB00130	C0010346	1	4
DB00130	C0011991	1	2
DB00130	C0162429	1	3
DB00130	C0231528	1	3
DB00130	C0917801	1	2
DB00131	C0162429	1	1
DB00132	C0020443	1	4
DB00132	C0020473	1	3
DB00132	C0162429	1	1
DB00132	C1527336	1	0
DB00133	C0017612	1	4
DB00136	C0020502	1	1
DB00136	C0020598	1	2
DB00136	C0020626	1	3
DB00136	C0022661	1	4
DB00136	C0029456	1	2
DB00136	C0033860	1	0
DB00136	C0035579	1	3
DB00136	C0042842	1	2
DB00136	C0042870	1	4
DB00136	C0042875	1	3
DB00136	C0085682	1	2
DB00138	C0003873	1	3
DB00138	C0029408	1	1
DB00139	C0041582	1	2
DB00139	C0162316	1	2
DB00139	C0162429	1	0
DB00141	C0029408	1	4
DB00142	C0041582	1	1
DB00143	C0162429	1	3
DB00145	C0010200	1	0
DB00145	C0027424	1	3
DB00145	C0030920	1	0
DB00145	C0035455	1	4
DB00145	C2607914	1	0
DB00146	C0020598	1	2
DB00146	C0020626	1	1
DB00146	C0022661	1	0
DB00146	C0029456	1	2
DB00146	C0035579	1	1
DB00146	C0042870	1	4
DB00146	C0085682	1	4
DB00147	C0014544	1	0
DB00147	C0162429	1	4
DB00147	C0936215	1	0
DB00148	C0162429	1	2
DB00150	C0003467	1	0
DB00150	C0009806	1	2
DB00150	C0015672	1	0
DB00150	C0917801	1	3
DB00151	C0002726	1	1
DB00151	C0006267	1	3
DB00151	C1408258	1	1
DB00152	C0039841	1	2
DB00152	C0042847	1	2
DB00152	C0349464	1	3
DB00153	C0001122	1	4
DB00153	C0015624	1	2
DB00153	C0020598	1	1
DB00153	C0020626	1	0
DB00153	C0029442	1	3
DB00153	C0029456	1	1
DB00153	C0029458	1	1
DB00153	C0035579	1	2
DB00153	C0042842	1	3
DB00153	C0042870	1	2
DB00153	C0085682	1	0
DB00154	C0162429	1	4
DB00155	C0162429	1	1
DB00157	C0002395	1	3
DB00157	C0030567	1	4
DB00158	C0002871	1	1
DB00158	C0002888	1	4
DB00158	C0007570	1	2
DB00158	C0016412	1	0
DB00158	C0042847	1	2
DB00158	C0162316	1	0
DB00159	C0010674	1	3
DB00159	C0011860	1	2
DB00159	C0011881	1	4
DB00159	C0020557	1	4
DB00161	C0019151	1	1
DB00161	C0031485	1	2
DB00162	C0022593	1	3
DB00162	C0042842	1	1
DB00162	C0042870	1	4
DB00162	C0702166	1	2
DB00163	C0002395	1	1
DB00163	C0003873	1	3
DB00163	C0004096	1	4
DB00163	C0004153	1	4
DB00163	C0042875	1	3
DB00165	C0936215	1	1
DB00165	C1849508	1	1
DB00167	C0019151	1	2
DB00169	C0010346	1	2
DB00169	C0020598	1	0
DB00169	C0020626	1	0
DB00169	C0022661	1	0
DB00169	C0024121	1	1
DB00169	C0029442	1	1
DB00169	C0029456	1	2
DB00169	C0029458	1	1
DB00169	C0033860	1	3
DB00169	C0035579	1	3
DB00169	C0037286	1	2
DB00169	C0042842	1	1
DB00169	C0042870	1	1
DB00170	C0003873	1	1
DB00170	C0009324	1	3
DB00170	C0011991	1	1
DB00170	C0018681	1	2
DB00170	C0019080	1	4
DB00170	C0037299	1	1
DB00170	C0042345	1	0
DB00170	C0042880	1	1
DB00173	C0162429	1	4
DB00174	C0162429	1	4
DB00175	C0003850	1	1
DB00175	C0020443	1	0
DB00175	C0020473	1	3
DB00175	C0020474	1	4
DB00175	C0020476	1	4
DB00175	C0020479	1	1
DB00175	C0020557	1	0
DB00175	C0027051	1	0
DB00175	C0038454	1	3
DB00176	C0028768	1	4
DB00177	C0011881	1	3
DB00177	C0018802	1	1
DB00177	C0020538	1	0
DB00177	C0242698	1	3
DB00178	C0011849	1	2
DB00178	C0018802	1	2
DB00178	C0020538	1	0
DB00178	C0027051	1	2
DB00178	C0038454	1	2
DB00178	C0730345	1	2
DB00179	C0020456	1	2
DB00179	C0022593	1	1
DB00180	C0004096	1	3
DB00180	C0035457	1	4
DB00180	C2607914	1	3
DB00181	C0005697	1	4
DB00181	C0007789	1	2
DB00181	C0020179	1	4
DB00181	C0026769	1	2
DB00181	C0037763	1	1
DB00181	C0037930	1	2
DB00181	C0038018	1	0
DB00181	C0040997	1	1
DB00182	C0027404	1	0
DB00182	C0028754	1	3
DB00182	C1263846	1	3
DB00185	C1527336	1	0
DB00186	C0003467	1	2
DB00186	C0014544	1	3
DB00186	C0014550	1	2
DB00186	C0014553	1	0
DB00186	C0021603	1	3
DB00186	C0030319	1	4
DB00186	C0038220	1	1
DB00186	C0238111	1	2
DB00186	C0270846	1	3
DB00187	C0004238	1	3
DB00187	C0039240	1	3
DB00187	C0042514	1	2
DB00188	C0026764	1	1
DB00188	C0334634	1	0
DB00189	C0021603	1	2
DB00189	C0917801	1	3
DB00190	C0030567	1	0
DB00190	C0242422	1	2
DB00191	C0020649	1	2
DB00191	C0028754	1	2
DB00192	C0003811	1	0
DB00193	C0029408	1	4
DB00193	C0030193	1	4
DB00193	C0150055	1	0
DB00193	C0235063	1	1
DB00195	C0017601	1	4
DB00195	C0017612	1	0
DB00195	C0020538	1	0
DB00195	C0028840	1	1
DB00196	C0025289	1	0
DB00199	C0008311	1	1
DB00199	C0017160	1	1
DB00199	C0025289	1	2
DB00199	C0042029	1	3
DB00199	C0155862	1	0
DB00199	C0702166	1	1
DB00199	C2242472	1	3
DB00200	C0002871	1	3
DB00200	C0007570	1	0
DB00200	C0011882	1	2
DB00200	C0020550	1	2
DB00200	C0024523	1	2
DB00200	C0026769	1	0
DB00200	C0042847	1	2
DB00200	C0346647	1	4
DB00201	C0003578	1	1
DB00201	C0003862	1	4
DB00201	C0004604	1	1
DB00201	C0013144	1	3
DB00201	C0013390	1	1
DB00201	C0015672	1	3
DB00201	C0026838	1	0
DB00201	C0027424	1	0
DB00201	C0030193	1	2
DB00201	C0149931	1	0
DB00201	C2607914	1	0
DB00203	C0242350	1	4
DB00203	C2973725	1	1
DB00204	C0003811	1	2
DB00204	C0004238	1	0
DB00204	C0004239	1	0
DB00206	C0013384	1	1
DB00206	C0020538	1	2
DB00206	C0033975	1	4
DB00206	C0085580	1	1
DB00207	C0029882	1	2
DB00207	C0032285	1	1
DB00207	C0155862	1	1
DB00207	C0702166	1	3
DB00208	C0038454	1	0
DB00208	C0040053	1	3
DB00209	C0042023	1	3
DB00209	C0042024	1	3
DB00209	C0085606	1	1
DB00209	C0878773	1	2
DB00210	C0702166	1	1
DB00211	C0020649	1	0
DB00211	C0020651	1	2
DB00211	C0042024	1	4
DB00212	C0018801	1	1
DB00213	C0014868	1	4
DB00213	C0017168	1	1
DB00213	C0027662	1	3
DB00213	C0030920	1	2
DB00213	C0041582	1	2
DB00213	C0043515	1	4
DB00214	C0013604	1	2
DB00214	C0018802	1	3
DB00214	C0020538	1	0
DB00214	C0022660	1	0
DB00214	C0022661	1	4
DB00214	C0023890	1	2
DB00214	C0027726	1	2
DB00214	C0034063	1	0
DB00215	C0011581	1	0
DB00215	C0011882	1	1
DB00215	C1269683	1	1
DB00216	C0149931	1	0
DB00218	C0008677	1	4
DB00218	C0010692	1	1
DB00218	C0031154	1	1
DB00218	C0032285	1	2
DB00218	C0034186	1	3
DB00218	C0037199	1	2
DB00218	C0155862	1	2
DB00218	C0876973	1	1
DB00221	C0004096	1	2
DB00222	C0003811	1	0
DB00222	C0011849	1	2
DB00222	C0011860	1	3
DB00222	C0020456	1	0
DB00223	C0011615	1	3
DB00223	C0011616	1	3
DB00223	C0015230	1	0
DB00223	C0015456	1	2
DB00223	C0024138	1	3
DB00223	C0036508	1	4
DB00223	C0079773	1	3
DB00226	C0020538	1	2
DB00227	C0003850	1	3
DB00227	C0010068	1	4
DB00227	C0020443	1	3
DB00227	C0020473	1	0
DB00227	C0020474	1	1
DB00227	C0020476	1	3
DB00227	C0020557	1	0
DB00227	C0027051	1	3
DB00227	C0473527	1	3
DB00228	C0151636	1	1
DB00230	C0014544	1	4
DB00230	C0031117	1	3
DB00230	C0032768	1	4
DB00230	C0036572	1	1
DB00231	C0021603	1	0
DB00231	C0917801	1	4
DB00232	C0013604	1	0
DB00232	C0018802	1	2
DB00232	C0020538	1	1
DB00232	C0027726	1	3
DB00233	C0009324	1	1
DB00233	C0010346	1	4
DB00233	C0021390	1	1
DB00233	C0041296	1	2
DB00234	C1269683	1	4
DB00235	C0018802	1	2
DB00237	C0013428	1	0
DB00237	C0021603	1	4
DB00237	C0917801	1	2
DB00240	C0011603	1	0
DB00240	C0011615	1	2
DB00240	C0011616	1	3
DB00240	C0015230	1	4
DB00240	C0015456	1	4
DB00240	C0024138	1	1
DB00240	C0036508	1	2
DB00240	C0079773	1	4
DB00241	C0018681	1	2
DB00241	C0149931	1	3
DB00242	C0002871	1	1
DB00242	C0023434	1	1
DB00242	C0023443	1	4
DB00242	C0024305	1	3
DB00242	C0026769	1	4
DB00242	C0079773	1	1
DB00243	C0002962	1	3
DB00244	C0009324	1	2
DB00244	C0014356	1	1
DB00244	C0021390	1	3
DB00245	C0013384	1	3
DB00245	C0015371	1	0
DB00245	C0030567	1	1
DB00245	C0242422	1	0
DB00246	C0005586	1	3
DB00246	C0036341	1	0
DB00247	C0018681	1	0
DB00247	C0149931	1	2
DB00248	C0013384	1	1
DB00248	C0020514	1	1
DB00248	C0030567	1	1
DB00248	C0032000	1	2
DB00248	C0033375	1	0
DB00248	C0242422	1	2
DB00250	C0702166	1	2
DB00252	C0014544	1	1
DB00252	C0014549	1	1
DB00252	C0014556	1	4
DB00252	C0036572	1	3
DB00252	C0038220	1	3
DB00252	C0149958	1	4
DB00252	C0234974	1	0
DB00252	C0238111	1	0
DB00252	C0494475	1	1
DB00253	C0009763	1	2
DB00253	C0010043	1	4
DB00253	C0013182	1	4
DB00253	C0014583	1	2
DB00253	C0022073	1	2
DB00253	C0035854	1	1
DB00253	C0042164	1	4
DB00254	C0008149	1	3
DB00254	C0031099	1	0
DB00254	C0032227	1	2
DB00254	C0035585	1	3
DB00254	C0037199	1	4
DB00254	C0702166	1	3
DB00255	C0000786	1	4
DB00255	C0033578	1	0
DB00255	C0151526	1	1
DB00255	C0376358	1	1
DB00255	C1458155	1	3
DB00261	C0027022	1	3
DB00261	C0032463	1	0
DB00261	C0040028	1	0
DB00261	C0040053	1	1
DB00261	C0836924	1	2
DB00262	C0004114	1	0
DB00262	C0006118	1	3
DB00262	C0009375	1	0
DB00262	C0014474	1	1
DB00262	C0017636	1	0
DB00262	C0019829	1	0
DB00262	C0024121	1	4
DB00262	C0024305	1	3
DB00262	C0025149	1	0
DB00262	C0025202	1	1
DB00262	C0026764	1	4
DB00262	C0079744	1	4
DB00264	C0002962	1	0
DB00264	C0020538	1	2
DB00264	C0027051	1	0
DB00264	C0948089	1	3
DB00266	C0027051	1	0
DB00266	C0040038	1	3
DB00266	C0040053	1	2
DB00266	C0149871	1	1
DB00268	C0013384	1	4
DB00268	C0030567	1	0
DB00268	C0035258	1	1
DB00270	C0020538	1	4
DB00270	C0085580	1	2
DB00273	C0014544	1	1
DB00273	C0014549	1	4
DB00273	C0028754	1	2
DB00273	C0037769	1	0
DB00273	C0149931	1	3
DB00273	C0234974	1	4
DB00273	C0238111	1	4
DB00275	C0011881	1	3
DB00275	C0018802	1	2
DB00275	C0020538	1	1
DB00275	C0242698	1	1
DB00276	C0023467	1	4
DB00277	C0003578	1	2
DB00277	C0004096	1	4
DB00277	C0008677	1	0
DB00277	C0024115	1	1
DB00277	C0034067	1	2
DB00277	C0428977	1	4
DB00277	C0746102	1	3
DB00279	C0010308	1	1
DB00279	C0018021	1	1
DB00279	C0020676	1	3
DB00279	C0040136	1	2
DB00279	C0040156	1	2
DB00279	C0920350	1	1
DB00280	C0003811	1	0
DB00280	C0004238	1	2
DB00280	C0004239	1	0
DB00280	C0042514	1	2
DB00280	C0085612	1	3
DB00280	C0151636	1	1
DB00280	C0559106	1	3
DB00281	C0003811	1	2
DB00281	C0013595	1	3
DB00281	C0019080	1	2
DB00281	C0019112	1	1
DB00281	C0027796	1	0
DB00281	C0032768	1	2
DB00281	C0033774	1	4
DB00281	C0042510	1	0
DB00281	C0042514	1	2
DB00281	C0085612	1	3
DB00281	C0151636	1	3
DB00282	C0020437	1	0
DB00282	C0026764	1	4
DB00282	C0029401	1	2
DB00282	C0029458	1	2
DB00283	C0002994	1	3
DB00283	C0020517	1	3
DB00283	C0027424	1	0
DB00283	C0033774	1	0
DB00283	C0035457	1	0
DB00283	C0042109	1	1
DB00283	C0343065	1	0
DB00283	C2607914	1	4
DB00284	C0011849	1	4
DB00284	C0011860	1	0
DB00284	C0020456	1	1
DB00285	C0006142	1	2
DB00285	C0030319	1	4
DB00285	C1269683	1	0
DB00286	C0006142	1	3
DB00286	C0020619	1	4
DB00286	C0029456	1	4
DB00286	C1384606	1	3
DB00287	C0017601	1	0
DB00287	C0017612	1	3
DB00287	C0028840	1	3
DB00288	C0011603	1	3
DB00288	C0011615	1	4
DB00288	C0011616	1	4
DB00288	C0015230	1	0
DB00288	C0015456	1	3
DB00288	C0024138	1	0
DB00288	C0036508	1	3
DB00288	C0079773	1	0
DB00289	C1263846	1	2
DB00290	C0007137	1	0
DB00290	C0019829	1	4
DB00290	C0024299	1	3
DB00290	C0024301	1	2
DB00290	C0024305	1	4
DB00290	C0025202	1	1
DB00290	C0039590	1	2
DB00290	C0079744	1	1
DB00290	C0278996	1	4
DB00290	C1261473	1	4
DB00290	C1336708	1	3
DB00292	C0007786	1	3
DB00292	C0038220	1	2
DB00293	C0025500	1	4
DB00293	C1527249	1	1
DB00295	C0011991	1	1
DB00295	C0030193	1	3
DB00295	C0150055	1	1
DB00297	C0033774	1	0
DB00298	C0017601	1	4
DB00298	C0026961	1	0
DB00300	C0524909	1	3
DB00302	C0005779	1	4
DB00302	C0014175	1	1
DB00302	C0019080	1	1
DB00302	C0025323	1	2
DB00302	C0038525	1	3
DB00302	C0271578	1	2
DB00304	C0014175	1	4
DB00306	C0917801	1	0
DB00307	C0011849	1	2
DB00307	C0079773	1	2
DB00307	C0596263	1	3
DB00308	C0003811	1	2
DB00308	C0004238	1	3
DB00308	C0004239	1	1
DB00309	C0019829	1	4
DB00309	C0023449	1	1
DB00309	C0023473	1	0
DB00309	C0024299	1	3
DB00309	C0025202	1	4
DB00309	C0085669	1	0
DB00310	C0013604	1	4
DB00310	C0018802	1	2
DB00310	C0020538	1	3
DB00310	C0022661	1	3
DB00310	C0023890	1	3
DB00310	C0027726	1	0
DB00311	C0017601	1	3
DB00312	C0014544	1	0
DB00312	C0038220	1	1
DB00312	C0917798	1	0
DB00312	C0917801	1	3
DB00313	C0002395	1	2
DB00313	C0014544	1	4
DB00313	C0014553	1	3
DB00313	C0036572	1	1
DB00313	C0085417	1	4
DB00315	C0149931	1	1
DB00316	C0003862	1	2
DB00316	C0003864	1	1
DB00316	C0004604	1	2
DB00316	C0013390	1	1
DB00316	C0015967	1	4
DB00316	C0030193	1	4
DB00316	C0149931	1	0
DB00316	C2607914	1	1
DB00317	C0007131	1	0
DB00317	C0024121	1	4
DB00318	C0010200	1	1
DB00318	C0015967	1	0
DB00318	C0027424	1	0
DB00318	C0030193	1	1
DB00318	C0035455	1	2
DB00318	C2607914	1	0
DB00320	C0149931	1	3
DB00321	C0011581	1	0
DB00321	C0338908	1	1
DB00322	C0009404	1	4
DB00322	C0038356	1	0
DB00322	C1527249	1	0
DB00323	C0013384	1	1
DB00323	C0030567	1	3
DB00324	C0005741	1	2
DB00324	C0010043	1	0
DB00324	C0020517	1	4
DB00324	C0022073	1	1
DB00324	C0035854	1	3
DB00324	C0042164	1	0
DB00324	C0702166	1	1
DB00325	C0020538	1	4
DB00325	C0020546	1	0
DB00327	C0010200	1	3
DB00327	C0030193	1	2
DB00328	C0003868	1	2
DB00328	C0003873	1	2
DB00328	C0013274	1	1
DB00328	C0018099	1	4
DB00328	C0022876	1	0
DB00328	C0029408	1	0
DB00328	C0038013	1	3
DB00328	C0039103	1	1
DB00331	C0011849	1	2
DB00331	C0011860	1	4
DB00331	C0020456	1	0
DB00332	C0003811	1	1
DB00332	C0004096	1	3
DB00332	C0008677	1	0
DB00332	C0024117	1	3
DB00332	C0034067	1	4
DB00332	C0035457	1	2
DB00332	C2607914	1	0
DB00334	C0005586	1	0
DB00334	C0005587	1	4
DB00334	C0036341	1	2
DB00334	C1269683	1	3
DB00335	C0002962	1	2
DB00335	C0003811	1	3
DB00335	C0004238	1	1
DB00335	C0004239	1	0
DB00335	C0018802	1	4
DB00335	C0020538	1	3
DB00335	C0027051	1	2
DB00335	C0039240	1	0
DB00335	C0042510	1	0
DB00335	C0042514	1	2
DB00337	C0011603	1	0
DB00337	C0011615	1	1
DB00337	C0013595	1	1
DB00338	C0013295	1	4
DB00338	C0014868	1	0
DB00338	C0014869	1	4
DB00338	C0017168	1	4
DB00338	C0017181	1	3
DB00338	C0018834	1	3
DB00338	C0030920	1	0
DB00338	C0038358	1	2
DB00338	C0041582	1	1
DB00338	C0043515	1	1
DB00339	C0041296	1	3
DB00340	C0030567	1	1
DB00340	C0242422	1	3
DB00341	C0018621	1	3
DB00341	C0020517	1	0
DB00341	C0027424	1	1
DB00341	C0035457	1	4
DB00341	C0042109	1	0
DB00341	C2607914	1	0
DB00342	C0018621	1	0
DB00342	C2607914	1	3
DB00343	C0002962	1	4
DB00343	C0004238	1	2
DB00343	C0004239	1	0
DB00343	C0020538	1	4
DB00343	C0027051	1	4
DB00343	C0030590	1	0
DB00343	C0039240	1	2
DB00344	C0011581	1	3
DB00347	C0014544	1	3
DB00347	C0014553	1	3
DB00347	C0036572	1	1
DB00348	C0268483	1	4
DB00348	C0268490	1	1
DB00349	C0014544	1	2
DB00349	C0036572	1	4
DB00349	C0238111	1	1
DB00350	C0002170	1	0
DB00350	C0020538	1	4
DB00350	C0020540	1	0
DB00351	C0003123	1	3
DB00351	C0476089	1	0
DB00351	C0678222	1	4
DB00352	C0023437	1	3
DB00352	C0023467	1	2
DB00352	C0023481	1	0
DB00352	C0033860	1	1
DB00356	C0026838	1	2
DB00356	C0027121	1	1
DB00357	C0010481	1	4
DB00357	C0027661	1	2
DB00357	C0033578	1	4
DB00357	C1458155	1	3
DB00360	C0751434	1	2
DB00360	C0751435	1	2
DB00361	C0007131	1	3
DB00361	C0019829	1	0
DB00361	C0919267	1	1
DB00361	C1458155	1	4
DB00363	C0036341	1	2
DB00363	C3544321	1	3
DB00364	C0013295	1	4
DB00364	C0014868	1	0
DB00364	C0017152	1	1
DB00364	C0017168	1	0
DB00364	C0030920	1	1
DB00364	C0032285	1	0
DB00364	C0038358	1	1
DB00364	C0038362	1	4
DB00364	C0041582	1	0
DB00366	C0018621	1	3
DB00366	C0020517	1	2
DB00366	C0021603	1	2
DB00366	C0027424	1	2
DB00366	C0033774	1	2
DB00366	C0035457	1	3
DB00366	C0042109	1	2
DB00366	C0343065	1	3
DB00366	C2607914	1	0
DB00367	C0025323	1	0
DB00368	C0004096	1	4
DB00368	C0006267	1	3
DB00368	C0018681	1	0
DB00368	C0020649	1	2
DB00368	C0030567	1	4
DB00368	C0034067	1	3
DB00368	C0036983	1	4
DB00368	C0042109	1	0
DB00368	C0085159	1	0
DB00370	C1269683	1	4
DB00371	C0003467	1	0
DB00372	C0027497	1	1
DB00373	C0003811	1	3
DB00373	C0017601	1	4
DB00373	C0017612	1	1
DB00373	C0018802	1	0
DB00373	C0020538	1	3
DB00373	C0027051	1	0
DB00373	C0028840	1	0
DB00373	C0149931	1	0
DB00374	C0020542	1	3
DB00374	C0040053	1	3
DB00374	C2973725	1	0
DB00376	C0013384	1	0
DB00376	C0015371	1	4
DB00376	C0030567	1	0
DB00376	C0242422	1	0
DB00377	C0027497	1	3
DB00377	C0042963	1	1
DB00378	C0000809	1	2
DB00378	C0021359	1	1
DB00378	C0156404	1	4
DB00379	C0003811	1	3
DB00379	C0011882	1	3
DB00379	C0042510	1	4
DB00379	C0042514	1	0
DB00379	C0085612	1	0
DB00379	C0151636	1	3
DB00380	C0878544	1	0
DB00380	C1458155	1	2
DB00381	C0002962	1	3
DB00381	C0020538	1	4
DB00381	C0038454	1	2
DB00381	C1956346	1	4
DB00382	C0002395	1	3
DB00383	C0030920	1	2
DB00384	C0013604	1	4
DB00384	C0018802	1	4
DB00384	C0020538	1	1
DB00384	C0020621	1	2
DB00384	C0023890	1	3
DB00384	C0027726	1	0
DB00385	C0005684	1	2
DB00385	C0005695	1	4
DB00387	C0013384	1	3
DB00387	C0013421	1	0
DB00387	C0015371	1	0
DB00387	C0030567	1	2
DB00387	C0242422	1	1
DB00388	C0010200	1	0
DB00388	C0015967	1	1
DB00388	C0017612	1	0
DB00388	C0018621	1	4
DB00388	C0019112	1	3
DB00388	C0020649	1	1
DB00388	C0026961	1	3
DB00388	C0027424	1	4
DB00388	C0030590	1	4
DB00388	C0035455	1	1
DB00388	C0036983	1	1
DB00388	C0039240	1	3
DB00388	C2607914	1	2
DB00389	C0018213	1	2
DB00389	C0020550	1	1
DB00389	C0040156	1	1
DB00390	C0003811	1	4
DB00390	C0004238	1	4
DB00390	C0004239	1	1
DB00390	C0018801	1	1
DB00390	C0018802	1	3
DB00390	C0036980	1	4
DB00390	C0039240	1	1
DB00391	C0003467	1	0
DB00391	C0017168	1	2
DB00391	C0022104	1	0
DB00391	C0030920	1	0
DB00391	C0036341	1	1
DB00391	C0042571	1	2
DB00392	C0013384	1	0
DB00392	C0030567	1	3
DB00393	C0019080	1	1
DB00393	C0022116	1	2
DB00393	C0038525	1	4
DB00394	C0003811	1	2
DB00394	C0004096	1	4
DB00394	C0014356	1	1
DB00394	C0027430	1	0
DB00394	C0035455	1	3
DB00394	C2607914	1	1
DB00395	C0004604	1	0
DB00395	C0026838	1	0
DB00395	C0027121	1	3
DB00396	C0002453	1	0
DB00396	C0014173	1	3
DB00396	C0014175	1	3
DB00396	C0021359	1	4
DB00396	C0021361	1	3
DB00396	C0025874	1	4
DB00396	C0232940	1	4
DB00396	C0476089	1	3
DB00397	C0010200	1	1
DB00397	C0018621	1	3
DB00397	C0027424	1	4
DB00397	C0028754	1	0
DB00397	C0033117	1	0
DB00397	C0035455	1	4
DB00397	C0042024	1	3
DB00397	C2607914	1	4
DB00398	C0007134	1	2
DB00398	C2239176	1	1
DB00399	C0005967	1	4
DB00399	C0020437	1	0
DB00399	C0026764	1	0
DB00399	C0029401	1	4
DB00399	C0029456	1	3
DB00399	C0029458	1	1
DB00400	C0040261	1	3
DB00401	C0020538	1	0
DB00402	C0917801	1	1
DB00403	C0030446	1	2
DB00404	C0003467	1	1
DB00404	C0030319	1	3
DB00404	C0338908	1	1
DB00405	C0018621	1	2
DB00405	C0020517	1	0
DB00405	C0033774	1	2
DB00405	C0035457	1	3
DB00405	C0037199	1	0
DB00405	C0042109	1	0
DB00405	C0343065	1	3
DB00405	C2607914	1	2
DB00408	C0005586	1	4
DB00408	C0036341	1	3
DB00411	C0017601	1	3
DB00411	C0017612	1	1
DB00412	C0011860	1	4
DB00412	C0020456	1	2
DB00413	C0013384	1	3
DB00413	C0030567	1	1
DB00413	C0035258	1	4
DB00414	C0011849	1	0
DB00414	C0011860	1	2
DB00414	C0020456	1	3
DB00415	C0008311	1	3
DB00415	C0014121	1	0
DB00415	C0014836	1	2
DB00415	C0025289	1	1
DB00415	C0025294	1	4
DB00415	C0037199	1	2
DB00415	C0042029	1	4
DB00415	C0155862	1	3
DB00417	C0014733	1	3
DB00417	C0032285	1	4
DB00417	C0149704	1	1
DB00418	C0014544	1	1
DB00418	C0021603	1	2
DB00418	C0038220	1	4
DB00418	C0917801	1	2
DB00419	C0017205	1	0
DB00419	C0020517	1	4
DB00419	C0220756	1	1
DB00419	C1961835	1	3
DB00420	C0002994	1	3
DB00420	C0027424	1	1
DB00420	C0027497	1	4
DB00420	C0027498	1	1
DB00420	C0033774	1	3
DB00420	C0033975	1	2
DB00420	C0036341	1	1
DB00420	C0042109	1	3
DB00420	C0042963	1	2
DB00420	C0162565	1	2
DB00420	C0343065	1	4
DB00420	C2607914	1	0
DB00421	C0003962	1	0
DB00421	C0013604	1	3
DB00421	C0018802	1	2
DB00421	C0020428	1	0
DB00421	C0020538	1	4
DB00421	C0020621	1	0
DB00421	C0023890	1	0
DB00421	C0027726	1	0
DB00422	C0027404	1	4
DB00422	C1263846	1	1
DB00423	C0026838	1	0
DB00423	C0027121	1	4
DB00424	C0005697	1	2
DB00424	C0009324	1	3
DB00424	C0010692	1	1
DB00424	C0013428	1	1
DB00424	C0022104	1	3
DB00424	C0030305	1	4
DB00424	C0030567	1	2
DB00424	C0030920	1	3
DB00424	C0035455	1	4
DB00424	C0037036	1	3
DB00424	C0040822	1	4
DB00424	C0085610	1	1
DB00424	C0282488	1	3
DB00425	C0917801	1	4
DB00427	C0002994	1	0
DB00427	C0011615	1	2
DB00427	C0018621	1	3
DB00427	C0020517	1	2
DB00427	C0033774	1	1
DB00427	C0035457	1	2
DB00427	C0042109	1	4
DB00427	C0343065	1	4
DB00427	C2607914	1	2
DB00428	C0009404	1	0
DB00428	C0019829	1	0
DB00428	C0030297	1	0
DB00428	C0346647	1	3
DB00429	C0015944	1	0
DB00432	C0007102	1	1
DB00432	C0022573	1	3
DB00433	C0027497	1	2
DB00433	C0027498	1	2
DB00433	C0036341	1	4
DB00433	C0042963	1	4
DB00434	C0002994	1	2
DB00434	C0009763	1	4
DB00434	C0013384	1	1
DB00434	C0016470	1	3
DB00434	C0018621	1	3
DB00434	C0020517	1	2
DB00434	C0027424	1	0
DB00434	C0033774	1	1
DB00434	C0035457	1	3
DB00434	C0042109	1	2
DB00434	C0343065	1	0
DB00434	C1527304	1	2
DB00434	C2607914	1	3
DB00435	C0004096	1	3
DB00435	C0020542	1	0
DB00435	C0031190	1	2
DB00435	C0035220	1	2
DB00436	C0013604	1	4
DB00436	C0018801	1	2
DB00436	C0018802	1	4
DB00436	C0020538	1	2
DB00436	C0027726	1	2
DB00437	C0003868	1	3
DB00437	C0018099	1	2
DB00437	C0022650	1	3
DB00437	C0023418	1	1
DB00437	C0024299	1	0
DB00437	C0740394	1	4
DB00439	C0020443	1	3
DB00439	C0020473	1	3
DB00439	C0020476	1	4
DB00440	C0011991	1	1
DB00440	C0032285	1	1
DB00440	C0034186	1	0
DB00440	C0037199	1	4
DB00440	C0042029	1	3
DB00441	C0007131	1	4
DB00441	C0281361	1	4
DB00441	C0887833	1	1
DB00441	C1140680	1	2
DB00443	C0001403	1	0
DB00443	C0001627	1	0
DB00443	C0002875	1	4
DB00443	C0002880	1	4
DB00443	C0002994	1	2
DB00443	C0003868	1	3
DB00443	C0003872	1	1
DB00443	C0003873	1	0
DB00443	C0004096	1	2
DB00443	C0004364	1	1
DB00443	C0005138	1	0
DB00443	C0006114	1	0
DB00443	C0010346	1	2
DB00443	C0011606	1	0
DB00443	C0011615	1	4
DB00443	C0011616	1	3
DB00443	C0013604	1	1
DB00443	C0014356	1	4
DB00443	C0014742	1	1
DB00443	C0015230	1	4
DB00443	C0015397	1	1
DB00443	C0015456	1	4
DB00443	C0019829	1	0
DB00443	C0020517	1	0
DB00443	C0021390	1	4
DB00443	C0023052	1	4
DB00443	C0023449	1	0
DB00443	C0024138	1	3
DB00443	C0024141	1	3
DB00443	C0024301	1	1
DB00443	C0024305	1	4
DB00443	C0026769	1	2
DB00443	C0026948	1	0
DB00443	C0027726	1	1
DB00443	C0030807	1	0
DB00443	C0033860	1	1
DB00443	C0036202	1	2
DB00443	C0036508	1	0
DB00443	C0036830	1	2
DB00443	C0037274	1	2
DB00443	C0038013	1	4
DB00443	C0039103	1	3
DB00443	C0040147	1	2
DB00443	C0079773	1	4
DB00443	C0405580	1	3
DB00443	C1260899	1	0
DB00443	C2607914	1	4
DB00444	C0023448	1	1
DB00444	C0023449	1	4
DB00444	C0262584	1	0
DB00445	C0006142	1	2
DB00445	C0678222	1	0
DB00445	C1458155	1	0
DB00446	C0015967	1	2
DB00446	C0025289	1	1
DB00446	C0025294	1	3
DB00446	C0035585	1	2
DB00446	C0702166	1	4
DB00448	C0013295	1	0
DB00448	C0014868	1	1
DB00448	C0017168	1	0
DB00448	C0017181	1	0
DB00448	C0018834	1	2
DB00448	C0030920	1	3
DB00448	C0038358	1	1
DB00448	C0041582	1	0
DB00448	C0043515	1	2
DB00449	C0017601	1	4
DB00449	C0017612	1	1
DB00450	C0027497	1	2
DB00450	C0042963	1	0
DB00451	C0010308	1	1
DB00451	C0018021	1	2
DB00451	C0020473	1	2
DB00451	C0020550	1	3
DB00451	C0020676	1	3
DB00451	C0677607	1	0
DB00452	C0005741	1	0
DB00452	C0019151	1	3
DB00454	C0030193	1	2
DB00455	C0018621	1	3
DB00455	C0020517	1	4
DB00455	C0027424	1	1
DB00455	C0035457	1	1
DB00455	C0042109	1	1
DB00455	C2607914	1	3
DB00457	C0018802	1	2
DB00457	C0020538	1	3
DB00457	C0031511	1	2
DB00457	C0034734	1	4
DB00457	C2937421	1	2
DB00458	C0011581	1	4
DB00458	C0032768	1	1
DB00459	C0022593	1	4
DB00459	C0033860	1	2
DB00461	C0003873	1	4
DB00461	C0029408	1	2
DB00462	C0010200	1	4
DB00462	C0022104	1	1
DB00462	C0027424	1	1
DB00462	C0030920	1	3
DB00462	C2607914	1	1
DB00463	C0014544	1	3
DB00464	C0042345	1	1
DB00467	C0010692	1	2
DB00467	C0042029	1	4
DB00469	C0003864	1	1
DB00469	C0003873	1	0
DB00469	C0029408	1	2
DB00469	C0038013	1	4
DB00470	C0003123	1	3
DB00470	C0343755	1	3
DB00471	C0003811	1	1
DB00471	C0004096	1	1
DB00471	C0035457	1	0
DB00471	C2607914	1	2
DB00472	C0005586	1	1
DB00472	C0005587	1	2
DB00472	C0011581	1	2
DB00472	C0028768	1	2
DB00472	C0030319	1	2
DB00472	C1269683	1	1
DB00472	C2267227	1	0
DB00475	C0001957	1	4
DB00475	C0003467	1	1
DB00475	C0022104	1	1
DB00475	C0030920	1	2
DB00475	C0149821	1	0
DB00475	C0236663	1	0
DB00475	C0338908	1	3
DB00476	C0031117	1	2
DB00476	C0231528	1	3
DB00476	C1269683	1	3
DB00477	C0027497	1	1
DB00477	C0027498	1	2
DB00477	C0033975	1	0
DB00477	C0036341	1	1
DB00477	C0042963	1	3
DB00477	C0162565	1	1
DB00477	C0236964	1	1
DB00480	C0002871	1	0
DB00480	C0026764	1	3
DB00480	C0334634	1	3
DB00481	C0006142	1	2
DB00481	C0029453	1	1
DB00481	C0029456	1	0
DB00481	C0029458	1	4
DB00482	C0003873	1	2
DB00482	C0013390	1	4
DB00482	C0029408	1	1
DB00482	C0032580	1	4
DB00482	C0038013	1	4
DB00484	C0017601	1	1
DB00484	C0017612	1	0
DB00484	C0028840	1	2
DB00489	C0003811	1	1
DB00489	C0004238	1	0
DB00489	C0004239	1	4
DB00489	C0039240	1	2
DB00489	C0042510	1	0
DB00489	C0042514	1	2
DB00489	C0085612	1	0
DB00491	C0011849	1	3
DB00491	C0011860	1	0
DB00491	C0020456	1	4
DB00492	C0018802	1	2
DB00492	C0020538	1	3
DB00492	C0730345	1	2
DB00493	C0025289	1	2
DB00493	C0025294	1	0
DB00493	C0031154	1	4
DB00493	C0034186	1	0
DB00493	C0149725	1	1
DB00493	C2242472	1	2
DB00494	C0013384	1	3
DB00494	C0030567	1	2
DB00496	C0042023	1	0
DB00496	C0042024	1	3
DB00496	C0085606	1	4
DB00496	C0878773	1	0
DB00497	C0034063	1	1
DB00498	C0004238	1	4
DB00498	C0004239	1	4
DB00498	C0034065	1	0
DB00498	C0040053	1	3
DB00498	C0149871	1	4
DB00498	C0398623	1	3
DB00498	C0878544	1	3
DB00499	C0033578	1	4
DB00500	C0003873	1	1
DB00500	C0029408	1	1
DB00501	C0013295	1	4
DB00501	C0014869	1	0
DB00501	C0017168	1	4
DB00501	C0018834	1	4
DB00501	C0027662	1	2
DB00501	C0030920	1	4
DB00501	C0038358	1	3
DB00501	C0041582	1	2
DB00501	C0042109	1	1
DB00501	C0043515	1	4
DB00501	C0221013	1	4
DB00502	C0013384	1	1
DB00502	C0033975	1	0
DB00502	C0036341	1	0
DB00502	C0040517	1	1
DB00502	C0221765	1	0
DB00503	C0524910	1	3
DB00504	C0235063	1	1
DB00505	C0028738	1	0
DB00508	C0027497	1	2
DB00508	C0027498	1	3
DB00508	C0033975	1	2
DB00508	C0042963	1	3
DB00509	C0020443	1	1
DB00509	C0020473	1	0
DB00509	C0020476	1	1
DB00511	C0003811	1	0
DB00511	C0018802	1	0
DB00513	C0019080	1	1
DB00514	C0010200	1	4
DB00514	C0015967	1	0
DB00514	C0027424	1	4
DB00514	C0035455	1	3
DB00514	C2607914	1	2
DB00515	C0004114	1	1
DB00515	C0005684	1	0
DB00515	C0005695	1	3
DB00515	C0014859	1	4
DB00515	C0019829	1	1
DB00515	C0024305	1	1
DB00515	C0026764	1	0
DB00515	C0027819	1	1
DB00515	C0029463	1	1
DB00515	C0033578	1	3
DB00515	C0038356	1	0
DB00515	C0039590	1	4
DB00515	C0262584	1	0
DB00515	C0919267	1	1
DB00515	C1140680	1	3
DB00515	C1336708	1	3
DB00515	C1458155	1	3
DB00517	C0030920	1	4
DB00517	C0038358	1	1
DB00517	C0041582	1	0
DB00519	C0018802	1	1
DB00519	C0020538	1	4
DB00519	C0027051	1	1
DB00521	C0003811	1	4
DB00521	C0017601	1	3
DB00521	C0017612	1	0
DB00521	C0020538	1	2
DB00521	C0028840	1	2
DB00523	C0011603	1	3
DB00523	C0022593	1	4
DB00523	C0023487	1	2
DB00523	C0036220	1	1
DB00523	C0276535	1	2
DB00524	C0013604	1	2
DB00524	C0018802	1	2
DB00524	C0020538	1	3
DB00524	C0027726	1	2
DB00527	C0033774	1	0
DB00528	C0020538	1	3
DB00528	C0034734	1	2
DB00530	C0007131	1	3
DB00530	C0281361	1	2
DB00530	C0346647	1	2
DB00531	C0002880	1	1
DB00531	C0006413	1	0
DB00531	C0014170	1	0
DB00531	C0019829	1	1
DB00531	C0023418	1	3
DB00531	C0023434	1	4
DB00531	C0023449	1	2
DB00531	C0023467	1	4
DB00531	C0023473	1	2
DB00531	C0024121	1	0
DB00531	C0024143	1	4
DB00531	C0024299	1	1
DB00531	C0024419	1	0
DB00531	C0026764	1	2
DB00531	C0026769	1	1
DB00531	C0026896	1	3
DB00531	C0026948	1	4
DB00531	C0027022	1	2
DB00531	C0027726	1	1
DB00531	C0027819	1	0
DB00531	C0035335	1	4
DB00531	C0035412	1	0
DB00531	C0039590	1	0
DB00531	C0553580	1	3
DB00531	C0678222	1	1
DB00531	C0919267	1	3
DB00531	C0948216	1	1
DB00531	C1458155	1	3
DB00532	C0036572	1	1
DB00533	C0003873	1	0
DB00533	C0013390	1	4
DB00533	C0029408	1	2
DB00533	C0149931	1	0
DB00535	C0029882	1	0
DB00535	C0032285	1	1
DB00535	C0037199	1	4
DB00537	C0010692	1	3
DB00537	C0014836	1	2
DB00537	C0029443	1	1
DB00537	C0033581	1	3
DB00537	C0037199	1	0
DB00537	C0149725	1	4
DB00537	C2242472	1	4
DB00539	C0027661	1	0
DB00539	C0376358	1	4
DB00539	C1458155	1	2
DB00540	C0011581	1	1
DB00541	C0006413	1	1
DB00541	C0019829	1	2
DB00541	C0023418	1	1
DB00541	C0023449	1	1
DB00541	C0024299	1	4
DB00541	C0024301	1	1
DB00541	C0024305	1	3
DB00541	C0027708	1	3
DB00541	C0027819	1	3
DB00541	C0035412	1	0
DB00541	C0079744	1	3
DB00541	C0085669	1	4
DB00542	C0018802	1	0
DB00542	C0020538	1	1
DB00543	C0011581	1	4
DB00544	C0006142	1	0
DB00544	C0007095	1	0
DB00544	C0007102	1	3
DB00544	C0007117	1	0
DB00544	C0007134	1	4
DB00544	C0009375	1	4
DB00544	C0018671	1	1
DB00544	C0022593	1	3
DB00544	C0030297	1	4
DB00544	C0034885	1	2
DB00544	C0038356	1	0
DB00544	C0235974	1	0
DB00544	C0278996	1	2
DB00544	C0281361	1	4
DB00544	C0346647	1	4
DB00544	C0678222	1	4
DB00544	C0699791	1	0
DB00544	C1458155	1	4
DB00544	C1527249	1	0
DB00545	C0026896	1	1
DB00546	C0038220	1	0
DB00547	C0011615	1	3
DB00547	C0011616	1	4
DB00547	C0015230	1	1
DB00547	C0015456	1	0
DB00547	C0024138	1	2
DB00547	C0036508	1	1
DB00547	C0079773	1	1
DB00548	C0035854	1	3
DB00548	C0702166	1	1
DB00549	C0004096	1	2
DB00550	C0018021	1	4
DB00550	C0018213	1	4
DB00550	C0020550	1	1
DB00550	C0154143	1	3
DB00551	C0042029	1	3
DB00552	C0002871	1	4
DB00552	C0023443	1	0
DB00553	C0026948	1	4
DB00553	C0033860	1	1
DB00553	C0042900	1	0
DB00553	C0079773	1	4
DB00554	C0003873	1	0
DB00554	C0029408	1	4
DB00554	C0038013	1	0
DB00555	C0005586	1	1
DB00555	C0014544	1	0
DB00555	C0234974	1	3
DB00555	C0238111	1	3
DB00555	C0494475	1	3
DB00557	C0003467	1	1
DB00557	C0011615	1	4
DB00557	C0033774	1	2
DB00557	C0042109	1	0
DB00557	C0343065	1	2
DB00557	C2607914	1	0
DB00559	C0011644	1	2
DB00559	C0020542	1	1
DB00559	C2973725	1	0
DB00561	C0024117	1	2
DB00561	C0035228	1	2
DB00561	C0235063	1	3
DB00562	C0013604	1	2
DB00562	C0018802	1	3
DB00562	C0027726	1	1
DB00563	C0003873	1	2
DB00563	C0006413	1	2
DB00563	C0014859	1	1
DB00563	C0020217	1	3
DB00563	C0023418	1	3
DB00563	C0023449	1	4
DB00563	C0024121	1	2
DB00563	C0024305	1	3
DB00563	C0026948	1	3
DB00563	C0029463	1	1
DB00563	C0033860	1	1
DB00563	C0038356	1	2
DB00563	C0039590	1	4
DB00563	C0278996	1	0
DB00563	C1458155	1	0
DB00564	C0014544	1	4
DB00564	C0014549	1	0
DB00564	C0035258	1	4
DB00564	C0036572	1	0
DB00564	C0040997	1	4
DB00564	C0085417	1	4
DB00564	C0234974	1	1
DB00564	C0238111	1	4
DB00564	C0494475	1	4
DB00568	C0020517	1	1
DB00568	C0027497	1	3
DB00568	C0042571	1	0
DB00569	C0040053	1	3
DB00569	C0149871	1	3
DB00570	C0006142	1	4
DB00570	C0018671	1	1
DB00570	C0019618	1	0
DB00570	C0019829	1	1
DB00570	C0022665	1	4
DB00570	C0024121	1	0
DB00570	C0024299	1	4
DB00570	C0024305	1	2
DB00570	C0026948	1	0
DB00570	C0027819	1	2
DB00570	C0036220	1	0
DB00570	C0039590	1	0
DB00570	C1458155	1	3
DB00571	C0002962	1	0
DB00571	C0003811	1	0
DB00571	C0004238	1	4
DB00571	C0007194	1	4
DB00571	C0018802	1	1
DB00571	C0018916	1	2
DB00571	C0020538	1	3
DB00571	C0027051	1	0
DB00571	C0031511	1	4
DB00571	C0039240	1	3
DB00571	C0042510	1	3
DB00571	C0042514	1	4
DB00571	C0270736	1	2
DB00572	C0002418	1	0
DB00572	C0003811	1	2
DB00572	C0004096	1	0
DB00572	C0018790	1	1
DB00572	C0026961	1	2
DB00572	C0037188	1	2
DB00572	C0038358	1	2
DB00572	C0042164	1	4
DB00572	C0428977	1	1
DB00573	C0003873	1	2
DB00573	C0029408	1	3
DB00573	C0030193	1	3
DB00574	C0028754	1	2
DB00575	C0013390	1	3
DB00575	C0017601	1	2
DB00575	C0017612	1	1
DB00575	C0019080	1	0
DB00575	C0020538	1	0
DB00575	C0031511	1	2
DB00575	C0037036	1	2
DB00575	C0149931	1	3
DB00575	C0236663	1	3
DB00575	C0751865	1	0
DB00575	C1263846	1	2
DB00579	C0013264	1	4
DB00579	C0020473	1	0
DB00579	C0028754	1	3
DB00580	C0003873	1	4
DB00580	C0013390	1	2
DB00580	C0029408	1	2
DB00583	C0020473	1	0
DB00583	C0020476	1	4
DB00583	C0022661	1	0
DB00583	C0220710	1	3
DB00583	C0268579	1	3
DB00583	C0268583	1	1
DB00583	C0268596	1	2
DB00583	C0342788	1	3
DB00583	C1142132	1	0
DB00584	C0003873	1	1
DB00584	C0004775	1	3
DB00584	C0013604	1	1
DB00584	C0018802	1	3
DB00584	C0020538	1	1
DB00584	C0020540	1	2
DB00584	C0020545	1	4
DB00584	C0085580	1	1
DB00585	C0013295	1	2
DB00585	C0014869	1	2
DB00585	C0017168	1	0
DB00585	C0018834	1	4
DB00585	C0030920	1	4
DB00585	C0038358	1	1
DB00585	C0041582	1	3
DB00585	C0042109	1	3
DB00585	C0043515	1	0
DB00586	C0003873	1	1
DB00586	C0013390	1	0
DB00586	C0022593	1	1
DB00586	C0029408	1	0
DB00586	C0030193	1	3
DB00586	C0038013	1	0
DB00586	C0409959	1	0
DB00587	C0003811	1	2
DB00587	C0004096	1	3
DB00588	C0004096	1	3
DB00588	C0011615	1	0
DB00588	C0011616	1	4
DB00588	C0015230	1	1
DB00588	C0020517	1	4
DB00588	C0024138	1	0
DB00588	C0034067	1	2
DB00588	C0035455	1	2
DB00588	C0036508	1	2
DB00588	C0079773	1	2
DB00588	C2607914	1	0
DB00589	C0001206	1	2
DB00589	C0002453	1	3
DB00589	C0013384	1	4
DB00589	C0030567	1	0
DB00589	C0149931	1	2
DB00590	C0020507	1	1
DB00590	C0020538	1	3
DB00590	C2937421	1	0
DB00591	C0011615	1	3
DB00591	C0011616	1	3
DB00591	C0015230	1	0
DB00591	C0024138	1	2
DB00591	C0036508	1	1
DB00591	C0079773	1	2
DB00593	C0014544	1	1
DB00593	C0014553	1	2
DB00594	C0010674	1	2
DB00594	C0013604	1	0
DB00594	C0018802	1	4
DB00594	C0020538	1	0
DB00596	C0011616	1	4
DB00596	C0015230	1	2
DB00596	C0015456	1	0
DB00596	C0024138	1	4
DB00596	C0036508	1	1
DB00596	C0079773	1	3
DB00598	C0018802	1	1
DB00598	C0020538	1	3
DB00598	C0020540	1	2
DB00598	C0020546	1	2
DB00598	C0027051	1	1
DB00598	C0031511	1	1
DB00598	C0032914	1	4
DB00599	C0014544	1	0
DB00599	C0151740	1	3
DB00600	C0042900	1	1
DB00601	C0032285	1	2
DB00603	C0014173	1	1
DB00603	C0014175	1	0
DB00603	C0025874	1	3
DB00603	C0232940	1	4
DB00603	C0476089	1	4
DB00604	C0017168	1	2
DB00604	C0041582	1	4
DB00604	C0152020	1	1
DB00605	C0003868	1	4
DB00605	C0003873	1	1
DB00605	C0018099	1	2
DB00605	C0029408	1	2
DB00605	C0038013	1	4
DB00606	C0013604	1	4
DB00606	C0018802	1	1
DB00606	C0027726	1	4
DB00607	C0007642	1	4
DB00607	C0014121	1	4
DB00607	C0029443	1	2
DB00607	C0036690	1	2
DB00607	C0038160	1	1
DB00607	C2242472	1	3
DB00608	C0003873	1	3
DB00608	C0024138	1	0
DB00608	C0024141	1	2
DB00608	C0030807	1	0
DB00608	C0036421	1	4
DB00610	C0019080	1	4
DB00610	C0020649	1	4
DB00611	C0030193	1	1
DB00612	C0003811	1	2
DB00612	C0018802	1	2
DB00612	C0020538	1	1
DB00612	C0027051	1	4
DB00612	C0039240	1	0
DB00615	C0041296	1	4
DB00617	C0014544	1	0
DB00617	C0014553	1	0
DB00617	C0036572	1	2
DB00619	C0005699	1	2
DB00619	C0023472	1	3
DB00619	C0023473	1	1
DB00619	C0221013	1	1
DB00619	C0238198	1	4
DB00619	C0346421	1	1
DB00619	C0392784	1	4
DB00619	C1540912	1	4
DB00619	C1960397	1	4
DB00620	C0001403	1	2
DB00620	C0001623	1	0
DB00620	C0001627	1	3
DB00620	C0002171	1	0
DB00620	C0002875	1	1
DB00620	C0002880	1	3
DB00620	C0002994	1	3
DB00620	C0003868	1	1
DB00620	C0003872	1	0
DB00620	C0003873	1	1
DB00620	C0004096	1	0
DB00620	C0004364	1	0
DB00620	C0005138	1	1
DB00620	C0006114	1	3
DB00620	C0010346	1	4
DB00620	C0011606	1	0
DB00620	C0011615	1	1
DB00620	C0011616	1	4
DB00620	C0014742	1	3
DB00620	C0015230	1	0
DB00620	C0015397	1	3
DB00620	C0015456	1	0
DB00620	C0017563	1	4
DB00620	C0018621	1	3
DB00620	C0019829	1	2
DB00620	C0020517	1	1
DB00620	C0021390	1	2
DB00620	C0022548	1	2
DB00620	C0023052	1	2
DB00620	C0023449	1	1
DB00620	C0024138	1	4
DB00620	C0024141	1	2
DB00620	C0024301	1	3
DB00620	C0024305	1	2
DB00620	C0026769	1	3
DB00620	C0026948	1	3
DB00620	C0027726	1	1
DB00620	C0030807	1	0
DB00620	C0033860	1	2
DB00620	C0035457	1	2
DB00620	C0036202	1	1
DB00620	C0036508	1	1
DB00620	C0036830	1	4
DB00620	C0037274	1	3
DB00620	C0038013	1	0
DB00620	C0038363	1	1
DB00620	C0039103	1	1
DB00620	C0039483	1	2
DB00620	C0040147	1	3
DB00620	C0042164	1	3
DB00620	C0079773	1	4
DB00620	C0405580	1	4
DB00620	C1260899	1	3
DB00620	C2607914	1	2
DB00621	C0018273	1	0
DB00621	C0029456	1	1
DB00622	C0020538	1	0
DB00623	C0033975	1	1
DB00623	C0036341	1	2
DB00624	C0010417	1	3
DB00624	C0020619	1	0
DB00624	C0020635	1	2
DB00624	C0034012	1	1
DB00624	C0151721	1	0
DB00624	C0271623	1	2
DB00624	C0342527	1	3
DB00624	C0948896	1	0
DB00624	C1458155	1	3
DB00626	C0014356	1	3
DB00626	C0022568	1	4
DB00626	C0032285	1	2
DB00627	C0020443	1	2
DB00627	C0020473	1	3
DB00627	C0020474	1	0
DB00627	C0020480	1	1
DB00627	C0020481	1	4
DB00627	C0020557	1	0
DB00628	C0001957	1	3
DB00628	C0003467	1	1
DB00628	C0149821	1	0
DB00628	C0236663	1	3
DB00629	C0020538	1	0
DB00630	C0029401	1	0
DB00630	C0029456	1	2
DB00630	C0029458	1	0
DB00631	C0023449	1	1
DB00635	C0001403	1	4
DB00635	C0001623	1	3
DB00635	C0001627	1	1
DB00635	C0002871	1	1
DB00635	C0002875	1	3
DB00635	C0002880	1	3
DB00635	C0002994	1	1
DB00635	C0003868	1	1
DB00635	C0003872	1	0
DB00635	C0003873	1	0
DB00635	C0004096	1	1
DB00635	C0004364	1	2
DB00635	C0005138	1	4
DB00635	C0006114	1	3
DB00635	C0009324	1	2
DB00635	C0009763	1	1
DB00635	C0010346	1	0
DB00635	C0011606	1	1
DB00635	C0011615	1	3
DB00635	C0011616	1	3
DB00635	C0011633	1	2
DB00635	C0013182	1	3
DB00635	C0014335	1	1
DB00635	C0014356	1	3
DB00635	C0014742	1	0
DB00635	C0018133	1	0
DB00635	C0018621	1	3
DB00635	C0019829	1	2
DB00635	C0020437	1	2
DB00635	C0020517	1	0
DB00635	C0021390	1	0
DB00635	C0022073	1	3
DB00635	C0022568	1	0
DB00635	C0023052	1	3
DB00635	C0023434	1	2
DB00635	C0023448	1	3
DB00635	C0023449	1	4
DB00635	C0024141	1	0
DB00635	C0024299	1	3
DB00635	C0024301	1	4
DB00635	C0024305	1	2
DB00635	C0024419	1	4
DB00635	C0025289	1	0
DB00635	C0026769	1	1
DB00635	C0026896	1	0
DB00635	C0026948	1	2
DB00635	C0027726	1	0
DB00635	C0029134	1	2
DB00635	C0029408	1	0
DB00635	C0030807	1	4
DB00635	C0033860	1	0
DB00635	C0035457	1	4
DB00635	C0036202	1	3
DB00635	C0036508	1	2
DB00635	C0036830	1	2
DB00635	C0037274	1	2
DB00635	C0038013	1	0
DB00635	C0038325	1	0
DB00635	C0039483	1	3
DB00635	C0040147	1	3
DB00635	C0079744	1	4
DB00635	C0079773	1	1
DB00635	C0405580	1	1
DB00635	C0949116	1	3
DB00635	C1260899	1	1
DB00635	C2607914	1	2
DB00636	C0020443	1	4
DB00636	C0020473	1	0
DB00636	C0020476	1	2
DB00636	C0020479	1	1
DB00637	C0009763	1	2
DB00637	C0020517	1	3
DB00637	C0020676	1	4
DB00637	C0035455	1	2
DB00637	C0035457	1	3
DB00637	C0042109	1	2
DB00637	C2607914	1	4
DB00640	C0003811	1	3
DB00640	C0030590	1	0
DB00640	C0039240	1	3
DB00640	C0043202	1	1
DB00641	C0003850	1	2
DB00641	C0010068	1	1
DB00641	C0020443	1	0
DB00641	C0020473	1	4
DB00641	C0020474	1	3
DB00641	C0020476	1	4
DB00641	C0020479	1	1
DB00641	C0020557	1	3
DB00641	C0027051	1	1
DB00641	C0038454	1	3
DB00641	C0342881	1	0
DB00641	C0473527	1	1
DB00642	C0007131	1	2
DB00642	C0025500	1	0
DB00643	C0030567	1	3
DB00644	C0002453	1	1
DB00644	C0029927	1	4
DB00644	C0032019	1	1
DB00644	C0034012	1	1
DB00644	C0034013	1	0
DB00645	C0033774	1	2
DB00645	C0038363	1	1
DB00647	C0030193	1	3
DB00648	C0001618	1	4
DB00648	C0010481	1	2
DB00648	C0206686	1	0
DB00650	C0002888	1	2
DB00650	C0016412	1	3
DB00650	C0029463	1	4
DB00650	C1527249	1	1
DB00651	C0004096	1	2
DB00651	C0008677	1	2
DB00651	C0034067	1	4
DB00652	C0030193	1	0
DB00653	C0003811	1	4
DB00653	C0009806	1	4
DB00653	C0014544	1	3
DB00653	C0022876	1	1
DB00653	C0024473	1	4
DB00653	C0027697	1	1
DB00653	C0032914	1	3
DB00653	C0039621	1	3
DB00653	C0040479	1	0
DB00653	C0042510	1	1
DB00653	C0151723	1	3
DB00654	C0017601	1	0
DB00654	C0017612	1	0
DB00654	C0028840	1	3
DB00655	C0020619	1	1
DB00655	C0025322	1	4
DB00655	C0025323	1	1
DB00655	C0028754	1	0
DB00655	C0033578	1	3
DB00655	C0085215	1	1
DB00655	C1458155	1	0
DB00656	C0021603	1	3
DB00656	C1269683	1	3
DB00657	C0020538	1	3
DB00657	C0020540	1	3
DB00657	C0085580	1	0
DB00659	C0001973	1	1
DB00661	C0002962	1	2
DB00661	C0003811	1	4
DB00661	C0004238	1	4
DB00661	C0004239	1	2
DB00661	C0020538	1	4
DB00661	C0027051	1	4
DB00661	C0030590	1	4
DB00661	C0039240	1	3
DB00662	C0017160	1	4
DB00662	C0027497	1	2
DB00662	C0027498	1	4
DB00662	C0042963	1	1
DB00663	C0011615	1	1
DB00663	C0011616	1	3
DB00663	C0015230	1	3
DB00663	C0024138	1	1
DB00663	C0036508	1	1
DB00663	C0079773	1	4
DB00665	C0033578	1	3
DB00666	C0014175	1	0
DB00666	C0021359	1	4
DB00666	C0021361	1	0
DB00666	C0034013	1	2
DB00666	C0342543	1	2
DB00668	C0001883	1	1
DB00668	C0002792	1	0
DB00668	C0004096	1	0
DB00668	C0006267	1	2
DB00668	C0013404	1	1
DB00668	C0017601	1	4
DB00668	C0017612	1	3
DB00668	C0018790	1	0
DB00668	C0018794	1	2
DB00668	C0019080	1	2
DB00668	C0020649	1	3
DB00668	C0034067	1	2
DB00668	C0036983	1	4
DB00668	C0042510	1	4
DB00668	C0042514	1	3
DB00668	C0428977	1	2
DB00669	C0149931	1	3
DB00670	C0013295	1	0
DB00670	C0017168	1	2
DB00670	C0030920	1	3
DB00670	C0038358	1	4
DB00670	C0041582	1	0
DB00672	C0011849	1	0
DB00672	C0011860	1	0
DB00672	C0020456	1	3
DB00673	C0027497	1	3
DB00673	C0042963	1	4
DB00674	C0002395	1	0
DB00675	C0006142	1	2
DB00675	C0018418	1	3
DB00675	C0030297	1	4
DB00675	C0034013	1	2
DB00675	C1134719	1	0
DB00675	C1458155	1	4
DB00677	C0017601	1	3
DB00677	C0038379	1	1
DB00678	C0003811	1	4
DB00678	C0011881	1	0
DB00678	C0018802	1	3
DB00678	C0020538	1	4
DB00678	C0242698	1	2
DB00679	C3544321	1	1
DB00680	C0003811	1	1
DB00680	C0042510	1	1
DB00680	C0042514	1	4
DB00680	C0085612	1	1
DB00682	C0004238	1	2
DB00682	C0004239	1	4
DB00682	C0027051	1	2
DB00682	C0034065	1	1
DB00682	C0040038	1	2
DB00682	C0040046	1	0
DB00682	C0040053	1	0
DB00682	C0149871	1	4
DB00682	C0878544	1	3
DB00682	C0917805	1	2
DB00683	C0003467	1	2
DB00683	C0038220	1	0
DB00683	C0085631	1	4
DB00685	C0037199	1	2
DB00685	C0042029	1	1
DB00686	C0042345	1	2
DB00686	C0282488	1	1
DB00687	C0001403	1	4
DB00687	C0405580	1	4
DB00688	C0033860	1	1
DB00690	C0021603	1	4
DB00690	C0917801	1	3
DB00691	C0018802	1	1
DB00691	C0020538	1	4
DB00692	C0020540	1	0
DB00692	C0020546	1	2
DB00692	C0021308	1	2
DB00692	C0023212	1	2
DB00692	C0027051	1	4
DB00692	C0031511	1	3
DB00692	C0085096	1	0
DB00692	C0242350	1	2
DB00692	C0917798	1	3
DB00694	C0023440	1	1
DB00694	C0023449	1	3
DB00694	C0023465	1	1
DB00694	C0023467	1	1
DB00694	C0023487	1	1
DB00694	C0036220	1	1
DB00695	C0013604	1	1
DB00695	C0018802	1	4
DB00695	C0020538	1	1
DB00695	C0022660	1	0
DB00695	C0022661	1	0
DB00695	C0023890	1	4
DB00695	C0027726	1	0
DB00695	C0034063	1	3
DB00696	C0149931	1	4
DB00697	C0026838	1	2
DB00697	C0027121	1	2
DB00697	C0037763	1	4
DB00697	C0040997	1	4
DB00699	C0004153	1	1
DB00699	C0024437	1	2
DB00699	C0034734	1	4
DB00699	C0040053	1	3
DB00699	C0149931	1	1
DB00700	C0018802	1	1
DB00700	C0020428	1	3
DB00700	C0020538	1	0
DB00703	C0017601	1	4
DB00703	C0017605	1	4
DB00703	C0017612	1	3
DB00704	C0001973	1	0
DB00704	C0028754	1	3
DB00704	C0150055	1	1
DB00706	C2937421	1	1
DB00707	C0007131	1	2
DB00707	C0014859	1	1
DB00710	C0020437	1	1
DB00710	C0029456	1	3
DB00710	C0029458	1	0
DB00712	C0003873	1	1
DB00712	C0013390	1	2
DB00712	C0029408	1	4
DB00712	C0038013	1	2
DB00713	C0007642	1	2
DB00713	C0014121	1	3
DB00713	C0029443	1	1
DB00713	C0036690	1	2
DB00713	C0037199	1	4
DB00713	C0038160	1	4
DB00713	C0149725	1	4
DB00713	C2242472	1	3
DB00714	C0013384	1	4
DB00714	C0030567	1	1
DB00714	C0242350	1	4
DB00715	C0011581	1	1
DB00715	C0028768	1	0
DB00715	C0030319	1	3
DB00715	C1269683	1	0
DB00716	C0004096	1	3
DB00716	C0009763	1	4
DB00716	C0020517	1	1
DB00716	C0847614	1	2
DB00717	C0014173	1	0
DB00717	C0014175	1	2
DB00717	C0020619	1	3
DB00717	C0025323	1	4
DB00717	C0025874	1	0
DB00717	C0232940	1	2
DB00717	C0271578	1	0
DB00719	C0018621	1	3
DB00719	C0020517	1	2
DB00719	C0027424	1	0
DB00719	C0033774	1	0
DB00719	C0035457	1	3
DB00719	C0042109	1	1
DB00719	C0343065	1	3
DB00719	C2607914	1	3
DB00720	C0020437	1	1
DB00720	C0020502	1	0
DB00720	C0026764	1	2
DB00720	C0029456	1	1
DB00722	C0011849	1	2
DB00722	C0018802	1	0
DB00722	C0020538	1	3
DB00722	C0027051	1	3
DB00722	C0040053	1	3
DB00722	C0730345	1	1
DB00723	C0020649	1	3
DB00723	C0030590	1	1
DB00724	C0007117	1	2
DB00725	C0010200	1	2
DB00725	C0013295	1	4
DB00725	C0022104	1	0
DB00725	C0030920	1	3
DB00725	C0038358	1	3
DB00725	C0041582	1	2
DB00726	C0011581	1	3
DB00726	C0700201	1	1
DB00727	C0018802	1	1
DB00727	C0020542	1	1
DB00727	C0022876	1	4
DB00727	C0027051	1	4
DB00727	C0037299	1	1
DB00727	C1956346	1	3
DB00729	C0004096	1	4
DB00729	C0017152	1	2
DB00729	C0030920	1	0
DB00731	C0011849	1	2
DB00731	C0011860	1	4
DB00731	C0020456	1	1
DB00733	C0026896	1	3
DB00734	C0004352	1	1
DB00734	C0005586	1	2
DB00734	C0036341	1	0
DB00736	C0013295	1	1
DB00736	C0014868	1	1
DB00736	C0014869	1	2
DB00736	C0017168	1	2
DB00736	C0017181	1	4
DB00736	C0030920	1	1
DB00736	C0041582	1	2
DB00736	C0043515	1	1
DB00737	C0020517	1	0
DB00737	C0027497	1	1
DB00737	C0042571	1	4
DB00737	C0042963	1	4
DB00738	C0032285	1	2
DB00740	C0002736	1	1
DB00741	C0001403	1	4
DB00741	C0001623	1	0
DB00741	C0002875	1	4
DB00741	C0002880	1	1
DB00741	C0002994	1	1
DB00741	C0003864	1	1
DB00741	C0003868	1	3
DB00741	C0003872	1	2
DB00741	C0003873	1	4
DB00741	C0004096	1	1
DB00741	C0004364	1	2
DB00741	C0005138	1	0
DB00741	C0006114	1	0
DB00741	C0009324	1	0
DB00741	C0010043	1	2
DB00741	C0010346	1	2
DB00741	C0011603	1	0
DB00741	C0011606	1	4
DB00741	C0011615	1	1
DB00741	C0011616	1	0
DB00741	C0013595	1	1
DB00741	C0014356	1	3
DB00741	C0014742	1	2
DB00741	C0015230	1	4
DB00741	C0015397	1	3
DB00741	C0015456	1	0
DB00741	C0017563	1	0
DB00741	C0019112	1	3
DB00741	C0019829	1	2
DB00741	C0020517	1	0
DB00741	C0021390	1	1
DB00741	C0022073	1	4
DB00741	C0022568	1	0
DB00741	C0023052	1	1
DB00741	C0023449	1	0
DB00741	C0024138	1	3
DB00741	C0024141	1	1
DB00741	C0024305	1	1
DB00741	C0026769	1	0
DB00741	C0026948	1	4
DB00741	C0027726	1	4
DB00741	C0030807	1	1
DB00741	C0033860	1	0
DB00741	C0035854	1	4
DB00741	C0036202	1	4
DB00741	C0036508	1	0
DB00741	C0036830	1	3
DB00741	C0038013	1	2
DB00741	C0038363	1	3
DB00741	C0039103	1	2
DB00741	C0040147	1	1
DB00741	C0042164	1	2
DB00741	C0079773	1	2
DB00741	C0405580	1	4
DB00741	C1260899	1	2
DB00741	C2607914	1	3
DB00744	C0004096	1	3
DB00745	C0027404	1	3
DB00745	C0520679	1	3
DB00746	C0002871	1	3
DB00746	C0018995	1	4
DB00746	C0282193	1	2
DB00747	C0010200	1	4
DB00747	C0015469	1	4
DB00747	C0022073	1	0
DB00747	C0022104	1	1
DB00747	C0026961	1	1
DB00747	C0027424	1	4
DB00747	C0027497	1	3
DB00747	C0030920	1	1
DB00747	C0037036	1	4
DB00747	C0042164	1	2
DB00747	C0042963	1	4
DB00747	C0428977	1	1
DB00747	C2607914	1	3
DB00748	C0002994	1	3
DB00748	C0009763	1	2
DB00748	C0016470	1	4
DB00748	C0018621	1	4
DB00748	C0020517	1	0
DB00748	C0030567	1	1
DB00748	C0033774	1	4
DB00748	C0035457	1	4
DB00748	C0042109	1	0
DB00748	C0343065	1	0
DB00748	C1527304	1	4
DB00748	C2607914	1	2
DB00749	C0003873	1	1
DB00749	C0029408	1	2
DB00749	C0030193	1	2
DB00751	C0009763	1	1
DB00751	C0020517	1	2
DB00752	C1269683	1	4
DB00754	C0014544	1	3
DB00754	C0014549	1	3
DB00754	C0014556	1	0
DB00754	C0036572	1	4
DB00754	C0149958	1	3
DB00755	C0007117	1	1
DB00755	C0022593	1	2
DB00755	C0022595	1	1
DB00755	C0022596	1	3
DB00755	C0023487	1	3
DB00755	C0033860	1	3
DB00755	C0036651	1	3
DB00755	C0162834	1	3
DB00755	C0702166	1	1
DB00755	C0870082	1	1
DB00757	C0027497	1	4
DB00757	C0042963	1	2
DB00758	C0004153	1	4
DB00758	C0027051	1	4
DB00758	C0038454	1	1
DB00758	C0040053	1	2
DB00758	C0948089	1	0
DB00758	C1704436	1	1
DB00759	C0032285	1	4
DB00759	C0037199	1	1
DB00759	C0042029	1	1
DB00759	C0149704	1	0
DB00759	C0702166	1	0
DB00761	C0009806	1	0
DB00761	C0020621	1	0
DB00761	C0220983	1	1
DB00762	C0007131	1	0
DB00762	C0009375	1	0
DB00762	C0023418	1	3
DB00762	C0024299	1	0
DB00762	C0027627	1	2
DB00762	C0030297	1	4
DB00762	C0034885	1	2
DB00762	C0038356	1	4
DB00762	C0149925	1	3
DB00762	C1458155	1	1
DB00762	C1527249	1	2
DB00763	C0018021	1	4
DB00763	C0018213	1	1
DB00763	C0020550	1	2
DB00763	C0033860	1	2
DB00764	C0004096	1	3
DB00764	C0011616	1	4
DB00764	C0015230	1	2
DB00764	C0018621	1	4
DB00764	C0020517	1	2
DB00764	C0024138	1	0
DB00764	C0035457	1	0
DB00764	C0036508	1	0
DB00764	C0079773	1	2
DB00764	C2607914	1	4
DB00765	C0031511	1	3
DB00768	C0009763	1	0
DB00768	C0018621	1	3
DB00768	C0020517	1	4
DB00768	C0847614	1	1
DB00768	C2607914	1	4
DB00770	C0003492	1	4
DB00770	C0018798	1	4
DB00770	C0020542	1	2
DB00770	C0039685	1	2
DB00770	C0242350	1	3
DB00771	C0003811	1	0
DB00771	C0014356	1	1
DB00771	C0022104	1	2
DB00771	C0030920	1	1
DB00773	C0005695	1	4
DB00773	C0006118	1	1
DB00773	C0019618	1	2
DB00773	C0023467	1	4
DB00773	C0023470	1	4
DB00773	C0024121	1	0
DB00773	C0024299	1	3
DB00773	C0026948	1	4
DB00773	C0027819	1	0
DB00773	C0033578	1	3
DB00773	C0035412	1	2
DB00773	C0036220	1	3
DB00773	C0039590	1	4
DB00773	C0042138	1	0
DB00773	C0149925	1	2
DB00773	C0553580	1	3
DB00773	C1621958	1	2
DB00774	C0013604	1	1
DB00774	C0018802	1	2
DB00774	C0020538	1	3
DB00774	C0022661	1	3
DB00774	C0023890	1	2
DB00774	C0027726	1	3
DB00775	C0002965	1	3
DB00775	C0027051	1	1
DB00775	C0040053	1	2
DB00775	C0948089	1	3
DB00776	C0014544	1	1
DB00776	C0036572	1	3
DB00776	C0234974	1	3
DB00777	C0021603	1	3
DB00780	C0011581	1	4
DB00782	C0022104	1	3
DB00782	C0030305	1	2
DB00782	C0030920	1	0
DB00782	C0041582	1	2
DB00783	C0020619	1	0
DB00783	C0025322	1	1
DB00783	C0025323	1	3
DB00783	C0029456	1	4
DB00783	C0033578	1	2
DB00783	C0085215	1	4
DB00783	C0271578	1	2
DB00783	C1458155	1	2
DB00784	C0003873	1	4
DB00784	C0013390	1	0
DB00784	C0025323	1	3
DB00784	C0029408	1	1
DB00784	C0030193	1	1
DB00787	C0276226	1	3
DB00788	C0003862	1	1
DB00788	C0003873	1	2
DB00788	C0013390	1	1
DB00788	C0015967	1	4
DB00788	C0018099	1	3
DB00788	C0018681	1	2
DB00788	C0029408	1	2
DB00788	C0030193	1	0
DB00788	C0038013	1	1
DB00788	C0149931	1	2
DB00788	C0231528	1	4
DB00790	C0010068	1	2
DB00790	C0018802	1	3
DB00790	C0020538	1	0
DB00790	C0027051	1	4
DB00790	C0085580	1	0
DB00790	C1956346	1	0
DB00792	C0004096	1	1
DB00792	C0020517	1	3
DB00792	C0027424	1	4
DB00792	C0033774	1	4
DB00792	C0035457	1	1
DB00792	C0042109	1	3
DB00792	C0343065	1	0
DB00792	C2607914	1	0
DB00794	C0014544	1	1
DB00794	C0014549	1	3
DB00794	C0014556	1	1
DB00794	C0036572	1	0
DB00794	C0234974	1	1
DB00794	C0238111	1	1
DB00794	C0494475	1	4
DB00795	C0003873	1	2
DB00795	C0009324	1	4
DB00795	C0010346	1	1
DB00795	C0014356	1	2
DB00796	C0018802	1	0
DB00796	C0020538	1	0
DB00797	C0007820	1	1
DB00797	C0031190	1	4
DB00797	C0034734	1	3
DB00797	C0036421	1	1
DB00797	C0040046	1	2
DB00797	C0042373	1	4
DB00798	C0008311	1	3
DB00798	C0010930	1	0
DB00798	C0014836	1	1
DB00798	C0030578	1	1
DB00798	C0031154	1	0
DB00798	C0036690	1	2
DB00798	C2242472	1	3
DB00799	C0022593	1	3
DB00799	C0033860	1	2
DB00799	C0702166	1	1
DB00800	C0018802	1	3
DB00800	C0020540	1	2
DB00800	C0020545	1	4
DB00801	C0003467	1	4
DB00804	C0022104	1	2
DB00805	C0030567	1	3
DB00806	C0007786	1	2
DB00806	C0011875	1	1
DB00806	C0011882	1	3
DB00806	C0017086	1	2
DB00806	C0021775	1	1
DB00806	C0038454	1	0
DB00806	C0040053	1	3
DB00806	C0042384	1	4
DB00806	C0085096	1	2
DB00806	C1306889	1	4
DB00808	C0013604	1	3
DB00808	C0018802	1	1
DB00808	C0020538	1	2
DB00808	C0027726	1	4
DB00809	C0022073	1	1
DB00809	C0022568	1	3
DB00809	C0026961	1	4
DB00809	C0034951	1	0
DB00810	C0013384	1	0
DB00810	C0015371	1	1
DB00810	C0030567	1	1
DB00810	C0242422	1	3
DB00811	C0023890	1	2
DB00811	C0524910	1	3
DB00812	C0038013	1	0
DB00813	C0030193	1	3
DB00814	C0003864	1	2
DB00814	C0003873	1	1
DB00814	C0029408	1	2
DB00816	C0004096	1	3
DB00816	C0008677	1	0
DB00816	C0022876	1	1
DB00816	C0034067	1	3
DB00818	C0038220	1	1
DB00819	C0013604	1	1
DB00819	C0014544	1	3
DB00819	C0014553	1	3
DB00819	C0017601	1	3
DB00819	C0017605	1	3
DB00819	C0017612	1	4
DB00819	C0085649	1	4
DB00820	C0020542	1	4
DB00820	C0242350	1	4
DB00821	C0029408	1	3
DB00822	C0001973	1	4
DB00823	C0014175	1	3
DB00823	C0020619	1	0
DB00824	C0002895	1	0
DB00824	C0003811	1	1
DB00824	C0004096	1	4
DB00824	C0011882	1	1
DB00825	C0004604	1	4
DB00825	C0033774	1	2
DB00825	C0036508	1	0
DB00829	C0001957	1	2
DB00829	C0003467	1	3
DB00829	C0026838	1	1
DB00829	C0038220	1	3
DB00829	C0040822	1	1
DB00829	C0236663	1	4
DB00830	C0028754	1	3
DB00831	C0003467	1	2
DB00831	C0036341	1	0
DB00832	C0014544	1	1
DB00832	C0014553	1	1
DB00832	C0036572	1	4
DB00834	C0006118	1	3
DB00834	C0011849	1	1
DB00834	C0011860	1	2
DB00834	C0020456	1	0
DB00834	C0032987	1	3
DB00834	C0271650	1	3
DB00835	C0018621	1	2
DB00835	C0020517	1	1
DB00835	C0033774	1	3
DB00835	C0035457	1	0
DB00835	C0042109	1	4
DB00835	C0343065	1	4
DB00835	C2607914	1	2
DB00836	C0011991	1	0
DB00836	C0014356	1	1
DB00836	C0017160	1	0
DB00836	C0401151	1	1
DB00837	C0013384	1	0
DB00837	C0014544	1	1
DB00837	C0030567	1	1
DB00838	C0011616	1	0
DB00838	C0015230	1	2
DB00838	C0015456	1	2
DB00838	C0024138	1	4
DB00838	C0036508	1	1
DB00838	C0079773	1	0
DB00839	C0011849	1	0
DB00839	C0011860	1	4
DB00839	C0020456	1	3
DB00841	C0018802	1	2
DB00841	C0036980	1	2
DB00842	C0001957	1	2
DB00842	C0003467	1	2
DB00842	C0236663	1	3
DB00843	C0002395	1	3
DB00844	C0030193	1	1
DB00846	C0011615	1	0
DB00846	C0011616	1	1
DB00846	C0015230	1	3
DB00846	C0015456	1	4
DB00846	C0024138	1	1
DB00846	C0033860	1	4
DB00846	C0036508	1	2
DB00846	C0079773	1	1
DB00847	C0010691	1	0
DB00847	C0451641	1	2
DB00848	C0009375	1	2
DB00848	C0025202	1	0
DB00848	C0278996	1	3
DB00849	C0003467	1	0
DB00849	C0014544	1	4
DB00849	C0014549	1	3
DB00849	C0014553	1	1
DB00850	C0020179	1	3
DB00850	C0027497	1	4
DB00850	C0027498	1	1
DB00850	C0036341	1	4
DB00850	C0042963	1	4
DB00850	C0338908	1	0
DB00851	C0016057	1	1
DB00851	C0019829	1	2
DB00851	C0025202	1	3
DB00851	C0027819	1	0
DB00851	C0035412	1	2
DB00851	C0206693	1	3
DB00852	C0004096	1	2
DB00852	C0018621	1	3
DB00852	C0027424	1	4
DB00852	C0033117	1	0
DB00852	C0035455	1	4
DB00852	C0035457	1	0
DB00852	C0037199	1	1
DB00852	C2607914	1	3
DB00853	C0004114	1	1
DB00853	C0017636	1	2
DB00853	C0017638	1	4
DB00853	C0025202	1	3
DB00853	C0334579	1	0
DB00853	C1621958	1	3
DB00854	C0030193	1	2
DB00857	C0040261	1	1
DB00858	C0002874	1	3
DB00858	C0010043	1	3
DB00858	C0022073	1	0
DB00858	C0035854	1	1
DB00858	C0042164	1	1
DB00858	C0178416	1	4
DB00858	C1260899	1	3
DB00860	C0001403	1	1
DB00860	C0001623	1	2
DB00860	C0001627	1	3
DB00860	C0002390	1	2
DB00860	C0002875	1	2
DB00860	C0002880	1	4
DB00860	C0002994	1	4
DB00860	C0003868	1	3
DB00860	C0003872	1	0
DB00860	C0003873	1	0
DB00860	C0004096	1	4
DB00860	C0004364	1	4
DB00860	C0005138	1	3
DB00860	C0006114	1	1
DB00860	C0007570	1	1
DB00860	C0009324	1	2
DB00860	C0009763	1	1
DB00860	C0010043	1	0
DB00860	C0010346	1	1
DB00860	C0010930	1	1
DB00860	C0011606	1	3
DB00860	C0011615	1	0
DB00860	C0011616	1	2
DB00860	C0013604	1	2
DB00860	C0014356	1	4
DB00860	C0014742	1	3
DB00860	C0015230	1	3
DB00860	C0015397	1	3
DB00860	C0019829	1	0
DB00860	C0020517	1	4
DB00860	C0021390	1	1
DB00860	C0021655	1	4
DB00860	C0022073	1	1
DB00860	C0022568	1	3
DB00860	C0023052	1	1
DB00860	C0023418	1	3
DB00860	C0023449	1	2
DB00860	C0024138	1	0
DB00860	C0024141	1	0
DB00860	C0024299	1	4
DB00860	C0024301	1	0
DB00860	C0024305	1	4
DB00860	C0026769	1	2
DB00860	C0026948	1	1
DB00860	C0027726	1	3
DB00860	C0030807	1	4
DB00860	C0033860	1	1
DB00860	C0034069	1	2
DB00860	C0035854	1	0
DB00860	C0036202	1	1
DB00860	C0036508	1	4
DB00860	C0036830	1	1
DB00860	C0037274	1	2
DB00860	C0038013	1	0
DB00860	C0038325	1	0
DB00860	C0039103	1	1
DB00860	C0039483	1	0
DB00860	C0040147	1	3
DB00860	C0042164	1	2
DB00860	C0079773	1	0
DB00860	C0405580	1	4
DB00860	C1260899	1	1
DB00860	C1527336	1	4
DB00860	C2607914	1	4
DB00861	C0003873	1	3
DB00861	C0029408	1	4
DB00861	C0030193	1	1
DB00861	C0150055	1	1
DB00862	C0242350	1	0
DB00863	C0013295	1	4
DB00863	C0017168	1	0
DB00863	C0018834	1	4
DB00863	C0030920	1	3
DB00863	C0038358	1	1
DB00863	C0041582	1	1
DB00863	C0043515	1	3
DB00864	C0011603	1	4
DB00864	C0011615	1	3
DB00865	C0028754	1	0
DB00866	C0002962	1	1
DB00866	C0003811	1	2
DB00867	C0022876	1	3
DB00868	C0010200	1	0
DB00869	C0017601	1	3
DB00869	C0017612	1	1
DB00869	C0028840	1	4
DB00871	C0004096	1	0
DB00871	C0013238	1	0
DB00871	C0020456	1	2
DB00871	C0022876	1	4
DB00871	C0033774	1	3
DB00871	C0034067	1	2
DB00872	C0001623	1	2
DB00872	C0020625	1	2
DB00872	C0020676	1	4
DB00872	C0021141	1	3
DB00872	C0546817	1	2
DB00873	C0009763	1	4
DB00873	C0013604	1	0
DB00873	C0018621	1	1
DB00873	C0020473	1	3
DB00873	C0022073	1	4
DB00873	C0022568	1	4
DB00873	C0035854	1	1
DB00873	C0042164	1	4
DB00875	C0036341	1	4
DB00876	C0011881	1	2
DB00876	C0018802	1	3
DB00876	C0020538	1	4
DB00876	C0242698	1	0
DB00877	C0007134	1	3
DB00877	C0334634	1	4
DB00877	C0751674	1	4
DB00880	C0013604	1	4
DB00880	C0018802	1	0
DB00880	C0020538	1	2
DB00880	C0027726	1	2
DB00881	C0002994	1	4
DB00881	C0018802	1	2
DB00881	C0020538	1	3
DB00882	C0003128	1	4
DB00882	C0021359	1	3
DB00882	C0021361	1	2
DB00882	C0021364	1	3
DB00882	C0032460	1	1
DB00883	C0002962	1	1
DB00883	C0037299	1	0
DB00883	C1956346	1	2
DB00884	C0029401	1	3
DB00884	C0029456	1	2
DB00884	C0029458	1	0
DB00885	C0004096	1	3
DB00885	C0018621	1	2
DB00885	C0020517	1	2
DB00885	C2607914	1	1
DB00887	C0013604	1	3
DB00887	C0018802	1	0
DB00887	C0022660	1	1
DB00887	C0022661	1	1
DB00887	C0023890	1	4
DB00887	C0027726	1	3
DB00887	C0034063	1	0
DB00889	C0027497	1	3
DB00889	C0042963	1	0
DB00890	C1384606	1	0
DB00893	C0002871	1	3
DB00894	C1458155	1	1
DB00896	C0042164	1	3
DB00897	C0021603	1	0
DB00897	C0917801	1	4
DB00898	C0040997	1	4
DB00898	C0150055	1	3
DB00902	C0002994	1	2
DB00902	C0011615	1	2
DB00902	C0013595	1	4
DB00902	C0020517	1	1
DB00902	C0027424	1	2
DB00902	C0033774	1	1
DB00902	C0035457	1	2
DB00902	C0042109	1	0
DB00902	C0162820	1	1
DB00902	C0343065	1	4
DB00902	C2607914	1	0
DB00903	C0013604	1	4
DB00903	C0018802	1	1
DB00903	C0022660	1	4
DB00903	C0022661	1	2
DB00903	C0023890	1	0
DB00903	C0027726	1	1
DB00903	C0034063	1	1
DB00903	C0035078	1	3
DB00903	C0085605	1	0
DB00904	C0027497	1	2
DB00904	C0042963	1	2
DB00905	C0017601	1	0
DB00905	C0017612	1	2
DB00905	C0028840	1	3
DB00906	C0014544	1	4
DB00906	C0036572	1	3
DB00906	C0234974	1	2
DB00908	C0003811	1	1
DB00908	C0004238	1	0
DB00908	C0004239	1	2
DB00908	C0085612	1	1
DB00908	C0559106	1	0
DB00909	C0014544	1	0
DB00909	C0036572	1	2
DB00910	C0020502	1	0
DB00910	C0020503	1	1
DB00910	C0020550	1	1
DB00910	C1561643	1	4
DB00910	C2316810	1	2
DB00912	C0011849	1	0
DB00912	C0011860	1	1
DB00912	C0020456	1	4
DB00914	C0011860	1	3
DB00914	C0020456	1	3
DB00915	C0013384	1	4
DB00915	C0013386	1	1
DB00915	C0015371	1	1
DB00915	C0030567	1	2
DB00915	C0242422	1	2
DB00916	C0006105	1	1
DB00916	C0013295	1	2
DB00916	C0017160	1	0
DB00916	C0031154	1	1
DB00916	C0035854	1	0
DB00916	C0149725	1	3
DB00916	C2242472	1	4
DB00917	C0000786	1	1
DB00917	C0042138	1	1
DB00917	C2931618	1	1
DB00918	C0149931	1	3
DB00920	C0020517	1	0
DB00920	C0847614	1	0
DB00921	C0150055	1	4
DB00922	C0003811	1	2
DB00922	C0018802	1	2
DB00924	C0026838	1	0
DB00924	C0027121	1	2
DB00924	C0037763	1	4
DB00925	C0005694	1	1
DB00925	C0020540	1	1
DB00925	C0031511	1	3
DB00925	C0042024	1	2
DB00927	C0013295	1	2
DB00927	C0014869	1	4
DB00927	C0017168	1	4
DB00927	C0018834	1	0
DB00927	C0030920	1	2
DB00927	C0038358	1	0
DB00927	C0041582	1	3
DB00927	C0042109	1	3
DB00927	C0043515	1	0
DB00928	C0002871	1	4
DB00928	C0002893	1	2
DB00928	C0002894	1	4
DB00928	C0023480	1	3
DB00928	C3463824	1	3
DB00929	C0013295	1	4
DB00929	C0017168	1	1
DB00929	C0030920	1	1
DB00929	C0038358	1	0
DB00929	C0041582	1	0
DB00933	C0036341	1	3
DB00934	C0011581	1	1
DB00934	C0013295	1	0
DB00934	C0013415	1	0
DB00934	C0338908	1	0
DB00935	C0009763	1	0
DB00935	C0027424	1	1
DB00935	C0035455	1	0
DB00936	C0003862	1	3
DB00936	C0003873	1	2
DB00936	C0004604	1	1
DB00936	C0015967	1	1
DB00936	C0020757	1	2
DB00936	C0022593	1	3
DB00936	C0027051	1	3
DB00936	C0029408	1	4
DB00936	C0030193	1	1
DB00936	C0032027	1	0
DB00936	C0033860	1	4
DB00936	C0036508	1	0
DB00936	C0039103	1	0
DB00936	C0149931	1	2
DB00936	C0542346	1	3
DB00936	C0702166	1	3
DB00936	C0870082	1	2
DB00936	C2607914	1	4
DB00937	C0028754	1	0
DB00938	C0004096	1	2
DB00938	C0024117	1	0
DB00938	C0034067	1	4
DB00939	C0003862	1	2
DB00939	C0003864	1	2
DB00939	C0003873	1	2
DB00939	C0013390	1	2
DB00939	C0025323	1	4
DB00939	C0029408	1	3
DB00939	C0030193	1	3
DB00939	C0231528	1	1
DB00940	C0005697	1	2
DB00940	C0017152	1	2
DB00940	C0022104	1	3
DB00940	C0030305	1	0
DB00940	C0030920	1	0
DB00940	C0038358	1	1
DB00940	C0042024	1	0
DB00942	C0013384	1	4
DB00942	C0030567	1	3
DB00944	C0017601	1	4
DB00945	C0002965	1	4
DB00945	C0003862	1	0
DB00945	C0003864	1	3
DB00945	C0003873	1	1
DB00945	C0004604	1	4
DB00945	C0013390	1	1
DB00945	C0015967	1	1
DB00945	C0018099	1	4
DB00945	C0018681	1	4
DB00945	C0021308	1	3
DB00945	C0024141	1	1
DB00945	C0027051	1	3
DB00945	C0029408	1	4
DB00945	C0030193	1	0
DB00945	C0038013	1	4
DB00945	C0040053	1	3
DB00945	C0149931	1	1
DB00945	C0231528	1	2
DB00946	C0004238	1	4
DB00946	C0027051	1	2
DB00946	C0034065	1	3
DB00946	C0040038	1	4
DB00946	C0040053	1	1
DB00946	C0042487	1	0
DB00946	C0948008	1	1
DB00947	C0006142	1	2
DB00947	C1458155	1	2
DB00949	C0002874	1	4
DB00949	C0014544	1	1
DB00949	C0085417	1	2
DB00949	C0085605	1	0
DB00949	C0234974	1	4
DB00949	C0238111	1	0
DB00950	C0018621	1	0
DB00950	C0020517	1	1
DB00950	C0035457	1	1
DB00950	C0042109	1	0
DB00950	C2607914	1	0
DB00951	C0020473	1	3
DB00951	C0041296	1	1
DB00952	C0149931	1	0
DB00953	C0149931	1	3
DB00956	C0010200	1	3
DB00956	C0027424	1	4
DB00956	C0030193	1	2
DB00956	C0035455	1	0
DB00956	C2607914	1	0
DB00957	C0002453	1	1
DB00957	C0021361	1	2
DB00959	C0001403	1	3
DB00959	C0001627	1	0
DB00959	C0002871	1	4
DB00959	C0002875	1	4
DB00959	C0002880	1	4
DB00959	C0002994	1	4
DB00959	C0003868	1	4
DB00959	C0003872	1	3
DB00959	C0003873	1	4
DB00959	C0004096	1	2
DB00959	C0004364	1	1
DB00959	C0005138	1	2
DB00959	C0006114	1	4
DB00959	C0009324	1	0
DB00959	C0010346	1	3
DB00959	C0011606	1	0
DB00959	C0011615	1	4
DB00959	C0011616	1	0
DB00959	C0014335	1	4
DB00959	C0014742	1	3
DB00959	C0015230	1	1
DB00959	C0015397	1	3
DB00959	C0018621	1	2
DB00959	C0019829	1	3
DB00959	C0020437	1	1
DB00959	C0020517	1	3
DB00959	C0021390	1	1
DB00959	C0023052	1	1
DB00959	C0023449	1	3
DB00959	C0024138	1	0
DB00959	C0024141	1	0
DB00959	C0024301	1	1
DB00959	C0024305	1	2
DB00959	C0026769	1	2
DB00959	C0026948	1	1
DB00959	C0027726	1	2
DB00959	C0029408	1	1
DB00959	C0030807	1	1
DB00959	C0033860	1	1
DB00959	C0035222	1	1
DB00959	C0035457	1	0
DB00959	C0036202	1	4
DB00959	C0036508	1	1
DB00959	C0036830	1	4
DB00959	C0037274	1	3
DB00959	C0038013	1	4
DB00959	C0039103	1	4
DB00959	C0040147	1	0
DB00959	C0079773	1	0
DB00959	C0405580	1	1
DB00959	C0702166	1	3
DB00959	C1260899	1	2
DB00959	C2607914	1	4
DB00960	C0004238	1	1
DB00960	C0013604	1	4
DB00960	C0017601	1	3
DB00960	C0020538	1	3
DB00960	C0027051	1	0
DB00960	C0042514	1	1
DB00962	C0021603	1	4
DB00962	C0917801	1	1
DB00963	C0030193	1	4
DB00964	C0017601	1	3
DB00964	C0017612	1	4
DB00966	C0011860	1	1
DB00966	C0011881	1	4
DB00966	C0018802	1	0
DB00966	C0020538	1	0
DB00966	C0038454	1	1
DB00966	C0242698	1	2
DB00967	C0018621	1	0
DB00967	C0020517	1	2
DB00967	C0027424	1	3
DB00967	C0035457	1	1
DB00967	C0042109	1	4
DB00967	C2607914	1	4
DB00968	C0020538	1	2
DB00969	C0022104	1	3
DB00970	C0025202	1	3
DB00970	C0027708	1	3
DB00970	C0027819	1	1
DB00970	C0035335	1	0
DB00970	C0035412	1	4
DB00970	C0036220	1	2
DB00970	C0039590	1	0
DB00970	C0042138	1	2
DB00970	C0553580	1	0
DB00970	C2931618	1	0
DB00972	C0004096	1	1
DB00972	C0009763	1	0
DB00972	C0018621	1	0
DB00972	C0020517	1	0
DB00972	C0035457	1	4
DB00972	C0847614	1	3
DB00972	C2607914	1	1
DB00973	C0020443	1	4
DB00973	C0020445	1	2
DB00973	C0020473	1	0
DB00973	C0020474	1	2
DB00973	C0342881	1	4
DB00973	C0342907	1	1
DB00975	C0004238	1	3
DB00975	C0040053	1	4
DB00975	C1704436	1	4
DB00975	C1956346	1	2
DB00976	C0006271	1	4
DB00976	C0032285	1	2
DB00976	C0155862	1	0
DB00977	C0006142	1	3
DB00977	C0020619	1	3
DB00977	C0025322	1	3
DB00977	C0025323	1	3
DB00977	C0029456	1	4
DB00977	C0033578	1	2
DB00977	C0085215	1	3
DB00977	C0271578	1	2
DB00977	C0702166	1	4
DB00977	C1458155	1	0
DB00978	C0041296	1	0
DB00978	C0042029	1	0
DB00978	C0149725	1	3
DB00979	C0026961	1	4
DB00980	C0917801	1	1
DB00981	C0002395	1	1
DB00981	C0017601	1	3
DB00981	C0017612	1	4
DB00981	C0020649	1	1
DB00981	C0152020	1	4
DB00982	C0020538	1	1
DB00982	C0022593	1	3
DB00982	C0023418	1	3
DB00982	C0027819	1	0
DB00982	C0702166	1	0
DB00983	C0004096	1	2
DB00983	C0024117	1	1
DB00983	C0034067	1	4
DB00984	C0002893	1	4
DB00984	C0272375	1	1
DB00984	C0678222	1	1
DB00984	C0878787	1	0
DB00985	C0027497	1	0
DB00985	C0027498	1	2
DB00985	C0042571	1	3
DB00985	C0042963	1	4
DB00986	C0024117	1	1
DB00986	C0030920	1	2
DB00986	C0037036	1	2
DB00987	C0005699	1	3
DB00987	C0023418	1	0
DB00987	C0023434	1	4
DB00987	C0023449	1	1
DB00987	C0023467	1	3
DB00987	C0023473	1	4
DB00987	C0023487	1	0
DB00987	C0024299	1	2
DB00987	C0024305	1	1
DB00988	C0018681	1	4
DB00988	C0018794	1	3
DB00988	C0018802	1	2
DB00988	C0020649	1	1
DB00988	C0027051	1	0
DB00988	C0030567	1	1
DB00988	C0035078	1	2
DB00988	C0036690	1	2
DB00988	C0040822	1	4
DB00988	C0085612	1	1
DB00988	C0242422	1	3
DB00988	C0428977	1	3
DB00989	C0002395	1	4
DB00989	C0030567	1	3
DB00990	C1458155	1	2
DB00991	C0003873	1	0
DB00991	C0029408	1	3
DB00993	C0003873	1	4
DB00993	C0009319	1	1
DB00993	C0009324	1	4
DB00993	C0010346	1	1
DB00993	C0024141	1	0
DB00993	C0026769	1	2
DB00994	C0014356	1	2
DB00994	C0019151	1	4
DB00994	C0022568	1	2
DB00994	C0042029	1	2
DB00994	C0042164	1	0
DB00995	C0003864	1	1
DB00995	C0003872	1	0
DB00995	C0003873	1	4
DB00995	C0030807	1	2
DB00996	C0013384	1	4
DB00996	C0014544	1	1
DB00996	C0030567	1	1
DB00996	C0032768	1	0
DB00996	C0035258	1	2
DB00996	C0036572	1	0
DB00997	C0005695	1	1
DB00997	C0006413	1	1
DB00997	C0019829	1	4
DB00997	C0023449	1	3
DB00997	C0023467	1	2
DB00997	C0024301	1	3
DB00997	C0024305	1	4
DB00997	C0026764	1	2
DB00997	C0027708	1	1
DB00997	C0027819	1	0
DB00997	C0036220	1	0
DB00997	C0079744	1	0
DB00997	C0149925	1	1
DB00997	C0276535	1	3
DB00997	C0678222	1	0
DB00997	C0919267	1	2
DB00997	C1140680	1	0
DB00997	C1458155	1	0
DB00998	C0149931	1	2
DB00999	C0013604	1	4
DB00999	C0018802	1	2
DB00999	C0020538	1	2
DB00999	C0027726	1	1
DB01001	C0004096	1	0
DB01001	C0008677	1	3
DB01001	C0022876	1	0
DB01001	C0024117	1	4
DB01001	C0746102	1	1
DB01003	C0004096	1	4
DB01003	C0009324	1	1
DB01003	C0009763	1	0
DB01003	C0011603	1	4
DB01003	C0014356	1	1
DB01003	C0016470	1	4
DB01003	C0022568	1	3
DB01003	C0024899	1	3
DB01003	C0035457	1	4
DB01003	C0042109	1	2
DB01003	C0221013	1	2
DB01003	C0847614	1	4
DB01003	C2607914	1	0
DB01005	C0002895	1	2
DB01005	C0006118	1	3
DB01005	C0007131	1	4
DB01005	C0007134	1	4
DB01005	C0018671	1	3
DB01005	C0023473	1	4
DB01005	C0023518	1	4
DB01005	C0025202	1	0
DB01005	C0032463	1	4
DB01005	C0033578	1	2
DB01005	C0033860	1	1
DB01005	C0040028	1	3
DB01005	C0042138	1	3
DB01005	C0278996	1	2
DB01005	C0919267	1	2
DB01005	C1140680	1	1
DB01005	C1168401	1	3
DB01005	C1540912	1	1
DB01006	C0006142	1	0
DB01006	C1458155	1	1
DB01009	C0003873	1	1
DB01009	C0013390	1	3
DB01009	C0029408	1	1
DB01009	C0030193	1	0
DB01009	C0038013	1	0
DB01010	C0026896	1	0
DB01011	C0010481	1	3
DB01012	C0020437	1	2
DB01012	C0020502	1	3
DB01012	C0020503	1	4
DB01012	C0687150	1	2
DB01012	C1561643	1	1
DB01013	C0011616	1	3
DB01013	C0033860	1	0
DB01013	C0036508	1	3
DB01014	C0009324	1	3
DB01014	C0014356	1	1
DB01014	C0041582	1	1
DB01015	C0014335	1	0
DB01015	C0029882	1	3
DB01015	C0032285	1	1
DB01015	C0033581	1	0
DB01016	C0003811	1	4
DB01016	C0011849	1	4
DB01016	C0011860	1	0
DB01016	C0020456	1	0
DB01017	C0009763	1	0
DB01017	C0015967	1	1
DB01017	C0031099	1	3
DB01017	C0032285	1	1
DB01017	C0037199	1	2
DB01017	C0042029	1	3
DB01017	C0149704	1	3
DB01018	C0020538	1	0
DB01018	C1263846	1	4
DB01019	C0005697	1	2
DB01019	C0017168	1	4
DB01019	C0080274	1	3
DB01020	C0002962	1	3
DB01020	C0027051	1	0
DB01020	C1956346	1	1
DB01021	C0013604	1	2
DB01021	C0018801	1	3
DB01021	C0018802	1	2
DB01021	C0020538	1	4
DB01021	C0027726	1	4
DB01022	C0019080	1	1
DB01022	C0019087	1	3
DB01022	C0020598	1	2
DB01022	C0029456	1	2
DB01022	C0042880	1	1
DB01023	C0003811	1	4
DB01023	C0020538	1	0
DB01023	C0085580	1	1
DB01024	C0033860	1	4
DB01025	C0004096	1	4
DB01025	C0009763	1	2
DB01025	C0020517	1	4
DB01025	C0038363	1	1
DB01025	C0041582	1	1
DB01026	C0036508	1	3
DB01029	C0011860	1	0
DB01029	C0011881	1	1
DB01029	C0018802	1	2
DB01029	C0020538	1	0
DB01029	C0242698	1	3
DB01030	C0007131	1	0
DB01030	C0149925	1	4
DB01030	C0262584	1	0
DB01030	C0919267	1	4
DB01030	C1140680	1	2
DB01030	C4048328	1	3
DB01031	C0021603	1	0
DB01031	C0917801	1	4
DB01032	C0003868	1	2
DB01032	C0018099	1	1
DB01032	C0740394	1	0
DB01033	C0023434	1	2
DB01033	C0023449	1	0
DB01033	C0023487	1	0
DB01033	C0024305	1	4
DB01034	C0020473	1	3
DB01035	C0003811	1	3
DB01035	C0004238	1	2
DB01035	C0004239	1	3
DB01035	C0039240	1	2
DB01035	C0042514	1	3
DB01035	C0085612	1	3
DB01035	C0151636	1	0
DB01036	C0042023	1	2
DB01036	C0042024	1	0
DB01036	C0085606	1	2
DB01036	C0878773	1	1
DB01037	C0002395	1	3
DB01037	C0013384	1	4
DB01037	C0030567	1	4
DB01037	C1269683	1	0
DB01039	C0020443	1	4
DB01039	C0020473	1	2
DB01039	C0020474	1	3
DB01039	C0020476	1	1
DB01039	C0020557	1	3
DB01039	C0473527	1	3
DB01041	C0003873	1	4
DB01041	C0004943	1	3
DB01041	C0007134	1	3
DB01041	C0010346	1	3
DB01041	C0014742	1	1
DB01041	C0014743	1	0
DB01041	C0024138	1	0
DB01041	C0024419	1	4
DB01041	C0026764	1	4
DB01041	C0038363	1	1
DB01043	C0002395	1	0
DB01043	C0013384	1	2
DB01043	C0030567	1	4
DB01045	C0025289	1	2
DB01045	C0041296	1	1
DB01046	C0009806	1	3
DB01046	C0022104	1	2
DB01047	C0011616	1	1
DB01047	C0013595	1	1
DB01047	C0015230	1	1
DB01047	C0020517	1	2
DB01047	C0024138	1	3
DB01047	C0036508	1	3
DB01047	C0079773	1	4
DB01049	C0497327	1	1
DB01050	C0003872	1	3
DB01050	C0003873	1	1
DB01050	C0013390	1	4
DB01050	C0015967	1	4
DB01050	C0018099	1	0
DB01050	C0018681	1	1
DB01050	C0025323	1	1
DB01050	C0029408	1	1
DB01050	C0030193	1	0
DB01050	C0031046	1	2
DB01050	C0038013	1	3
DB01050	C0149931	1	0
DB01050	C0231528	1	3
DB01050	C0233315	1	0
DB01053	C0014121	1	3
DB01053	C0014733	1	4
DB01053	C0025289	1	0
DB01053	C0025294	1	1
DB01053	C0032285	1	4
DB01053	C0149704	1	4
DB01053	C0155862	1	2
DB01056	C0003811	1	4
DB01056	C0040997	1	3
DB01056	C0085612	1	1
DB01057	C0014877	1	2
DB01057	C0017601	1	1
DB01057	C0017612	1	0
DB01057	C0271093	1	1
DB01059	C0010692	1	1
DB01059	C0014836	1	2
DB01059	C0031154	1	2
DB01059	C0032285	1	3
DB01059	C0033581	1	0
DB01059	C0034186	1	1
DB01059	C0042029	1	2
DB01059	C0149725	1	3
DB01059	C0155862	1	4
DB01059	C2242472	1	1
DB01060	C0013295	1	0
DB01060	C0014836	1	4
DB01060	C0029882	1	3
DB01060	C0037199	1	3
DB01060	C0042029	1	4
DB01060	C0149725	1	1
DB01060	C0155862	1	2
DB01062	C0005697	1	3
DB01062	C0042023	1	1
DB01062	C0042024	1	2
DB01062	C0085606	1	4
DB01062	C0878773	1	1
DB01063	C0033975	1	0
DB01064	C0004096	1	4
DB01064	C0004245	1	1
DB01064	C0008677	1	2
DB01064	C0018790	1	4
DB01064	C0018794	1	0
DB01064	C0040479	1	0
DB01064	C0042510	1	4
DB01064	C0428977	1	3
DB01065	C0007789	1	3
DB01065	C0021603	1	0
DB01065	C0376358	1	1
DB01065	C0456909	1	1
DB01065	C0877792	1	1
DB01067	C0011849	1	4
DB01067	C0011860	1	1
DB01067	C0020456	1	1
DB01068	C0014544	1	1
DB01068	C0014550	1	2
DB01068	C0014553	1	4
DB01068	C0030319	1	4
DB01068	C0035258	1	0
DB01068	C0036572	1	2
DB01068	C0238111	1	1
DB01068	C0270846	1	0
DB01068	C0595948	1	3
DB01069	C0018621	1	4
DB01069	C0020517	1	3
DB01069	C0027498	1	1
DB01069	C0032787	1	3
DB01069	C0035457	1	4
DB01069	C0042109	1	1
DB01070	C0001122	1	0
DB01070	C0015624	1	0
DB01070	C0020502	1	1
DB01070	C0020598	1	0
DB01070	C0020626	1	1
DB01070	C0022661	1	4
DB01070	C0029442	1	0
DB01070	C0029456	1	2
DB01070	C0033806	1	0
DB01070	C0035579	1	2
DB01070	C0039621	1	2
DB01070	C0042842	1	1
DB01070	C0042870	1	2
DB01070	C0085682	1	3
DB01071	C0018621	1	2
DB01071	C0042109	1	3
DB01071	C2607914	1	4
DB01073	C0023434	1	2
DB01073	C0024305	1	0
DB01074	C0002962	1	4
DB01075	C0013384	1	4
DB01075	C0018621	1	4
DB01075	C0018681	1	1
DB01075	C0020517	1	3
DB01075	C0021603	1	0
DB01075	C0030567	1	2
DB01075	C0035457	1	1
DB01075	C0042109	1	2
DB01075	C0917801	1	3
DB01076	C0002962	1	3
DB01076	C0003850	1	0
DB01076	C0020443	1	0
DB01076	C0020473	1	0
DB01076	C0020474	1	4
DB01076	C0020476	1	3
DB01076	C0020479	1	1
DB01076	C0020538	1	2
DB01076	C0020557	1	3
DB01076	C0027051	1	2
DB01076	C0038454	1	4
DB01076	C0342881	1	3
DB01076	C0948089	1	3
DB01077	C0020437	1	2
DB01077	C0029396	1	2
DB01077	C0029401	1	2
DB01078	C0003811	1	3
DB01078	C0004238	1	1
DB01078	C0004239	1	0
DB01078	C0018801	1	2
DB01078	C0018802	1	1
DB01078	C0039240	1	2
DB01079	C0022104	1	3
DB01080	C0036572	1	4
DB01080	C0037763	1	3
DB01080	C0037769	1	0
DB01081	C0011991	1	3
DB01081	C0014356	1	3
DB01082	C0014121	1	0
DB01082	C0014356	1	2
DB01082	C0041296	1	1
DB01083	C0028754	1	4
DB01084	C0009763	1	0
DB01084	C0020517	1	3
DB01084	C0033774	1	4
DB01084	C0042109	1	4
DB01085	C0017601	1	3
DB01085	C0017605	1	3
DB01085	C0017612	1	4
DB01085	C0018671	1	0
DB01085	C0028840	1	1
DB01085	C0043352	1	1
DB01085	C1527336	1	2
DB01086	C0010200	1	3
DB01086	C0028754	1	2
DB01086	C0029882	1	3
DB01086	C0033774	1	2
DB01086	C0038363	1	3
DB01086	C0149745	1	1
DB01088	C0020542	1	0
DB01088	C0040053	1	3
DB01088	C2973725	1	4
DB01089	C0013384	1	0
DB01090	C0020546	1	2
DB01092	C0003811	1	2
DB01092	C0004238	1	4
DB01092	C0004239	1	4
DB01092	C0018801	1	4
DB01094	C0020473	1	4
DB01095	C0003850	1	2
DB01095	C0010054	1	3
DB01095	C0018798	1	1
DB01095	C0020443	1	0
DB01095	C0020473	1	2
DB01095	C0020474	1	0
DB01095	C0020476	1	0
DB01095	C0242339	1	4
DB01097	C0003872	1	3
DB01097	C0003873	1	0
DB01098	C0003850	1	0
DB01098	C0004153	1	2
DB01098	C0020443	1	1
DB01098	C0020473	1	3
DB01098	C0020474	1	3
DB01098	C0020479	1	0
DB01098	C0020557	1	1
DB01098	C0038454	1	0
DB01098	C0242339	1	4
DB01098	C0342881	1	2
DB01099	C0025289	1	4
DB01100	C0013384	1	1
DB01100	C0020179	1	2
DB01100	C0040517	1	1
DB01101	C0009404	1	1
DB01101	C1458155	1	0
DB01101	C1527249	1	1
DB01102	C1956346	1	2
DB01104	C0011581	1	2
DB01104	C0028768	1	3
DB01104	C0030319	1	1
DB01105	C0028754	1	3
DB01106	C0009763	1	0
DB01106	C0847614	1	4
DB01106	C2607914	1	1
DB01107	C0021603	1	2
DB01107	C0917801	1	4
DB01108	C0010481	1	4
DB01109	C0012739	1	0
DB01109	C0149871	1	3
DB01110	C0014356	1	3
DB01110	C0040261	1	2
DB01113	C0002962	1	1
DB01113	C0003811	1	3
DB01113	C0007786	1	4
DB01113	C0009319	1	4
DB01113	C0027051	1	4
DB01113	C0034065	1	4
DB01113	C0034734	1	0
DB01113	C0040038	1	1
DB01113	C0085096	1	4
DB01113	C0242350	1	2
DB01113	C0917798	1	2
DB01114	C0004096	1	4
DB01114	C0018621	1	3
DB01114	C0020517	1	4
DB01114	C0027424	1	3
DB01114	C0033774	1	4
DB01114	C0035455	1	0
DB01114	C0035457	1	1
DB01114	C0042109	1	1
DB01114	C0343065	1	4
DB01114	C2607914	1	4
DB01115	C0002962	1	4
DB01115	C0020538	1	4
DB01115	C0022876	1	0
DB01117	C0032285	1	2
DB01118	C0003811	1	4
DB01118	C0039240	1	3
DB01118	C0042510	1	4
DB01118	C0085612	1	2
DB01119	C0020459	1	2
DB01119	C0020540	1	4
DB01119	C0020615	1	4
DB01119	C0021670	1	1
DB01120	C0011849	1	0
DB01120	C0011860	1	2
DB01120	C0020456	1	4
DB01121	C0014544	1	1
DB01121	C0036572	1	0
DB01121	C0085417	1	3
DB01122	C0026848	1	2
DB01122	C0026896	1	2
DB01124	C0011849	1	3
DB01124	C0011860	1	3
DB01124	C0020456	1	4
DB01125	C0004238	1	3
DB01125	C0027051	1	1
DB01125	C0040053	1	2
DB01125	C0149871	1	4
DB01126	C0020507	1	2
DB01126	C2937421	1	3
DB01128	C0033578	1	1
DB01128	C0376358	1	3
DB01129	C0013295	1	4
DB01129	C0017168	1	0
DB01129	C0017181	1	1
DB01129	C0027662	1	1
DB01129	C0030920	1	2
DB01129	C0041582	1	1
DB01129	C0043515	1	2
DB01129	C0221013	1	2
DB01130	C0011615	1	3
DB01130	C0011616	1	4
DB01130	C0013595	1	0
DB01130	C0015230	1	4
DB01130	C0015456	1	4
DB01130	C0024138	1	0
DB01130	C0036508	1	3
DB01130	C0079773	1	2
DB01132	C0011849	1	4
DB01132	C0011860	1	4
DB01132	C0020456	1	1
DB01133	C0029401	1	4
DB01136	C0018801	1	2
DB01136	C0018802	1	1
DB01136	C0020538	1	0
DB01136	C0027051	1	3
DB01136	C0151744	1	2
DB01136	C0878544	1	2
DB01137	C0032285	1	3
DB01137	C0033581	1	4
DB01137	C0034186	1	3
DB01137	C0037199	1	2
DB01137	C0155862	1	3
DB01138	C0003868	1	0
DB01138	C0018099	1	2
DB01138	C0027051	1	4
DB01138	C0740394	1	0
DB01140	C0042029	1	4
DB01142	C0003467	1	1
DB01142	C0005587	1	4
DB01142	C0011581	1	0
DB01142	C0011615	1	1
DB01142	C0033774	1	3
DB01142	C0270458	1	3
DB01142	C0917801	1	1
DB01143	C0278996	1	0
DB01143	C1140680	1	3
DB01144	C0014544	1	0
DB01144	C0017601	1	2
DB01144	C0017605	1	1
DB01144	C0017612	1	3
DB01146	C0018621	1	2
DB01146	C0027424	1	0
DB01146	C0033774	1	1
DB01146	C0042109	1	3
DB01146	C0343065	1	4
DB01146	C2607914	1	4
DB01148	C0010692	1	4
DB01148	C0013428	1	2
DB01148	C0028734	1	0
DB01148	C0033581	1	3
DB01148	C0042023	1	3
DB01148	C0042024	1	3
DB01148	C0085606	1	2
DB01148	C0282488	1	4
DB01149	C1269683	1	1
DB01151	C0011581	1	3
DB01151	C0150055	1	3
DB01156	C0011581	1	4
DB01156	C0028754	1	1
DB01156	C0085159	1	1
DB01156	C1269683	1	4
DB01157	C0007102	1	3
DB01158	C0003811	1	4
DB01158	C0042510	1	0
DB01158	C0042514	1	4
DB01158	C0085612	1	0
DB01162	C0020538	1	2
DB01162	C2937421	1	3
DB01164	C0018790	1	0
DB01164	C0020461	1	1
DB01164	C0020598	1	2
DB01164	C0020621	1	3
DB01164	C0039621	1	4
DB01164	C0151714	1	3
DB01164	C0151940	1	3
DB01165	C0010692	1	2
DB01165	C0011991	1	2
DB01165	C0014534	1	3
DB01165	C0014836	1	3
DB01165	C0015967	1	0
DB01165	C0032285	1	0
DB01165	C0033581	1	1
DB01165	C0034186	1	3
DB01165	C0037199	1	0
DB01165	C0042029	1	1
DB01165	C0149725	1	3
DB01165	C0155862	1	4
DB01165	C2242472	1	3
DB01166	C0004096	1	1
DB01166	C0021775	1	2
DB01166	C0040053	1	3
DB01167	C0040261	1	4
DB01168	C0006118	1	3
DB01168	C0019829	1	4
DB01168	C0024121	1	2
DB01168	C0024305	1	2
DB01168	C0025202	1	2
DB01168	C0026764	1	3
DB01169	C0023479	1	2
DB01169	C0023487	1	3
DB01170	C0017601	1	0
DB01170	C0020538	1	4
DB01170	C0020544	1	3
DB01171	C0003467	1	0
DB01171	C0011581	1	2
DB01173	C0013384	1	0
DB01173	C0026838	1	0
DB01173	C0027121	1	1
DB01173	C0030567	1	2
DB01173	C0231528	1	4
DB01173	C0242422	1	1
DB01174	C0009952	1	1
DB01174	C0014544	1	2
DB01174	C0014549	1	4
DB01174	C0020433	1	4
DB01174	C0149931	1	4
DB01174	C0234533	1	3
DB01174	C0234974	1	2
DB01174	C0238111	1	4
DB01174	C0270851	1	4
DB01174	C0494475	1	4
DB01175	C1269683	1	2
DB01176	C0010200	1	2
DB01176	C0018621	1	4
DB01176	C0027424	1	3
DB01176	C0027497	1	2
DB01176	C0042571	1	1
DB01176	C0042963	1	3
DB01176	C2607914	1	1
DB01177	C0023449	1	1
DB01177	C0023467	1	1
DB01177	C0023473	1	1
DB01177	C0023487	1	1
DB01177	C0026998	1	3
DB01177	C1458155	1	1
DB01179	C0022593	1	3
DB01181	C0005684	1	0
DB01181	C0019829	1	4
DB01181	C0023434	1	1
DB01181	C0023449	1	0
DB01181	C0024121	1	2
DB01181	C0024305	1	1
DB01181	C0029463	1	2
DB01181	C0030297	1	3
DB01181	C0038356	1	1
DB01181	C0039590	1	3
DB01181	C0149925	1	4
DB01181	C0919267	1	3
DB01181	C1140680	1	2
DB01181	C1261473	1	2
DB01181	C1336708	1	1
DB01181	C1458155	1	3
DB01182	C0003811	1	0
DB01182	C0004238	1	2
DB01182	C0030590	1	1
DB01182	C0039240	1	2
DB01182	C0042514	1	2
DB01182	C0085612	1	3
DB01182	C0235480	1	1
DB01183	C0030193	1	4
DB01183	C0036983	1	1
DB01183	C0235063	1	3
DB01184	C0027498	1	2
DB01185	C0002994	1	1
DB01185	C0010417	1	3
DB01185	C0020619	1	0
DB01185	C0028326	1	2
DB01185	C0034012	1	1
DB01185	C0151721	1	3
DB01185	C0342527	1	3
DB01185	C1458155	1	3
DB01185	C2936781	1	0
DB01186	C0030567	1	2
DB01186	C0242422	1	4
DB01188	C0036508	1	1
DB01188	C0040261	1	1
DB01191	C0028754	1	1
DB01192	C0030193	1	0
DB01192	C0150055	1	0
DB01193	C0003811	1	0
DB01193	C0020538	1	0
DB01193	C0027051	1	0
DB01193	C0042510	1	4
DB01193	C0042514	1	0
DB01193	C0085612	1	0
DB01193	C0151636	1	4
DB01194	C0017601	1	2
DB01194	C0017612	1	2
DB01194	C0028840	1	4
DB01195	C0003811	1	2
DB01195	C0004238	1	4
DB01195	C0030590	1	4
DB01195	C0039240	1	4
DB01195	C0042514	1	2
DB01195	C0085612	1	0
DB01195	C0235480	1	0
DB01196	C0033578	1	0
DB01197	C0003873	1	3
DB01197	C0004775	1	0
DB01197	C0011849	1	2
DB01197	C0011881	1	2
DB01197	C0013604	1	3
DB01197	C0018802	1	1
DB01197	C0020538	1	2
DB01197	C0020540	1	4
DB01197	C0020545	1	0
DB01197	C0027051	1	2
DB01197	C0034734	1	3
DB01197	C0085580	1	2
DB01197	C0242698	1	2
DB01198	C0917801	1	2
DB01199	C0026896	1	0
DB01200	C0001206	1	4
DB01200	C0002453	1	0
DB01200	C0013384	1	0
DB01200	C0020514	1	0
DB01200	C0020619	1	2
DB01200	C0021359	1	2
DB01200	C0030567	1	1
DB01200	C0033375	1	2
DB01201	C0041296	1	1
DB01202	C0014544	1	2
DB01202	C0036572	1	2
DB01202	C0234974	1	3
DB01203	C0002962	1	1
DB01203	C0003811	1	0
DB01203	C0018802	1	3
DB01203	C0020538	1	2
DB01203	C0027051	1	0
DB01204	C0023467	1	2
DB01204	C0024299	1	2
DB01204	C0026769	1	3
DB01204	C0033578	1	2
DB01204	C0751967	1	3
DB01204	C1261473	1	2
DB01204	C1458155	1	1
DB01206	C0006118	1	1
DB01206	C0009375	1	1
DB01206	C0019829	1	1
DB01206	C0022665	1	3
DB01206	C0024121	1	0
DB01206	C0024305	1	0
DB01206	C0025202	1	1
DB01207	C0040053	1	1
DB01208	C0032285	1	2
DB01208	C0041296	1	2
DB01209	C0030193	1	3
DB01210	C0017601	1	0
DB01210	C0017612	1	4
DB01210	C0028840	1	0
DB01211	C0013295	1	4
DB01211	C0014038	1	4
DB01211	C0020523	1	3
DB01211	C0029882	1	2
DB01211	C0032285	1	1
DB01211	C0037199	1	3
DB01211	C0155862	1	0
DB01212	C0014335	1	3
DB01212	C0014534	1	1
DB01212	C0014836	1	3
DB01212	C0025289	1	4
DB01212	C0025294	1	0
DB01212	C0029882	1	0
DB01212	C0031154	1	3
DB01212	C0032285	1	1
DB01212	C0149725	1	1
DB01212	C2242472	1	2
DB01214	C0003811	1	3
DB01214	C0017601	1	1
DB01214	C0017612	1	4
DB01214	C0028840	1	2
DB01215	C0021603	1	3
DB01216	C0020507	1	3
DB01216	C0033578	1	2
DB01216	C2937421	1	4
DB01216	C4083212	1	0
DB01217	C1458155	1	4
DB01219	C0007785	1	2
DB01219	C0007789	1	3
DB01219	C0024591	1	2
DB01219	C0026769	1	1
DB01219	C0026838	1	4
DB01219	C0037763	1	4
DB01220	C0011991	1	4
DB01220	C0014356	1	0
DB01220	C0019151	1	4
DB01220	C0022104	1	4
DB01220	C0220994	1	4
DB01222	C0004096	1	3
DB01222	C0010346	1	2
DB01222	C0014356	1	2
DB01222	C0018621	1	3
DB01222	C0020517	1	1
DB01222	C0035455	1	1
DB01222	C0035457	1	1
DB01222	C2607914	1	0
DB01223	C0003578	1	0
DB01223	C0004096	1	1
DB01223	C0008677	1	4
DB01223	C0024115	1	0
DB01223	C0034067	1	2
DB01223	C0428977	1	4
DB01223	C0746102	1	4
DB01224	C0005586	1	4
DB01224	C0005587	1	2
DB01224	C0036341	1	1
DB01225	C0149871	1	3
DB01228	C0003811	1	3
DB01228	C0004238	1	4
DB01228	C0004239	1	1
DB01228	C0042510	1	1
DB01228	C0042514	1	2
DB01228	C0151636	1	0
DB01229	C0006142	1	0
DB01229	C0007131	1	1
DB01229	C0017612	1	0
DB01229	C0020538	1	3
DB01229	C0024121	1	2
DB01229	C0028840	1	0
DB01229	C0036220	1	3
DB01229	C0678222	1	0
DB01229	C0919267	1	0
DB01229	C1140680	1	1
DB01229	C1458155	1	0
DB01231	C0042571	1	2
DB01232	C0021051	1	3
DB01233	C0017168	1	1
DB01233	C0027497	1	4
DB01233	C0042963	1	1
DB01233	C0152020	1	0
DB01234	C0001403	1	3
DB01234	C0002871	1	1
DB01234	C0002875	1	1
DB01234	C0002880	1	4
DB01234	C0002994	1	1
DB01234	C0003868	1	1
DB01234	C0003872	1	3
DB01234	C0003873	1	1
DB01234	C0004096	1	1
DB01234	C0005138	1	4
DB01234	C0006114	1	2
DB01234	C0006413	1	2
DB01234	C0009324	1	1
DB01234	C0010043	1	0
DB01234	C0010346	1	1
DB01234	C0011606	1	1
DB01234	C0011615	1	4
DB01234	C0011616	1	4
DB01234	C0013604	1	1
DB01234	C0014335	1	2
DB01234	C0014742	1	0
DB01234	C0015230	1	0
DB01234	C0015397	1	3
DB01234	C0019829	1	2
DB01234	C0020437	1	2
DB01234	C0020517	1	4
DB01234	C0021390	1	3
DB01234	C0022073	1	1
DB01234	C0022548	1	3
DB01234	C0022568	1	1
DB01234	C0023052	1	0
DB01234	C0023449	1	1
DB01234	C0024138	1	3
DB01234	C0024141	1	4
DB01234	C0024301	1	2
DB01234	C0024305	1	3
DB01234	C0026764	1	0
DB01234	C0026769	1	3
DB01234	C0026948	1	4
DB01234	C0027726	1	0
DB01234	C0029408	1	4
DB01234	C0030807	1	1
DB01234	C0033860	1	1
DB01234	C0035457	1	2
DB01234	C0035854	1	3
DB01234	C0036202	1	1
DB01234	C0036508	1	0
DB01234	C0036830	1	3
DB01234	C0036983	1	4
DB01234	C0037274	1	0
DB01234	C0038013	1	4
DB01234	C0040147	1	1
DB01234	C0042164	1	3
DB01234	C0079744	1	4
DB01234	C0079773	1	4
DB01234	C0405580	1	3
DB01234	C0702166	1	0
DB01234	C0847614	1	3
DB01234	C1260899	1	1
DB01234	C1527311	1	1
DB01234	C2607914	1	3
DB01234	C2718128	1	1
DB01235	C0013384	1	2
DB01235	C0030567	1	1
DB01235	C0030569	1	4
DB01235	C0242422	1	4
DB01237	C0010200	1	3
DB01237	C0018621	1	1
DB01237	C0020517	1	1
DB01237	C0021603	1	0
DB01237	C0027424	1	3
DB01237	C0035457	1	3
DB01237	C0042109	1	4
DB01238	C0004352	1	0
DB01238	C0005586	1	1
DB01238	C0036341	1	4
DB01239	C0005586	1	1
DB01239	C0036341	1	0
DB01240	C0003850	1	3
DB01240	C0010200	1	0
DB01240	C0011644	1	0
DB01240	C0020542	1	3
DB01240	C0027424	1	0
DB01240	C0034150	1	2
DB01240	C0035222	1	4
DB01240	C0035455	1	2
DB01240	C0036421	1	0
DB01240	C0040053	1	0
DB01240	C2607914	1	1
DB01240	C2973725	1	3
DB01241	C0010068	1	0
DB01241	C0020443	1	1
DB01241	C0020473	1	1
DB01241	C0020476	1	3
DB01241	C0020480	1	3
DB01241	C0020481	1	1
DB01241	C0020557	1	2
DB01241	C0030305	1	0
DB01242	C0027404	1	3
DB01242	C0028768	1	3
DB01242	C0150055	1	1
DB01243	C0011991	1	3
DB01243	C0014356	1	4
DB01243	C0021390	1	3
DB01243	C0036508	1	1
DB01244	C0002962	1	3
DB01244	C0003811	1	0
DB01246	C0002994	1	4
DB01246	C0011615	1	0
DB01246	C0027424	1	3
DB01246	C0033774	1	4
DB01246	C0035457	1	4
DB01246	C0042109	1	4
DB01246	C0162820	1	0
DB01246	C0343065	1	0
DB01246	C2607914	1	1
DB01247	C1269683	1	2
DB01248	C0007131	1	0
DB01248	C0018671	1	4
DB01248	C0025202	1	0
DB01248	C0030297	1	4
DB01248	C0038356	1	1
DB01248	C0278996	1	3
DB01248	C0376358	1	0
DB01248	C0678222	1	0
DB01248	C0919267	1	1
DB01248	C1168401	1	1
DB01248	C1458155	1	2
DB01250	C0009324	1	4
DB01250	C0014356	1	1
DB01251	C0011849	1	0
DB01251	C0011860	1	0
DB01251	C0020456	1	4
DB01252	C0011849	1	0
DB01252	C0011860	1	3
DB01253	C0149931	1	0
DB01254	C0005699	1	2
DB01254	C0023472	1	3
DB01254	C0023473	1	1
DB01254	C1960397	1	1
DB01255	C1263846	1	0
DB01257	C0019054	1	1
DB01257	C0024790	1	2
DB01260	C0004096	1	3
DB01260	C0010346	1	1
DB01260	C0011615	1	3
DB01260	C0011616	1	2
DB01260	C0015230	1	0
DB01260	C0015456	1	0
DB01260	C0024138	1	4
DB01260	C0036508	1	2
DB01260	C0079773	1	0
DB01260	C2607914	1	3
DB01261	C0011849	1	2
DB01261	C0011860	1	2
DB01261	C0020456	1	1
DB01262	C0002871	1	4
DB01262	C0002893	1	0
DB01262	C0002894	1	0
DB01262	C0023467	1	2
DB01262	C0023473	1	3
DB01262	C0023480	1	1
DB01263	C0018133	1	4
DB01263	C0376545	1	1
DB01265	C0524909	1	0
DB01267	C0033975	1	3
DB01267	C0036337	1	4
DB01267	C0036341	1	1
DB01268	C0007134	1	0
DB01268	C0238198	1	3
DB01270	C0011884	1	3
DB01270	C0027686	1	3
DB01270	C0242383	1	3
DB01271	C0026705	1	0
DB01274	C0004096	1	0
DB01274	C0008677	1	4
DB01274	C0024117	1	4
DB01274	C0034067	1	4
DB01275	C0018802	1	0
DB01275	C0020538	1	1
DB01275	C0020540	1	1
DB01275	C0020542	1	3
DB01275	C0032914	1	2
DB01275	C0085580	1	1
DB01276	C0011849	1	2
DB01276	C0020456	1	0
DB01277	C0002736	1	2
DB01277	C0271568	1	3
DB01277	C0878787	1	0
DB01277	C1837475	1	4
DB01278	C0011849	1	3
DB01278	C0020456	1	0
DB01279	C0026709	1	0
DB01280	C1961099	1	0
DB01281	C0003873	1	2
DB01281	C3495559	1	3
DB01282	C0019080	1	4
DB01282	C0032897	1	1
DB01283	C0029408	1	3
DB01283	C0409959	1	4
DB01284	C0405580	1	1
DB01285	C0037769	1	0
DB01285	C0038325	1	0
DB01288	C0004096	1	4
DB01288	C0022876	1	1
DB01291	C0004096	1	1
DB01291	C0006267	1	2
DB01291	C0024115	1	3
DB01291	C0034067	1	0
DB01295	C0002962	1	3
DB01295	C0003811	1	4
DB01296	C0003862	1	3
DB01296	C0003873	1	3
DB01296	C0029408	1	3
DB01296	C0231528	1	0
DB01297	C0003811	1	4
DB01303	C0003578	1	2
DB01303	C0004096	1	4
DB01303	C0034067	1	3
DB01303	C0428977	1	4
DB01306	C0011849	1	2
DB01306	C2748055	1	2
DB01307	C0011849	1	2
DB01307	C0011854	1	4
DB01307	C0011860	1	0
DB01307	C0020456	1	4
DB01309	C0011849	1	2
DB01309	C0020456	1	0
DB01309	C2748055	1	4
DB01320	C0014544	1	3
DB01320	C0036572	1	0
DB01320	C0038220	1	4
DB01324	C0013604	1	1
DB01324	C0018802	1	2
DB01324	C0020538	1	3
DB01324	C0022661	1	2
DB01324	C0023890	1	2
DB01324	C0027726	1	3
DB01325	C0013604	1	4
DB01325	C0018802	1	0
DB01325	C0027726	1	0
DB01327	C0008311	1	2
DB01327	C0149725	1	2
DB01327	C2242472	1	0
DB01333	C0032285	1	3
DB01333	C0033581	1	0
DB01333	C0042029	1	0
DB01333	C0149725	1	1
DB01333	C2242472	1	4
DB01340	C0018802	1	0
DB01340	C0020538	1	2
DB01348	C0020538	1	0
DB01349	C0018801	1	0
DB01349	C0020538	1	0
DB01351	C0014544	1	1
DB01351	C0021603	1	4
DB01351	C0038220	1	0
DB01351	C0917801	1	1
DB01352	C0021603	1	1
DB01352	C0917801	1	2
DB01353	C0917801	1	0
DB01356	C0003873	1	1
DB01356	C0005586	1	3
DB01356	C0013390	1	1
DB01356	C0015967	1	2
DB01356	C0029408	1	2
DB01356	C0030193	1	0
DB01357	C0014175	1	1
DB01357	C0025323	1	3
DB01357	C0271578	1	1
DB01359	C0020538	1	4
DB01359	C0027051	1	1
DB01364	C0004096	1	0
DB01364	C0018621	1	1
DB01364	C0020649	1	1
DB01364	C0027404	1	0
DB01364	C0027424	1	2
DB01364	C0028754	1	2
DB01364	C0035455	1	1
DB01364	C2607914	1	3
DB01365	C0020649	1	4
DB01366	C0004096	1	3
DB01366	C0024117	1	2
DB01367	C0030567	1	2
DB01378	C0024473	1	4
DB01380	C0001403	1	4
DB01380	C0001623	1	0
DB01380	C0001627	1	2
DB01380	C0002875	1	3
DB01380	C0002880	1	3
DB01380	C0002994	1	4
DB01380	C0003868	1	1
DB01380	C0003872	1	2
DB01380	C0003873	1	4
DB01380	C0004096	1	1
DB01380	C0004364	1	1
DB01380	C0005138	1	2
DB01380	C0006114	1	2
DB01380	C0009324	1	3
DB01380	C0009763	1	1
DB01380	C0010043	1	4
DB01380	C0010346	1	4
DB01380	C0011606	1	3
DB01380	C0011616	1	3
DB01380	C0014742	1	1
DB01380	C0015230	1	4
DB01380	C0015397	1	1
DB01380	C0017563	1	2
DB01380	C0019112	1	0
DB01380	C0019829	1	4
DB01380	C0020517	1	2
DB01380	C0021390	1	3
DB01380	C0022073	1	0
DB01380	C0022568	1	2
DB01380	C0023052	1	1
DB01380	C0023449	1	2
DB01380	C0024138	1	0
DB01380	C0024141	1	0
DB01380	C0024301	1	3
DB01380	C0024305	1	3
DB01380	C0025289	1	0
DB01380	C0026769	1	0
DB01380	C0026948	1	4
DB01380	C0027726	1	1
DB01380	C0029408	1	1
DB01380	C0030807	1	3
DB01380	C0033860	1	3
DB01380	C0035854	1	1
DB01380	C0036202	1	4
DB01380	C0036508	1	0
DB01380	C0036830	1	2
DB01380	C0037274	1	1
DB01380	C0038013	1	1
DB01380	C0038363	1	3
DB01380	C0039103	1	1
DB01380	C0040147	1	1
DB01380	C0042109	1	4
DB01380	C0042164	1	2
DB01380	C0079773	1	1
DB01380	C0405580	1	0
DB01380	C1260899	1	3
DB01380	C2607914	1	3
DB01382	C0011860	1	0
DB01382	C0020456	1	1
DB01392	C0242350	1	0
DB01392	C0428977	1	2
DB01393	C0011849	1	2
DB01393	C0020443	1	1
DB01393	C0020473	1	1
DB01393	C0020476	1	1
DB01393	C0020479	1	4
DB01393	C0020480	1	2
DB01393	C0020481	1	0
DB01393	C0745103	1	0
DB01393	C1704417	1	1
DB01394	C0015967	1	3
DB01394	C0018099	1	2
DB01394	C0031069	1	2
DB01395	C0020428	1	0
DB01396	C0003811	1	4
DB01396	C0004238	1	0
DB01396	C0004239	1	3
DB01396	C0018801	1	2
DB01396	C0018802	1	1
DB01396	C0036980	1	3
DB01396	C0039240	1	0
DB01397	C0003862	1	1
DB01397	C0003873	1	0
DB01397	C0004604	1	2
DB01397	C0013390	1	1
DB01397	C0015967	1	0
DB01397	C0029408	1	4
DB01397	C0030193	1	3
DB01397	C0039103	1	1
DB01399	C0003864	1	4
DB01399	C0003873	1	4
DB01399	C0029408	1	1
DB01400	C0017601	1	0
DB01400	C0026896	1	3
DB01400	C0080274	1	2
DB01401	C0003864	1	0
DB01403	C0005586	1	0
DB01403	C0027497	1	3
DB01403	C0036341	1	0
DB01403	C0917801	1	1
DB01404	C0242350	1	4
DB01406	C0002994	1	0
DB01406	C0013604	1	2
DB01406	C0014175	1	1
DB01407	C0004096	1	3
DB01408	C0004096	1	2
DB01408	C0022876	1	3
DB01408	C0034067	1	3
DB01409	C0004096	1	3
DB01409	C0008677	1	3
DB01409	C0024117	1	3
DB01409	C0034067	1	2
DB01410	C0004096	1	1
DB01410	C0018621	1	1
DB01410	C0020517	1	2
DB01410	C0035457	1	0
DB01410	C2607914	1	0
DB01411	C0004096	1	4
DB01411	C2607914	1	1
DB01412	C0004096	1	3
DB01418	C0040038	1	0
DB01418	C0040053	1	3
DB01418	C0149871	1	4
DB01420	C0010417	1	1
DB01420	C0034012	1	3
DB01420	C0151721	1	2
DB01420	C0342527	1	0
DB01425	C0027497	1	2
DB01426	C0003811	1	0
DB01426	C0043202	1	0
DB01427	C0007193	1	2
DB01427	C0018802	1	0
DB01427	C0036980	1	4
DB01429	C0003811	1	3
DB01429	C0085612	1	2
DB01429	C0428974	1	0
DB01430	C0024117	1	3
DB01430	C0235063	1	3
DB01431	C0000786	1	0
DB01431	C0022876	1	3
DB01435	C0029882	1	3
DB01436	C0020502	1	2
DB01436	C0020626	1	4
DB01436	C0042842	1	2
DB01436	C0042870	1	2
DB01437	C0021603	1	0
DB01437	C0917801	1	0
DB01438	C0013428	1	4
DB01440	C0027404	1	1
DB01440	C0751362	1	3
DB01452	C0027051	1	2
DB01452	C0150055	1	0
DB01483	C0036572	1	2
DB01558	C0236663	1	4
DB01576	C0027404	1	4
DB01576	C1263846	1	0
DB01577	C0027404	1	1
DB01577	C0028754	1	2
DB01577	C1263846	1	3
DB01579	C0028754	1	0
DB01580	C0002962	1	3
DB01580	C0003467	1	3
DB01580	C0003811	1	0
DB01580	C0020538	1	3
DB01580	C0085612	1	4
DB01586	C0008312	1	3
DB01586	C0008350	1	0
DB01586	C0023892	1	2
DB01586	C0856727	1	0
DB01588	C0001957	1	4
DB01588	C0003467	1	4
DB01588	C0013295	1	3
DB01588	C0917801	1	3
DB01589	C0021603	1	4
DB01589	C0917801	1	2
DB01590	C0007134	1	1
DB01590	C0041341	1	4
DB01590	C0205768	1	4
DB01590	C0241961	1	3
DB01590	C0678222	1	0
DB01591	C0042023	1	0
DB01591	C0042024	1	3
DB01591	C0085606	1	1
DB01591	C0878773	1	4
DB01592	C0002871	1	3
DB01592	C0162316	1	3
DB01593	C0042345	1	0
DB01595	C0014550	1	2
DB01595	C0917801	1	4
DB01597	C0031154	1	2
DB01597	C0149725	1	4
DB01597	C2242472	1	1
DB01599	C0020443	1	3
DB01599	C0020473	1	2
DB01599	C0020476	1	1
DB01599	C1956346	1	0
DB01600	C0003873	1	3
DB01600	C0029408	1	4
DB01600	C0030193	1	3
DB01609	C0005283	1	3
DB01609	C0282193	1	4
DB01611	C0003873	1	4
DB01611	C0024138	1	0
DB01611	C0024141	1	0
DB01611	C0162566	1	1
DB01615	C0917801	1	4
DB01616	C0006142	1	1
DB01616	C0013390	1	1
DB01616	C0022104	1	0
DB01618	C0036341	1	0
DB01619	C0015230	1	3
DB01619	C0020517	1	3
DB01619	C0027424	1	1
DB01619	C0033774	1	0
DB01619	C0035457	1	1
DB01619	C0042109	1	3
DB01619	C0343065	1	2
DB01619	C2607914	1	4
DB01620	C0010200	1	3
DB01620	C0015967	1	1
DB01620	C0018621	1	4
DB01620	C0020517	1	2
DB01620	C0027424	1	0
DB01620	C0033774	1	0
DB01620	C0042109	1	1
DB01620	C0343065	1	4
DB01620	C2607914	1	0
DB01621	C0036341	1	3
DB01622	C0036341	1	2
DB01623	C0036341	1	2
DB01624	C0005586	1	3
DB01624	C0036341	1	1
DB01625	C0008350	1	4
DB01625	C0017152	1	4
DB01625	C0022104	1	3
DB01625	C0030920	1	4
DB01626	C0020538	1	2
DB01628	C0003864	1	2
DB01628	C0003872	1	4
DB01628	C0003873	1	1
DB01628	C0018099	1	2
DB01628	C0029408	1	0
DB01628	C0038013	1	0
DB01656	C0004096	1	3
DB01685	C0018099	1	4
DB01685	C0740394	1	1
DB01698	C0003862	1	3
DB01698	C0009806	1	4
DB01708	C0001623	1	1
DB01708	C0024141	1	3
DB01708	C0029453	1	4
DB01708	C0029456	1	0
DB01708	C0149745	1	1
DB01708	C0242350	1	3
DB01744	C0004604	1	1
DB01839	C0022638	1	0
DB01956	C0003467	1	4
DB01956	C0917801	1	4
DB02300	C0033860	1	2
DB02530	C0014544	1	2
DB02546	C0079773	1	1
DB02638	C0020649	1	0
DB02659	C0005424	1	1
DB02659	C0008350	1	2
DB02659	C0009806	1	1
DB02659	C0043459	1	2
DB02659	C0238052	1	1
DB02659	C0282528	1	0
DB02701	C0020473	1	4
DB02701	C0702166	1	2
DB02709	C0596263	1	3
DB02772	C0162429	1	2
DB02901	C0020626	1	2
DB02901	C0039621	1	2
DB02925	C0013604	1	3
DB03017	C0014356	1	2
DB03017	C0702166	1	3
DB03085	C0022593	1	1
DB03128	C0013144	1	2
DB03128	C0015672	1	2
DB03128	C0017601	1	3
DB03128	C0018681	1	1
DB03255	C0033774	1	4
DB03255	C0038363	1	4
DB03255	C0042345	1	1
DB03619	C0028754	1	4
DB03754	C0001122	1	1
DB03793	C0011633	1	4
DB03793	C0011644	1	2
DB03793	C0030807	1	3
DB03793	C0030848	1	4
DB03793	C0220994	1	3
DB03852	C0017574	1	1
DB03904	C0011603	1	0
DB03904	C0011616	1	3
DB03904	C0013595	1	1
DB03904	C0015230	1	0
DB03904	C0020757	1	2
DB03904	C0022593	1	3
DB03904	C0028840	1	3
DB03904	C0033860	1	2
DB03904	C0036508	1	1
DB03904	C0079584	1	0
DB03904	C0151740	1	3
DB03904	C0221260	1	0
DB03904	C0259817	1	0
DB03904	C0870082	1	3
DB04106	C0025202	1	0
DB04115	C0014356	1	3
DB04115	C0042345	1	3
DB04216	C0013144	1	2
DB04216	C0015672	1	4
DB04272	C0001126	1	1
DB04272	C0020517	1	4
DB04272	C0042035	1	4
DB04465	C0022951	1	4
DB04519	C0014356	1	2
DB04552	C0003862	1	2
DB04552	C0003873	1	0
DB04552	C0231528	1	2
DB04572	C0001418	1	4
DB04572	C0005684	1	3
DB04572	C0005695	1	0
DB04572	C0019829	1	2
DB04572	C0024299	1	2
DB04572	C0024305	1	4
DB04572	C0027022	1	0
DB04572	C1140680	1	3
DB04572	C1261473	1	2
DB04575	C0006142	1	1
DB04575	C0025322	1	1
DB04575	C0271578	1	3
DB04575	C0376358	1	2
DB04576	C0011991	1	0
DB04576	C0014335	1	2
DB04665	C0004096	1	1
DB04665	C0007570	1	4
DB04665	C0009324	1	2
DB04743	C0029408	1	0
DB04837	C0010200	1	4
DB04837	C0027424	1	2
DB04837	C0035455	1	0
DB04837	C2607914	1	4
DB04838	C0003850	1	3
DB04838	C0034734	1	4
DB04840	C0020544	1	1
DB04841	C0042571	1	2
DB04841	C1704436	1	1
DB04842	C0036341	1	2
DB04843	C0030920	1	0
DB04843	C0038358	1	0
DB04844	C0008489	1	4
DB04844	C0020179	1	1
DB04844	C0026650	1	0
DB04845	C0006142	1	2
DB04845	C0007134	1	1
DB04845	C0024305	1	4
DB04845	C0025202	1	3
DB04845	C0278996	1	1
DB04845	C0376358	1	0
DB04845	C0678222	1	3
DB04846	C0003811	1	3
DB04846	C0013720	1	0
DB04846	C0020538	1	2
DB04854	C0018099	1	0
DB04854	C0740394	1	4
DB04855	C0003811	1	1
DB04855	C0004238	1	2
DB04855	C0235480	1	4
DB04861	C0020538	1	4
DB04861	C0085580	1	4
DB04865	C0023467	1	3
DB04865	C0023473	1	4
DB04866	C0011644	1	1
DB04868	C0023418	1	3
DB04868	C0023472	1	4
DB04868	C0023473	1	4
DB04871	C0028754	1	4
DB04876	C0011849	1	3
DB04876	C0011860	1	4
DB04876	C0020456	1	4
DB04878	C0011849	1	4
DB04878	C0011860	1	0
DB04878	C0017205	1	4
DB04878	C0020456	1	4
DB04880	C0018802	1	0
DB04890	C0009763	1	4
DB04890	C0020517	1	3
DB04890	C0042109	1	2
DB04894	C0023890	1	0
DB04895	C0027686	1	1
DB04895	C0242383	1	2
DB04896	C0150055	1	2
DB04898	C0040053	1	3
DB04898	C0149871	1	3
DB04899	C0013405	1	1
DB04899	C0018802	1	4
DB04920	C0020538	1	2
DB04924	C0003123	1	2
DB04924	C0018834	1	1
DB04924	C0027497	1	1
DB04924	C0042963	1	2
DB04924	C0152020	1	2
DB04931	C0162568	1	2
DB04931	C0596263	1	1
DB04932	C0019156	1	3
DB04932	C0040053	1	2
DB04938	C0029456	1	2
DB04938	C1384606	1	2
DB04941	C0014356	1	4
DB04942	C0023418	1	2
DB04942	C0023487	1	0
DB04946	C0036341	1	2
DB04951	C1800706	1	4
DB04953	C0014544	1	0
DB04967	C0036323	1	3
DB05015	C0079774	1	2
DB05016	C0010674	1	3
DB05016	C0013264	1	2
DB05039	C0001883	1	2
DB05039	C0008677	1	0
DB05039	C0024117	1	1
DB05039	C0034067	1	0
DB05099	C0040053	1	2
DB05239	C0025202	1	4
DB05246	C0014544	1	1
DB05246	C0014553	1	4
DB05246	C0036572	1	2
DB05260	C0020437	1	0
DB05260	C0024305	1	1
DB05265	C0013238	1	0
DB05265	C0017168	1	0
DB05265	C0030920	1	4
DB05265	C0041582	1	2
DB05265	C0596263	1	4
DB05266	C0004096	1	4
DB05266	C0007820	1	2
DB05266	C0026769	1	3
DB05266	C0038454	1	1
DB05271	C0030567	1	1
DB05271	C0035258	1	0
DB05294	C0007131	1	4
DB05311	C0019243	1	2
DB05332	C0019080	1	0
DB05332	C0398650	1	3
DB05351	C0017168	1	3
DB05351	C0030920	1	2
DB05389	C0037299	1	2
DB05521	C0524910	1	4
DB05541	C0014544	1	4
DB05541	C0036572	1	2
DB05541	C0270736	1	2
DB05578	C0007131	1	2
DB05630	C0036323	1	1
DB05676	C0003864	1	3
DB05676	C0003872	1	1
DB05676	C0004096	1	2
DB05676	C0033860	1	1
DB05679	C0003872	1	1
DB05679	C0033860	1	0
DB05777	C0040053	1	2
DB05812	C0376358	1	0
DB05829	C0020626	1	2
DB05990	C0008312	1	1
DB06016	C0036341	1	0
DB06144	C0036341	1	0
DB06148	C1269683	1	1
DB06151	C0002726	1	0
DB06151	C0006267	1	1
DB06151	C0010674	1	1
DB06151	C0032285	1	2
DB06151	C0034067	1	4
DB06151	C0035222	1	1
DB06152	C0022876	1	2
DB06152	C0034734	1	3
DB06153	C0149931	1	1
DB06155	C0011860	1	3
DB06155	C0028754	1	4
DB06155	C0242339	1	1
DB06168	C0003868	1	3
DB06168	C0003873	1	4
DB06168	C0031069	1	2
DB06168	C0268390	1	1
DB06168	C0342731	1	1
DB06168	C1275126	1	2
DB06168	C1384600	1	0
DB06168	C2316212	1	1
DB06176	C0079773	1	3
DB06176	C0079774	1	3
DB06193	C0024305	1	3
DB06196	C0002994	1	3
DB06196	C0019243	1	1
DB06201	C0014544	1	1
DB06201	C0036572	1	1
DB06201	C0238111	1	2
DB06202	C0029456	1	1
DB06203	C0011849	1	0
DB06203	C0011860	1	4
DB06203	C0020456	1	3
DB06204	C0030193	1	2
DB06204	C0231528	1	0
DB06209	C0027051	1	2
DB06209	C0038454	1	4
DB06209	C0040053	1	1
DB06209	C0948089	1	4
DB06209	C1956346	1	0
DB06210	C0002871	1	3
DB06210	C0019080	1	4
DB06210	C0040034	1	2
DB06211	C0008325	1	2
DB06211	C0034186	1	2
DB06212	C0018802	1	4
DB06212	C0020625	1	2
DB06212	C0021141	1	2
DB06212	C0023890	1	0
DB06212	C0085413	1	1
DB06213	C0878544	1	3
DB06216	C0005586	1	4
DB06216	C0036341	1	4
DB06217	C0003811	1	3
DB06217	C0004238	1	1
DB06218	C0014544	1	0
DB06218	C0036572	1	3
DB06219	C0162627	1	2
DB06228	C0004238	1	4
DB06228	C0034065	1	2
DB06228	C0038454	1	1
DB06228	C0040053	1	4
DB06228	C0149871	1	4
DB06228	C1861172	1	2
DB06230	C0235063	1	1
DB06237	C0242350	1	0
DB06243	C0020555	1	1
DB06262	C0013384	1	3
DB06262	C0030567	1	1
DB06262	C0206245	1	1
DB06264	C0004153	1	1
DB06264	C0026769	1	0
DB06264	C0034734	1	4
DB06264	C0038013	1	1
DB06267	C0242350	1	4
DB06268	C0018802	1	0
DB06268	C0020542	1	3
DB06268	C2973725	1	1
DB06271	C0011881	1	3
DB06271	C0011882	1	1
DB06271	C0040053	1	1
DB06272	C0020502	1	1
DB06272	C0033860	1	3
DB06272	C0042842	1	4
DB06272	C0042870	1	4
DB06272	C0596263	1	3
DB06273	C0003873	1	3
DB06273	C0017531	1	3
DB06282	C0018621	1	0
DB06282	C0042109	1	0
DB06282	C2607914	1	4
DB06285	C0020626	1	0
DB06285	C0029456	1	2
DB06285	C0029458	1	0
DB06287	C0003873	1	3
DB06287	C0006142	1	2
DB06287	C0007134	1	2
DB06287	C0024299	1	0
DB06287	C0026764	1	0
DB06287	C0334634	1	0
DB06288	C0005586	1	3
DB06288	C0036341	1	0
DB06288	C0221765	1	0
DB06290	C0524910	1	0
DB06292	C0011849	1	2
DB06292	C0011860	1	3
DB06292	C0020456	1	0
DB06317	C0026764	1	2
DB06335	C0011849	1	0
DB06335	C0011860	1	4
DB06335	C0020456	1	0
DB06335	C0524620	1	2
DB06372	C2316212	1	3
DB06401	C0029456	1	2
DB06401	C0029458	1	2
DB06403	C2973725	1	2
DB06410	C0020502	1	2
DB06410	C0020503	1	1
DB06410	C1561643	1	4
DB06412	C0002871	1	1
DB06412	C0002874	1	2
DB06412	C0026987	1	4
DB06412	C0178416	1	1
DB06412	C1260899	1	2
DB06413	C0027404	1	3
DB06413	C0520679	1	4
DB06439	C0010674	1	1
DB06439	C0035220	1	1
DB06441	C0040053	1	2
DB06470	C0030567	1	1
DB06479	C0038454	1	2
DB06480	C0009806	1	4
DB06589	C0007134	1	2
DB06589	C1261473	1	3
DB06594	C1269683	1	3
DB06603	C0026764	1	1
DB06603	C0079773	1	3
DB06605	C0004238	1	1
DB06605	C0034065	1	0
DB06605	C0038454	1	4
DB06605	C0040053	1	0
DB06605	C0149871	1	0
DB06616	C0005699	1	1
DB06616	C0023472	1	2
DB06616	C0023473	1	3
DB06626	C0007134	1	3
DB06637	C0026769	1	0
DB06643	C0029456	1	1
DB06643	C0029458	1	1
DB06650	C0023434	1	4
DB06654	C0014544	1	4
DB06654	C0030567	1	1
DB06655	C0011849	1	3
DB06655	C0011860	1	2
DB06655	C0020456	1	4
DB06655	C0028754	1	2
DB06663	C0001206	1	4
DB06663	C0010481	1	2
DB06674	C0003872	1	0
DB06674	C0003873	1	1
DB06674	C0009324	1	4
DB06674	C0038013	1	3
DB06684	C1269683	1	0
DB06688	C0376358	1	2
DB06689	C0042345	1	1
DB06691	C0013390	1	3
DB06691	C0018621	1	3
DB06691	C0020517	1	0
DB06691	C0027424	1	4
DB06691	C0033774	1	0
DB06691	C0035457	1	0
DB06691	C0042109	1	0
DB06691	C0343065	1	2
DB06691	C2607914	1	1
DB06692	C0019080	1	3
DB06694	C0020517	1	1
DB06694	C0027424	1	3
DB06695	C0004238	1	3
DB06695	C0038454	1	3
DB06695	C0040053	1	2
DB06695	C1861172	1	3
DB06697	C0036323	1	1
DB06699	C0376358	1	1
DB06700	C1269683	1	1
DB06701	C1263846	1	1
DB06702	C0042023	1	1
DB06702	C0042024	1	4
DB06702	C0085606	1	2
DB06702	C0878773	1	2
DB06706	C0018681	1	0
DB06706	C0149931	1	3
DB06707	C0019080	1	4
DB06707	C0149745	1	3
DB06709	C0017601	1	2
DB06709	C0085129	1	3
DB06710	C0006142	1	1
DB06710	C0020619	1	0
DB06710	C0034012	1	3
DB06710	C0151721	1	0
DB06710	C0242350	1	4
DB06710	C0342527	1	1
DB06710	C1458155	1	2
DB06711	C0020452	1	0
DB06711	C0035455	1	1
DB06711	C0037199	1	2
DB06713	C0002453	1	3
DB06713	C0006142	1	0
DB06714	C0015967	1	4
DB06714	C0020517	1	0
DB06714	C0028754	1	1
DB06714	C2607914	1	3
DB06716	C0038220	1	3
DB06717	C0027497	1	3
DB06717	C0042963	1	3
DB06718	C0002871	1	3
DB06718	C0019243	1	2
DB06719	C0021359	1	3
DB06719	C0021361	1	2
DB06720	C0017205	1	3
DB06720	C1961835	1	2
DB06725	C0003864	1	2
DB06725	C0029408	1	0
DB06725	C0030193	1	4
DB06736	C0003873	1	1
DB06736	C0024031	1	1
DB06736	C0029408	1	2
DB06736	C0038013	1	4
DB06739	C0004096	1	3
DB06754	C0040053	1	4
DB06756	C0010692	1	4
DB06756	C0019880	1	3
DB06756	C0020473	1	3
DB06764	C0020452	1	1
DB06764	C0027424	1	1
DB06764	C0037199	1	3
DB06766	C0020517	1	2
DB06774	C0003864	1	1
DB06774	C0003873	1	1
DB06774	C0004604	1	4
DB06774	C0011882	1	1
DB06774	C0027796	1	3
DB06774	C0032768	1	1
DB06774	C0231528	1	3
DB06775	C0220994	1	3
DB06775	C0268543	1	1
DB06777	C0008350	1	2
DB06782	C0311375	1	2
DB06785	C0085083	1	2
DB06786	C0011615	1	3
DB06786	C0011616	1	1
DB06786	C0015230	1	4
DB06786	C0015456	1	2
DB06786	C0024138	1	0
DB06786	C0036508	1	0
DB06786	C0079773	1	0
DB06788	C0034013	1	1
DB06791	C0001206	1	3
DB06800	C0009806	1	3
DB06803	C0036323	1	0
DB06809	C0024305	1	1
DB06809	C0026764	1	3
DB06813	C0079774	1	0
DB06819	C0175683	1	0
DB06819	C0751753	1	1
DB06824	C0007134	1	2
DB06824	C0019202	1	1
DB06825	C0014175	1	1
DB06825	C0034013	1	4
DB07477	C0003873	1	4
DB07477	C0231528	1	3
DB07615	C0004096	1	0
DB07615	C0020517	1	4
DB07615	C0022548	1	4
DB07615	C2607914	1	1
DB08604	C0020473	1	3
DB08604	C0702166	1	4
DB08799	C0009763	1	2
DB08799	C0020517	1	4
DB08799	C0027424	1	1
DB08799	C0033774	1	1
DB08799	C0042109	1	2
DB08799	C0343065	1	1
DB08799	C0847614	1	3
DB08799	C2607914	1	3
DB08800	C0004096	1	0
DB08800	C0009763	1	0
DB08800	C0013604	1	4
DB08800	C2607914	1	1
DB08801	C0013182	1	1
DB08801	C0015230	1	4
DB08801	C0016470	1	4
DB08801	C0018621	1	3
DB08801	C0020517	1	3
DB08801	C0042109	1	4
DB08801	C1527304	1	0
DB08802	C1527304	1	1
DB08804	C0002893	1	2
DB08804	C0272375	1	3
DB08804	C0678222	1	1
DB08804	C0878787	1	4
DB08804	C1565489	1	4
DB08806	C0013295	1	4
DB08806	C0017152	1	0
DB08806	C0017168	1	2
DB08806	C0030920	1	0
DB08806	C0038358	1	1
DB08806	C0041582	1	1
DB08806	C0043515	1	4
DB08807	C0004238	1	0
DB08807	C0013604	1	3
DB08807	C0042514	1	4
DB08807	C1956346	1	1
DB08808	C0003811	1	2
DB08808	C0017601	1	0
DB08808	C0020538	1	4
DB08810	C0017168	1	2
DB08811	C0003467	1	4
DB08811	C0236663	1	3
DB08814	C0004238	1	4
DB08814	C0007785	1	3
DB08814	C0027051	1	4
DB08814	C0038454	1	2
DB08814	C0040053	1	0
DB08815	C0005587	1	2
DB08815	C0036341	1	4
DB08816	C0027051	1	4
DB08816	C0038454	1	0
DB08816	C0040053	1	4
DB08816	C0085096	1	3
DB08816	C0948089	1	0
DB08818	C0003864	1	2
DB08818	C0017601	1	0
DB08818	C0029408	1	4
DB08818	C0037299	1	2
DB08818	C0282488	1	2
DB08819	C0017601	1	1
DB08819	C0017612	1	4
DB08819	C0028840	1	0
DB08820	C0010674	1	2
DB08822	C0020538	1	2
DB08826	C0005283	1	3
DB08826	C0282193	1	1
DB08827	C0000744	1	3
DB08827	C0020443	1	4
DB08827	C0020473	1	4
DB08827	C0342881	1	2
DB08828	C0007117	1	1
DB08835	C0847614	1	2
DB08836	C0011881	1	1
DB08836	C0018802	1	4
DB08836	C1956346	1	3
DB08839	C0003467	1	2
DB08839	C0917801	1	2
DB08860	C0020443	1	3
DB08860	C0020473	1	4
DB08860	C0020474	1	4
DB08867	C0042133	1	1
DB08868	C0026769	1	4
DB08868	C0751967	1	4
DB08869	C0311277	1	1
DB08870	C0019829	1	0
DB08870	C0376545	1	4
DB08871	C0023827	1	4
DB08872	C0014544	1	0
DB08872	C0032768	1	0
DB08872	C0035258	1	4
DB08873	C0524910	1	1
DB08875	C0007134	1	1
DB08875	C0238462	1	0
DB08877	C0026987	1	3
DB08877	C0027022	1	1
DB08877	C0032463	1	2
DB08879	C0024141	1	1
DB08880	C0003872	1	1
DB08880	C0003873	1	0
DB08880	C0026769	1	4
DB08881	C0025202	1	0
DB08882	C0011849	1	4
DB08882	C0011860	1	3
DB08882	C0020456	1	4
DB08883	C0014544	1	4
DB08883	C0036572	1	4
DB08885	C0027686	1	3
DB08888	C0040053	1	2
DB08889	C0026764	1	3
DB08890	C0009806	1	3
DB08890	C0022104	1	0
DB08893	C0042024	1	3
DB08893	C0878773	1	1
DB08894	C0002871	1	4
DB08895	C0003873	1	2
DB08896	C0238198	1	1
DB08896	C1527249	1	2
DB08897	C0024117	1	2
DB08899	C0376358	1	1
DB08901	C0023473	1	0
DB08901	C1960397	1	1
DB08904	C0003872	1	3
DB08904	C0003873	1	0
DB08904	C0010346	1	1
DB08904	C0038013	1	0
DB08906	C0004096	1	4
DB08906	C0020517	1	1
DB08906	C0024117	1	1
DB08906	C2607914	1	3
DB08907	C0011849	1	2
DB08907	C0011860	1	2
DB08907	C0020456	1	1
DB08908	C0026769	1	1
DB08908	C0033860	1	2
DB08908	C0751967	1	2
DB08910	C0026764	1	1
DB08911	C0025202	1	4
DB08912	C0025202	1	1
DB08918	C1269683	1	2
DB08922	C0005586	1	2
DB08922	C0036341	1	2
DB08931	C0020542	1	0
DB08931	C2973725	1	4
DB08932	C1800706	1	3
DB08932	C2973725	1	0
DB08935	C0023434	1	4
DB08935	C0024299	1	0
DB08936	C0010200	1	4
DB08936	C0018621	1	2
DB08936	C0027424	1	2
DB08936	C0035457	1	4
DB08936	C2607914	1	4
DB08941	C0003850	1	1
DB08941	C0007820	1	0
DB08941	C0022876	1	2
DB08941	C0034734	1	0
DB08941	C0042373	1	2
DB08955	C0015967	1	3
DB08957	C0004096	1	2
DB08957	C0022876	1	3
DB08961	C0013604	1	2
DB08983	C0020443	1	4
DB08983	C0020473	1	0
DB08983	C0020557	1	3
DB08984	C0003862	1	4
DB08984	C0029408	1	2
DB08984	C0231528	1	0
DB08985	C0015967	1	1
DB08985	C0018681	1	2
DB08986	C0003467	1	3
DB08992	C0002736	1	3
DB08992	C0037763	1	0
DB08995	C0013604	1	4
DB08995	C0149871	1	3
DB09000	C0003467	1	1
DB09000	C0036341	1	4
DB09006	C0020443	1	0
DB09006	C0020473	1	3
DB09006	C0020557	1	4
DB09010	C1527249	1	2
DB09014	C0003469	1	1
DB09015	C0013604	1	3
DB09015	C0020428	1	2
DB09016	C0011581	1	3
DB09018	C0017168	1	3
DB09018	C0027497	1	4
DB09018	C0042963	1	1
DB09026	C0020538	1	4
DB09026	C0085580	1	4
DB09029	C0003873	1	1
DB09029	C0033860	1	3
DB09029	C0042164	1	0
DB09030	C0027051	1	2
DB09030	C0038454	1	2
DB09030	C0040053	1	2
DB09030	C1704436	1	2
DB09033	C0009324	1	0
DB09033	C0010346	1	2
DB09034	C0917801	1	2
DB09035	C0007131	1	0
DB09036	C0017531	1	0
DB09037	C0007131	1	2
DB09038	C0011849	1	1
DB09038	C0011860	1	0
DB09038	C0020456	1	2
DB09039	C0017205	1	3
DB09040	C0040261	1	0
DB09043	C0011860	1	0
DB09043	C0020456	1	0
DB09045	C0011860	1	2
DB09045	C0020456	1	1
DB09046	C0028754	1	4
DB09046	C0220989	1	3
DB09046	C0221032	1	2
DB09047	C0010674	1	4
DB09048	C0027497	1	1
DB09048	C0042963	1	0
DB09049	C0009806	1	2
DB09053	C0023434	1	3
DB09053	C0024419	1	2
DB09053	C0079731	1	3
DB09053	C0334634	1	2
DB09054	C0023434	1	3
DB09054	C0024301	1	0
DB09059	C0002962	1	3
DB09059	C0020473	1	4
DB09059	C0022876	1	4
DB09059	C0027051	1	2
DB09059	C0038454	1	2
DB09064	C0020443	1	4
DB09064	C0020473	1	3
DB09064	C0020476	1	1
DB09067	C0010481	1	2
DB09067	C0405580	1	3
DB09068	C1269683	1	4
DB09069	C0002962	1	1
DB09070	C0014175	1	0
DB09074	C1140680	1	2
DB09075	C0004238	1	0
DB09075	C0034065	1	3
DB09075	C0038454	1	0
DB09075	C0040038	1	2
DB09075	C0040053	1	2
DB09075	C0149871	1	3
DB09076	C0024117	1	1
DB09078	C0206682	1	0
DB09078	C0238463	1	2
DB09079	C0007131	1	1
DB09079	C1800706	1	2
DB09080	C0024117	1	3
DB09082	C0004096	1	2
DB09082	C0008677	1	4
DB09082	C0024117	1	1
DB09082	C0034067	1	3
DB09083	C0002962	1	4
DB09085	C0033774	1	4
DB09089	C0022104	1	1
DB09090	C0022104	1	3
DB09091	C0014356	1	2
DB09097	C0020514	1	1
DB09099	C0019080	1	2
DB09107	C0002871	1	4
DB09108	C0019080	1	4
DB09109	C0019069	1	2
DB09109	C0019080	1	4
DB09118	C0014544	1	1
DB09118	C0014550	1	4
DB09118	C0751122	1	2
DB09119	C0014544	1	4
DB09119	C0036572	1	4
DB09121	C0003872	1	3
DB09121	C0003873	1	2
DB09121	C0030807	1	2
DB09123	C0014175	1	4
DB09126	C0021359	1	2
DB09126	C0021361	1	1
DB09128	C0036341	1	3
DB09128	C1269683	1	2
DB09131	C0268070	1	1
DB09140	C0017086	1	0
DB09140	C0032285	1	1
DB09140	C0034069	1	4
DB09140	C0035229	1	3
DB09143	C0007117	1	4
DB09146	C0002871	1	2
DB09146	C0085681	1	4
DB09146	C0162316	1	3
DB09166	C0003467	1	3
DB09166	C0917801	1	0
DB09167	C1269683	1	4
DB09185	C0751362	1	4
DB09198	C0011860	1	2
DB09204	C0040822	1	0
DB09205	C0034734	1	3
DB09205	C0242350	1	0
DB09212	C0003873	1	1
DB09213	C0003873	1	0
DB09213	C0013390	1	1
DB09213	C0015967	1	0
DB09213	C0029408	1	2
DB09213	C0030193	1	0
DB09215	C0003873	1	0
DB09215	C0029408	1	4
DB09217	C0029408	1	4
DB09220	C0002962	1	3
DB09220	C0003811	1	0
DB09221	C0017168	1	0
DB09221	C0030920	1	4
DB09221	C0041582	1	4
DB09223	C0036341	1	4
DB09225	C0036341	1	4
DB09228	C0019243	1	0
DB09228	C0398775	1	3
DB09229	C0020538	1	3
DB09230	C0020538	1	3
DB09235	C0020538	1	0
DB09241	C0023869	1	0
DB09241	C0025637	1	4
DB09244	C0011581	1	4
DB09245	C0011581	1	4
DB09258	C0034065	1	0
DB09258	C0149871	1	2
DB09262	C0037763	1	2
DB09265	C0011860	1	2
DB09265	C0020456	1	2
DB09270	C0018802	1	4
DB09270	C0020179	1	3
DB09270	C0020473	1	4
DB09271	C0022104	1	4
DB09272	C0014356	1	1
DB09272	C0022104	1	0
DB09273	C0004096	1	2
DB09279	C0018802	1	0
DB09279	C0020538	1	3
DB09280	C0010674	1	3
DB09282	C1956346	1	3
DB09283	C1956346	1	0
DB09286	C0036341	1	1
DB09288	C0015967	1	2
DB09289	C0004096	1	4
DB09289	C0022104	1	4
DB09290	C0022104	1	0
DB09290	C0027497	1	0
DB09290	C0042963	1	2
DB09292	C0018802	1	3
DB09301	C0029408	1	3
DB09302	C0004153	1	1
DB09302	C0020443	1	3
DB09302	C0020473	1	4
DB09304	C0014544	1	3
DB09310	C0019080	1	2
DB09331	C0026764	1	0
DB09332	C0022354	1	2
DB09343	C0007102	1	4
DB09343	C1527249	1	1
DB09351	C0017601	1	0
DB09351	C0017612	1	2
DB09351	C0028840	1	3
DB09371	C0002453	1	2
DB09371	C0014173	1	0
DB09371	C0021361	1	3
DB09389	C0025323	1	1
DB09401	C0002962	1	2
DB09401	C0017168	1	0
DB09401	C0017601	1	2
DB09401	C0018802	1	1
DB09401	C1956346	1	2
DB09418	C0020550	1	4
DB09462	C0009806	1	3
DB09477	C0003873	1	3
DB09477	C0004775	1	2
DB09477	C0013604	1	1
DB09477	C0018802	1	4
DB09477	C0020538	1	0
DB09477	C0020540	1	1
DB09481	C0009806	1	1
DB09481	C0017168	1	0
DB09481	C0018834	1	2
DB09481	C0030920	1	2
DB09481	C0151723	1	4
DB09488	C0018621	1	2
DB09488	C0027424	1	0
DB09488	C0035457	1	1
DB09488	C0042109	1	0
DB09488	C2607914	1	0
DB09516	C0162834	1	4
DB09517	C0002871	1	0
DB09517	C0162316	1	4
DB09526	C0162834	1	0
DB09555	C0018621	1	3
DB09555	C0033774	1	0
DB09555	C0042109	1	2
DB09555	C0343065	1	4
DB09555	C2607914	1	0
DB09559	C0007131	1	2
DB09564	C0011849	1	4
DB09568	C0020557	1	0
DB11059	C0037299	1	2
DB11071	C0282488	1	1
DB11081	C0702166	1	1
DB11085	C0013595	1	0
DB11085	C0022593	1	2
DB11085	C0033860	1	4
DB11085	C0035854	1	3
DB11085	C0036508	1	4
DB11085	C0702166	1	0
DB11130	C0010346	1	2
DB11130	C0014356	1	4
DB11131	C0003864	1	4
DB11136	C0028754	1	0
DB11157	C0033860	1	4
DB11166	C0040053	1	0
DB11181	C0026961	1	2
DB11235	C0847614	1	2
DB11273	C0149931	1	0
DB11274	C0030567	1	2
DB11324	C0003873	1	1
DB11324	C0231528	1	0
DB11362	C2973725	1	2
DB11363	C0007131	1	3
DB11560	C0018099	1	0
DB11560	C0740394	1	4
DB11571	C0019080	1	2
DB11572	C0019080	1	4
DB11581	C0023434	1	3
DB11582	C0026838	1	4
DB11591	C0009763	1	1
DB11591	C0042109	1	4
DB11591	C2607914	1	4
DB11595	C0007138	1	1
DB11598	C0012739	1	3
DB11598	C0019156	1	4
DB11598	C0040053	1	1
DB11598	C0272375	1	4
DB11614	C0042109	1	0
DB11619	C0014175	1	3
DB11629	C0020443	1	0
DB11629	C0020473	1	3
DB11629	C0242339	1	2
DB11632	C0030567	1	2
DB11635	C0042875	1	3
DB11656	C0017152	1	3
DB11660	C0017601	1	4
DB11675	C0017168	1	2
DB11675	C0022104	1	1
DB11696	C0011991	1	0
DB11699	C0027497	1	4
DB11699	C0042963	1	2
DB11712	C0010674	1	2
DB11742	C0042109	1	0
DB11748	C0024031	1	3
DB11748	C0039841	1	3
DB11753	C0041296	1	1
DB11757	C0030567	1	4
DB11767	C0003873	1	1
DB11767	C0038013	1	3
DB11783	C0018802	1	3
DB11792	C0242350	1	3
DB11817	C0003873	1	1
DB11824	C0011849	1	2
DB11827	C0011849	1	3
DB11827	C0011860	1	0
DB11827	C0020456	1	1
DB11834	C0033860	1	1
DB11950	C0011849	1	2
DB11988	C0003873	1	1
DB11994	C0029408	1	3
DB11995	C0019080	1	4
DB11995	C0040034	1	2
DB12010	C0003873	1	3
DB12010	C0079731	1	3
DB12010	C0398650	1	4
DB12017	C0038454	1	1
DB12023	C0004096	1	4
DB12082	C0018802	1	3
DB12095	C0024586	1	4
DB12153	C0002395	1	0
DB12153	C0017601	1	0
DB12153	C0030567	1	2
DB12153	C0038454	1	3
DB12153	C1263846	1	4
DB12159	C0011603	1	1
DB12163	C0002962	1	3
DB12163	C0004153	1	4
DB12163	C0011849	1	2
DB12163	C0034734	1	1
DB12230	C0017601	1	2
DB12233	C0003873	1	0
DB12243	C0038454	1	1
DB12248	C0004096	1	1
DB12278	C0042024	1	2
DB12319	C0018099	1	2
DB12364	C0040053	1	0
DB12364	C0149871	1	4
DB12401	C0036341	1	1
DB12417	C0011849	1	1
DB12478	C0012833	1	2
DB12478	C0030567	1	0
DB12483	C0024301	1	1
DB12523	C0042109	1	2
DB12545	C0040053	1	2
DB12554	C0022104	1	3
DB12598	C0019080	1	0
DB12783	C0013384	1	2
DB12783	C0030567	1	0
DB12831	C0030305	1	3
DB12833	C0013415	1	1
DB12836	C0029408	1	0
DB12863	C0242488	1	2
DB12865	C0020503	1	1
DB12867	C0036341	1	3
DB12947	C1527249	1	0
DB13036	C0004096	1	3
DB13036	C1956346	1	3
DB13152	C0008533	1	2
DB13152	C0015503	1	0
DB13152	C0015530	1	2
DB13152	C0019069	1	4
DB13152	C0019080	1	4
DB13165	C0017601	1	1
DB13165	C0028840	1	2
DB13167	C0003873	1	1
DB13169	C0002871	1	4
DB13179	C0004096	1	4
DB13179	C0032285	1	2
DB13179	C0037199	1	0
DB13179	C0155862	1	4
DB13217	C0003862	1	3
DB13217	C0231528	1	3
DB13345	C0149931	1	1
DB13500	C0022104	1	0
DB13689	C0033860	1	4
DB13689	C0424489	1	2
DB13783	C0029408	1	3
DB13873	C0020443	1	1
DB13873	C0020473	1	2
DB13873	C0242339	1	3
DB13919	C0018802	1	1
DB13928	C0011860	1	3
DB13928	C0020456	1	4
DB13933	C0019080	1	1
DB13943	C0029191	1	4
DB13943	C0151721	1	3
DB13943	C0271623	1	2
DB13943	C0342384	1	4
DB13943	C0948896	1	4
DB13954	C0020619	1	3
DB13996	C0024473	1	2
DB13999	C0019080	1	1
DB14006	C0003873	1	0
DB14006	C0029408	1	4
DB14061	C0036323	1	4
L-Arginine	C0018802	1	3
L-Arginine	C0021359	1	3
L-Arginine	C0242350	1	4
L-Arginine	C1956346	1	4
L-Citrulline	C0242350	1	4
SN-38	C1527249	1	0
aceclidine	C0017601	1	1
acefylline	C0004096	1	4
adiphenine	C0037763	1	2
adrenalone	C0019080	1	3
aminopentamide	C0027497	1	1
ammonium-lactate	C0079584	1	4
amtolmetin-guacil	C0003873	1	4
amtolmetin-guacil	C0029408	1	1
arsenic-trioxide	C0011991	1	2
azelaic-acid	C0035854	1	4
bendazac	C0003862	1	1
bendazac	C0231528	1	1
benztropine-mesylate	C0030567	1	1
bifemelane	C0017601	1	4
bucladesine	C0037299	1	4
budipine	C0030567	1	4
buflomedil	C1704436	1	3
butorphanol-(+)-tartrate	C0000737	1	4
butorphanol-(+)-tartrate	C0018681	1	4
butorphanol-(+)-tartrate	C0231528	1	4
camostat-mesilate	C0030305	1	2
caramiphen	C0030567	1	2
carazolol	C0002962	1	1
carazolol	C0027051	1	2
chlormadinone-acetate	C0002453	1	2
chlormadinone-acetate	C0028949	1	2
chlorogenic-acid	C0018681	1	2
clebopride	C0027497	1	1
clobetasone-butyrate	C0011603	1	4
clobetasone-butyrate	C0013595	1	0
clobetasone-butyrate	C0033860	1	3
clorprenaline	C0004096	1	2
cortisone	C0003873	1	1
cortisone	C0009324	1	1
cortisone	C0013595	1	3
cortisone	C0033860	1	4
cycloserine-(d)	C0041296	1	0
cyclosporin-a	C0003873	1	2
cyclosporin-a	C0033860	1	0
dabigatran	C0034065	1	1
dabigatran	C0038454	1	4
dabigatran	C0149871	1	0
dabigatran-etexilate	C0034065	1	3
dabigatran-etexilate	C0038454	1	0
dabigatran-etexilate	C0149871	1	3
deracoxib	C0029408	1	0
desmopressin-acetate	C0687720	1	0
desoxycorticosterone-pivalate	C0001403	1	3
dexamethasone-sodium-phosphate	C0002871	1	2
dexamethasone-sodium-phosphate	C0003872	1	4
dexamethasone-sodium-phosphate	C0003873	1	4
dexamethasone-sodium-phosphate	C0009324	1	1
dexamethasone-sodium-phosphate	C0014335	1	2
dexamethasone-sodium-phosphate	C0020437	1	2
dexamethasone-sodium-phosphate	C0026769	1	0
dexamethasone-sodium-phosphate	C0027726	1	3
dexamethasone-sodium-phosphate	C0029408	1	2
dexamethasone-sodium-phosphate	C0033860	1	3
diphemanil	C0037763	1	2
epalrestat	C0011881	1	4
ephedrine-(racemic)	C0004096	1	0
ephedrine-(racemic)	C0020649	1	2
ephedrine-(racemic)	C0027404	1	1
ephedrine-(racemic)	C0028754	1	3
estropipate	C0029456	1	3
ethanolamine-oleate	C0014867	1	3
etofylline	C0004096	1	4
falecalcitriol	C0020502	1	0
fenigam	C0003467	1	4
flopropione	C0037763	1	4
fludarabine-phosphate	C0023434	1	1
fludrocortisone-acetate	C0001403	1	2
fludrocortisone-acetate	C0302280	1	1
fluocinolone-acetonide	C0036508	1	4
fluphenazine-decanoate	C0036341	1	4
flurbiprofen-(S)-(+)	C0003873	1	2
flurbiprofen-(S)-(+)	C0029408	1	0
ftorafur	C1527249	1	3
gentamycin	C0025289	1	1
gentamycin	C0032285	1	4
haloperidol-decanoate	C0036341	1	0
hyaluronic-acid	C0029408	1	0
hyaluronic-acid	C0282488	1	4
hydrocortisone-butyrate	C0013595	1	3
hydrocortisone-phosphate	C0004096	1	4
hydrocortisone-phosphate	C0009319	1	0
hydrocortisone-phosphate	C0011616	1	0
hydrocortisone-phosphate	C0014335	1	0
hydrocortisone-phosphate	C0026764	1	0
hydrocortisone-phosphate	C0027497	1	1
hydrocortisone-phosphate	C0042963	1	3
ibuprofen-lysine	C0013274	1	3
icatibant-acetate	C0002994	1	2
ipragliflozin-l-proline	C0011849	1	4
levocarnitine-propionate	C0031117	1	0
levocarnitine-propionate	C1142132	1	1
maropitant	C0042963	1	3
megestrol-acetate	C0003123	1	0
megestrol-acetate	C0006625	1	4
meldonium	C1956346	1	4
melevodopa	C0030567	1	1
methylene-blue	C0025637	1	3
methylprednisolone-aceponate	C0001627	1	4
methylprednisolone-aceponate	C0002871	1	2
methylprednisolone-aceponate	C0003873	1	2
methylprednisolone-aceponate	C0004096	1	0
methylprednisolone-aceponate	C0009324	1	2
methylprednisolone-aceponate	C0014335	1	3
methylprednisolone-aceponate	C0020437	1	1
methylprednisolone-aceponate	C0026769	1	1
methylprednisolone-aceponate	C0029408	1	2
methylprednisolone-aceponate	C0033860	1	0
methylprednisolone-aceponate	C0040147	1	3
minodronic-acid	C0029456	1	0
mofezolac	C0003873	1	2
mofezolac	C0029456	1	1
mozavaptan	C0020625	1	4
nemonapride	C0036341	1	1
neridronic-acid	C0029434	1	2
olprinone	C0018802	1	2
omeprazole-magnesium	C0017168	1	1
omeprazole-magnesium	C0018834	1	0
penfluridol	C0036341	1	1
phosphatidylcholine	C0013595	1	1
picotamide	C0040053	1	0
pimobendan	C0018802	1	2
pipenzolate	C0037763	1	4
piperidolate	C0037763	1	2
pralidoxime-chloride	C0235063	1	0
prednisolone-acetate	C0009763	1	3
prednisolone-acetate	C0035854	1	3
prednisolone-sodium-phosphate	C0001627	1	2
prednisolone-sodium-phosphate	C0003872	1	1
prednisolone-sodium-phosphate	C0003873	1	1
prednisolone-sodium-phosphate	C0004096	1	1
prednisolone-sodium-phosphate	C0009324	1	3
prednisolone-sodium-phosphate	C0011616	1	2
prednisolone-sodium-phosphate	C0014335	1	2
prednisolone-sodium-phosphate	C0020437	1	0
prednisolone-sodium-phosphate	C0025289	1	1
prednisolone-sodium-phosphate	C0026769	1	0
prednisolone-sodium-phosphate	C0032285	1	2
prednisolone-sodium-phosphate	C0040147	1	1
psoralen	C0013595	1	2
psoralen	C0033860	1	0
psoralen	C0042900	1	0
quinaprilat	C0002994	1	2
r(-)-apomorphine	C0030567	1	4
revaprazan	C0017152	1	3
silibinin	C0023890	1	2
sodium-monofluorophosphate	C0011334	1	3
sodium-oxybate	C0027404	1	0
sodium-salicylate	C0015967	1	4
sodium-tetradecyl-sulfate	C0042345	1	4
spiperone	C0036341	1	2
strontium-ranelate	C0029408	1	4
strontium-ranelate	C0029456	1	2
taltirelin	C0087012	1	0
tannic-acid	C0009806	1	1
tebipenem	C0032285	1	0
telotristat-ethyl	C0011991	1	2
tepoxalin	C0003873	1	2
tepoxalin	C1328407	1	2
testosterone-enanthate	C0020619	1	4
testosterone-undecanoate	C0020619	1	3
thiostrepton	C0024894	1	4
thiram	C0011616	1	0
trelagliptin	C0011849	1	4
trepibutone	C0022104	1	2
ufenamate	C0011603	1	3
ufenamate	C0013595	1	4
vinburnine	C0038454	1	4
xipamide	C0013604	1	4
zotarolimus	C0948480	1	0
5-hydroxytryptophan	C0007642	0	0
5-hydroxytryptophan	C0022595	0	0
5-hydroxytryptophan	C0040053	0	1
ACT-132577	C1269683	0	2
DB00001	C0018133	0	2
DB00001	C0262584	0	4
DB00001	C0917805	0	0
DB00001	C1263846	0	1
DB00001	C2936781	0	1
DB00002	C0162820	0	4
DB00004	C0010930	0	1
DB00004	C0024141	0	0
DB00004	C0027726	0	4
DB00004	C0162316	0	2
DB00005	C0001883	0	4
DB00005	C0020625	0	0
DB00005	C0020676	0	4
DB00006	C0027627	0	3
DB00006	C0029191	0	0
DB00006	C0751865	0	0
DB00007	C0023869	0	3
DB00007	C0031099	0	2
DB00007	C0206686	0	0
DB00008	C0040156	0	2
DB00008	C0040997	0	3
DB00008	C0746102	0	0
DB00009	C0003467	0	1
DB00009	C0033860	0	3
DB00009	C0042963	0	2
DB00010	C0006413	0	3
DB00010	C0085215	0	0
DB00012	C0156404	0	2
DB00013	C0014869	0	0
DB00013	C0024790	0	4
DB00013	C0235974	0	1
DB00014	C0020433	0	3
DB00014	C0020514	0	2
DB00014	C0022568	0	2
DB00014	C0029458	0	1
DB00014	C0917805	0	0
DB00014	C0948089	0	2
DB00015	C0005779	0	3
DB00015	C0014867	0	3
DB00015	C0026998	0	3
DB00015	C0042510	0	0
DB00016	C0037769	0	1
DB00016	C0039103	0	3
DB00016	C0220983	0	0
DB00017	C0009763	0	4
DB00017	C0028326	0	2
DB00017	C0079773	0	1
DB00017	C0270736	0	2
DB00020	C0005695	0	2
DB00020	C0018801	0	4
DB00020	C0162429	0	0
DB00020	C0338908	0	1
DB00022	C0003850	0	3
DB00022	C0010200	0	2
DB00022	C0022354	0	3
DB00022	C0948480	0	4
DB00024	C0001418	0	0
DB00024	C0023892	0	3
DB00024	C0036651	0	2
DB00024	C0271578	0	2
DB00024	C2242472	0	2
DB00025	C0039841	0	3
DB00025	C0494475	0	3
DB00026	C0008312	0	4
DB00026	C0017205	0	3
DB00026	C0268543	0	2
DB00028	C0042870	0	4
DB00029	C0005967	0	0
DB00029	C0020514	0	1
DB00029	C0020540	0	3
DB00029	C0231528	0	1
DB00030	C0271650	0	4
DB00031	C0021603	0	2
DB00031	C0030578	0	4
DB00031	C0034069	0	4
DB00031	C0342788	0	4
DB00032	C0040053	0	2
DB00033	C0014553	0	1
DB00034	C0015672	0	0
DB00034	C0023449	0	1
DB00034	C0040517	0	1
DB00034	C0042847	0	2
DB00034	C0409818	0	0
DB00035	C0678222	0	1
DB00036	C0025294	0	1
DB00038	C0206686	0	3
DB00038	C0740394	0	2
DB00039	C0001206	0	0
DB00039	C0017612	0	3
DB00039	C0019880	0	3
DB00039	C0036830	0	3
DB00039	C0342731	0	4
DB00039	C0343065	0	1
DB00040	C0011581	0	2
DB00040	C0020514	0	4
DB00040	C0025289	0	0
DB00040	C0040015	0	4
DB00041	C0026769	0	3
DB00041	C0040822	0	1
DB00041	C0149725	0	0
DB00042	C0007786	0	1
DB00042	C0038220	0	4
DB00043	C0001126	0	3
DB00044	C0025322	0	1
DB00044	C0025874	0	3
DB00044	C0027022	0	2
DB00046	C0010691	0	4
DB00046	C0020480	0	0
DB00046	C0020546	0	1
DB00046	C0034150	0	3
DB00046	C0037769	0	3
DB00046	C0220989	0	4
DB00046	C0520679	0	1
DB00046	C1263846	0	4
DB00047	C0013404	0	0
DB00048	C0003962	0	4
DB00048	C0040261	0	4
DB00051	C0023440	0	2
DB00051	C0024115	0	3
DB00051	C0206682	0	3
DB00051	C0343065	0	1
DB00052	C0002736	0	3
DB00052	C0017636	0	1
DB00052	C0023470	0	2
DB00054	C0021603	0	0
DB00054	C0149745	0	1
DB00055	C0010346	0	0
DB00055	C0028754	0	0
DB00055	C0149821	0	1
DB00055	C0268070	0	1
DB00056	C0015456	0	2
DB00056	C0020428	0	4
DB00056	C0023434	0	1
DB00056	C1961835	0	4
DB00060	C0007117	0	1
DB00060	C0021670	0	2
DB00060	C0024299	0	3
DB00060	C0085606	0	0
DB00063	C0002880	0	0
DB00063	C0024138	0	4
DB00065	C0019087	0	0
DB00065	C0034150	0	3
DB00065	C0268390	0	4
DB00066	C1140680	0	3
DB00067	C0003872	0	3
DB00067	C0014867	0	2
DB00068	C0029434	0	0
DB00068	C0524620	0	0
DB00068	C0751434	0	2
DB00068	C1956346	0	0
DB00069	C0011848	0	4
DB00069	C0017605	0	4
DB00069	C0022951	0	3
DB00069	C0242973	0	4
DB00070	C0007194	0	2
DB00070	C0730345	0	4
DB00070	C0936215	0	3
DB00070	C1142132	0	4
DB00071	C0030297	0	2
DB00071	C0151686	0	0
DB00071	C0268070	0	4
DB00072	C0007117	0	4
DB00072	C0021308	0	1
DB00072	C0451641	0	0
DB00072	C0595948	0	4
DB00073	C0010308	0	3
DB00075	C0149871	0	2
DB00078	C0002994	0	0
DB00078	C0007095	0	0
DB00078	C0010674	0	1
DB00078	C0021390	0	4
DB00078	C0751753	0	4
DB00081	C0007095	0	1
DB00081	C0014742	0	4
DB00081	C0014868	0	3
DB00081	C0020502	0	1
DB00081	C0027708	0	2
DB00081	C0029453	0	1
DB00081	C0035412	0	4
DB00082	C0008325	0	3
DB00082	C0032897	0	4
DB00082	C0042880	0	3
DB00086	C0007642	0	2
DB00086	C0037769	0	0
DB00087	C0013182	0	3
DB00087	C0024121	0	3
DB00087	C0031485	0	2
DB00087	C0035579	0	3
DB00087	C2936781	0	1
DB00091	C0007786	0	0
DB00091	C0017205	0	3
DB00091	C0020557	0	4
DB00091	C0021308	0	3
DB00091	C0023487	0	4
DB00091	C0085215	0	1
DB00092	C0002893	0	0
DB00092	C0085129	0	3
DB00092	C0342731	0	0
DB00092	C2267227	0	1
DB00092	C2316810	0	2
DB00092	C2718128	0	4
DB00093	C0019080	0	3
DB00093	C0020619	0	0
DB00093	C0022104	0	3
DB00093	C0029456	0	2
DB00093	C0152020	0	0
DB00093	C0751967	0	0
DB00094	C0024299	0	2
DB00094	C1704417	0	3
DB00095	C0021775	0	3
DB00095	C0033375	0	3
DB00095	C0085612	0	3
DB00097	C0002792	0	2
DB00097	C0006118	0	1
DB00097	C0020615	0	1
DB00100	C0006105	0	2
DB00100	C0011606	0	3
DB00100	C0038220	0	4
DB00100	C0268596	0	2
DB00100	C0751122	0	3
DB00104	C0002962	0	4
DB00104	C0007786	0	2
DB00104	C0015967	0	4
DB00105	C0028768	0	1
DB00106	C0024121	0	4
DB00106	C0034013	0	1
DB00106	C0036920	0	2
DB00106	C0042842	0	4
DB00106	C0730345	0	3
DB00107	C0014556	0	2
DB00107	C0014742	0	0
DB00107	C0022595	0	3
DB00107	C0034186	0	1
DB00107	C0687150	0	2
DB00107	C1306889	0	1
DB00108	C0004604	0	4
DB00108	C0007138	0	3
DB00108	C0007570	0	4
DB00108	C0034186	0	3
DB00108	C0080274	0	2
DB00108	C0151636	0	1
DB00108	C0268583	0	2
DB00110	C0009806	0	4
DB00110	C0021308	0	3
DB00110	C0040038	0	1
DB00112	C0028754	0	0
DB00112	C1408258	0	1
DB00114	C0022661	0	2
DB00114	C0027627	0	4
DB00114	C0036651	0	2
DB00114	C0042510	0	4
DB00114	C0085215	0	2
DB00115	C0005138	0	2
DB00115	C0013415	0	4
DB00115	C0020445	0	0
DB00115	C0025294	0	4
DB00115	C0205768	0	1
DB00115	C0241961	0	2
DB00115	C0282528	0	3
DB00117	C0035335	0	0
DB00117	C0948008	0	3
DB00118	C0007102	0	3
DB00118	C0031117	0	2
DB00118	C0032787	0	0
DB00119	C0008311	0	0
DB00119	C0023440	0	3
DB00119	C0024437	0	1
DB00119	C0033774	0	2
DB00119	C0085631	0	4
DB00120	C0022660	0	0
DB00120	C0156404	0	4
DB00120	C0919267	0	0
DB00121	C0022575	0	0
DB00121	C0032227	0	4
DB00121	C0751753	0	0
DB00122	C0029442	0	2
DB00122	C0030848	0	1
DB00122	C0034734	0	0
DB00122	C0270846	0	1
DB00123	C0004245	0	2
DB00123	C0011615	0	3
DB00123	C0346421	0	3
DB00125	C0019080	0	3
DB00125	C0022104	0	2
DB00125	C0023437	0	1
DB00125	C0232940	0	1
DB00125	C1565489	0	1
DB00126	C0001627	0	1
DB00126	C0024790	0	4
DB00126	C0029396	0	1
DB00126	C0409818	0	2
DB00127	C2748055	0	1
DB00128	C0003469	0	1
DB00128	C0007117	0	3
DB00128	C0011616	0	3
DB00128	C0029191	0	1
DB00128	C0037188	0	0
DB00128	C0039483	0	4
DB00129	C0001126	0	4
DB00129	C0001430	0	3
DB00129	C0018681	0	1
DB00129	C0020217	0	3
DB00129	C0023869	0	3
DB00129	C0235974	0	4
DB00129	C0271093	0	3
DB00129	C0376358	0	0
DB00130	C0005586	0	0
DB00130	C0023470	0	0
DB00130	C0029191	0	2
DB00131	C0006118	0	4
DB00132	C0009952	0	4
DB00132	C0013338	0	3
DB00132	C0024301	0	3
DB00132	C0027430	0	2
DB00133	C0242973	0	3
DB00136	C0027662	0	3
DB00136	C0268490	0	2
DB00138	C0003872	0	4
DB00138	C0004114	0	0
DB00138	C0022596	0	1
DB00138	C0150055	0	3
DB00138	C1961099	0	0
DB00139	C0009806	0	1
DB00139	C0042510	0	4
DB00141	C0028326	0	3
DB00141	C0041582	0	3
DB00142	C0022650	0	2
DB00143	C0011644	0	3
DB00143	C0014544	0	0
DB00143	C0021390	0	2
DB00143	C0032460	0	4
DB00143	C0242383	0	3
DB00143	C0271623	0	4
DB00143	C1527304	0	1
DB00145	C0007785	0	0
DB00145	C0085096	0	0
DB00145	C1261473	0	3
DB00146	C0259817	0	1
DB00147	C0023827	0	0
DB00147	C0024586	0	1
DB00148	C0011606	0	2
DB00148	C0013428	0	2
DB00148	C0042024	0	1
DB00150	C0000737	0	1
DB00150	C0271093	0	4
DB00151	C0008312	0	3
DB00151	C0013404	0	4
DB00151	C0025322	0	2
DB00151	C0028754	0	1
DB00151	C0231528	0	2
DB00152	C0001883	0	3
DB00152	C0007137	0	4
DB00153	C0001623	0	3
DB00153	C0005586	0	0
DB00153	C0019054	0	1
DB00153	C0020217	0	3
DB00153	C0025500	0	3
DB00153	C0342527	0	2
DB00153	C0342543	0	0
DB00153	C1408258	0	0
DB00154	C0001403	0	1
DB00154	C0242422	0	0
DB00155	C0007117	0	1
DB00155	C0034012	0	1
DB00155	C0221260	0	2
DB00155	C0751674	0	2
DB00157	C0018995	0	1
DB00157	C0024115	0	2
DB00157	C0040038	0	1
DB00157	C0948089	0	4
DB00158	C0012739	0	3
DB00158	C0017168	0	0
DB00158	C0019087	0	4
DB00158	C0039621	0	2
DB00158	C0268490	0	1
DB00159	C0150055	0	4
DB00161	C0004114	0	2
DB00162	C0221032	0	0
DB00163	C0022354	0	3
DB00165	C0018995	0	2
DB00165	C0040136	0	4
DB00165	C0162820	0	2
DB00167	C0002726	0	0
DB00167	C0085096	0	3
DB00169	C0018213	0	2
DB00169	C0025202	0	4
DB00169	C0026948	0	1
DB00169	C0149704	0	2
DB00170	C0020757	0	4
DB00170	C0036421	0	3
DB00170	C0162429	0	1
DB00170	C0175683	0	0
DB00173	C0007138	0	0
DB00173	C0029401	0	3
DB00173	C0036323	0	2
DB00173	C0042909	0	3
DB00174	C0028326	0	4
DB00174	C0221013	0	1
DB00175	C0220756	0	1
DB00175	C1384600	0	3
DB00176	C0017605	0	1
DB00176	C0031046	0	4
DB00176	C0032027	0	0
DB00176	C0270736	0	0
DB00176	C0342543	0	3
DB00176	C0398775	0	0
DB00177	C0010043	0	3
DB00177	C0085606	0	3
DB00178	C0232940	0	3
DB00178	C0887833	0	2
DB00178	C1621958	0	3
DB00179	C0020545	0	4
DB00179	C0024115	0	2
DB00179	C0035457	0	1
DB00179	C3544321	0	3
DB00180	C0024117	0	2
DB00180	C0231528	0	2
DB00181	C0017152	0	0
DB00181	C0021655	0	2
DB00182	C0003868	0	0
DB00182	C0035585	0	4
DB00185	C0011606	0	2
DB00185	C0015503	0	2
DB00185	C0017668	0	3
DB00185	C0022596	0	4
DB00185	C0022661	0	2
DB00185	C0022876	0	3
DB00185	C0023481	0	4
DB00185	C0036572	0	0
DB00186	C0014836	0	3
DB00186	C0022573	0	4
DB00187	C0003862	0	4
DB00188	C0007642	0	3
DB00188	C0019156	0	2
DB00188	C0020459	0	4
DB00188	C0022568	0	1
DB00188	C0043459	0	3
DB00188	C0079774	0	3
DB00189	C0001957	0	1
DB00189	C0002895	0	1
DB00189	C0003864	0	4
DB00189	C0022660	0	0
DB00189	C0040156	0	4
DB00189	C0042909	0	0
DB00190	C0001627	0	2
DB00190	C0037930	0	2
DB00190	C0405580	0	3
DB00191	C0948216	0	2
DB00191	C1384600	0	4
DB00192	C0035220	0	4
DB00192	C0035455	0	3
DB00192	C0038362	0	3
DB00192	C0919267	0	3
DB00193	C0003868	0	0
DB00193	C0007131	0	2
DB00193	C0013144	0	2
DB00193	C0016057	0	3
DB00193	C0151714	0	2
DB00193	C1260899	0	3
DB00195	C0022568	0	0
DB00196	C0042487	0	3
DB00196	C0085159	0	1
DB00196	C0085417	0	0
DB00199	C0001883	0	0
DB00199	C0022876	0	1
DB00199	C1621958	0	0
DB00200	C0005138	0	1
DB00200	C0006413	0	3
DB00201	C0751967	0	4
DB00203	C0001430	0	3
DB00203	C0025294	0	3
DB00203	C0026961	0	1
DB00203	C0038325	0	1
DB00204	C0003868	0	3
DB00204	C0007820	0	1
DB00204	C0015503	0	0
DB00204	C0034063	0	0
DB00206	C0004245	0	4
DB00206	C0007102	0	2
DB00206	C0042024	0	1
DB00206	C1956346	0	3
DB00207	C0020625	0	2
DB00207	C0022665	0	3
DB00207	C0024143	0	1
DB00207	C0033581	0	4
DB00207	C0085605	0	4
DB00209	C0002726	0	1
DB00209	C0042487	0	1
DB00209	C0271568	0	4
DB00209	C0542346	0	3
DB00209	C0876973	0	1
DB00210	C0002395	0	4
DB00210	C0014836	0	0
DB00210	C0041948	0	0
DB00210	C0221765	0	4
DB00211	C0024138	0	0
DB00211	C0149931	0	1
DB00211	C0235063	0	0
DB00212	C0595948	0	4
DB00213	C0009806	0	4
DB00213	C0020443	0	1
DB00213	C0037763	0	0
DB00213	C0039590	0	2
DB00213	C0238111	0	2
DB00213	C1408258	0	3
DB00214	C0022073	0	1
DB00214	C0451641	0	4
DB00215	C0023052	0	4
DB00215	C0026838	0	2
DB00215	C0039841	0	4
DB00215	C0079731	0	4
DB00215	C0751122	0	0
DB00216	C0027430	0	1
DB00216	C0038018	0	1
DB00216	C0302280	0	0
DB00216	C0751967	0	2
DB00216	C0878787	0	2
DB00218	C0007134	0	4
DB00218	C0020459	0	0
DB00218	C0024419	0	1
DB00218	C0026961	0	0
DB00218	C0028754	0	4
DB00218	C0033774	0	1
DB00218	C0162429	0	0
DB00221	C1961099	0	2
DB00222	C0017668	0	0
DB00222	C0019087	0	2
DB00223	C0023480	0	1
DB00223	C0027796	0	0
DB00223	C0302280	0	4
DB00223	C0870082	0	4
DB00223	C1336708	0	1
DB00226	C0001206	0	4
DB00226	C0011884	0	3
DB00226	C0023449	0	2
DB00226	C0036920	0	0
DB00226	C0242488	0	1
DB00227	C0013595	0	4
DB00228	C0007785	0	0
DB00228	C0020649	0	3
DB00228	C0026987	0	3
DB00228	C0030569	0	2
DB00228	C0040156	0	0
DB00228	C1134719	0	2
DB00230	C0008149	0	1
DB00230	C0026896	0	2
DB00230	C0235480	0	4
DB00231	C0035854	0	3
DB00231	C0038013	0	2
DB00231	C0595948	0	4
DB00233	C0020757	0	1
DB00233	C0233315	0	4
DB00234	C0003128	0	2
DB00234	C0013264	0	0
DB00234	C0020452	0	4
DB00234	C0030297	0	4
DB00234	C0085669	0	0
DB00234	C0242698	0	3
DB00235	C0011882	0	3
DB00235	C0020757	0	2
DB00235	C0022665	0	0
DB00235	C0085631	0	1
DB00235	C0221260	0	0
DB00235	C0271578	0	2
DB00235	C0338908	0	1
DB00237	C0007786	0	1
DB00237	C0020452	0	4
DB00237	C0022596	0	0
DB00237	C0028949	0	0
DB00240	C0001618	0	4
DB00240	C0010308	0	4
DB00241	C0013238	0	0
DB00241	C0042870	0	4
DB00241	C0270736	0	4
DB00242	C0008350	0	1
DB00242	C0020635	0	3
DB00243	C0023869	0	4
DB00243	C0027697	0	1
DB00243	C0032463	0	4
DB00243	C0039240	0	3
DB00244	C0018213	0	1
DB00244	C0021775	0	0
DB00244	C2748055	0	0
DB00245	C0005587	0	1
DB00245	C0011633	0	4
DB00245	C0015456	0	1
DB00245	C0023267	0	3
DB00245	C0032285	0	0
DB00245	C0220989	0	1
DB00246	C0014356	0	0
DB00246	C0020437	0	3
DB00247	C0015503	0	3
DB00247	C0018794	0	0
DB00247	C0026764	0	0
DB00247	C0401151	0	1
DB00247	C0687150	0	2
DB00248	C0010068	0	0
DB00248	C0013415	0	0
DB00248	C0023434	0	1
DB00248	C0028738	0	0
DB00250	C0020459	0	1
DB00250	C0028326	0	3
DB00250	C0028768	0	4
DB00250	C0042514	0	0
DB00250	C0162820	0	2
DB00250	C0887833	0	3
DB00250	C1561643	0	1
DB00252	C0002170	0	3
DB00252	C0013274	0	1
DB00252	C0018418	0	2
DB00252	C0028768	0	4
DB00252	C0032019	0	4
DB00253	C0010200	0	1
DB00253	C0038525	0	0
DB00253	C0878787	0	1
DB00254	C0001126	0	4
DB00254	C0018995	0	0
DB00255	C2718128	0	3
DB00261	C0028949	0	2
DB00262	C0003578	0	4
DB00262	C0024117	0	4
DB00262	C0026948	0	1
DB00262	C0028949	0	3
DB00262	C0029401	0	1
DB00262	C0036421	0	4
DB00262	C0151686	0	3
DB00262	C0687150	0	4
DB00262	C2936781	0	4
DB00264	C0018621	0	1
DB00264	C0238198	0	1
DB00264	C0242698	0	4
DB00264	C0878544	0	0
DB00268	C0008311	0	0
DB00268	C0034885	0	2
DB00268	C0035078	0	4
DB00268	C0042963	0	1
DB00270	C0023052	0	3
DB00270	C0149931	0	3
DB00270	C0917801	0	0
DB00273	C0011875	0	1
DB00273	C0015397	0	0
DB00273	C0032000	0	4
DB00273	C0038358	0	2
DB00273	C0151526	0	3
DB00273	C0178416	0	4
DB00275	C0026764	0	1
DB00275	C0041582	0	0
DB00276	C0040136	0	0
DB00277	C0007134	0	3
DB00277	C0008489	0	2
DB00279	C0019151	0	2
DB00279	C0031117	0	2
DB00279	C0032460	0	3
DB00279	C0917805	0	0
DB00280	C0019202	0	2
DB00281	C0017152	0	1
DB00281	C0919267	0	1
DB00282	C0036983	0	0
DB00282	C4083212	0	4
DB00283	C0013415	0	3
DB00283	C0042133	0	1
DB00283	C0220983	0	2
DB00284	C0040156	0	3
DB00284	C0342543	0	2
DB00284	C0524909	0	0
DB00284	C2936781	0	2
DB00285	C0014121	0	3
DB00285	C0020445	0	3
DB00285	C0030193	0	3
DB00285	C0032580	0	2
DB00285	C0032914	0	4
DB00286	C0024031	0	1
DB00286	C0027424	0	1
DB00286	C0150055	0	4
DB00287	C0023518	0	0
DB00287	C0036323	0	1
DB00288	C0751434	0	4
DB00288	C1956346	0	4
DB00288	C2242472	0	4
DB00289	C0007785	0	3
DB00289	C0017605	0	1
DB00289	C0020651	0	3
DB00290	C0001627	0	2
DB00290	C0006413	0	1
DB00290	C0007820	0	2
DB00290	C0013274	0	4
DB00290	C0024899	0	1
DB00290	C0027498	0	3
DB00290	C0029408	0	1
DB00290	C0029442	0	2
DB00290	C0221023	0	4
DB00290	C0428974	0	4
DB00292	C0023052	0	2
DB00292	C0040038	0	1
DB00293	C0017601	0	4
DB00293	C0020517	0	3
DB00293	C0085606	0	3
DB00295	C0037763	0	0
DB00295	C0401151	0	4
DB00295	C0751362	0	1
DB00297	C0014121	0	2
DB00297	C0039103	0	0
DB00300	C0020428	0	0
DB00300	C0027498	0	0
DB00300	C0079584	0	1
DB00300	C1384606	0	3
DB00302	C0003868	0	1
DB00302	C0010072	0	3
DB00302	C0023440	0	0
DB00302	C0037769	0	2
DB00304	C0002871	0	1
DB00304	C0043202	0	0
DB00304	C1328407	0	2
DB00306	C0011875	0	4
DB00306	C0014869	0	0
DB00306	C0023472	0	0
DB00306	C0023892	0	2
DB00306	C0036690	0	3
DB00307	C0002395	0	1
DB00307	C0038525	0	1
DB00307	C0917798	0	4
DB00308	C0010930	0	0
DB00308	C0024586	0	4
DB00308	C0085610	0	0
DB00308	C0242488	0	4
DB00309	C0002170	0	4
DB00309	C0014742	0	0
DB00309	C0311375	0	2
DB00310	C0033860	0	0
DB00310	C0085159	0	1
DB00310	C1134719	0	1
DB00311	C0030319	0	1
DB00312	C0010691	0	0
DB00312	C0040034	0	1
DB00312	C0268483	0	3
DB00313	C0008149	0	1
DB00313	C0013604	0	4
DB00313	C0085413	0	1
DB00313	C0687720	0	1
DB00315	C0027498	0	4
DB00315	C0035220	0	3
DB00316	C0006271	0	4
DB00316	C0021670	0	0
DB00317	C0005424	0	3
DB00317	C0006142	0	4
DB00317	C0025874	0	3
DB00317	C0343755	0	1
DB00317	C3463824	0	1
DB00318	C0019880	0	3
DB00318	C0023487	0	4
DB00318	C0524620	0	4
DB00318	C0687720	0	1
DB00318	C0751122	0	3
DB00320	C0014868	0	2
DB00320	C0019156	0	3
DB00320	C0023434	0	4
DB00320	C0024591	0	1
DB00321	C0013386	0	1
DB00321	C0036421	0	1
DB00322	C0005684	0	2
DB00322	C0020517	0	4
DB00322	C0024305	0	2
DB00322	C0024473	0	2
DB00322	C0029191	0	1
DB00322	C0030446	0	3
DB00322	C0040997	0	1
DB00322	C0334579	0	2
DB00322	C0401151	0	2
DB00322	C0751362	0	4
DB00322	C1458155	0	0
DB00323	C0014869	0	4
DB00323	C0024115	0	3
DB00323	C0242698	0	4
DB00323	C0282528	0	0
DB00323	C1306889	0	3
DB00324	C0029434	0	3
DB00324	C0936215	0	2
DB00325	C0009404	0	3
DB00325	C0027661	0	1
DB00325	C0920350	0	4
DB00327	C0001122	0	2
DB00327	C0004238	0	2
DB00327	C0005779	0	2
DB00327	C0037286	0	2
DB00327	C1260899	0	3
DB00328	C0282193	0	0
DB00328	C4048328	0	4
DB00331	C0003811	0	3
DB00331	C2239176	0	3
DB00332	C0001957	0	4
DB00332	C0020598	0	3
DB00332	C0040822	0	2
DB00332	C1269683	0	1
DB00334	C0017601	0	0
DB00334	C0019618	0	1
DB00334	C0020676	0	2
DB00334	C0026896	0	3
DB00334	C0035335	0	0
DB00334	C0040034	0	3
DB00335	C0002792	0	3
DB00335	C0015371	0	3
DB00335	C0018021	0	2
DB00335	C0018794	0	3
DB00335	C0035220	0	2
DB00335	C0041582	0	0
DB00335	C0042963	0	4
DB00335	C0268483	0	1
DB00337	C0836924	0	4
DB00338	C0001627	0	3
DB00338	C0013182	0	0
DB00338	C0026961	0	3
DB00338	C0027051	0	1
DB00338	C0038220	0	1
DB00338	C0751435	0	0
DB00339	C0006287	0	4
DB00339	C0007137	0	3
DB00339	C0007570	0	0
DB00339	C0028754	0	2
DB00340	C0030807	0	0
DB00340	C1140680	0	0
DB00341	C0004238	0	2
DB00341	C0020615	0	2
DB00341	C0028326	0	3
DB00341	C0043515	0	2
DB00341	C0311277	0	2
DB00341	C0524909	0	2
DB00341	C1837475	0	4
DB00342	C0001627	0	2
DB00342	C0002888	0	2
DB00342	C0017181	0	2
DB00342	C0034065	0	2
DB00342	C0079774	0	4
DB00343	C0003873	0	2
DB00343	C0085413	0	1
DB00343	C0342907	0	1
DB00343	C0409818	0	4
DB00343	C0949116	0	1
DB00344	C0020474	0	0
DB00344	C0020544	0	4
DB00344	C0029463	0	1
DB00344	C1260899	0	0
DB00347	C0019087	0	4
DB00347	C0035335	0	1
DB00348	C0003811	0	0
DB00348	C0026709	0	0
DB00348	C0149821	0	1
DB00349	C0003873	0	1
DB00349	C0007642	0	0
DB00349	C0034013	0	1
DB00349	C0035222	0	0
DB00349	C0238052	0	2
DB00350	C0035229	0	2
DB00350	C0040015	0	4
DB00350	C0242488	0	3
DB00350	C1956346	0	3
DB00351	C0033581	0	3
DB00351	C0034885	0	2
DB00352	C0011875	0	2
DB00352	C0017638	0	4
DB00352	C0023434	0	2
DB00352	C0220756	0	2
DB00352	C0596263	0	3
DB00356	C0011616	0	2
DB00356	C0011860	0	3
DB00356	C0036920	0	1
DB00356	C1527304	0	3
DB00357	C0011848	0	2
DB00357	C0035457	0	3
DB00357	C0038220	0	0
DB00357	C0040034	0	2
DB00357	C0234974	0	0
DB00360	C0017605	0	3
DB00360	C0032768	0	3
DB00360	C0038358	0	1
DB00360	C0376545	0	2
DB00360	C0856727	0	4
DB00361	C0014836	0	2
DB00361	C0038379	0	3
DB00361	C0596263	0	0
DB00363	C0038013	0	2
DB00363	C0206686	0	1
DB00363	C0271093	0	0
DB00364	C0004245	0	0
DB00364	C0009319	0	1
DB00366	C0008311	0	1
DB00366	C0342881	0	3
DB00367	C0018021	0	0
DB00367	C0032000	0	0
DB00368	C0014859	0	4
DB00370	C0006287	0	0
DB00370	C0031485	0	1
DB00370	C0035854	0	1
DB00370	C0042900	0	2
DB00370	C0150055	0	2
DB00371	C0001957	0	1
DB00371	C0024138	0	0
DB00371	C0036508	0	4
DB00371	C0936215	0	1
DB00372	C0002171	0	3
DB00372	C0151686	0	2
DB00373	C0007570	0	2
DB00373	C0015397	0	1
DB00373	C0017531	0	3
DB00373	C0017605	0	4
DB00374	C0024031	0	2
DB00374	C0027686	0	2
DB00374	C0039483	0	3
DB00374	C0043202	0	3
DB00374	C1527304	0	1
DB00376	C0007138	0	0
DB00376	C0017601	0	0
DB00376	C0020456	0	1
DB00376	C0149958	0	2
DB00376	C0162834	0	4
DB00376	C0343065	0	4
DB00376	C0424489	0	0
DB00376	C0936215	0	4
DB00377	C0242488	0	3
DB00378	C0008350	0	0
DB00378	C0011884	0	0
DB00378	C0036220	0	2
DB00378	C0234533	0	4
DB00378	C0238198	0	2
DB00378	C1961099	0	1
DB00379	C0023052	0	2
DB00379	C0024143	0	1
DB00379	C0035078	0	3
DB00379	C0038356	0	4
DB00380	C0020459	0	4
DB00380	C0020538	0	3
DB00380	C0037930	0	3
DB00380	C0281361	0	2
DB00381	C0005586	0	3
DB00381	C0022575	0	0
DB00381	C0031190	0	4
DB00381	C0036341	0	4
DB00382	C0006114	0	0
DB00382	C0025289	0	2
DB00382	C0028326	0	0
DB00382	C0034734	0	3
DB00383	C0022568	0	4
DB00383	C0037299	0	4
DB00384	C0005741	0	3
DB00384	C0016412	0	0
DB00384	C0034067	0	1
DB00385	C0027497	0	3
DB00385	C0030567	0	1
DB00385	C0040015	0	1
DB00385	C0451641	0	3
DB00387	C0001126	0	1
DB00387	C0007138	0	2
DB00387	C0009806	0	2
DB00387	C0014175	0	1
DB00387	C0023449	0	0
DB00387	C0030569	0	4
DB00387	C0948089	0	1
DB00388	C0010930	0	3
DB00388	C0040028	0	3
DB00388	C0085417	0	3
DB00388	C0268390	0	1
DB00388	C1961835	0	2
DB00389	C0020540	0	3
DB00389	C0038356	0	4
DB00389	C0268579	0	2
DB00390	C0085631	0	1
DB00390	C0917805	0	1
DB00391	C0020443	0	4
DB00391	C0278996	0	0
DB00392	C0003868	0	0
DB00392	C0020445	0	4
DB00392	C0023479	0	4
DB00392	C0042029	0	1
DB00392	C0524909	0	3
DB00392	C0553580	0	3
DB00392	C0877792	0	0
DB00392	C1561643	0	2
DB00393	C0036202	0	2
DB00393	C0494475	0	3
DB00394	C0008311	0	0
DB00394	C0023518	0	4
DB00394	C0878773	0	2
DB00395	C0024586	0	1
DB00395	C0036980	0	0
DB00395	C0342907	0	0
DB00395	C0917798	0	2
DB00396	C0678222	0	0
DB00397	C0085606	0	0
DB00397	C0338908	0	2
DB00397	C0428974	0	3
DB00397	C1408258	0	3
DB00398	C0005699	0	0
DB00398	C0020540	0	0
DB00399	C0019080	0	0
DB00399	C0079773	0	0
DB00399	C0235480	0	1
DB00400	C0001883	0	3
DB00400	C0015230	0	2
DB00400	C0023052	0	4
DB00400	C0042109	0	0
DB00400	C0162836	0	1
DB00400	C0178416	0	4
DB00400	C0524909	0	0
DB00401	C0009404	0	2
DB00401	C2316212	0	4
DB00402	C0011644	0	3
DB00402	C0014534	0	1
DB00402	C0027498	0	2
DB00403	C0002962	0	1
DB00403	C0034069	0	4
DB00403	C0035412	0	4
DB00403	C0040997	0	1
DB00404	C0005586	0	3
DB00404	C0020433	0	3
DB00404	C1140680	0	0
DB00405	C0004364	0	4
DB00405	C0011882	0	0
DB00405	C0023443	0	3
DB00405	C0428974	0	3
DB00405	C0730345	0	0
DB00408	C0004364	0	0
DB00408	C0428974	0	0
DB00411	C0010691	0	3
DB00412	C0019156	0	3
DB00412	C0019880	0	2
DB00412	C0026948	0	4
DB00412	C0149704	0	4
DB00412	C0242973	0	0
DB00413	C0007642	0	2
DB00413	C0011334	0	2
DB00413	C0037763	0	3
DB00413	C0079774	0	4
DB00414	C0002994	0	1
DB00414	C0011615	0	1
DB00414	C0019880	0	0
DB00414	C0026705	0	1
DB00414	C0033375	0	1
DB00414	C0242422	0	4
DB00415	C0007570	0	3
DB00415	C0013604	0	1
DB00415	C0020649	0	1
DB00415	C0596263	0	3
DB00415	C2930898	0	4
DB00417	C0023473	0	1
DB00417	C0035457	0	0
DB00418	C0015469	0	1
DB00419	C0001973	0	3
DB00419	C0005424	0	4
DB00419	C0011882	0	2
DB00419	C0017574	0	1
DB00419	C0019069	0	4
DB00419	C0751967	0	4
DB00420	C0001430	0	3
DB00420	C0085417	0	3
DB00420	C0268070	0	1
DB00420	C0877792	0	3
DB00421	C0024141	0	3
DB00421	C0029882	0	0
DB00421	C0349464	0	0
DB00422	C1328407	0	3
DB00423	C0016470	0	3
DB00423	C0019618	0	0
DB00423	C0401151	0	3
DB00424	C0017601	0	4
DB00424	C0022595	0	1
DB00424	C0026961	0	4
DB00424	C0034013	0	3
DB00424	C0220989	0	3
DB00424	C0919267	0	4
DB00425	C0281361	0	0
DB00427	C0010691	0	1
DB00427	C0015624	0	2
DB00427	C0751122	0	1
DB00428	C0006118	0	4
DB00428	C0007789	0	1
DB00428	C0031069	0	4
DB00428	C0259817	0	3
DB00429	C0020621	0	2
DB00429	C0026896	0	1
DB00429	C0037299	0	1
DB00432	C0009375	0	1
DB00432	C0018213	0	0
DB00432	C0020557	0	3
DB00433	C0917798	0	2
DB00434	C0000786	0	2
DB00434	C0041408	0	1
DB00434	C0154143	0	2
DB00435	C0002390	0	0
DB00435	C0004239	0	1
DB00435	C0043202	0	0
DB00435	C1540912	0	3
DB00436	C0004604	0	2
DB00436	C0007137	0	4
DB00436	C0020479	0	2
DB00436	C0025637	0	2
DB00436	C0428974	0	3
DB00436	C0878773	0	4
DB00436	C2316810	0	0
DB00437	C0006114	0	0
DB00437	C0023437	0	3
DB00437	C0032580	0	3
DB00437	C0032768	0	4
DB00437	C0041408	0	1
DB00440	C0020615	0	1
DB00440	C0036421	0	2
DB00441	C0009319	0	1
DB00441	C0030305	0	4
DB00441	C0037930	0	1
DB00441	C1527311	0	1
DB00443	C0023487	0	4
DB00443	C0271093	0	3
DB00443	C1621958	0	4
DB00443	C2937421	0	4
DB00444	C0005699	0	0
DB00445	C0011860	0	4
DB00445	C0015371	0	1
DB00445	C0027708	0	3
DB00445	C0085682	0	1
DB00445	C0687720	0	1
DB00446	C0019243	0	0
DB00446	C0021359	0	1
DB00446	C0271578	0	4
DB00446	C0746102	0	1
DB00446	C0751434	0	2
DB00448	C0008350	0	1
DB00448	C0024299	0	4
DB00448	C0206682	0	2
DB00448	C1384600	0	0
DB00448	C3495559	0	1
DB00449	C0013264	0	4
DB00449	C0014869	0	2
DB00449	C0028326	0	0
DB00449	C0041408	0	2
DB00449	C0687150	0	0
DB00450	C0008533	0	3
DB00450	C0013238	0	0
DB00450	C0026848	0	0
DB00450	C0027697	0	3
DB00450	C0033860	0	3
DB00450	C0085159	0	2
DB00451	C0004239	0	3
DB00451	C0034885	0	1
DB00451	C0398775	0	2
DB00452	C0022876	0	2
DB00452	C0037763	0	3
DB00454	C0023479	0	2
DB00454	C0032019	0	0
DB00454	C0033774	0	3
DB00454	C0037188	0	1
DB00454	C0037199	0	2
DB00454	C0751362	0	2
DB00455	C0014170	0	4
DB00455	C0020621	0	4
DB00455	C0023418	0	0
DB00455	C0027404	0	3
DB00455	C2931618	0	0
DB00457	C0004238	0	4
DB00457	C0035228	0	4
DB00458	C0524909	0	2
DB00458	C0917798	0	1
DB00458	C1621958	0	4
DB00459	C0013405	0	4
DB00459	C0020502	0	1
DB00459	C0030807	0	4
DB00459	C0238462	0	4
DB00459	C0342881	0	4
DB00461	C0010068	0	0
DB00461	C0026764	0	2
DB00461	C0026896	0	1
DB00461	C0028768	0	2
DB00461	C0036983	0	1
DB00461	C0342527	0	4
DB00461	C1621958	0	1
DB00462	C0000737	0	2
DB00462	C0007102	0	2
DB00462	C0017668	0	0
DB00462	C0032027	0	0
DB00462	C0042164	0	2
DB00462	C0221023	0	3
DB00462	C1260899	0	0
DB00462	C1704436	0	4
DB00463	C0003123	0	2
DB00463	C0035078	0	1
DB00463	C0546817	0	4
DB00464	C0006267	0	3
DB00464	C0021141	0	3
DB00464	C0699791	0	3
DB00464	C1384606	0	1
DB00467	C0001122	0	1
DB00467	C0004096	0	0
DB00467	C0005684	0	0
DB00467	C0085605	0	1
DB00467	C0149931	0	2
DB00469	C0012739	0	4
DB00469	C0085215	0	3
DB00470	C0002418	0	1
DB00470	C0011991	0	3
DB00470	C0038325	0	2
DB00470	C0268070	0	0
DB00471	C0014742	0	2
DB00471	C0026998	0	3
DB00471	C0079774	0	2
DB00471	C0262584	0	3
DB00472	C0020676	0	4
DB00472	C0040136	0	1
DB00472	C0149925	0	3
DB00472	C0234974	0	1
DB00475	C0007134	0	1
DB00475	C0041408	0	0
DB00475	C0268070	0	4
DB00475	C0919267	0	2
DB00476	C0878773	0	3
DB00476	C1540912	0	4
DB00476	C1961099	0	1
DB00477	C0221260	0	3
DB00480	C0003492	0	0
DB00481	C0014534	0	2
DB00481	C0017168	0	3
DB00481	C0034150	0	3
DB00481	C0036920	0	0
DB00481	C0042880	0	4
DB00482	C0015967	0	3
DB00482	C0030193	0	3
DB00482	C0151744	0	3
DB00484	C0002894	0	1
DB00484	C0020540	0	1
DB00484	C0162834	0	0
DB00489	C0003492	0	1
DB00489	C0038325	0	1
DB00489	C0042847	0	2
DB00491	C0010054	0	2
DB00491	C0018203	0	1
DB00491	C0220983	0	3
DB00491	C0235480	0	4
DB00491	C0238463	0	0
DB00492	C0011633	0	2
DB00492	C0017181	0	1
DB00492	C0027121	0	1
DB00492	C0037036	0	0
DB00492	C0162565	0	3
DB00492	C0409818	0	4
DB00493	C0013604	0	4
DB00493	C0019202	0	3
DB00494	C0030590	0	2
DB00494	C0042875	0	0
DB00496	C0023052	0	0
DB00496	C0029927	0	3
DB00496	C0042909	0	0
DB00496	C0149925	0	3
DB00496	C0342731	0	2
DB00496	C0949116	0	4
DB00497	C0028840	0	0
DB00497	C0035854	0	0
DB00498	C1704436	0	4
DB00499	C0042024	0	4
DB00499	C0238111	0	2
DB00500	C0003123	0	4
DB00500	C0021361	0	1
DB00500	C0027497	0	0
DB00500	C0034012	0	3
DB00500	C0079773	0	1
DB00500	C0398650	0	1
DB00500	C1134719	0	1
DB00501	C0001883	0	1
DB00501	C0009404	0	3
DB00501	C0018798	0	0
DB00501	C0020507	0	1
DB00501	C0022575	0	0
DB00501	C0023267	0	2
DB00501	C1527304	0	2
DB00502	C0002395	0	4
DB00502	C0002874	0	3
DB00502	C0023052	0	3
DB00502	C0039841	0	4
DB00502	C0282528	0	0
DB00502	C0494475	0	2
DB00503	C0014544	0	3
DB00503	C0029456	0	0
DB00503	C0030319	0	2
DB00503	C0042373	0	2
DB00503	C0042571	0	1
DB00503	C1328407	0	0
DB00504	C0010417	0	4
DB00505	C0015944	0	1
DB00508	C0004114	0	1
DB00508	C0036920	0	0
DB00508	C0151744	0	0
DB00508	C0949116	0	0
DB00509	C0011881	0	4
DB00509	C0028326	0	4
DB00509	C2930898	0	3
DB00511	C0026961	0	1
DB00511	C0282193	0	1
DB00511	C0751967	0	0
DB00511	C0948089	0	1
DB00511	C4048328	0	1
DB00513	C0003123	0	1
DB00514	C0002736	0	0
DB00514	C0027686	0	3
DB00514	C0221023	0	1
DB00514	C0878773	0	0
DB00515	C0004153	0	4
DB00515	C0017601	0	4
DB00517	C0010043	0	2
DB00517	C0013338	0	4
DB00517	C0271093	0	4
DB00517	C1540912	0	3
DB00519	C0002395	0	3
DB00521	C0005699	0	4
DB00521	C0030920	0	2
DB00521	C0036830	0	3
DB00521	C0282193	0	2
DB00523	C0001957	0	1
DB00523	C0032019	0	4
DB00523	C0038013	0	4
DB00523	C0235480	0	0
DB00523	C0847614	0	3
DB00524	C0014583	0	0
DB00524	C0085605	0	3
DB00527	C0020619	0	2
DB00527	C0023267	0	2
DB00527	C0031485	0	0
DB00527	C0042510	0	0
DB00527	C0268583	0	3
DB00528	C0009404	0	1
DB00528	C0023448	0	4
DB00528	C0040015	0	2
DB00530	C0002875	0	3
DB00530	C0005699	0	2
DB00530	C0013386	0	1
DB00530	C0042880	0	1
DB00530	C1800706	0	2
DB00531	C0005741	0	0
DB00531	C0013384	0	4
DB00531	C0346421	0	3
DB00532	C0001126	0	3
DB00532	C0005586	0	0
DB00532	C0030567	0	4
DB00532	C0870082	0	4
DB00533	C0010930	0	2
DB00533	C0012739	0	3
DB00533	C0015967	0	2
DB00533	C0021603	0	4
DB00533	C0022104	0	1
DB00533	C0024299	0	1
DB00533	C0948008	0	2
DB00535	C0020476	0	2
DB00535	C0042023	0	1
DB00535	C0206245	0	0
DB00537	C0002390	0	4
DB00537	C0002395	0	1
DB00537	C0004153	0	0
DB00537	C0007137	0	0
DB00537	C0151721	0	0
DB00539	C0007134	0	4
DB00539	C0021141	0	3
DB00540	C0008325	0	1
DB00540	C0018273	0	3
DB00540	C0020651	0	1
DB00540	C0030578	0	1
DB00541	C0002880	0	3
DB00541	C0018834	0	4
DB00541	C0020443	0	4
DB00541	C0205768	0	4
DB00541	C0398650	0	4
DB00542	C0011606	0	0
DB00542	C0021308	0	3
DB00542	C0023418	0	1
DB00542	C0178416	0	2
DB00542	C2718128	0	4
DB00543	C0002453	0	2
DB00543	C0018834	0	2
DB00543	C0028949	0	3
DB00544	C0000744	0	2
DB00544	C0010068	0	1
DB00544	C0021775	0	1
DB00544	C0948480	0	4
DB00545	C0022104	0	1
DB00545	C0023487	0	4
DB00546	C0002965	0	1
DB00547	C0085681	0	1
DB00548	C0034067	0	1
DB00549	C0013274	0	3
DB00549	C0015503	0	1
DB00549	C0043459	0	0
DB00550	C0009763	0	2
DB00550	C0020523	0	4
DB00550	C0232940	0	2
DB00551	C0026650	0	3
DB00551	C0034067	0	3
DB00552	C0022573	0	1
DB00552	C0033774	0	1
DB00553	C0029191	0	4
DB00553	C0451641	0	4
DB00554	C0162316	0	3
DB00555	C0013295	0	2
DB00555	C0020615	0	1
DB00555	C0027627	0	2
DB00555	C0034186	0	0
DB00555	C0038018	0	2
DB00555	C0151744	0	2
DB00557	C0003811	0	3
DB00557	C0008311	0	0
DB00557	C0015456	0	3
DB00557	C0019151	0	3
DB00557	C0236964	0	2
DB00557	C1961099	0	1
DB00557	C3495559	0	0
DB00559	C0010930	0	3
DB00559	C0026998	0	1
DB00559	C0220994	0	2
DB00559	C1306889	0	3
DB00561	C0024143	0	1
DB00561	C0040015	0	3
DB00562	C0004775	0	4
DB00562	C0017638	0	4
DB00562	C1540912	0	4
DB00563	C2316212	0	1
DB00564	C0007785	0	2
DB00564	C0014038	0	1
DB00564	C0025294	0	0
DB00564	C0032463	0	0
DB00564	C0034013	0	1
DB00564	C0037763	0	0
DB00564	C0042029	0	1
DB00568	C0011884	0	4
DB00568	C0019829	0	3
DB00568	C0040053	0	1
DB00568	C0085215	0	0
DB00569	C0011881	0	1
DB00569	C0206245	0	3
DB00570	C0015672	0	4
DB00570	C0020544	0	2
DB00570	C0029927	0	3
DB00571	C0020757	0	3
DB00571	C0029463	0	3
DB00571	C0878544	0	1
DB00572	C0022573	0	2
DB00572	C0270851	0	0
DB00573	C0011884	0	0
DB00574	C0015624	0	3
DB00574	C0040822	0	3
DB00574	C0042345	0	3
DB00574	C0494475	0	3
DB00575	C0020437	0	4
DB00575	C0020635	0	3
DB00575	C0282488	0	4
DB00579	C0005695	0	2
DB00580	C0020546	0	1
DB00580	C0040015	0	3
DB00580	C0151723	0	1
DB00580	C2267227	0	3
DB00583	C0020676	0	3
DB00583	C0043459	0	3
DB00583	C0342527	0	4
DB00583	C1527311	0	3
DB00584	C0004096	0	4
DB00584	C0022593	0	0
DB00585	C0085606	0	3
DB00586	C0023827	0	3
DB00586	C0242973	0	1
DB00587	C0036341	0	2
DB00588	C0020456	0	2
DB00588	C0024437	0	4
DB00588	C0032460	0	2
DB00588	C0878544	0	0
DB00589	C0014121	0	3
DB00589	C0282528	0	2
DB00589	C0847614	0	3
DB00590	C0027404	0	3
DB00590	C0030569	0	4
DB00590	C0034150	0	4
DB00590	C0494475	0	2
DB00590	C0948896	0	4
DB00591	C0015397	0	4
DB00591	C0079774	0	2
DB00591	C0700201	0	2
DB00591	C0948896	0	3
DB00593	C0015624	0	4
DB00593	C0017563	0	3
DB00593	C0042035	0	0
DB00593	C2607914	0	4
DB00594	C0001623	0	2
DB00594	C0025149	0	1
DB00594	C0085681	0	0
DB00594	C0451641	0	1
DB00596	C0242973	0	0
DB00598	C0038362	0	4
DB00598	C0268579	0	0
DB00599	C0007786	0	0
DB00599	C0039103	0	4
DB00600	C0005587	0	2
DB00600	C0021359	0	3
DB00600	C0024141	0	2
DB00600	C0038356	0	4
DB00601	C0033117	0	0
DB00601	C0038379	0	4
DB00603	C0023479	0	4
DB00603	C0027022	0	3
DB00603	C0031190	0	1
DB00604	C0013386	0	0
DB00604	C0020676	0	1
DB00604	C0034067	0	2
DB00605	C0040028	0	3
DB00605	C0162429	0	4
DB00606	C0033581	0	3
DB00607	C0032914	0	4
DB00607	C0036323	0	4
DB00607	C0149745	0	0
DB00607	C0473527	0	0
DB00608	C0004775	0	3
DB00610	C0011849	0	2
DB00610	C0013421	0	2
DB00610	C0085610	0	0
DB00611	C0038358	0	3
DB00611	C0162627	0	0
DB00611	C0877792	0	1
DB00612	C0002893	0	4
DB00612	C0233315	0	2
DB00612	C0920350	0	3
DB00615	C0011884	0	0
DB00615	C0020598	0	1
DB00615	C0029463	0	2
DB00615	C0035078	0	0
DB00615	C0085580	0	1
DB00617	C0011881	0	4
DB00617	C0015371	0	3
DB00619	C0005586	0	3
DB00619	C0006114	0	1
DB00619	C0021655	0	4
DB00619	C0033117	0	2
DB00619	C0036920	0	4
DB00620	C0013405	0	0
DB00620	C0018671	0	0
DB00620	C0030193	0	1
DB00620	C0162836	0	0
DB00621	C0238462	0	2
DB00621	C0238463	0	2
DB00621	C0751435	0	2
DB00622	C0018203	0	2
DB00622	C0031511	0	2
DB00622	C3495559	0	2
DB00623	C0011644	0	4
DB00623	C0334579	0	0
DB00623	C0751435	0	0
DB00624	C0000809	0	4
DB00624	C0034013	0	2
DB00624	C0039685	0	0
DB00626	C0011991	0	2
DB00626	C0268596	0	0
DB00627	C0036830	0	3
DB00627	C0270851	0	0
DB00628	C0002875	0	3
DB00628	C0002880	0	0
DB00628	C0023449	0	3
DB00628	C0238463	0	2
DB00628	C0242339	0	1
DB00628	C0451641	0	1
DB00628	C0751435	0	0
DB00629	C0010072	0	4
DB00629	C0042024	0	0
DB00629	C2316212	0	2
DB00630	C0023448	0	3
DB00630	C0024419	0	3
DB00630	C0221765	0	2
DB00630	C0276535	0	0
DB00631	C0220710	0	4
DB00631	C0234974	0	1
DB00631	C0276226	0	2
DB00631	C1269683	0	0
DB00635	C0020546	0	2
DB00635	C0040028	0	3
DB00635	C2316810	0	2
DB00636	C0022650	0	4
DB00636	C0836924	0	3
DB00637	C0025500	0	4
DB00637	C0751967	0	0
DB00640	C0011860	0	1
DB00640	C0018798	0	2
DB00640	C0020502	0	2
DB00641	C0018801	0	3
DB00641	C0023212	0	4
DB00641	C0751362	0	2
DB00642	C0007194	0	4
DB00642	C0027498	0	1
DB00642	C2937421	0	4
DB00643	C0017531	0	3
DB00643	C0020445	0	3
DB00643	C1961835	0	2
DB00644	C0007137	0	3
DB00644	C0018021	0	0
DB00644	C0020445	0	2
DB00644	C0027121	0	2
DB00644	C0033375	0	0
DB00644	C1960397	0	0
DB00645	C0006267	0	3
DB00645	C0030297	0	0
DB00645	C0155862	0	0
DB00647	C0151636	0	4
DB00648	C0034065	0	4
DB00648	C1837475	0	0
DB00650	C0018801	0	2
DB00651	C0019069	0	1
DB00651	C0040034	0	2
DB00651	C0041582	0	2
DB00652	C0004238	0	2
DB00652	C0007570	0	4
DB00652	C0014038	0	1
DB00652	C0023434	0	0
DB00652	C0028738	0	2
DB00652	C0038358	0	2
DB00653	C0005967	0	2
DB00653	C0023480	0	2
DB00654	C0006118	0	1
DB00654	C0017168	0	2
DB00654	C0024586	0	3
DB00655	C0031154	0	2
DB00655	C0041408	0	1
DB00655	C3463824	0	2
DB00656	C0008350	0	0
DB00656	C0017638	0	2
DB00656	C0035412	0	0
DB00656	C0221032	0	1
DB00656	C0238463	0	1
DB00656	C0268490	0	1
DB00657	C0006287	0	2
DB00657	C0031511	0	2
DB00657	C0524909	0	3
DB00659	C0015944	0	3
DB00659	C0022116	0	2
DB00659	C0027662	0	4
DB00659	C0035854	0	1
DB00659	C0042880	0	2
DB00661	C0010054	0	1
DB00661	C0014583	0	0
DB00661	C0038160	0	4
DB00661	C2267227	0	2
DB00662	C0014173	0	0
DB00662	C0014474	0	4
DB00662	C0021603	0	2
DB00662	C1561643	0	3
DB00663	C0017638	0	4
DB00663	C0027430	0	2
DB00665	C0004096	0	0
DB00665	C0008149	0	0
DB00665	C0022573	0	2
DB00665	C0032914	0	0
DB00666	C0024437	0	0
DB00666	C0030569	0	4
DB00666	C0149745	0	0
DB00666	C0151723	0	0
DB00668	C0004775	0	4
DB00668	C0020540	0	0
DB00668	C0030569	0	2
DB00668	C0206245	0	3
DB00669	C0014733	0	1
DB00669	C0022661	0	1
DB00669	C0023448	0	0
DB00669	C0085159	0	2
DB00669	C0238463	0	1
DB00669	C2316212	0	1
DB00670	C0004775	0	4
DB00670	C0020474	0	3
DB00670	C0039841	0	1
DB00672	C0014583	0	0
DB00672	C1142132	0	0
DB00673	C0004604	0	0
DB00673	C0007117	0	2
DB00673	C0079584	0	2
DB00673	C0342543	0	2
DB00674	C0018213	0	3
DB00674	C0018802	0	2
DB00674	C0023487	0	2
DB00674	C0079774	0	0
DB00675	C0524620	0	4
DB00675	C1261473	0	2
DB00677	C0020473	0	3
DB00677	C0026948	0	1
DB00677	C0035222	0	1
DB00677	C0038358	0	4
DB00677	C0700201	0	3
DB00678	C0004114	0	3
DB00678	C0005967	0	4
DB00678	C0017205	0	4
DB00678	C0023472	0	3
DB00678	C0035078	0	4
DB00679	C0008533	0	2
DB00679	C0085159	0	3
DB00679	C1458155	0	0
DB00680	C0022638	0	4
DB00682	C0039685	0	0
DB00682	C0042510	0	1
DB00683	C0003872	0	4
DB00683	C0007137	0	4
DB00683	C0020445	0	2
DB00683	C0026838	0	0
DB00685	C0014553	0	2
DB00685	C0035585	0	1
DB00685	C0751362	0	1
DB00685	C2267227	0	2
DB00686	C0013390	0	4
DB00686	C0013404	0	0
DB00686	C0042024	0	0
DB00686	C1849508	0	4
DB00686	C2718128	0	0
DB00687	C0038013	0	2
DB00687	C0040028	0	0
DB00687	C0268543	0	1
DB00688	C0020626	0	0
DB00688	C0451641	0	1
DB00688	C0948008	0	0
DB00690	C0020445	0	4
DB00690	C0031099	0	1
DB00690	C0524909	0	3
DB00691	C0017168	0	0
DB00692	C0009324	0	1
DB00692	C0018802	0	0
DB00692	C0405580	0	4
DB00694	C0020544	0	2
DB00694	C0021359	0	2
DB00694	C0026838	0	2
DB00694	C0030319	0	1
DB00694	C0262584	0	2
DB00695	C0015944	0	0
DB00695	C0018834	0	0
DB00695	C0036421	0	1
DB00695	C0040053	0	0
DB00695	C0085096	0	1
DB00696	C0002962	0	3
DB00696	C0221023	0	3
DB00697	C0006142	0	4
DB00697	C0010072	0	4
DB00697	C0014175	0	2
DB00697	C0019087	0	4
DB00697	C0039685	0	3
DB00697	C0178416	0	0
DB00697	C0270458	0	0
DB00699	C0002874	0	2
DB00699	C0004238	0	1
DB00699	C0342881	0	0
DB00699	C3495559	0	0
DB00700	C0013274	0	4
DB00700	C0036983	0	4
DB00700	C0043515	0	4
DB00700	C0278996	0	2
DB00700	C0282193	0	1
DB00703	C0019069	0	4
DB00703	C0220710	0	4
DB00704	C0015967	0	0
DB00704	C0027022	0	0
DB00704	C0042963	0	4
DB00704	C0751674	0	2
DB00706	C0007095	0	2
DB00706	C0018621	0	2
DB00706	C0023467	0	1
DB00706	C0156404	0	4
DB00707	C0016057	0	0
DB00707	C0036220	0	2
DB00710	C0003128	0	0
DB00710	C0003862	0	2
DB00710	C0021775	0	2
DB00710	C0025149	0	3
DB00712	C0020514	0	2
DB00712	C0022650	0	4
DB00712	C0038356	0	4
DB00712	C0836924	0	0
DB00713	C0025323	0	4
DB00713	C0034150	0	4
DB00713	C0035854	0	3
DB00713	C0162565	0	0
DB00714	C0036202	0	2
DB00714	C0087012	0	0
DB00714	C1561643	0	2
DB00714	C3495559	0	0
DB00715	C0001126	0	1
DB00715	C0014859	0	1
DB00715	C0017563	0	4
DB00715	C0242698	0	1
DB00715	C0270458	0	0
DB00716	C0014550	0	4
DB00716	C0021364	0	0
DB00716	C0022573	0	2
DB00716	C0949116	0	4
DB00716	C1142132	0	0
DB00717	C0004096	0	2
DB00717	C0017152	0	2
DB00717	C0238052	0	1
DB00717	C0948896	0	2
DB00717	C2930898	0	2
DB00719	C0334634	0	3
DB00719	C0836924	0	4
DB00720	C0001957	0	0
DB00720	C0036421	0	2
DB00720	C0497327	0	2
DB00722	C0027686	0	3
DB00722	C0948008	0	4
DB00723	C0005697	0	3
DB00723	C0024138	0	2
DB00723	C0026650	0	0
DB00723	C0026998	0	3
DB00723	C2936781	0	1
DB00724	C0018794	0	0
DB00724	C0847614	0	3
DB00725	C0008677	0	3
DB00726	C0014173	0	1
DB00726	C0030567	0	1
DB00726	C0040156	0	1
DB00726	C0220989	0	4
DB00727	C0013384	0	2
DB00727	C0013428	0	1
DB00727	C0018916	0	0
DB00727	C0027404	0	4
DB00727	C4083212	0	0
DB00729	C0010346	0	3
DB00729	C0014583	0	0
DB00729	C0026838	0	0
DB00729	C0042164	0	0
DB00729	C0087012	0	0
DB00729	C0398623	0	3
DB00731	C0009324	0	1
DB00731	C0014742	0	2
DB00731	C0014859	0	2
DB00731	C0023267	0	2
DB00731	C0025289	0	2
DB00733	C0025323	0	4
DB00733	C0242698	0	4
DB00733	C1394891	0	1
DB00734	C0018213	0	2
DB00734	C0019156	0	3
DB00734	C0085682	0	2
DB00734	C0376545	0	4
DB00734	C1263846	0	0
DB00737	C0006413	0	2
DB00737	C0018794	0	4
DB00737	C0019202	0	0
DB00737	C0040053	0	3
DB00737	C0428977	0	4
DB00738	C0032580	0	0
DB00738	C0038018	0	1
DB00738	C0042133	0	0
DB00740	C0038358	0	1
DB00740	C0039841	0	0
DB00740	C0085682	0	2
DB00741	C0011644	0	1
DB00741	C0042023	0	2
DB00741	C0268483	0	1
DB00741	C0595948	0	2
DB00741	C1527311	0	4
DB00744	C0007642	0	4
DB00744	C0014859	0	1
DB00744	C0024117	0	4
DB00744	C0024141	0	0
DB00744	C0040479	0	2
DB00744	C0242350	0	1
DB00745	C0003873	0	0
DB00745	C0011849	0	1
DB00745	C0017605	0	3
DB00745	C0268483	0	3
DB00745	C1408258	0	2
DB00746	C0013144	0	3
DB00746	C0026948	0	1
DB00747	C0041408	0	1
DB00747	C1269683	0	4
DB00747	C1275126	0	3
DB00748	C0021308	0	4
DB00748	C0023481	0	0
DB00748	C0154143	0	2
DB00748	C0870082	0	3
DB00748	C1134719	0	0
DB00748	C1961099	0	1
DB00749	C0013390	0	0
DB00749	C0152020	0	4
DB00751	C0005694	0	2
DB00751	C0013415	0	4
DB00751	C1263846	0	0
DB00752	C0027051	0	4
DB00752	C0037199	0	3
DB00752	C0079584	0	2
DB00752	C0699791	0	0
DB00754	C0022573	0	0
DB00754	C0026948	0	2
DB00754	C0029927	0	0
DB00755	C0005283	0	1
DB00755	C0011603	0	2
DB00755	C0029463	0	4
DB00755	C0035412	0	1
DB00755	C0085605	0	1
DB00755	C0150055	0	4
DB00757	C0008533	0	4
DB00757	C0017531	0	1
DB00757	C0029927	0	3
DB00757	C0206686	0	4
DB00757	C0346421	0	1
DB00757	C2242472	0	1
DB00758	C0020544	0	2
DB00759	C0022638	0	4
DB00759	C0040053	0	2
DB00761	C0004239	0	3
DB00761	C0006271	0	0
DB00761	C0012833	0	1
DB00761	C0032987	0	4
DB00761	C0043515	0	1
DB00761	C0268543	0	1
DB00762	C0021051	0	0
DB00762	C0023892	0	2
DB00762	C0027661	0	1
DB00763	C0032897	0	0
DB00763	C0038018	0	4
DB00763	C0042510	0	0
DB00763	C0376358	0	1
DB00764	C0011881	0	1
DB00764	C0014335	0	0
DB00764	C0023892	0	1
DB00764	C0025500	0	1
DB00764	C0033774	0	4
DB00764	C0079584	0	2
DB00765	C0018213	0	1
DB00765	C0151714	0	4
DB00765	C0392784	0	1
DB00768	C0010200	0	3
DB00768	C0017638	0	0
DB00768	C0021359	0	0
DB00768	C0028840	0	0
DB00770	C0003868	0	2
DB00771	C0023481	0	3
DB00771	C0032580	0	0
DB00771	C0037036	0	2
DB00771	C0235063	0	1
DB00773	C0020433	0	2
DB00773	C0220710	0	3
DB00773	C1527304	0	0
DB00774	C0029401	0	2
DB00774	C2931618	0	3
DB00775	C0030590	0	1
DB00775	C0040034	0	4
DB00775	C0042870	0	1
DB00775	C0042900	0	1
DB00775	C0085682	0	1
DB00775	C1260899	0	3
DB00775	C1336708	0	3
DB00776	C0003864	0	2
DB00776	C0004239	0	1
DB00776	C0018834	0	1
DB00776	C0025323	0	2
DB00776	C0041341	0	0
DB00776	C0546817	0	3
DB00777	C0020514	0	3
DB00777	C0238111	0	2
DB00777	C0242973	0	2
DB00780	C0007117	0	2
DB00780	C0238198	0	0
DB00780	C0268070	0	1
DB00782	C0004114	0	3
DB00782	C0014869	0	0
DB00782	C0016470	0	3
DB00782	C0020473	0	0
DB00782	C0034012	0	3
DB00782	C0342907	0	3
DB00782	C2718128	0	3
DB00783	C0034885	0	1
DB00783	C0085413	0	2
DB00783	C0270851	0	1
DB00784	C0013295	0	0
DB00784	C0024591	0	2
DB00784	C0042900	0	1
DB00784	C0042963	0	2
DB00787	C0002962	0	0
DB00787	C0027498	0	2
DB00787	C0035220	0	2
DB00787	C0040479	0	1
DB00788	C0007786	0	4
DB00788	C0018802	0	1
DB00788	C0033117	0	3
DB00790	C0011881	0	3
DB00792	C0004775	0	2
DB00792	C0018021	0	1
DB00792	C0020619	0	3
DB00792	C0151686	0	2
DB00792	C0836924	0	4
DB00794	C0003868	0	1
DB00794	C0022116	0	4
DB00794	C0026948	0	3
DB00794	C0037286	0	1
DB00794	C0948216	0	1
DB00795	C0002894	0	3
DB00795	C0017160	0	2
DB00795	C0152020	0	2
DB00795	C1306889	0	0
DB00796	C0022354	0	1
DB00796	C1261473	0	1
DB00797	C0002871	0	1
DB00797	C0008350	0	2
DB00797	C0020523	0	0
DB00797	C0027686	0	0
DB00797	C0392784	0	4
DB00798	C0007134	0	2
DB00798	C0018213	0	1
DB00798	C0034065	0	3
DB00798	C0085413	0	4
DB00798	C0278996	0	4
DB00799	C0020473	0	3
DB00799	C0030319	0	2
DB00800	C0024305	0	3
DB00800	C0034013	0	2
DB00800	C0151636	0	1
DB00800	C0162565	0	3
DB00800	C0282488	0	1
DB00800	C0559106	0	0
DB00801	C0002880	0	3
DB00801	C0007117	0	1
DB00801	C0013604	0	1
DB00801	C0017638	0	3
DB00801	C0205768	0	4
DB00801	C0238462	0	2
DB00804	C0014877	0	1
DB00804	C0030848	0	1
DB00805	C0019151	0	1
DB00805	C0034734	0	3
DB00805	C0042023	0	0
DB00806	C0302280	0	4
DB00806	C0428974	0	2
DB00808	C0017668	0	3
DB00808	C0038358	0	2
DB00809	C0031099	0	0
DB00810	C0001957	0	1
DB00810	C0032460	0	4
DB00810	C0151723	0	3
DB00810	C0456909	0	4
DB00810	C0751967	0	3
DB00811	C0268543	0	4
DB00811	C0271093	0	0
DB00811	C0401151	0	0
DB00811	C1140680	0	4
DB00812	C0006114	0	0
DB00812	C0012739	0	2
DB00812	C0014175	0	0
DB00812	C0014544	0	2
DB00812	C0032463	0	0
DB00812	C0220983	0	3
DB00812	C0398650	0	4
DB00812	C1849508	0	1
DB00813	C0003467	0	2
DB00813	C0242422	0	1
DB00814	C0003578	0	3
DB00814	C0010043	0	1
DB00814	C0021603	0	2
DB00814	C0236663	0	0
DB00814	C1527304	0	1
DB00816	C0003850	0	2
DB00816	C0022568	0	3
DB00818	C0025323	0	1
DB00818	C0031117	0	3
DB00818	C0271568	0	2
DB00818	C0334634	0	4
DB00819	C0027726	0	2
DB00819	C0031154	0	4
DB00819	C0424489	0	2
DB00820	C0007095	0	0
DB00820	C0038454	0	2
DB00820	C0079731	0	2
DB00820	C2718128	0	1
DB00821	C0033860	0	1
DB00821	C0346421	0	0
DB00822	C0021364	0	3
DB00822	C0151686	0	2
DB00822	C0241961	0	1
DB00823	C0017205	0	2
DB00823	C0025322	0	1
DB00823	C0542346	0	0
DB00824	C0008311	0	3
DB00824	C0023448	0	1
DB00824	C0268490	0	2
DB00825	C0005424	0	0
DB00825	C0018790	0	0
DB00825	C0024138	0	3
DB00825	C0034951	0	1
DB00825	C0162568	0	3
DB00829	C0021364	0	4
DB00829	C0034012	0	4
DB00829	C0085096	0	3
DB00830	C0014121	0	3
DB00830	C0023473	0	3
DB00830	C0151942	0	1
DB00830	C1861172	0	1
DB00831	C0022638	0	1
DB00831	C0030305	0	3
DB00831	C0030569	0	0
DB00831	C0238198	0	1
DB00832	C0020538	0	1
DB00835	C0085413	0	4
DB00835	C0149745	0	2
DB00836	C0002962	0	4
DB00836	C0023212	0	1
DB00836	C1142132	0	4
DB00837	C0005587	0	4
DB00837	C0021390	0	2
DB00837	C0085215	0	3
DB00837	C0276535	0	3
DB00838	C0017160	0	0
DB00838	C0018802	0	4
DB00838	C0034951	0	4
DB00838	C0037036	0	2
DB00838	C0878544	0	1
DB00839	C0006287	0	1
DB00839	C0014173	0	4
DB00839	C0021051	0	1
DB00839	C0149958	0	0
DB00839	C0343065	0	3
DB00841	C0002888	0	1
DB00841	C0036572	0	3
DB00841	C0079744	0	1
DB00842	C0027022	0	1
DB00842	C0032000	0	1
DB00842	C0032027	0	0
DB00842	C0034067	0	2
DB00842	C0038362	0	1
DB00842	C0235480	0	3
DB00842	C0311277	0	1
DB00843	C0007785	0	4
DB00843	C0020619	0	4
DB00843	C0405580	0	1
DB00843	C0751674	0	2
DB00844	C0020555	0	4
DB00844	C0030578	0	1
DB00844	C1140680	0	4
DB00846	C0010692	0	2
DB00846	C0017601	0	0
DB00846	C0034069	0	0
DB00846	C0035854	0	1
DB00846	C0311277	0	1
DB00847	C0013182	0	4
DB00847	C0023465	0	2
DB00847	C0036508	0	4
DB00847	C0041341	0	4
DB00847	C0085669	0	2
DB00847	C0241961	0	3
DB00848	C0007138	0	2
DB00848	C0018273	0	0
DB00848	C0028738	0	3
DB00849	C0001973	0	3
DB00849	C0029191	0	3
DB00849	C0162820	0	4
DB00849	C0178416	0	2
DB00849	C0206682	0	2
DB00849	C0401151	0	3
DB00850	C0001618	0	4
DB00850	C0021775	0	4
DB00850	C0032897	0	2
DB00851	C0006271	0	4
DB00851	C0559106	0	3
DB00852	C0001206	0	4
DB00852	C0038379	0	1
DB00852	C0080274	0	4
DB00852	C0524909	0	2
DB00852	C1261473	0	4
DB00853	C0014170	0	3
DB00853	C0014549	0	3
DB00853	C0026987	0	4
DB00853	C0033774	0	1
DB00853	C0040136	0	1
DB00854	C0010346	0	0
DB00854	C0023212	0	4
DB00854	C0559106	0	1
DB00854	C1800706	0	2
DB00857	C0014534	0	2
DB00857	C0342881	0	3
DB00860	C0014038	0	4
DB00860	C0029453	0	4
DB00860	C0700201	0	3
DB00861	C0009319	0	4
DB00861	C0151526	0	4
DB00862	C0002871	0	0
DB00862	C0029442	0	0
DB00862	C0038013	0	3
DB00863	C0002453	0	2
DB00863	C0032987	0	0
DB00863	C0398775	0	4
DB00863	C0542346	0	0
DB00863	C1458155	0	2
DB00864	C0014868	0	4
DB00864	C0342384	0	0
DB00865	C0235063	0	4
DB00865	C0270458	0	0
DB00865	C0678222	0	0
DB00866	C0006287	0	2
DB00867	C0035078	0	3
DB00867	C0242973	0	3
DB00867	C0311375	0	2
DB00867	C0346647	0	3
DB00867	C0751865	0	2
DB00867	C1269683	0	4
DB00868	C0003864	0	3
DB00868	C0020649	0	4
DB00868	C0023479	0	3
DB00868	C0042842	0	0
DB00871	C0334634	0	3
DB00871	C0342543	0	1
DB00871	C1527249	0	3
DB00872	C0011633	0	1
DB00872	C0023827	0	3
DB00872	C0024790	0	1
DB00872	C0040038	0	3
DB00872	C0149931	0	3
DB00872	C0473527	0	0
DB00873	C0031069	0	3
DB00873	C0042847	0	2
DB00875	C0003864	0	3
DB00875	C0017168	0	0
DB00875	C0020443	0	3
DB00875	C0032227	0	4
DB00875	C0151686	0	1
DB00876	C0151744	0	4
DB00876	C0428974	0	1
DB00877	C0001627	0	1
DB00880	C0002726	0	1
DB00880	C0027022	0	0
DB00880	C0409959	0	0
DB00880	C1565489	0	4
DB00882	C0022665	0	2
DB00882	C0029191	0	2
DB00882	C0029456	0	1
DB00882	C0029927	0	3
DB00882	C0036651	0	1
DB00882	C0042870	0	1
DB00882	C0042880	0	2
DB00882	C1527249	0	2
DB00883	C0002171	0	3
DB00883	C0010481	0	2
DB00883	C0013390	0	2
DB00883	C0020514	0	3
DB00883	C0031117	0	2
DB00883	C0473527	0	3
DB00883	C0876973	0	2
DB00884	C0022548	0	4
DB00884	C0085417	0	3
DB00884	C0242422	0	2
DB00885	C0014733	0	0
DB00885	C0024301	0	4
DB00885	C0036337	0	3
DB00885	C2931618	0	1
DB00887	C0013274	0	3
DB00887	C0036690	0	3
DB00887	C0040156	0	2
DB00889	C0035078	0	4
DB00889	C0428974	0	1
DB00889	C2718128	0	2
DB00890	C0008325	0	4
DB00893	C0021603	0	4
DB00893	C0085606	0	4
DB00893	C0151686	0	0
DB00893	C1260899	0	4
DB00894	C0014534	0	1
DB00894	C0042109	0	3
DB00894	C0282488	0	1
DB00894	C0595948	0	4
DB00896	C0013144	0	3
DB00896	C0013428	0	0
DB00896	C0017563	0	2
DB00897	C0005283	0	2
DB00897	C0019202	0	3
DB00897	C0024301	0	0
DB00897	C0039590	0	3
DB00897	C0151940	0	2
DB00898	C0017181	0	2
DB00898	C0020546	0	1
DB00898	C0021141	0	3
DB00898	C0027430	0	4
DB00898	C0271093	0	0
DB00902	C0024141	0	3
DB00902	C0152020	0	0
DB00903	C0020445	0	1
DB00903	C0038356	0	4
DB00904	C0020437	0	3
DB00904	C0023418	0	0
DB00904	C0029458	0	1
DB00904	C0151686	0	4
DB00904	C0151942	0	4
DB00904	C0409959	0	4
DB00904	C0424489	0	1
DB00905	C0013720	0	0
DB00905	C0020757	0	4
DB00905	C0026769	0	4
DB00905	C0220989	0	3
DB00905	C1861172	0	0
DB00906	C0013415	0	2
DB00906	C0020452	0	1
DB00906	C0020481	0	0
DB00906	C0162316	0	2
DB00906	C0342788	0	2
DB00906	C0398623	0	3
DB00906	C0687720	0	0
DB00908	C0002170	0	2
DB00908	C0008677	0	0
DB00908	C0342731	0	0
DB00909	C0001973	0	3
DB00909	C0027661	0	3
DB00910	C0027430	0	4
DB00910	C0034012	0	3
DB00910	C0034067	0	3
DB00910	C0268543	0	4
DB00912	C0007194	0	4
DB00912	C0014869	0	0
DB00912	C0025637	0	3
DB00912	C0035854	0	0
DB00914	C0018924	0	1
DB00914	C0019054	0	2
DB00915	C0002893	0	3
DB00915	C0004352	0	3
DB00915	C0023437	0	0
DB00915	C0029401	0	3
DB00915	C0036690	0	2
DB00916	C0013405	0	4
DB00916	C0034012	0	4
DB00917	C0013182	0	2
DB00917	C0018021	0	4
DB00917	C0032019	0	4
DB00917	C0085606	0	3
DB00917	C1956346	0	0
DB00918	C0007137	0	1
DB00918	C0010674	0	1
DB00918	C0037274	0	0
DB00918	C0039685	0	0
DB00918	C0162429	0	4
DB00918	C0268483	0	3
DB00920	C0020635	0	1
DB00920	C2936781	0	0
DB00921	C0002874	0	1
DB00921	C0025294	0	0
DB00922	C0003862	0	2
DB00922	C0085682	0	2
DB00924	C0019054	0	2
DB00924	C0027796	0	0
DB00924	C0029882	0	4
DB00924	C0271093	0	4
DB00925	C0005779	0	1
DB00925	C0035222	0	1
DB00925	C0238462	0	0
DB00925	C0494475	0	4
DB00925	C0524620	0	3
DB00925	C1527336	0	2
DB00927	C0019151	0	4
DB00927	C0024790	0	4
DB00927	C0042138	0	1
DB00928	C0007138	0	1
DB00928	C0026896	0	3
DB00928	C0030590	0	3
DB00928	C0238462	0	3
DB00928	C0271623	0	1
DB00928	C0342543	0	3
DB00929	C0010930	0	1
DB00929	C0017638	0	0
DB00929	C0020598	0	0
DB00929	C0023518	0	1
DB00929	C0027627	0	4
DB00929	C0043352	0	3
DB00929	C0162627	0	0
DB00929	C1837475	0	3
DB00933	C0011854	0	1
DB00934	C0005138	0	2
DB00934	C0040997	0	4
DB00934	C0221032	0	3
DB00934	C0494475	0	0
DB00935	C0007095	0	2
DB00935	C0024141	0	1
DB00935	C0282528	0	1
DB00935	C1328407	0	4
DB00935	C2242472	0	2
DB00936	C0001418	0	4
DB00936	C0020428	0	3
DB00936	C0036983	0	1
DB00937	C0162836	0	4
DB00938	C0019618	0	1
DB00938	C0020507	0	0
DB00938	C4048328	0	0
DB00939	C0005694	0	1
DB00939	C0007786	0	2
DB00939	C0079773	0	2
DB00939	C1565489	0	0
DB00939	C2316810	0	4
DB00940	C0005586	0	1
DB00940	C0011615	0	1
DB00940	C0033375	0	0
DB00940	C0242698	0	4
DB00942	C0002888	0	2
DB00942	C0020625	0	3
DB00942	C0037763	0	4
DB00942	C0038363	0	0
DB00942	C0270846	0	4
DB00944	C0020598	0	3
DB00945	C0030590	0	1
DB00946	C0262584	0	0
DB00946	C0920350	0	2
DB00946	C1384606	0	1
DB00947	C0023267	0	1
DB00947	C0040028	0	3
DB00947	C0271578	0	4
DB00947	C0281361	0	3
DB00949	C0017181	0	3
DB00949	C0342384	0	4
DB00949	C0917805	0	1
DB00949	C1961099	0	3
DB00950	C0015469	0	0
DB00950	C0151744	0	4
DB00951	C0014474	0	2
DB00951	C0018790	0	0
DB00951	C0024591	0	3
DB00952	C0006625	0	1
DB00952	C0020626	0	1
DB00952	C0036572	0	0
DB00952	C0155862	0	4
DB00952	C1527311	0	3
DB00953	C0017636	0	1
DB00953	C0020640	0	0
DB00953	C0917798	0	0
DB00956	C0013604	0	0
DB00959	C0006142	0	2
DB00959	C0014556	0	1
DB00959	C0030578	0	3
DB00960	C0015230	0	3
DB00962	C0017563	0	3
DB00962	C0021775	0	0
DB00962	C0034063	0	0
DB00962	C0242973	0	2
DB00963	C0018681	0	3
DB00963	C0041582	0	2
DB00963	C0342881	0	0
DB00964	C0001418	0	4
DB00964	C0002418	0	1
DB00964	C0018021	0	4
DB00964	C0021308	0	4
DB00964	C0031046	0	3
DB00964	C0079773	0	3
DB00966	C0007194	0	0
DB00966	C0011616	0	4
DB00966	C0014175	0	3
DB00967	C0002871	0	0
DB00967	C0004245	0	0
DB00967	C0019880	0	4
DB00967	C0023827	0	1
DB00967	C0025289	0	1
DB00967	C0036830	0	4
DB00967	C1260899	0	0
DB00968	C0271578	0	2
DB00968	C0677607	0	0
DB00968	C2931618	0	4
DB00969	C0268579	0	0
DB00972	C0040053	0	0
DB00972	C0311277	0	1
DB00973	C0036421	0	4
DB00973	C2267227	0	2
DB00975	C0010481	0	1
DB00975	C0024437	0	1
DB00975	C0030567	0	4
DB00975	C3495559	0	4
DB00976	C0015672	0	2
DB00976	C0022951	0	1
DB00976	C0035854	0	4
DB00976	C3495559	0	2
DB00977	C0003128	0	0
DB00977	C0005699	0	3
DB00977	C0034150	0	4
DB00977	C0043352	0	3
DB00978	C0007786	0	4
DB00978	C0018790	0	1
DB00979	C0043352	0	1
DB00979	C0162836	0	0
DB00980	C0020480	0	3
DB00980	C0149821	0	2
DB00981	C0041341	0	3
DB00981	C0424489	0	3
DB00982	C0002888	0	2
DB00982	C0018671	0	1
DB00982	C0022660	0	4
DB00982	C0031154	0	3
DB00982	C0281361	0	3
DB00982	C0595948	0	3
DB00983	C0025149	0	2
DB00983	C0030578	0	4
DB00983	C0038363	0	4
DB00983	C0080274	0	1
DB00984	C0014121	0	0
DB00984	C0023267	0	2
DB00984	C0043515	0	0
DB00985	C0019880	0	4
DB00985	C0020544	0	4
DB00985	C1861172	0	3
DB00985	C2936781	0	1
DB00986	C0021051	0	2
DB00986	C0039685	0	2
DB00987	C0005694	0	2
DB00987	C0011633	0	1
DB00987	C0018203	0	4
DB00987	C0018621	0	2
DB00987	C0031511	0	2
DB00987	C0042875	0	3
DB00987	C0268596	0	4
DB00988	C0005967	0	2
DB00988	C0020544	0	3
DB00988	C0030848	0	4
DB00988	C0154143	0	1
DB00989	C0014583	0	2
DB00989	C0027404	0	0
DB00990	C0017638	0	3
DB00990	C0018798	0	2
DB00990	C0018834	0	0
DB00990	C0023470	0	3
DB00990	C0221765	0	1
DB00991	C0013428	0	0
DB00991	C0028754	0	3
DB00991	C0042870	0	2
DB00993	C0003962	0	1
DB00993	C0013428	0	2
DB00994	C0409959	0	3
DB00995	C0007785	0	2
DB00995	C0011616	0	4
DB00995	C1384600	0	4
DB00997	C0005586	0	1
DB00997	C0006105	0	2
DB00997	C0027686	0	0
DB00997	C0546817	0	2
DB00998	C0003578	0	4
DB00998	C0005283	0	4
DB00998	C0022073	0	2
DB00998	C2937421	0	4
DB00999	C0006413	0	4
DB00999	C0009952	0	3
DB00999	C0022660	0	1
DB00999	C0024301	0	4
DB00999	C0036830	0	2
DB00999	C0268596	0	3
DB01001	C0019618	0	2
DB01003	C0004352	0	0
DB01003	C0920350	0	3
DB01003	C1837475	0	4
DB01005	C0004238	0	3
DB01005	C0009404	0	3
DB01005	C0020459	0	1
DB01005	C0021670	0	3
DB01005	C0031190	0	1
DB01005	C0398650	0	2
DB01006	C0020461	0	3
DB01006	C0023434	0	0
DB01006	C0025323	0	0
DB01006	C0042875	0	1
DB01006	C0042963	0	4
DB01009	C0013595	0	3
DB01009	C0085606	0	4
DB01009	C0085649	0	0
DB01009	C0206686	0	4
DB01010	C0009404	0	1
DB01010	C0920350	0	0
DB01011	C0008325	0	2
DB01011	C0011991	0	0
DB01011	C0042870	0	1
DB01012	C0007134	0	2
DB01012	C0035585	0	2
DB01013	C0004245	0	4
DB01013	C0017160	0	3
DB01013	C0032227	0	2
DB01013	C0039483	0	3
DB01013	C0476089	0	4
DB01014	C0004153	0	2
DB01014	C0026948	0	3
DB01014	C0038220	0	0
DB01015	C0034885	0	4
DB01015	C1837475	0	0
DB01015	C2607914	0	2
DB01016	C0010072	0	1
DB01016	C0687720	0	1
DB01017	C0026709	0	3
DB01017	C0035220	0	2
DB01017	C0041582	0	1
DB01017	C0042384	0	0
DB01018	C0015371	0	1
DB01018	C0023472	0	3
DB01018	C0029927	0	1
DB01018	C0948089	0	2
DB01019	C0018790	0	0
DB01019	C0024523	0	0
DB01019	C0025637	0	4
DB01019	C0346421	0	0
DB01020	C0002965	0	1
DB01020	C0034012	0	4
DB01020	C0085669	0	4
DB01021	C0014877	0	2
DB01021	C0022548	0	1
DB01021	C0162820	0	1
DB01022	C0032285	0	4
DB01022	C0278996	0	2
DB01023	C0010068	0	4
DB01023	C0035078	0	4
DB01023	C0149925	0	2
DB01023	C0162627	0	3
DB01023	C0271578	0	1
DB01024	C0014534	0	2
DB01024	C0017181	0	3
DB01024	C0021308	0	1
DB01024	C0034013	0	0
DB01024	C0035457	0	4
DB01024	C1704436	0	2
DB01025	C0010481	0	3
DB01025	C0015469	0	3
DB01025	C0019112	0	4
DB01025	C0042514	0	2
DB01025	C0085159	0	4
DB01025	C0085669	0	4
DB01026	C0022951	0	1
DB01026	C0027662	0	3
DB01029	C0015967	0	4
DB01029	C0043202	0	4
DB01029	C0220983	0	1
DB01030	C0006413	0	0
DB01030	C0007785	0	1
DB01030	C0023052	0	4
DB01030	C0027430	0	2
DB01030	C0271093	0	1
DB01031	C0009763	0	4
DB01031	C0034951	0	1
DB01031	C0042875	0	0
DB01032	C0029927	0	4
DB01032	C0032914	0	3
DB01032	C0033860	0	2
DB01033	C0026691	0	1
DB01033	C0334579	0	2
DB01034	C0001627	0	3
DB01034	C0024305	0	1
DB01034	C2931618	0	4
DB01035	C0042109	0	1
DB01036	C0015530	0	2
DB01036	C0030305	0	4
DB01036	C0376545	0	0
DB01037	C0013405	0	0
DB01037	C1458155	0	4
DB01039	C0031485	0	1
DB01039	C0039590	0	1
DB01039	C0349464	0	1
DB01041	C0028768	0	3
DB01041	C0031511	0	0
DB01041	C0033860	0	1
DB01041	C0220983	0	1
DB01041	C0235480	0	0
DB01041	C0948480	0	4
DB01043	C0007193	0	3
DB01043	C0259817	0	3
DB01045	C0020649	0	3
DB01045	C0151740	0	3
DB01046	C0013415	0	2
DB01046	C0023212	0	1
DB01046	C0242488	0	4
DB01047	C0035585	0	2
DB01047	C0042847	0	4
DB01049	C0026998	0	4
DB01049	C0085129	0	0
DB01049	C0162836	0	3
DB01053	C0006287	0	3
DB01053	C0024591	0	1
DB01053	C0026705	0	2
DB01053	C0029401	0	3
DB01053	C0042571	0	4
DB01056	C0020626	0	0
DB01056	C0023479	0	3
DB01056	C0700201	0	0
DB01056	C4083212	0	0
DB01057	C0020550	0	2
DB01057	C0028738	0	2
DB01057	C0085096	0	2
DB01057	C0302280	0	2
DB01059	C0007134	0	1
DB01059	C0008311	0	4
DB01059	C0011334	0	1
DB01059	C0013338	0	0
DB01059	C0023434	0	4
DB01059	C0024591	0	4
DB01059	C0041341	0	2
DB01059	C0428974	0	3
DB01060	C0003862	0	4
DB01060	C0035222	0	2
DB01060	C0036202	0	0
DB01060	C0038379	0	0
DB01062	C0013264	0	3
DB01062	C0027662	0	3
DB01062	C0234974	0	3
DB01062	C1527249	0	3
DB01063	C0001627	0	3
DB01063	C0006287	0	1
DB01063	C0021364	0	4
DB01063	C0032027	0	2
DB01064	C0020481	0	4
DB01064	C0038220	0	0
DB01065	C0003469	0	1
DB01065	C0004245	0	2
DB01065	C0027697	0	0
DB01065	C0029442	0	1
DB01065	C0033581	0	3
DB01065	C0205768	0	2
DB01065	C0221765	0	3
DB01065	C0302280	0	4
DB01065	C1384606	0	0
DB01067	C0013386	0	1
DB01067	C0019112	0	0
DB01067	C0019243	0	3
DB01067	C0079774	0	0
DB01067	C0242698	0	0
DB01067	C0342881	0	4
DB01068	C0019156	0	3
DB01068	C0030848	0	4
DB01068	C0033774	0	2
DB01068	C0409818	0	0
DB01069	C0005694	0	3
DB01069	C0037286	0	2
DB01069	C0043515	0	4
DB01069	C0162834	0	3
DB01069	C0595948	0	2
DB01070	C0025323	0	0
DB01070	C0030567	0	2
DB01070	C0034885	0	3
DB01071	C0010200	0	1
DB01071	C0013384	0	3
DB01071	C0027430	0	3
DB01071	C0085605	0	4
DB01071	C0342543	0	1
DB01071	C1142132	0	4
DB01073	C0011849	0	1
DB01074	C0020480	0	4
DB01075	C0004096	0	3
DB01075	C0019069	0	1
DB01075	C0038356	0	1
DB01076	C0026961	0	0
DB01076	C4048328	0	2
DB01077	C0015397	0	1
DB01077	C0015624	0	3
DB01077	C0026961	0	4
DB01077	C0030319	0	2
DB01077	C0262584	0	3
DB01078	C0035258	0	2
DB01078	C0035854	0	4
DB01079	C0020217	0	2
DB01079	C0020550	0	1
DB01079	C0034012	0	3
DB01079	C0162565	0	1
DB01079	C0268483	0	0
DB01080	C0001122	0	4
DB01080	C0019243	0	0
DB01080	C0036920	0	1
DB01081	C0015469	0	4
DB01081	C0023434	0	0
DB01081	C0271623	0	2
DB01082	C0008325	0	3
DB01082	C0009404	0	1
DB01082	C0022661	0	3
DB01082	C0030569	0	2
DB01082	C0553580	0	4
DB01083	C0020542	0	4
DB01083	C0023465	0	0
DB01083	C0035335	0	0
DB01084	C0149704	0	3
DB01085	C0020523	0	2
DB01085	C0034951	0	3
DB01085	C1142132	0	1
DB01086	C0004153	0	0
DB01086	C0011633	0	4
DB01086	C0015230	0	1
DB01088	C0005967	0	3
DB01088	C0018798	0	0
DB01088	C0149725	0	3
DB01089	C0036983	0	0
DB01089	C0040517	0	0
DB01089	C0259817	0	4
DB01090	C0027051	0	1
DB01090	C0751753	0	0
DB01092	C0026961	0	4
DB01092	C0149931	0	0
DB01092	C0334579	0	2
DB01094	C0006118	0	0
DB01094	C0013338	0	4
DB01094	C0016412	0	1
DB01094	C0026961	0	2
DB01094	C0036323	0	3
DB01094	C0162566	0	3
DB01094	C0220756	0	3
DB01095	C0001957	0	2
DB01095	C0010346	0	2
DB01095	C0029191	0	2
DB01095	C0456909	0	4
DB01095	C2242472	0	1
DB01097	C0151721	0	3
DB01097	C0268483	0	3
DB01098	C0002888	0	4
DB01098	C0011848	0	0
DB01098	C0020619	0	4
DB01098	C0023827	0	2
DB01098	C0149704	0	2
DB01099	C0032460	0	1
DB01099	C0220756	0	1
DB01099	C0546817	0	1
DB01100	C0019829	0	2
DB01100	C1261473	0	3
DB01101	C0000737	0	1
DB01101	C0040136	0	2
DB01101	C0751434	0	1
DB01101	C2242472	0	2
DB01102	C0013338	0	0
DB01102	C0018621	0	1
DB01102	C0018794	0	3
DB01102	C0035412	0	0
DB01102	C0242339	0	0
DB01102	C0334634	0	0
DB01104	C0006267	0	4
DB01104	C0008325	0	1
DB01104	C0020621	0	0
DB01104	C0023212	0	2
DB01104	C0494475	0	4
DB01104	C0730345	0	2
DB01105	C0007194	0	2
DB01105	C0011644	0	0
DB01105	C0035854	0	3
DB01106	C0020517	0	4
DB01106	C0025637	0	4
DB01106	C0271568	0	3
DB01107	C0020428	0	4
DB01107	C0024894	0	0
DB01107	C0036690	0	2
DB01107	C0281361	0	4
DB01107	C0877792	0	2
DB01108	C0025202	0	2
DB01108	C0034065	0	3
DB01108	C0751674	0	4
DB01109	C0020640	0	3
DB01109	C0037188	0	0
DB01109	C0040136	0	2
DB01109	C0162627	0	3
DB01109	C0270851	0	0
DB01109	C1527249	0	0
DB01109	C2937421	0	3
DB01110	C0004943	0	0
DB01110	C0175683	0	4
DB01113	C0031069	0	4
DB01113	C0038356	0	0
DB01113	C0149821	0	4
DB01113	C0175683	0	1
DB01113	C1168401	0	3
DB01114	C0023470	0	4
DB01114	C0282488	0	4
DB01114	C2242472	0	3
DB01115	C0149745	0	1
DB01117	C0026705	0	4
DB01118	C0002395	0	0
DB01118	C0007785	0	4
DB01118	C0010674	0	3
DB01118	C0011875	0	0
DB01118	C0031154	0	2
DB01119	C0011615	0	4
DB01119	C0039590	0	0
DB01119	C0268483	0	3
DB01119	C0596263	0	2
DB01120	C0027697	0	3
DB01120	C0032000	0	4
DB01120	C0033975	0	1
DB01120	C0342731	0	4
DB01120	C0546817	0	2
DB01120	C1269683	0	3
DB01121	C0262584	0	2
DB01121	C1134719	0	3
DB01121	C1269683	0	3
DB01122	C0027404	0	2
DB01122	C0149704	0	0
DB01122	C0151721	0	4
DB01122	C0334579	0	0
DB01124	C0019618	0	1
DB01124	C0022116	0	0
DB01124	C0024894	0	4
DB01124	C0034150	0	4
DB01124	C0042510	0	3
DB01125	C0010691	0	0
DB01125	C0036690	0	4
DB01125	C0036980	0	1
DB01125	C0206245	0	3
DB01125	C1540912	0	3
DB01126	C0015624	0	4
DB01126	C0026650	0	2
DB01126	C0033117	0	1
DB01126	C0038362	0	4
DB01126	C0242422	0	0
DB01126	C0751362	0	1
DB01128	C0010068	0	0
DB01128	C0027697	0	0
DB01129	C0007786	0	1
DB01129	C0008677	0	1
DB01130	C0010346	0	4
DB01130	C0013384	0	0
DB01130	C0020476	0	4
DB01130	C0020481	0	2
DB01130	C0023869	0	2
DB01130	C0033806	0	0
DB01132	C0014868	0	3
DB01132	C0271623	0	4
DB01132	C1263846	0	2
DB01133	C0009404	0	0
DB01133	C0027686	0	4
DB01133	C0034069	0	2
DB01133	C0085096	0	3
DB01133	C0343755	0	2
DB01136	C0242698	0	4
DB01137	C0023440	0	3
DB01138	C0020538	0	3
DB01138	C0026691	0	0
DB01138	C0035228	0	3
DB01140	C0001627	0	3
DB01140	C0004943	0	2
DB01140	C0008312	0	2
DB01140	C0032768	0	4
DB01142	C0010692	0	2
DB01142	C0024138	0	3
DB01142	C0024591	0	3
DB01142	C0040046	0	2
DB01142	C0043459	0	4
DB01142	C0085610	0	1
DB01143	C0003123	0	4
DB01143	C0011882	0	1
DB01144	C0023467	0	2
DB01144	C0151744	0	4
DB01144	C0238198	0	2
DB01144	C0342543	0	0
DB01144	C1140680	0	2
DB01146	C0004245	0	3
DB01146	C0023467	0	4
DB01146	C0042847	0	1
DB01148	C0003868	0	4
DB01148	C0007137	0	2
DB01148	C0014534	0	2
DB01148	C0024121	0	2
DB01148	C0027697	0	1
DB01148	C0029882	0	2
DB01148	C0037199	0	1
DB01148	C0751435	0	3
DB01148	C0887833	0	0
DB01149	C0003872	0	0
DB01149	C0011991	0	3
DB01149	C0013386	0	1
DB01149	C0014742	0	3
DB01149	C0029396	0	4
DB01149	C0221013	0	2
DB01151	C0002792	0	1
DB01151	C0025500	0	2
DB01151	C0029453	0	1
DB01151	C0030193	0	1
DB01151	C0242698	0	0
DB01156	C0014544	0	1
DB01156	C0030848	0	2
DB01156	C0034065	0	1
DB01156	C0036508	0	2
DB01157	C0034063	0	3
DB01157	C0036572	0	4
DB01157	C0037299	0	1
DB01157	C0424489	0	0
DB01157	C0678222	0	1
DB01157	C1134719	0	3
DB01158	C0149871	0	4
DB01158	C0398650	0	1
DB01162	C0014859	0	3
DB01162	C0032914	0	4
DB01162	C0042909	0	1
DB01162	C0271623	0	3
DB01162	C0282528	0	2
DB01164	C0013415	0	3
DB01164	C0014867	0	4
DB01164	C0019880	0	1
DB01165	C0003864	0	4
DB01165	C0014743	0	1
DB01165	C0021364	0	2
DB01165	C0022073	0	3
DB01165	C0036341	0	4
DB01166	C0020452	0	0
DB01166	C0151636	0	0
DB01167	C0013404	0	0
DB01168	C0017160	0	1
DB01169	C0010068	0	0
DB01169	C0013386	0	2
DB01169	C0014474	0	3
DB01169	C0018681	0	2
DB01169	C0022660	0	4
DB01169	C0034012	0	3
DB01169	C0233315	0	1
DB01170	C0026987	0	4
DB01170	C0027708	0	2
DB01170	C0032914	0	4
DB01171	C0026848	0	1
DB01171	C1527336	0	2
DB01173	C0020544	0	3
DB01175	C0015230	0	3
DB01175	C0085605	0	4
DB01175	C0220756	0	4
DB01176	C0038358	0	0
DB01176	C2930898	0	3
DB01176	C4083212	0	1
DB01177	C0010043	0	4
DB01177	C0018621	0	2
DB01177	C0020625	0	1
DB01177	C0036220	0	4
DB01177	C0730345	0	4
DB01179	C0024301	0	3
DB01179	C0026705	0	3
DB01179	C0027022	0	3
DB01179	C0032580	0	3
DB01179	C0042880	0	2
DB01181	C0018203	0	0
DB01181	C0042847	0	0
DB01181	C0677607	0	2
DB01182	C0006287	0	3
DB01182	C0553580	0	0
DB01183	C0008533	0	0
DB01183	C0010200	0	4
DB01183	C0018671	0	4
DB01183	C0029927	0	3
DB01183	C0342543	0	1
DB01184	C0011860	0	2
DB01184	C0029882	0	3
DB01184	C0040997	0	1
DB01185	C0024115	0	1
DB01185	C0877792	0	4
DB01186	C0014556	0	4
DB01186	C0022951	0	1
DB01186	C0027819	0	2
DB01186	C0042510	0	2
DB01188	C0009319	0	1
DB01188	C0023052	0	0
DB01191	C0022073	0	0
DB01191	C0039621	0	2
DB01191	C0042571	0	0
DB01192	C0014356	0	4
DB01192	C0017531	0	1
DB01192	C0730345	0	1
DB01193	C0085681	0	2
DB01194	C0022596	0	2
DB01194	C0030193	0	1
DB01194	C0043459	0	4
DB01194	C0151723	0	1
DB01195	C0018021	0	4
DB01195	C0020557	0	4
DB01196	C0010043	0	1
DB01196	C0011615	0	3
DB01196	C0023467	0	1
DB01196	C1527249	0	3
DB01197	C0008325	0	3
DB01197	C0009375	0	3
DB01197	C0010072	0	1
DB01197	C0010481	0	0
DB01197	C0151744	0	4
DB01197	C0559106	0	3
DB01197	C1861172	0	0
DB01197	C2316212	0	4
DB01197	C3463824	0	3
DB01198	C0011860	0	3
DB01198	C1458155	0	1
DB01199	C0003850	0	4
DB01199	C0005741	0	0
DB01199	C0040046	0	1
DB01200	C0008149	0	2
DB01200	C0017668	0	3
DB01200	C0702166	0	3
DB01201	C0027430	0	3
DB01202	C0013144	0	3
DB01203	C0025637	0	0
DB01204	C0041582	0	0
DB01204	C0238111	0	3
DB01204	C0334634	0	2
DB01206	C0010308	0	2
DB01206	C0030319	0	0
DB01207	C0001627	0	1
DB01207	C0013604	0	4
DB01207	C0020461	0	3
DB01207	C0040136	0	4
DB01207	C0497327	0	1
DB01208	C0014743	0	4
DB01208	C0017205	0	1
DB01208	C0079774	0	4
DB01208	C0238462	0	4
DB01208	C1260899	0	4
DB01209	C0013264	0	0
DB01209	C0036690	0	1
DB01209	C0149821	0	3
DB01209	C0220983	0	4
DB01209	C0687150	0	2
DB01210	C0000744	0	3
DB01210	C0002453	0	0
DB01210	C0020502	0	3
DB01210	C0030807	0	2
DB01210	C0154143	0	0
DB01211	C0011881	0	2
DB01212	C0007642	0	1
DB01212	C0014868	0	2
DB01212	C0019080	0	3
DB01212	C0028738	0	2
DB01212	C0678222	0	0
DB01214	C0003862	0	4
DB01214	C0006625	0	4
DB01214	C0027430	0	0
DB01214	C0032463	0	2
DB01214	C0206682	0	4
DB01214	C0702166	0	4
DB01215	C0014869	0	3
DB01215	C0019080	0	1
DB01215	C0039841	0	0
DB01215	C0042164	0	3
DB01215	C0699791	0	4
DB01216	C0019112	0	3
DB01216	C0020428	0	2
DB01216	C0221032	0	1
DB01216	C0699791	0	4
DB01217	C0162836	0	4
DB01219	C0005697	0	1
DB01219	C0014356	0	3
DB01219	C0027662	0	1
DB01219	C0028840	0	1
DB01219	C0271623	0	4
DB01220	C0004239	0	2
DB01220	C0023890	0	1
DB01220	C0024591	0	0
DB01222	C0003864	0	2
DB01222	C0005741	0	1
DB01222	C0024138	0	4
DB01223	C0023212	0	2
DB01223	C0271568	0	3
DB01224	C0006413	0	2
DB01224	C0018021	0	0
DB01224	C0022660	0	0
DB01224	C0024305	0	3
DB01224	C0042842	0	1
DB01224	C0473527	0	3
DB01225	C0030297	0	0
DB01225	C0151686	0	2
DB01225	C0242973	0	4
DB01225	C0272375	0	4
DB01225	C0346421	0	1
DB01228	C0018418	0	4
DB01228	C0027051	0	1
DB01228	C0027697	0	1
DB01228	C0034150	0	4
DB01229	C0020445	0	3
DB01229	C0220983	0	4
DB01229	C0730345	0	0
DB01229	C1261473	0	1
DB01229	C2607914	0	1
DB01231	C0006114	0	1
DB01231	C0038362	0	0
DB01231	C1565489	0	4
DB01232	C0007131	0	3
DB01232	C0018834	0	0
DB01232	C0024591	0	2
DB01232	C0036980	0	0
DB01233	C0001430	0	2
DB01233	C0019156	0	0
DB01233	C0149931	0	4
DB01234	C0011875	0	2
DB01234	C0014743	0	4
DB01234	C0036651	0	1
DB01235	C0003864	0	1
DB01235	C0019880	0	0
DB01235	C0025322	0	0
DB01235	C0026987	0	0
DB01235	C0036830	0	1
DB01235	C0043459	0	4
DB01235	C0877792	0	2
DB01235	C2718128	0	0
DB01237	C0013720	0	2
DB01237	C0014038	0	2
DB01237	C0014836	0	1
DB01237	C0018203	0	1
DB01237	C0151940	0	0
DB01237	C0238052	0	2
DB01238	C0026838	0	4
DB01238	C0040479	0	1
DB01238	C0878544	0	0
DB01239	C0003850	0	3
DB01239	C0016470	0	4
DB01241	C0007193	0	0
DB01241	C1621958	0	4
DB01242	C0012739	0	0
DB01242	C0042035	0	3
DB01242	C0162834	0	0
DB01242	C0346421	0	0
DB01243	C0014836	0	2
DB01243	C0027497	0	4
DB01243	C0042138	0	4
DB01243	C0042909	0	4
DB01243	C0149821	0	2
DB01243	C0282488	0	2
DB01244	C0002170	0	3
DB01244	C0020445	0	2
DB01244	C0022073	0	4
DB01244	C0087012	0	0
DB01244	C0231528	0	0
DB01246	C0020503	0	0
DB01246	C0020523	0	1
DB01246	C0026848	0	2
DB01246	C0027627	0	1
DB01246	C0035222	0	0
DB01246	C0751753	0	0
DB01247	C0008677	0	0
DB01247	C0023480	0	2
DB01247	C0029882	0	2
DB01247	C0032897	0	3
DB01247	C0948089	0	3
DB01248	C0002871	0	3
DB01248	C0014868	0	2
DB01248	C0020428	0	3
DB01248	C0024523	0	4
DB01248	C0205768	0	2
DB01248	C0221023	0	0
DB01250	C0010691	0	0
DB01250	C0018924	0	2
DB01250	C0036220	0	0
DB01251	C0003811	0	3
DB01251	C0007570	0	1
DB01251	C0014556	0	2
DB01251	C0022660	0	0
DB01252	C0008533	0	0
DB01252	C0010072	0	4
DB01252	C0023440	0	0
DB01252	C0033578	0	1
DB01252	C0036690	0	4
DB01252	C0037299	0	3
DB01253	C0020557	0	4
DB01253	C0020598	0	4
DB01253	C0023470	0	0
DB01253	C0041296	0	1
DB01253	C2267227	0	0
DB01254	C0003862	0	0
DB01254	C0006105	0	0
DB01254	C0020625	0	1
DB01254	C0024121	0	4
DB01254	C0028949	0	1
DB01254	C0151636	0	4
DB01254	C0162566	0	4
DB01255	C0000809	0	0
DB01255	C0005779	0	1
DB01255	C0029458	0	4
DB01255	C0220994	0	0
DB01255	C0271623	0	4
DB01257	C0008312	0	4
DB01257	C0038454	0	2
DB01260	C0003872	0	1
DB01260	C0007642	0	4
DB01260	C0014859	0	4
DB01260	C0023473	0	2
DB01260	C0029408	0	2
DB01260	C0034951	0	1
DB01260	C0917798	0	2
DB01261	C0023449	0	2
DB01261	C0035457	0	2
DB01261	C0039103	0	3
DB01261	C0856727	0	1
DB01262	C0014474	0	1
DB01262	C0022665	0	3
DB01262	C0026961	0	3
DB01262	C0596263	0	1
DB01263	C0000737	0	4
DB01263	C0004114	0	4
DB01263	C0024141	0	1
DB01263	C0162565	0	4
DB01265	C0001418	0	0
DB01265	C0001973	0	1
DB01265	C0003850	0	0
DB01265	C0013384	0	3
DB01265	C0022575	0	0
DB01265	C0042842	0	3
DB01267	C0010691	0	2
DB01267	C0268070	0	0
DB01268	C0003128	0	3
DB01268	C0007138	0	0
DB01268	C0011633	0	0
DB01268	C0013182	0	0
DB01268	C0022595	0	3
DB01268	C0037199	0	3
DB01268	C0043459	0	1
DB01270	C0001627	0	4
DB01270	C0206682	0	2
DB01270	C0232940	0	3
DB01270	C0278996	0	0
DB01270	C0836924	0	1
DB01271	C0030567	0	3
DB01271	C0238463	0	1
DB01274	C0027686	0	2
DB01274	C0032914	0	1
DB01275	C0919267	0	3
DB01276	C0023418	0	1
DB01276	C0024586	0	2
DB01276	C0342731	0	4
DB01276	C0405580	0	1
DB01277	C0006267	0	3
DB01277	C0024419	0	4
DB01278	C0029191	0	0
DB01278	C0234974	0	2
DB01278	C0238111	0	3
DB01278	C0342788	0	1
DB01278	C1260899	0	0
DB01279	C0010417	0	1
DB01279	C0033860	0	2
DB01279	C0409818	0	1
DB01279	C1134719	0	1
DB01280	C0019080	0	4
DB01281	C0017160	0	0
DB01281	C0020635	0	3
DB01281	C1408258	0	0
DB01282	C0004775	0	1
DB01282	C0020540	0	2
DB01282	C0023472	0	4
DB01283	C0013338	0	4
DB01283	C0221032	0	2
DB01283	C0238198	0	4
DB01283	C0276226	0	0
DB01284	C0004114	0	0
DB01284	C0376358	0	0
DB01284	C0398623	0	2
DB01285	C0004114	0	2
DB01285	C0017563	0	0
DB01285	C0206245	0	1
DB01285	C0270736	0	0
DB01285	C0343065	0	2
DB01288	C0020523	0	3
DB01288	C0021359	0	2
DB01288	C0032787	0	2
DB01288	C0220756	0	4
DB01288	C0242698	0	3
DB01288	C0349464	0	3
DB01291	C0035335	0	2
DB01295	C0008312	0	1
DB01295	C0017205	0	1
DB01295	C0023212	0	1
DB01295	C0030305	0	0
DB01296	C0022575	0	1
DB01297	C0003872	0	1
DB01297	C0032227	0	4
DB01297	C0042109	0	1
DB01297	C0268483	0	2
DB01303	C0020545	0	3
DB01303	C2239176	0	4
DB01306	C0020598	0	3
DB01306	C0032285	0	1
DB01306	C1961099	0	1
DB01307	C0006142	0	0
DB01307	C0008311	0	4
DB01307	C0011848	0	3
DB01307	C0020619	0	4
DB01309	C0010481	0	2
DB01309	C0011854	0	0
DB01309	C0016057	0	1
DB01309	C0032787	0	0
DB01309	C0034012	0	1
DB01309	C0041582	0	1
DB01309	C0428977	0	0
DB01320	C0024301	0	4
DB01320	C0036323	0	2
DB01320	C0149745	0	3
DB01320	C0920350	0	1
DB01320	C1384606	0	4
DB01324	C0021603	0	0
DB01324	C0024473	0	0
DB01324	C0035854	0	4
DB01325	C0002395	0	4
DB01325	C0018794	0	0
DB01325	C0020507	0	0
DB01325	C0040028	0	0
DB01327	C0002736	0	1
DB01327	C0011616	0	4
DB01327	C0011860	0	1
DB01327	C0087012	0	3
DB01327	C0917798	0	3
DB01333	C0002418	0	4
DB01333	C0002871	0	2
DB01333	C0178416	0	3
DB01340	C0026650	0	4
DB01348	C0008350	0	4
DB01348	C0016412	0	2
DB01348	C0020428	0	2
DB01348	C0221023	0	0
DB01348	C0343065	0	4
DB01348	C1956346	0	1
DB01349	C0027708	0	1
DB01349	C2316810	0	1
DB01351	C0010308	0	0
DB01351	C0010346	0	4
DB01351	C0085610	0	2
DB01351	C1704417	0	0
DB01352	C0011849	0	3
DB01352	C0021364	0	1
DB01352	C0024141	0	2
DB01352	C0024437	0	1
DB01352	C0030807	0	3
DB01352	C0040028	0	2
DB01353	C0020517	0	4
DB01353	C0020540	0	1
DB01353	C0149704	0	1
DB01353	C0376545	0	1
DB01356	C0011991	0	3
DB01356	C0040147	0	2
DB01356	C0043459	0	3
DB01356	C0085215	0	1
DB01356	C0302280	0	2
DB01356	C3463824	0	3
DB01357	C0020555	0	4
DB01357	C0031099	0	1
DB01359	C0004364	0	2
DB01359	C0036202	0	2
DB01359	C0038160	0	3
DB01359	C0038220	0	2
DB01359	C0270458	0	4
DB01359	C0342731	0	4
DB01359	C0342881	0	1
DB01364	C0001122	0	4
DB01364	C0023212	0	0
DB01364	C0033581	0	1
DB01364	C0238198	0	4
DB01365	C0006271	0	2
DB01365	C0011860	0	0
DB01366	C0022548	0	3
DB01366	C0027498	0	3
DB01367	C0000737	0	3
DB01367	C0005779	0	3
DB01367	C0022568	0	3
DB01378	C0032227	0	1
DB01378	C0040156	0	2
DB01380	C0003578	0	3
DB01380	C0020217	0	0
DB01380	C0034734	0	3
DB01380	C0221032	0	3
DB01382	C0017668	0	4
DB01382	C0018203	0	2
DB01382	C0023212	0	3
DB01382	C0035579	0	2
DB01392	C0024473	0	1
DB01392	C0034885	0	0
DB01392	C0042345	0	0
DB01392	C0270851	0	1
DB01393	C0085669	0	1
DB01394	C0079773	0	1
DB01395	C0018133	0	3
DB01395	C0234974	0	2
DB01396	C0005587	0	2
DB01396	C0013428	0	0
DB01396	C0014550	0	1
DB01397	C0010346	0	1
DB01397	C0018801	0	4
DB01397	C0026896	0	3
DB01397	C1540912	0	4
DB01399	C0009324	0	0
DB01399	C0011633	0	3
DB01399	C0014867	0	3
DB01399	C0038018	0	2
DB01399	C0398650	0	4
DB01399	C1961835	0	0
DB01400	C0009404	0	3
DB01400	C0398650	0	1
DB01401	C0035220	0	3
DB01401	C0546817	0	1
DB01403	C0026896	0	3
DB01403	C0917798	0	2
DB01404	C0004245	0	4
DB01404	C0007102	0	2
DB01404	C0039103	0	2
DB01404	C0428974	0	1
DB01404	C0917805	0	4
DB01406	C0014869	0	3
DB01406	C0039621	0	2
DB01407	C0018203	0	1
DB01407	C0043352	0	0
DB01407	C0085159	0	4
DB01407	C0155862	0	3
DB01408	C0002880	0	0
DB01409	C0010200	0	0
DB01409	C0013421	0	1
DB01409	C0022568	0	4
DB01409	C0040261	0	1
DB01409	C0262584	0	4
DB01410	C0023487	0	2
DB01410	C0042842	0	0
DB01410	C0241961	0	1
DB01411	C0002893	0	3
DB01411	C0019080	0	1
DB01411	C1263846	0	1
DB01412	C0010068	0	4
DB01412	C0019080	0	0
DB01412	C0023479	0	3
DB01412	C0028738	0	1
DB01418	C0002395	0	3
DB01418	C0015371	0	4
DB01418	C0020461	0	4
DB01418	C0542346	0	3
DB01420	C0018273	0	2
DB01420	C0027708	0	2
DB01420	C0150055	0	2
DB01420	C0268483	0	0
DB01425	C0033117	0	2
DB01425	C1527249	0	0
DB01426	C0009375	0	2
DB01426	C0015624	0	4
DB01426	C0025322	0	0
DB01426	C0338908	0	3
DB01426	C0409818	0	1
DB01427	C0018924	0	0
DB01427	C0023437	0	0
DB01427	C0034186	0	1
DB01427	C0041408	0	3
DB01427	C0268390	0	1
DB01427	C0428977	0	1
DB01427	C1540912	0	3
DB01429	C0013415	0	3
DB01430	C0006413	0	4
DB01430	C0023448	0	0
DB01430	C0035412	0	1
DB01430	C0035579	0	4
DB01430	C0343065	0	4
DB01431	C0005138	0	0
DB01431	C0007642	0	0
DB01431	C0008489	0	1
DB01431	C0009806	0	0
DB01431	C0017181	0	3
DB01431	C0338908	0	0
DB01431	C0878787	0	4
DB01435	C0010308	0	3
DB01435	C0085417	0	4
DB01435	C0162627	0	4
DB01435	C1621958	0	3
DB01436	C0005695	0	0
DB01436	C0024121	0	4
DB01436	C0038379	0	2
DB01437	C0018418	0	4
DB01437	C0019243	0	0
DB01437	C1260899	0	0
DB01438	C0002874	0	1
DB01438	C0022593	0	1
DB01438	C0035078	0	0
DB01438	C0043202	0	2
DB01440	C0010481	0	3
DB01440	C0023470	0	2
DB01440	C0027497	0	2
DB01440	C0032463	0	0
DB01440	C0238111	0	1
DB01452	C0020545	0	3
DB01452	C0027662	0	1
DB01452	C0029456	0	1
DB01452	C0149925	0	4
DB01452	C0206686	0	0
DB01483	C0003128	0	2
DB01483	C0042514	0	1
DB01558	C0014356	0	0
DB01558	C0877792	0	4
DB01576	C0002893	0	2
DB01576	C0007570	0	3
DB01576	C0017612	0	0
DB01576	C0040034	0	1
DB01576	C0342731	0	4
DB01577	C0019243	0	0
DB01577	C0021308	0	4
DB01579	C0002736	0	2
DB01579	C0014743	0	1
DB01579	C0019069	0	1
DB01579	C0022073	0	3
DB01579	C0026764	0	3
DB01579	C0151526	0	2
DB01579	C0751865	0	1
DB01579	C0948480	0	4
DB01580	C0037036	0	0
DB01580	C0037199	0	0
DB01580	C0037930	0	2
DB01580	C0085681	0	0
DB01586	C0033375	0	4
DB01586	C0476089	0	3
DB01586	C0699791	0	4
DB01588	C0022660	0	4
DB01588	C0029882	0	4
DB01588	C0030920	0	4
DB01588	C0233315	0	1
DB01588	C0740394	0	2
DB01589	C0011991	0	2
DB01589	C0018133	0	1
DB01589	C0020635	0	0
DB01589	C0028754	0	2
DB01589	C0949116	0	1
DB01590	C0007642	0	1
DB01590	C0011860	0	1
DB01590	C0079774	0	0
DB01590	C0151686	0	1
DB01590	C0162566	0	4
DB01590	C0234974	0	1
DB01591	C0003578	0	2
DB01591	C0010674	0	0
DB01591	C0010691	0	1
DB01591	C0013390	0	2
DB01591	C0017563	0	1
DB01591	C0043202	0	0
DB01592	C1384600	0	1
DB01593	C0038525	0	3
DB01593	C0040261	0	1
DB01593	C0948896	0	4
DB01595	C0011991	0	1
DB01595	C0032019	0	2
DB01595	C1263846	0	0
DB01597	C0023449	0	4
DB01597	C0026961	0	2
DB01597	C0152020	0	2
DB01597	C0346421	0	3
DB01599	C0004352	0	1
DB01599	C0009375	0	1
DB01599	C0024437	0	4
DB01599	C0040997	0	4
DB01599	C0235974	0	3
DB01599	C0398623	0	2
DB01599	C2930898	0	4
DB01600	C0018790	0	0
DB01600	C0149745	0	2
DB01609	C0002170	0	4
DB01609	C0018790	0	3
DB01609	C0021364	0	0
DB01609	C0042138	0	2
DB01611	C0002965	0	0
DB01611	C0311277	0	2
DB01615	C0007570	0	4
DB01615	C0014549	0	1
DB01615	C0020514	0	4
DB01615	C0238198	0	4
DB01615	C2242472	0	0
DB01616	C0028768	0	0
DB01618	C0011615	0	4
DB01618	C0034067	0	0
DB01618	C0035258	0	1
DB01618	C0152020	0	3
DB01618	C0242422	0	3
DB01619	C0005694	0	2
DB01620	C0004364	0	0
DB01620	C0021308	0	0
DB01621	C0009324	0	1
DB01621	C0018798	0	4
DB01621	C0022568	0	3
DB01621	C0022661	0	1
DB01621	C0221032	0	4
DB01622	C0009375	0	2
DB01622	C0018099	0	3
DB01622	C0018671	0	3
DB01622	C0020544	0	3
DB01622	C0024899	0	1
DB01622	C1142132	0	4
DB01623	C0006625	0	2
DB01623	C0751967	0	3
DB01624	C0018801	0	1
DB01624	C0025637	0	1
DB01624	C1384600	0	3
DB01625	C0000786	0	3
DB01625	C0029396	0	1
DB01626	C0015530	0	4
DB01626	C0037274	0	0
DB01626	C0041341	0	3
DB01628	C0016057	0	0
DB01656	C0039685	0	1
DB01656	C0221765	0	0
DB01656	C0751967	0	2
DB01685	C0010068	0	1
DB01685	C0020538	0	0
DB01685	C0020640	0	4
DB01685	C0027697	0	4
DB01685	C1458155	0	3
DB01698	C0004364	0	1
DB01698	C0010308	0	0
DB01698	C0017563	0	3
DB01698	C0042847	0	3
DB01698	C0042900	0	4
DB01744	C0013144	0	0
DB01744	C0017168	0	0
DB01744	C0022548	0	0
DB01744	C0035258	0	2
DB01744	C0699791	0	1
DB01839	C0037769	0	3
DB01956	C0002418	0	1
DB01956	C0004096	0	4
DB01956	C0013295	0	0
DB01956	C0020481	0	0
DB01956	C0024141	0	1
DB01956	C0149925	0	3
DB01956	C0149958	0	2
DB02300	C0012739	0	1
DB02300	C0019243	0	2
DB02530	C0018924	0	2
DB02530	C0236964	0	4
DB02530	C0281361	0	1
DB02546	C0035228	0	2
DB02546	C0043515	0	1
DB02546	C0271650	0	3
DB02638	C0028840	0	2
DB02638	C0034012	0	3
DB02638	C0268579	0	2
DB02638	C0405580	0	1
DB02638	C0856727	0	2
DB02659	C0011581	0	1
DB02701	C0026961	0	3
DB02701	C0276226	0	0
DB02701	C0948216	0	3
DB02701	C1704436	0	4
DB02709	C0006287	0	4
DB02709	C0013144	0	2
DB02709	C1140680	0	2
DB02772	C0948216	0	3
DB02772	C1394891	0	4
DB02901	C0027686	0	0
DB02901	C0155862	0	2
DB02925	C0021141	0	4
DB03017	C0020757	0	4
DB03017	C0042963	0	0
DB03128	C0024115	0	3
DB03128	C0029927	0	4
DB03128	C0745103	0	4
DB03128	C0948896	0	4
DB03128	C2316212	0	4
DB03255	C0032787	0	1
DB03255	C0151636	0	0
DB03619	C0005697	0	2
DB03619	C0033806	0	4
DB03619	C0220989	0	4
DB03619	C0278996	0	2
DB03754	C0014549	0	0
DB03754	C0036508	0	3
DB03754	C0036651	0	4
DB03793	C0268583	0	0
DB03852	C0017181	0	1
DB03904	C0013405	0	0
DB03904	C0027424	0	3
DB03904	C0030567	0	2
DB03904	C0268070	0	2
DB03904	C1384606	0	1
DB04106	C0162429	0	2
DB04106	C0268070	0	2
DB04106	C0338908	0	4
DB04106	C0948008	0	3
DB04115	C0005587	0	0
DB04115	C0025500	0	0
DB04115	C0405580	0	4
DB04216	C0020443	0	2
DB04216	C0024115	0	0
DB04216	C0037274	0	3
DB04216	C0040053	0	4
DB04216	C0302280	0	1
DB04272	C0017638	0	0
DB04272	C0023440	0	1
DB04272	C0151686	0	0
DB04272	C0948896	0	2
DB04465	C0009319	0	0
DB04465	C0020461	0	2
DB04465	C0022575	0	4
DB04465	C0235974	0	4
DB04519	C0029463	0	0
DB04519	C0206693	0	0
DB04519	C1956346	0	1
DB04552	C0010072	0	4
DB04552	C0026691	0	1
DB04552	C0259817	0	2
DB04572	C0003467	0	4
DB04572	C0003862	0	2
DB04572	C0014550	0	2
DB04572	C0018794	0	0
DB04572	C0020473	0	1
DB04575	C0030193	0	2
DB04575	C0221013	0	2
DB04576	C0030567	0	2
DB04576	C0235063	0	0
DB04665	C0001627	0	2
DB04665	C0002395	0	0
DB04665	C0003850	0	1
DB04665	C0023434	0	1
DB04837	C0003578	0	1
DB04837	C0007138	0	3
DB04837	C0010417	0	4
DB04837	C0020461	0	1
DB04838	C0022596	0	2
DB04838	C0025294	0	3
DB04838	C0026709	0	4
DB04838	C0030590	0	3
DB04838	C0235063	0	4
DB04840	C0011860	0	0
DB04840	C0022354	0	3
DB04840	C0031154	0	0
DB04840	C0302280	0	3
DB04841	C0000737	0	2
DB04841	C0079584	0	1
DB04842	C0013421	0	1
DB04842	C0029882	0	0
DB04842	C0038160	0	0
DB04842	C0043202	0	2
DB04843	C0027661	0	1
DB04843	C0038325	0	2
DB04843	C0234533	0	3
DB04844	C0027404	0	1
DB04844	C0042842	0	0
DB04844	C0428977	0	0
DB04844	C2718128	0	2
DB04845	C0019112	0	4
DB04845	C0948480	0	0
DB04846	C0024143	0	2
DB04846	C0031117	0	0
DB04846	C0520679	0	0
DB04854	C0007786	0	3
DB04854	C0151526	0	4
DB04854	C0241961	0	3
DB04855	C0002875	0	3
DB04855	C0011606	0	4
DB04855	C0017168	0	4
DB04855	C0021141	0	2
DB04855	C0022665	0	2
DB04855	C0079584	0	0
DB04855	C0524620	0	4
DB04855	C2931618	0	3
DB04861	C0014356	0	1
DB04861	C0038362	0	4
DB04861	C0234974	0	3
DB04865	C0019202	0	0
DB04865	C0206693	0	1
DB04866	C0024301	0	1
DB04866	C0025322	0	1
DB04866	C0334634	0	3
DB04866	C0546817	0	3
DB04868	C0001430	0	2
DB04868	C0002170	0	0
DB04868	C0002395	0	3
DB04868	C0021308	0	3
DB04868	C0025294	0	4
DB04868	C0030848	0	4
DB04868	C0936215	0	4
DB04871	C0011581	0	0
DB04871	C0013384	0	0
DB04871	C0023473	0	0
DB04871	C0023518	0	0
DB04871	C0042024	0	1
DB04876	C0013386	0	2
DB04876	C0015469	0	4
DB04876	C0023892	0	2
DB04876	C0150055	0	4
DB04876	C0870082	0	2
DB04878	C0001122	0	0
DB04878	C0011875	0	1
DB04878	C0023890	0	0
DB04878	C0042487	0	0
DB04878	C1961835	0	0
DB04880	C0028754	0	4
DB04880	C0035457	0	2
DB04880	C0041408	0	0
DB04880	C0392784	0	3
DB04880	C2936781	0	2
DB04890	C0007095	0	3
DB04890	C0014733	0	2
DB04890	C0023472	0	1
DB04890	C0033117	0	3
DB04890	C0334634	0	3
DB04890	C0836924	0	2
DB04890	C1263846	0	2
DB04894	C0002894	0	0
DB04894	C0014544	0	4
DB04894	C0020523	0	2
DB04894	C0036572	0	3
DB04895	C0011849	0	1
DB04895	C0026705	0	0
DB04895	C0085159	0	0
DB04895	C1328407	0	4
DB04895	C1861172	0	3
DB04896	C0010072	0	2
DB04896	C0018418	0	3
DB04896	C0018916	0	4
DB04896	C0035455	0	3
DB04896	C0037274	0	3
DB04896	C0038363	0	1
DB04896	C0079744	0	4
DB04896	C0746102	0	2
DB04898	C0018834	0	2
DB04898	C0020459	0	3
DB04898	C0030569	0	4
DB04898	C0546817	0	3
DB04899	C0001973	0	1
DB04899	C0002962	0	3
DB04899	C0020757	0	3
DB04899	C0032914	0	2
DB04899	C0236964	0	1
DB04920	C0002962	0	3
DB04920	C0003123	0	1
DB04920	C0003850	0	0
DB04920	C0005138	0	1
DB04920	C0011849	0	4
DB04924	C0024419	0	0
DB04924	C0085605	0	4
DB04931	C0005283	0	1
DB04931	C0022661	0	1
DB04931	C0024299	0	4
DB04931	C0236663	0	1
DB04931	C0887833	0	1
DB04932	C0024586	0	0
DB04932	C0034885	0	4
DB04932	C0343755	0	4
DB04938	C0026709	0	4
DB04938	C0027051	0	0
DB04938	C0035335	0	2
DB04938	C0035457	0	4
DB04938	C0042023	0	2
DB04938	C0079731	0	0
DB04941	C0003128	0	4
DB04941	C0024473	0	1
DB04941	C2316810	0	3
DB04942	C0038363	0	1
DB04946	C0018802	0	4
DB04946	C0030920	0	0
DB04946	C0238111	0	1
DB04946	C0342881	0	4
DB04951	C0007138	0	2
DB04951	C0018021	0	2
DB04953	C0003123	0	4
DB04953	C0018203	0	1
DB04953	C0022073	0	1
DB04953	C0030848	0	0
DB04967	C0018621	0	3
DB04967	C0024117	0	0
DB04967	C0024899	0	1
DB04967	C0026998	0	2
DB04967	C0038363	0	1
DB04967	C0085605	0	1
DB05015	C0002390	0	3
DB05015	C0040053	0	2
DB05015	C0746102	0	4
DB05016	C0020473	0	0
DB05016	C0020626	0	1
DB05039	C0001618	0	4
DB05039	C0014868	0	0
DB05039	C0024523	0	2
DB05039	C0038358	0	3
DB05039	C0040046	0	3
DB05039	C0745103	0	1
DB05239	C0004245	0	1
DB05239	C0032987	0	4
DB05239	C0036508	0	0
DB05239	C0428977	0	2
DB05239	C0595948	0	1
DB05246	C0011848	0	1
DB05260	C0006105	0	2
DB05260	C0014356	0	4
DB05260	C0023440	0	4
DB05260	C0040038	0	2
DB05265	C0020456	0	2
DB05265	C0020640	0	4
DB05265	C0023467	0	2
DB05265	C0023470	0	2
DB05265	C0042138	0	1
DB05265	C0751753	0	0
DB05266	C0008312	0	0
DB05266	C0013604	0	0
DB05266	C0014743	0	4
DB05266	C0036323	0	3
DB05266	C0162627	0	4
DB05266	C0236964	0	0
DB05266	C0242698	0	2
DB05271	C0006267	0	4
DB05271	C0010346	0	2
DB05271	C0020619	0	0
DB05271	C0392784	0	1
DB05294	C0011633	0	4
DB05294	C0013415	0	3
DB05294	C0024586	0	1
DB05294	C0524909	0	3
DB05311	C0006118	0	4
DB05311	C0021670	0	0
DB05311	C0023449	0	2
DB05311	C0023472	0	0
DB05311	C0948008	0	0
DB05332	C0013338	0	0
DB05332	C0027627	0	4
DB05351	C0029443	0	0
DB05351	C2239176	0	1
DB05389	C0001623	0	1
DB05389	C0005283	0	4
DB05389	C0014335	0	0
DB05389	C0032000	0	1
DB05389	C0040997	0	1
DB05389	C0085682	0	4
DB05389	C0151740	0	3
DB05521	C0002418	0	1
DB05521	C0019054	0	4
DB05521	C0029453	0	1
DB05521	C0037036	0	4
DB05521	C0149704	0	1
DB05521	C0311375	0	4
DB05541	C0011615	0	4
DB05541	C0014859	0	1
DB05541	C0017612	0	2
DB05541	C0021390	0	3
DB05541	C0022548	0	3
DB05578	C0008311	0	1
DB05578	C0012833	0	1
DB05578	C0036572	0	0
DB05578	C0039240	0	2
DB05578	C0242383	0	0
DB05630	C0917801	0	0
DB05676	C0034885	0	1
DB05676	C0037299	0	2
DB05676	C0242339	0	4
DB05676	C0262584	0	1
DB05676	C0343755	0	3
DB05676	C0847614	0	2
DB05679	C0020640	0	0
DB05679	C0026764	0	1
DB05679	C0028768	0	3
DB05777	C0002874	0	2
DB05777	C0003873	0	4
DB05777	C0004943	0	3
DB05777	C0018671	0	2
DB05812	C0020456	0	4
DB05812	C0026705	0	0
DB05812	C0042514	0	0
DB05812	C0524910	0	1
DB05812	C4083212	0	0
DB05829	C0026705	0	1
DB05829	C0027686	0	1
DB05990	C0014869	0	4
DB05990	C0030305	0	1
DB05990	C0162568	0	2
DB05990	C0238462	0	3
DB05990	C0856727	0	1
DB05990	C0878544	0	2
DB05990	C1527336	0	4
DB06016	C0021775	0	0
DB06016	C0027022	0	1
DB06016	C0034885	0	3
DB06016	C0040028	0	2
DB06016	C0162627	0	1
DB06016	C0398650	0	4
DB06016	C0948008	0	4
DB06144	C0007134	0	1
DB06144	C0017152	0	0
DB06144	C0085669	0	4
DB06148	C0031069	0	3
DB06148	C0039590	0	3
DB06151	C0042909	0	3
DB06152	C0001430	0	4
DB06152	C0036651	0	0
DB06153	C0017160	0	4
DB06153	C0238111	0	3
DB06153	C0238462	0	1
DB06155	C0010417	0	4
DB06155	C0016412	0	3
DB06155	C0043515	0	0
DB06168	C0003811	0	3
DB06168	C0013595	0	0
DB06168	C0014836	0	4
DB06168	C0017605	0	4
DB06168	C0029927	0	3
DB06168	C0405580	0	1
DB06176	C0018790	0	2
DB06176	C0022548	0	0
DB06176	C0022595	0	1
DB06193	C0008350	0	3
DB06193	C0015503	0	3
DB06193	C0036572	0	3
DB06193	C0238111	0	4
DB06196	C0003811	0	3
DB06196	C0004775	0	0
DB06196	C0013144	0	3
DB06196	C0017168	0	2
DB06196	C0019880	0	2
DB06196	C0020507	0	0
DB06196	C0234533	0	1
DB06201	C0005424	0	0
DB06201	C0018621	0	3
DB06201	C0268543	0	2
DB06202	C0017601	0	2
DB06202	C0026705	0	1
DB06202	C0236964	0	2
DB06203	C0002894	0	0
DB06203	C0020428	0	1
DB06203	C0040053	0	1
DB06204	C0007820	0	3
DB06204	C0033975	0	0
DB06204	C0079774	0	2
DB06204	C0268390	0	4
DB06204	C0456909	0	4
DB06204	C0751435	0	3
DB06209	C0036651	0	1
DB06209	C0282528	0	4
DB06209	C0595948	0	3
DB06209	C1394891	0	4
DB06209	C2239176	0	4
DB06210	C0015469	0	1
DB06210	C0027708	0	4
DB06211	C0004245	0	4
DB06211	C0011849	0	1
DB06211	C0162568	0	4
DB06212	C0002962	0	4
DB06212	C0003873	0	2
DB06212	C0011848	0	1
DB06212	C0271650	0	4
DB06213	C0039621	0	2
DB06213	C0151940	0	0
DB06216	C0002888	0	3
DB06216	C0003873	0	1
DB06216	C0005138	0	2
DB06216	C0030578	0	3
DB06216	C0206245	0	1
DB06216	C2936781	0	0
DB06217	C0018418	0	0
DB06217	C0022573	0	1
DB06217	C0162834	0	1
DB06217	C0272375	0	3
DB06217	C0278996	0	0
DB06218	C0020443	0	1
DB06219	C0005697	0	1
DB06219	C0014733	0	4
DB06219	C0040046	0	1
DB06219	C0162429	0	4
DB06219	C1704436	0	0
DB06228	C0018801	0	3
DB06228	C0029134	0	4
DB06228	C0030319	0	4
DB06228	C0032768	0	3
DB06228	C0085159	0	0
DB06228	C0270736	0	4
DB06228	C0836924	0	2
DB06230	C0039841	0	4
DB06230	C0154143	0	0
DB06230	C0702166	0	1
DB06237	C0011848	0	1
DB06237	C0026948	0	0
DB06237	C0029434	0	1
DB06237	C0042514	0	2
DB06237	C0751865	0	3
DB06243	C0025322	0	3
DB06243	C0030319	0	1
DB06243	C0221023	0	3
DB06243	C3463824	0	2
DB06262	C0008312	0	3
DB06262	C0010072	0	4
DB06262	C0020544	0	1
DB06262	C0026769	0	0
DB06262	C0042571	0	0
DB06262	C1527311	0	1
DB06264	C0013405	0	4
DB06264	C0022665	0	1
DB06267	C0001126	0	3
DB06267	C0020546	0	0
DB06267	C0029434	0	0
DB06267	C0149931	0	3
DB06268	C0011882	0	2
DB06268	C0021051	0	0
DB06268	C0032000	0	0
DB06268	C0271650	0	2
DB06268	C0700201	0	1
DB06271	C0000809	0	1
DB06272	C0001122	0	1
DB06272	C0006114	0	0
DB06272	C0020179	0	1
DB06272	C0022073	0	1
DB06272	C0206693	0	0
DB06273	C0002171	0	4
DB06273	C0016412	0	2
DB06273	C0018790	0	3
DB06273	C1704436	0	1
DB06282	C0007102	0	3
DB06282	C0008312	0	4
DB06282	C0031154	0	2
DB06282	C0042373	0	0
DB06282	C0276535	0	4
DB06282	C0334579	0	3
DB06282	C1384606	0	1
DB06285	C0025294	0	4
DB06285	C0035457	0	0
DB06285	C0220989	0	2
DB06285	C4083212	0	2
DB06287	C0085580	0	4
DB06288	C0018924	0	4
DB06290	C0011644	0	0
DB06290	C0024301	0	2
DB06290	C0037930	0	3
DB06290	C0040053	0	0
DB06290	C0042870	0	0
DB06290	C0700201	0	3
DB06292	C0014583	0	1
DB06292	C0948008	0	2
DB06317	C0025323	0	0
DB06317	C0042345	0	4
DB06317	C0150055	0	1
DB06335	C0018794	0	2
DB06335	C0730345	0	4
DB06372	C0022951	0	4
DB06372	C0023472	0	4
DB06372	C0024473	0	0
DB06372	C0024790	0	1
DB06372	C0155862	0	0
DB06401	C0036421	0	1
DB06401	C0042875	0	3
DB06401	C0338908	0	2
DB06401	C0392784	0	0
DB06401	C1263846	0	1
DB06403	C0008489	0	1
DB06403	C0013415	0	1
DB06403	C0020540	0	2
DB06403	C0042133	0	1
DB06410	C1408258	0	1
DB06412	C0000786	0	0
DB06412	C0003578	0	0
DB06412	C0004775	0	4
DB06412	C0085610	0	4
DB06413	C0015967	0	2
DB06413	C0029191	0	1
DB06439	C0001418	0	2
DB06439	C0268579	0	1
DB06439	C0311277	0	1
DB06441	C0024894	0	1
DB06441	C0036980	0	4
DB06441	C0409818	0	1
DB06470	C0002792	0	4
DB06470	C0002875	0	2
DB06470	C0022660	0	2
DB06470	C0036337	0	1
DB06470	C0085631	0	1
DB06479	C0013405	0	0
DB06479	C0027796	0	2
DB06479	C0036202	0	1
DB06480	C0008533	0	3
DB06589	C0022595	0	2
DB06589	C0032227	0	0
DB06589	C0036508	0	4
DB06589	C0038525	0	3
DB06594	C0268483	0	1
DB06603	C0018273	0	3
DB06603	C0019202	0	1
DB06603	C0020503	0	2
DB06605	C0002880	0	4
DB06605	C0019829	0	0
DB06616	C0002453	0	4
DB06616	C0013238	0	4
DB06616	C0085612	0	2
DB06616	C0151714	0	1
DB06616	C0546817	0	1
DB06616	C0751435	0	3
DB06626	C0017168	0	1
DB06626	C0022548	0	2
DB06626	C0242488	0	3
DB06626	C0311375	0	1
DB06626	C0546817	0	1
DB06637	C0085669	0	3
DB06637	C0342384	0	3
DB06643	C0011334	0	3
DB06643	C0018681	0	1
DB06643	C0342543	0	1
DB06650	C0038356	0	4
DB06650	C2973725	0	3
DB06654	C0004364	0	3
DB06654	C0015397	0	2
DB06654	C0018916	0	4
DB06654	C0030590	0	1
DB06654	C0268490	0	1
DB06654	C0919267	0	3
DB06655	C0018099	0	4
DB06655	C0023518	0	2
DB06655	C0428977	0	4
DB06663	C0005699	0	3
DB06663	C0009375	0	1
DB06663	C0014170	0	4
DB06663	C0030193	0	2
DB06663	C0030807	0	0
DB06663	C0887833	0	1
DB06684	C0002880	0	0
DB06684	C0004364	0	3
DB06684	C0013384	0	4
DB06684	C0035457	0	4
DB06684	C0702166	0	3
DB06684	C0746102	0	2
DB06688	C0031154	0	0
DB06688	C0042373	0	0
DB06688	C0080274	0	4
DB06688	C0151636	0	1
DB06689	C0020502	0	3
DB06689	C0020545	0	3
DB06689	C0023437	0	4
DB06691	C0004943	0	2
DB06691	C0014583	0	4
DB06691	C0019618	0	4
DB06692	C0020598	0	3
DB06692	C0268596	0	0
DB06694	C0005779	0	0
DB06694	C0038363	0	4
DB06694	C0042023	0	3
DB06694	C0162316	0	3
DB06694	C0162627	0	4
DB06694	C0162836	0	0
DB06694	C0242973	0	4
DB06697	C0005697	0	2
DB06697	C0010346	0	1
DB06697	C0020502	0	3
DB06697	C0029408	0	4
DB06697	C0085580	0	3
DB06697	C0409818	0	4
DB06699	C0013415	0	2
DB06699	C0023434	0	2
DB06700	C0035229	0	1
DB06700	C0149931	0	3
DB06700	C0376545	0	0
DB06700	C0687150	0	3
DB06700	C1527311	0	4
DB06701	C0005587	0	4
DB06701	C0007131	0	4
DB06701	C0028734	0	3
DB06701	C0032019	0	1
DB06701	C1142132	0	4
DB06702	C0002453	0	3
DB06702	C0041296	0	0
DB06706	C0004604	0	4
DB06706	C0020480	0	1
DB06706	C0034065	0	2
DB06706	C0040997	0	1
DB06706	C0242488	0	1
DB06707	C0003492	0	1
DB06707	C0004238	0	0
DB06707	C0036323	0	0
DB06707	C0271578	0	2
DB06707	C1260899	0	2
DB06707	C1458155	0	2
DB06709	C0042164	0	3
DB06709	C0409959	0	4
DB06710	C0023467	0	3
DB06710	C0042875	0	1
DB06710	C0751865	0	4
DB06710	C0877792	0	0
DB06711	C0023480	0	2
DB06711	C0234974	0	3
DB06713	C0032897	0	0
DB06713	C0035457	0	0
DB06713	C0524909	0	0
DB06714	C0030848	0	0
DB06714	C0032027	0	0
DB06714	C0036337	0	3
DB06714	C0154143	0	1
DB06714	C0730345	0	0
DB06714	C2267227	0	3
DB06716	C0013182	0	4
DB06717	C0019156	0	1
DB06717	C0151723	0	2
DB06717	C1961099	0	2
DB06718	C0002875	0	0
DB06718	C0017601	0	2
DB06718	C0018671	0	3
DB06718	C0029456	0	0
DB06718	C0494475	0	0
DB06719	C0027430	0	2
DB06719	C0677607	0	3
DB06720	C0003492	0	3
DB06720	C0013386	0	1
DB06725	C0003578	0	0
DB06725	C0011848	0	4
DB06725	C0017086	0	4
DB06725	C0022354	0	0
DB06725	C0029434	0	1
DB06725	C0042035	0	3
DB06725	C0152020	0	2
DB06736	C0014733	0	0
DB06736	C0020538	0	0
DB06739	C0001206	0	2
DB06739	C0020503	0	4
DB06739	C0031046	0	3
DB06739	C0085417	0	3
DB06739	C0270851	0	3
DB06754	C0001403	0	3
DB06754	C0011644	0	2
DB06754	C0011884	0	1
DB06754	C0238198	0	4
DB06754	C0281361	0	2
DB06756	C0023481	0	4
DB06756	C0024115	0	2
DB06756	C1134719	0	2
DB06764	C0008149	0	2
DB06764	C0017160	0	4
DB06764	C0155862	0	4
DB06764	C0376358	0	3
DB06764	C0497327	0	3
DB06766	C0016412	0	2
DB06766	C0039621	0	0
DB06766	C0151636	0	4
DB06766	C0751865	0	2
DB06774	C0007137	0	1
DB06774	C0023448	0	2
DB06774	C0030848	0	3
DB06774	C0035412	0	4
DB06775	C0032019	0	0
DB06777	C0021051	0	4
DB06777	C0278996	0	0
DB06782	C0013338	0	1
DB06782	C0235974	0	0
DB06785	C0004352	0	4
DB06785	C0023434	0	3
DB06785	C0040479	0	0
DB06785	C0282488	0	2
DB06786	C0003467	0	4
DB06786	C0017160	0	2
DB06786	C0035457	0	0
DB06786	C0232940	0	1
DB06786	C0262584	0	1
DB06786	C0342788	0	0
DB06788	C0013720	0	2
DB06788	C0019087	0	3
DB06791	C0028326	0	2
DB06791	C0036572	0	2
DB06791	C0221260	0	4
DB06800	C0013295	0	2
DB06800	C0021051	0	4
DB06800	C0038356	0	1
DB06800	C0162429	0	2
DB06800	C0242383	0	3
DB06800	C0342731	0	0
DB06803	C0010481	0	0
DB06803	C0027404	0	1
DB06803	C0949116	0	0
DB06809	C0002888	0	0
DB06809	C0014550	0	2
DB06809	C0018790	0	2
DB06809	C0035412	0	0
DB06809	C0038525	0	3
DB06809	C2316810	0	1
DB06813	C0004775	0	2
DB06813	C0007137	0	2
DB06813	C0014038	0	1
DB06813	C0020621	0	3
DB06813	C0021141	0	0
DB06813	C0162836	0	3
DB06813	C0220983	0	3
DB06819	C0003864	0	3
DB06819	C0020503	0	1
DB06819	C0027022	0	3
DB06819	C0042138	0	1
DB06819	C0220756	0	3
DB06819	C2973725	0	2
DB06824	C0004239	0	4
DB06824	C0020676	0	3
DB06824	C0023440	0	3
DB06824	C0024117	0	2
DB06824	C0024299	0	1
DB06824	C0920350	0	2
DB06824	C2316810	0	2
DB06825	C0021308	0	2
DB07477	C0151526	0	4
DB07477	C0205768	0	4
DB07477	C0311277	0	3
DB07615	C0032019	0	0
DB07615	C0079584	0	3
DB07615	C0149871	0	2
DB08604	C0003862	0	4
DB08604	C0014549	0	1
DB08604	C0022548	0	3
DB08604	C0032027	0	1
DB08604	C0151723	0	1
DB08604	C0948480	0	2
DB08799	C0029453	0	4
DB08799	C0085606	0	0
DB08799	C0751362	0	0
DB08800	C0011991	0	3
DB08800	C0013405	0	3
DB08800	C0272375	0	0
DB08800	C0334634	0	0
DB08800	C0730345	0	4
DB08801	C0025202	0	3
DB08801	C0036508	0	0
DB08801	C0268390	0	1
DB08801	C0751122	0	0
DB08802	C0020437	0	2
DB08802	C0020542	0	1
DB08802	C0025500	0	0
DB08804	C0005699	0	3
DB08804	C0014556	0	3
DB08804	C0018916	0	0
DB08806	C0004096	0	2
DB08806	C0013428	0	4
DB08806	C0033806	0	0
DB08806	C0033975	0	0
DB08806	C0034186	0	2
DB08806	C0235063	0	0
DB08807	C0014121	0	4
DB08807	C0040997	0	2
DB08807	C0242383	0	4
DB08808	C0003578	0	3
DB08808	C0234533	0	3
DB08810	C0007785	0	0
DB08810	C0043459	0	4
DB08811	C0026650	0	3
DB08811	C0027430	0	2
DB08811	C0220994	0	1
DB08811	C1263846	0	1
DB08814	C0023892	0	0
DB08814	C0027424	0	4
DB08815	C0005779	0	4
DB08815	C0013338	0	0
DB08815	C0023267	0	4
DB08815	C0026764	0	2
DB08816	C0020428	0	3
DB08818	C0162627	0	2
DB08820	C0034067	0	3
DB08820	C0037188	0	0
DB08820	C0678222	0	4
DB08822	C0008149	0	4
DB08822	C0013274	0	4
DB08822	C0014868	0	3
DB08822	C0023212	0	0
DB08822	C0149725	0	4
DB08822	C0268390	0	3
DB08822	C0282193	0	3
DB08822	C0342788	0	2
DB08826	C0028768	0	3
DB08826	C2607914	0	2
DB08827	C0456909	0	3
DB08827	C0524620	0	1
DB08827	C1527336	0	4
DB08828	C2718128	0	2
DB08835	C0005138	0	2
DB08835	C0014867	0	3
DB08835	C0022354	0	1
DB08835	C0022575	0	4
DB08835	C0032787	0	2
DB08835	C0037299	0	2
DB08835	C0162834	0	0
DB08836	C0018021	0	3
DB08860	C0005138	0	3
DB08860	C0019618	0	4
DB08860	C0497327	0	2
DB08860	C0700201	0	3
DB08867	C0005779	0	0
DB08867	C0013338	0	4
DB08867	C0034186	0	4
DB08867	C0042373	0	0
DB08868	C0030297	0	2
DB08868	C0238198	0	3
DB08868	C0268596	0	3
DB08869	C0008311	0	3
DB08869	C0009319	0	0
DB08869	C0011860	0	0
DB08869	C0015230	0	1
DB08869	C0334579	0	4
DB08869	C0847614	0	3
DB08870	C0178416	0	0
DB08870	C0428977	0	4
DB08871	C0524909	0	1
DB08871	C0596263	0	3
DB08872	C0008149	0	4
DB08872	C0015371	0	3
DB08872	C0039240	0	4
DB08872	C0268583	0	0
DB08872	C0334579	0	4
DB08872	C0342527	0	2
DB08873	C0001430	0	2
DB08873	C0162316	0	0
DB08873	C0238111	0	2
DB08875	C0004096	0	2
DB08875	C0019069	0	4
DB08875	C0031069	0	2
DB08875	C0039841	0	1
DB08875	C0342384	0	2
DB08877	C0162568	0	2
DB08877	C0847614	0	0
DB08879	C0022593	0	1
DB08880	C0018099	0	4
DB08880	C0025322	0	2
DB08880	C0039621	0	2
DB08881	C0018418	0	1
DB08881	C0020546	0	1
DB08882	C0032019	0	2
DB08882	C0037036	0	1
DB08882	C0087012	0	1
DB08882	C0205768	0	1
DB08882	C0271578	0	2
DB08883	C0000744	0	1
DB08883	C0019112	0	2
DB08883	C0020615	0	0
DB08883	C0022593	0	0
DB08883	C0031154	0	1
DB08883	C0398623	0	4
DB08885	C0013238	0	3
DB08885	C0020598	0	4
DB08888	C0004775	0	0
DB08888	C0030848	0	4
DB08888	C0948008	0	2
DB08889	C0020514	0	2
DB08889	C2937421	0	2
DB08890	C0011334	0	0
DB08890	C0014038	0	2
DB08890	C0026691	0	1
DB08890	C0034150	0	0
DB08890	C0042024	0	1
DB08890	C0220710	0	4
DB08890	C1527311	0	1
DB08893	C0001126	0	2
DB08893	C0007193	0	1
DB08893	C0079731	0	1
DB08893	C0342881	0	2
DB08894	C0034186	0	0
DB08894	C0035455	0	3
DB08894	C1861172	0	4
DB08895	C0001430	0	4
DB08895	C0020517	0	0
DB08895	C0034063	0	0
DB08896	C0020625	0	0
DB08896	C0029442	0	1
DB08897	C0007134	0	1
DB08897	C0014733	0	3
DB08897	C0038362	0	1
DB08897	C0041341	0	0
DB08897	C0270458	0	1
DB08901	C0005283	0	1
DB08901	C0017638	0	1
DB08901	C0020598	0	2
DB08901	C0022073	0	0
DB08901	C0029442	0	4
DB08901	C0030920	0	2
DB08901	C0038363	0	4
DB08901	C0677607	0	4
DB08901	C1704417	0	2
DB08904	C0010054	0	0
DB08904	C0079773	0	3
DB08906	C0149725	0	4
DB08906	C0235063	0	0
DB08906	C0338908	0	0
DB08907	C0000737	0	2
DB08907	C0017205	0	3
DB08907	C0023470	0	0
DB08907	C2607914	0	2
DB08908	C0011881	0	0
DB08908	C0023449	0	3
DB08908	C0024138	0	0
DB08908	C0032227	0	2
DB08910	C0036341	0	0
DB08910	C0038454	0	1
DB08910	C0042164	0	2
DB08910	C0235974	0	0
DB08910	C0276535	0	1
DB08911	C0027697	0	0
DB08911	C0042345	0	3
DB08911	C0235063	0	3
DB08911	C0751122	0	2
DB08912	C0006114	0	3
DB08912	C0020538	0	0
DB08912	C0022568	0	3
DB08912	C0162627	0	0
DB08912	C2316212	0	2
DB08918	C0014742	0	0
DB08918	C0020619	0	3
DB08918	C0031117	0	2
DB08918	C0034069	0	4
DB08922	C0002894	0	3
DB08922	C0005694	0	4
DB08922	C0009375	0	3
DB08922	C0013595	0	1
DB08922	C0271568	0	3
DB08922	C1565489	0	0
DB08922	C2239176	0	3
DB08931	C0020676	0	0
DB08932	C0003850	0	2
DB08935	C0013415	0	2
DB08935	C0020433	0	0
DB08935	C0023892	0	4
DB08935	C0026650	0	3
DB08935	C0028738	0	3
DB08935	C0887833	0	0
DB08936	C0154143	0	1
DB08936	C2973725	0	3
DB08941	C0004943	0	1
DB08941	C0011881	0	0
DB08941	C0027726	0	2
DB08941	C0032914	0	3
DB08941	C0155862	0	4
DB08955	C0008312	0	3
DB08955	C0014121	0	0
DB08955	C0024437	0	2
DB08955	C1527304	0	1
DB08957	C0003128	0	2
DB08961	C0007570	0	2
DB08961	C0014550	0	2
DB08961	C0014583	0	2
DB08961	C0022073	0	3
DB08961	C0023890	0	4
DB08961	C0026650	0	3
DB08961	C0029463	0	0
DB08961	C0034069	0	3
DB08961	C0040147	0	0
DB08961	C0043459	0	2
DB08983	C0013384	0	3
DB08983	C0013415	0	0
DB08983	C0017531	0	1
DB08983	C0024141	0	4
DB08983	C0026764	0	1
DB08983	C0026961	0	1
DB08984	C0002170	0	3
DB08984	C0005967	0	0
DB08984	C0009806	0	3
DB08984	C0030446	0	3
DB08985	C0013264	0	3
DB08985	C0428974	0	2
DB08985	C0751435	0	3
DB08985	C1849508	0	4
DB08986	C0036220	0	0
DB08986	C0948008	0	3
DB08992	C0020179	0	0
DB08992	C0020635	0	4
DB08992	C0026961	0	0
DB08992	C0241961	0	2
DB08992	C0282488	0	3
DB08992	C0917805	0	4
DB08995	C0014335	0	0
DB08995	C0014859	0	0
DB08995	C0022575	0	3
DB09000	C0017168	0	1
DB09000	C0020550	0	2
DB09006	C0006271	0	1
DB09006	C0150055	0	0
DB09006	C0917801	0	1
DB09006	C1134719	0	3
DB09010	C0003578	0	2
DB09010	C0015503	0	3
DB09010	C0015967	0	2
DB09010	C0022354	0	3
DB09010	C0022575	0	3
DB09010	C0029458	0	1
DB09010	C0032787	0	1
DB09010	C0087012	0	0
DB09010	C0149958	0	0
DB09014	C0013404	0	2
DB09014	C0085159	0	0
DB09014	C0085413	0	2
DB09015	C0011884	0	3
DB09015	C0151744	0	3
DB09015	C0702166	0	2
DB09018	C0002390	0	3
DB09018	C0014335	0	3
DB09018	C0025323	0	0
DB09026	C0002395	0	2
DB09026	C0040517	0	2
DB09026	C1263846	0	0
DB09029	C0017601	0	2
DB09029	C0023449	0	0
DB09029	C0271568	0	2
DB09030	C0000737	0	0
DB09033	C0007642	0	3
DB09033	C0030569	0	4
DB09033	C1394891	0	3
DB09034	C0036202	0	0
DB09034	C0040038	0	1
DB09034	C0079744	0	1
DB09034	C0206686	0	0
DB09034	C0428974	0	0
DB09035	C0018418	0	4
DB09036	C0019880	0	0
DB09036	C2242472	0	4
DB09037	C0027022	0	3
DB09037	C0029191	0	3
DB09037	C0031511	0	0
DB09037	C0085681	0	4
DB09038	C0001126	0	2
DB09038	C0002962	0	4
DB09038	C0030807	0	4
DB09038	C0036983	0	4
DB09039	C0013415	0	2
DB09039	C0041296	0	2
DB09039	C0042029	0	2
DB09040	C0018794	0	0
DB09040	C0031485	0	4
DB09040	C0040038	0	0
DB09043	C0011644	0	1
DB09043	C0013386	0	3
DB09043	C0017636	0	0
DB09043	C0035854	0	4
DB09043	C0036337	0	2
DB09043	C0036920	0	3
DB09043	C1336708	0	4
DB09045	C0025323	0	1
DB09045	C0035585	0	0
DB09045	C0036983	0	4
DB09045	C0039483	0	4
DB09046	C0005283	0	1
DB09046	C0030569	0	3
DB09046	C0040034	0	4
DB09046	C0040038	0	3
DB09046	C0235974	0	3
DB09047	C0013384	0	1
DB09047	C0015672	0	0
DB09047	C0032580	0	2
DB09047	C0342731	0	3
DB09047	C0524620	0	3
DB09047	C0751435	0	3
DB09047	C0876973	0	4
DB09048	C0018924	0	2
DB09048	C0026848	0	4
DB09048	C0034885	0	3
DB09049	C0008489	0	0
DB09049	C0022573	0	2
DB09049	C0024031	0	1
DB09049	C0030920	0	4
DB09049	C0042035	0	3
DB09049	C0220756	0	0
DB09049	C0497327	0	1
DB09049	C0595948	0	4
DB09053	C0011644	0	4
DB09053	C0014583	0	0
DB09053	C0026987	0	2
DB09053	C0040034	0	0
DB09053	C1956346	0	4
DB09054	C0018099	0	1
DB09054	C0270851	0	2
DB09059	C0009319	0	1
DB09059	C0011581	0	0
DB09059	C0025289	0	2
DB09059	C0042035	0	0
DB09059	C0087012	0	0
DB09064	C0085649	0	2
DB09064	C1621958	0	3
DB09067	C0018621	0	3
DB09067	C0023487	0	2
DB09067	C0206693	0	2
DB09067	C0241961	0	3
DB09067	C0346421	0	2
DB09068	C0025149	0	4
DB09068	C0027404	0	0
DB09069	C0020479	0	0
DB09070	C0017636	0	3
DB09070	C0021359	0	3
DB09075	C0013295	0	3
DB09075	C0018621	0	4
DB09075	C0025500	0	4
DB09075	C0029456	0	0
DB09075	C1458155	0	2
DB09076	C0022660	0	4
DB09076	C0033581	0	2
DB09076	C0040053	0	4
DB09076	C0085606	0	1
DB09078	C0001618	0	3
DB09078	C0024437	0	0
DB09079	C0003962	0	1
DB09079	C0007134	0	4
DB09079	C0024301	0	3
DB09079	C0027404	0	2
DB09079	C2316212	0	3
DB09080	C0006271	0	2
DB09080	C0024419	0	4
DB09082	C0037274	0	1
DB09083	C0010200	0	3
DB09083	C0028738	0	0
DB09083	C0040997	0	4
DB09085	C0020544	0	3
DB09085	C0221013	0	2
DB09089	C0030848	0	1
DB09089	C0036983	0	0
DB09089	C1961835	0	0
DB09090	C0017531	0	2
DB09090	C0026848	0	2
DB09090	C0242973	0	1
DB09090	C1956346	0	2
DB09091	C0007194	0	2
DB09091	C0025322	0	2
DB09091	C0030193	0	0
DB09091	C0032987	0	0
DB09091	C0043202	0	4
DB09091	C0238111	0	3
DB09091	C0262584	0	2
DB09091	C0948008	0	2
DB09097	C0009324	0	2
DB09097	C0011334	0	4
DB09097	C0149745	0	0
DB09099	C0001418	0	2
DB09099	C0012739	0	2
DB09099	C0022665	0	3
DB09099	C0035335	0	2
DB09099	C2316810	0	1
DB09099	C4048328	0	4
DB09107	C0004238	0	2
DB09107	C0038525	0	4
DB09108	C0009375	0	1
DB09108	C0152020	0	4
DB09108	C0242488	0	2
DB09108	C0398775	0	0
DB09108	C0520679	0	3
DB09108	C0847614	0	1
DB09109	C0003123	0	4
DB09109	C0007095	0	1
DB09109	C0037188	0	2
DB09109	C0085580	0	2
DB09109	C0836924	0	1
DB09118	C0034069	0	4
DB09118	C0041408	0	4
DB09119	C0008489	0	4
DB09119	C0017601	0	2
DB09119	C0019112	0	4
DB09119	C0019151	0	3
DB09119	C0036323	0	0
DB09119	C0236964	0	2
DB09119	C0856727	0	2
DB09121	C0004114	0	0
DB09123	C0268579	0	0
DB09123	C1168401	0	0
DB09126	C0001122	0	0
DB09126	C0007134	0	4
DB09126	C0024894	0	0
DB09126	C0042164	0	1
DB09126	C0235974	0	3
DB09126	C0520679	0	1
DB09126	C0751362	0	2
DB09128	C0007789	0	3
DB09128	C0013720	0	4
DB09128	C0022548	0	3
DB09128	C0040038	0	0
DB09128	C0040156	0	4
DB09128	C0042109	0	3
DB09128	C0271568	0	3
DB09128	C0376545	0	0
DB09128	C1960397	0	2
DB09131	C0042384	0	3
DB09131	C0206245	0	0
DB09131	C0238462	0	1
DB09131	C0342527	0	0
DB09131	C0847614	0	0
DB09140	C0002875	0	0
DB09143	C0014549	0	2
DB09143	C0023418	0	0
DB09143	C0027662	0	3
DB09143	C0041341	0	4
DB09143	C0149958	0	0
DB09143	C0241961	0	4
DB09143	C3495559	0	1
DB09146	C0026764	0	1
DB09146	C0031099	0	0
DB09146	C1861172	0	4
DB09166	C0014038	0	4
DB09166	C0022595	0	0
DB09167	C0032987	0	1
DB09167	C0039841	0	1
DB09185	C0010692	0	3
DB09185	C0028768	0	0
DB09185	C0030807	0	0
DB09185	C0524909	0	0
DB09185	C0878773	0	1
DB09198	C0011882	0	0
DB09198	C0020217	0	1
DB09198	C0027430	0	2
DB09204	C0002894	0	3
DB09204	C0022951	0	1
DB09204	C0034186	0	3
DB09204	C1142132	0	3
DB09205	C0023443	0	2
DB09205	C0024143	0	2
DB09212	C0001430	0	0
DB09212	C0025637	0	1
DB09212	C0936215	0	1
DB09213	C0006118	0	3
DB09213	C0014556	0	0
DB09215	C0015624	0	0
DB09215	C0019880	0	4
DB09217	C0221765	0	3
DB09217	C1960397	0	0
DB09220	C0009763	0	0
DB09220	C0020649	0	1
DB09220	C0021359	0	3
DB09220	C0022568	0	1
DB09220	C0238052	0	0
DB09220	C0595948	0	2
DB09221	C0006625	0	2
DB09221	C0008312	0	1
DB09221	C0023470	0	2
DB09221	C0024115	0	2
DB09221	C0037188	0	2
DB09221	C0085580	0	4
DB09221	C1960397	0	1
DB09223	C0010692	0	3
DB09223	C0023518	0	4
DB09223	C0026961	0	0
DB09223	C0027424	0	4
DB09223	C0030920	0	0
DB09223	C0033117	0	2
DB09223	C0035579	0	0
DB09223	C0040261	0	0
DB09223	C0346421	0	4
DB09223	C0948216	0	4
DB09225	C0022573	0	2
DB09225	C0024143	0	3
DB09225	C0026764	0	0
DB09225	C0029463	0	2
DB09225	C0178416	0	3
DB09225	C1306889	0	0
DB09228	C0009763	0	3
DB09228	C0013415	0	0
DB09228	C0018916	0	3
DB09228	C0022595	0	2
DB09228	C0451641	0	0
DB09229	C0035579	0	1
DB09230	C0002874	0	3
DB09230	C0018802	0	2
DB09230	C0019112	0	4
DB09230	C0149958	0	2
DB09230	C0150055	0	1
DB09230	C0231528	0	0
DB09235	C0001126	0	3
DB09235	C2242472	0	2
DB09241	C0025874	0	3
DB09241	C0036341	0	3
DB09241	C0151636	0	0
DB09241	C0221013	0	2
DB09241	C1336708	0	0
DB09244	C0005138	0	1
DB09244	C0007570	0	3
DB09244	C0011849	0	2
DB09244	C0021775	0	4
DB09244	C0022595	0	0
DB09244	C0152020	0	3
DB09245	C0001418	0	4
DB09245	C0027051	0	2
DB09245	C0036983	0	0
DB09245	C0150055	0	2
DB09245	C0546817	0	4
DB09245	C3544321	0	4
DB09258	C0010308	0	3
DB09258	C0017181	0	1
DB09258	C0025637	0	3
DB09258	C0036220	0	4
DB09258	C0040156	0	4
DB09258	C0392784	0	0
DB09262	C0010417	0	2
DB09262	C0015397	0	0
DB09262	C0020459	0	1
DB09262	C0020651	0	1
DB09262	C0026848	0	3
DB09262	C0039621	0	2
DB09262	C0272375	0	3
DB09265	C0006413	0	3
DB09265	C0014175	0	0
DB09265	C0035585	0	2
DB09265	C0220989	0	0
DB09265	C0271623	0	2
DB09265	C0856727	0	1
DB09270	C0013384	0	0
DB09271	C0030567	0	1
DB09272	C0079774	0	3
DB09272	C0270736	0	4
DB09273	C0005699	0	2
DB09273	C0019156	0	2
DB09273	C0270458	0	0
DB09273	C1142132	0	1
DB09279	C0005697	0	3
DB09279	C0268583	0	4
DB09279	C2718128	0	1
DB09280	C0012833	0	4
DB09280	C0020544	0	0
DB09280	C0024301	0	1
DB09280	C0029396	0	2
DB09280	C0037299	0	1
DB09280	C0162627	0	1
DB09280	C0238111	0	1
DB09280	C2316810	0	4
DB09282	C0011849	0	4
DB09282	C0037036	0	2
DB09282	C0149925	0	4
DB09282	C0234533	0	3
DB09282	C0311375	0	0
DB09283	C0018099	0	4
DB09286	C0002880	0	0
DB09286	C0017181	0	2
DB09286	C0149871	0	3
DB09286	C0151686	0	0
DB09286	C0334579	0	1
DB09288	C0002418	0	2
DB09288	C0015371	0	3
DB09288	C0024299	0	3
DB09288	C0151942	0	0
DB09289	C0017638	0	2
DB09289	C0020557	0	0
DB09289	C0021359	0	0
DB09289	C0040015	0	2
DB09289	C0042384	0	3
DB09290	C0008312	0	3
DB09290	C0026838	0	4
DB09290	C0030319	0	3
DB09290	C0175683	0	2
DB09290	C0270736	0	4
DB09290	C0687150	0	2
DB09292	C0001418	0	2
DB09292	C0018834	0	4
DB09292	C0022073	0	2
DB09292	C0040822	0	4
DB09292	C0311277	0	3
DB09292	C1260899	0	2
DB09292	C1565489	0	2
DB09301	C0025322	0	0
DB09301	C0042035	0	2
DB09302	C0030807	0	0
DB09302	C0271650	0	1
DB09304	C0010930	0	3
DB09304	C0019080	0	1
DB09304	C0020514	0	0
DB09304	C0036651	0	3
DB09304	C0040015	0	3
DB09304	C0268543	0	2
DB09310	C0270846	0	0
DB09331	C0022073	0	3
DB09331	C0033117	0	0
DB09331	C0268596	0	2
DB09331	C0878787	0	3
DB09332	C0029401	0	3
DB09332	C0151526	0	4
DB09332	C0847614	0	0
DB09343	C0005587	0	2
DB09343	C0009952	0	2
DB09343	C0025874	0	1
DB09343	C0029408	0	3
DB09343	C0178416	0	0
DB09351	C0019156	0	0
DB09351	C0020523	0	4
DB09351	C0026948	0	2
DB09351	C0042870	0	3
DB09351	C0730345	0	4
DB09351	C0856727	0	0
DB09351	C0877792	0	0
DB09371	C0001623	0	2
DB09371	C0009763	0	3
DB09371	C0042023	0	4
DB09371	C0042373	0	0
DB09371	C0042487	0	2
DB09371	C0149871	0	2
DB09371	C0241961	0	1
DB09371	C2931618	0	1
DB09389	C0029396	0	4
DB09389	C0042514	0	1
DB09389	C0085215	0	3
DB09389	C0302280	0	0
DB09401	C0149871	0	1
DB09401	C0268596	0	0
DB09418	C0014553	0	4
DB09418	C0034012	0	0
DB09418	C0746102	0	4
DB09462	C0003962	0	4
DB09462	C0022575	0	2
DB09462	C0029442	0	1
DB09462	C0029458	0	1
DB09462	C0034150	0	2
DB09462	C0036980	0	3
DB09462	C0039685	0	0
DB09462	C0043352	0	2
DB09462	C0376358	0	3
DB09477	C0005699	0	2
DB09477	C0007820	0	3
DB09477	C0017574	0	1
DB09477	C0019054	0	1
DB09477	C0025637	0	4
DB09477	C0040038	0	4
DB09481	C0039483	0	4
DB09481	C0268543	0	1
DB09481	C0278996	0	4
DB09481	C1527304	0	3
DB09481	C2242472	0	3
DB09488	C0013144	0	0
DB09488	C0018203	0	4
DB09488	C0021361	0	3
DB09488	C0036980	0	2
DB09488	C0343755	0	4
DB09488	C0409959	0	3
DB09516	C0020598	0	1
DB09516	C0022073	0	3
DB09516	C0035258	0	2
DB09516	C0040136	0	4
DB09516	C2930898	0	0
DB09517	C0027726	0	4
DB09517	C0031099	0	2
DB09517	C0085612	0	3
DB09555	C0004238	0	1
DB09555	C0032460	0	3
DB09559	C0002871	0	0
DB09559	C0013405	0	1
DB09559	C0022661	0	3
DB09559	C0043515	0	1
DB09564	C0011882	0	3
DB09564	C0035585	0	3
DB09564	C0221032	0	0
DB09568	C0004775	0	0
DB09568	C0032787	0	4
DB11059	C0021390	0	3
DB11059	C0271093	0	2
DB11071	C0751674	0	0
DB11071	C1261473	0	3
DB11081	C0005684	0	3
DB11081	C0008325	0	1
DB11081	C0013421	0	4
DB11081	C0013720	0	4
DB11081	C0022595	0	0
DB11081	C0038362	0	4
DB11081	C0041296	0	2
DB11081	C0235480	0	2
DB11081	C0376358	0	2
DB11085	C0030446	0	2
DB11085	C0040997	0	2
DB11085	C0080274	0	1
DB11085	C0948480	0	1
DB11130	C0010200	0	3
DB11131	C0020452	0	0
DB11131	C0027726	0	1
DB11131	C0242350	0	2
DB11136	C0037036	0	2
DB11136	C0041948	0	1
DB11136	C0085413	0	2
DB11157	C0004153	0	4
DB11157	C0038160	0	2
DB11157	C0751122	0	4
DB11166	C0002726	0	2
DB11166	C0409959	0	1
DB11181	C0022951	0	3
DB11181	C0025322	0	2
DB11181	C0031511	0	1
DB11181	C0032987	0	3
DB11181	C1956346	0	0
DB11235	C0040046	0	3
DB11235	C0949116	0	4
DB11273	C0005283	0	4
DB11273	C0007131	0	2
DB11273	C0027051	0	3
DB11273	C0751362	0	0
DB11273	C1837475	0	0
DB11274	C0020452	0	4
DB11274	C0242339	0	0
DB11324	C0017160	0	0
DB11324	C0030848	0	0
DB11324	C0032460	0	3
DB11324	C0085215	0	3
DB11324	C0259817	0	2
DB11324	C0740394	0	4
DB11324	C0878773	0	1
DB11362	C0026764	0	2
DB11363	C0023212	0	2
DB11363	C0031099	0	4
DB11363	C0242339	0	0
DB11363	C1269683	0	0
DB11560	C0024117	0	2
DB11560	C0259817	0	1
DB11571	C0014836	0	2
DB11571	C0023518	0	0
DB11572	C0031069	0	0
DB11572	C0085610	0	2
DB11581	C0023267	0	4
DB11582	C0013238	0	0
DB11582	C0023440	0	2
DB11582	C0040156	0	3
DB11582	C0343755	0	0
DB11582	C0699791	0	4
DB11591	C0032768	0	2
DB11591	C0036323	0	0
DB11591	C0175683	0	1
DB11591	C0751122	0	2
DB11595	C0038356	0	3
DB11595	C0751434	0	2
DB11598	C0016057	0	0
DB11598	C0022568	0	3
DB11598	C0023052	0	3
DB11598	C0154143	0	0
DB11614	C0000744	0	3
DB11614	C0023443	0	3
DB11614	C0042384	0	2
DB11614	C0178416	0	0
DB11619	C0004153	0	0
DB11619	C0005586	0	0
DB11619	C0020503	0	4
DB11619	C0023052	0	0
DB11619	C0282488	0	4
DB11629	C0004153	0	1
DB11629	C0023470	0	2
DB11632	C0343755	0	2
DB11632	C0520679	0	4
DB11635	C0013238	0	1
DB11635	C0018133	0	2
DB11635	C0020619	0	4
DB11635	C0036690	0	1
DB11635	C0038018	0	3
DB11656	C0010308	0	1
DB11656	C0085215	0	0
DB11660	C0008489	0	1
DB11660	C0023470	0	4
DB11660	C0085129	0	2
DB11675	C0079744	0	3
DB11675	C0259817	0	1
DB11696	C0003128	0	3
DB11696	C0012739	0	0
DB11696	C0027627	0	3
DB11696	C0028738	0	2
DB11696	C0271650	0	4
DB11699	C0043202	0	2
DB11699	C0162566	0	2
DB11699	C0278996	0	1
DB11712	C0008325	0	2
DB11712	C0019069	0	1
DB11712	C0020757	0	2
DB11712	C2607914	0	3
DB11742	C0022354	0	3
DB11742	C0036830	0	4
DB11742	C0085631	0	3
DB11742	C0234533	0	4
DB11748	C0002994	0	0
DB11748	C0004943	0	3
DB11748	C0015944	0	4
DB11748	C0451641	0	0
DB11753	C0013421	0	3
DB11753	C0024894	0	2
DB11753	C0276535	0	1
DB11753	C1458155	0	3
DB11757	C0001418	0	4
DB11757	C0002893	0	0
DB11757	C0011848	0	4
DB11757	C1408258	0	3
DB11767	C0020459	0	2
DB11767	C0032914	0	4
DB11767	C0268490	0	2
DB11783	C0007134	0	2
DB11783	C0021655	0	1
DB11783	C0024121	0	2
DB11792	C0000744	0	4
DB11792	C0030319	0	2
DB11792	C0032787	0	2
DB11792	C0162568	0	1
DB11817	C0004245	0	2
DB11817	C0020433	0	0
DB11817	C0221260	0	3
DB11817	C0238198	0	4
DB11824	C0027497	0	0
DB11824	C0034150	0	3
DB11824	C0042109	0	3
DB11824	C0221013	0	0
DB11827	C0013144	0	1
DB11827	C0027627	0	1
DB11834	C0019202	0	3
DB11834	C0026961	0	0
DB11834	C2973725	0	4
DB11950	C0040261	0	2
DB11988	C0028326	0	0
DB11988	C0029443	0	2
DB11988	C0030319	0	0
DB11988	C0036690	0	4
DB11988	C0085580	0	4
DB11988	C0700201	0	0
DB11994	C0032285	0	3
DB11994	C0036572	0	0
DB11995	C0040136	0	0
DB11995	C0042384	0	0
DB12010	C0010417	0	2
DB12010	C0021390	0	2
DB12010	C0023518	0	4
DB12010	C0259817	0	2
DB12017	C0040046	0	4
DB12017	C0220983	0	3
DB12017	C1134719	0	2
DB12023	C0005779	0	4
DB12023	C0006271	0	1
DB12023	C0024305	0	3
DB12082	C0042384	0	3
DB12095	C0003492	0	4
DB12095	C0011854	0	0
DB12095	C0027424	0	1
DB12095	C0039590	0	1
DB12095	C0342907	0	1
DB12095	C0887833	0	1
DB12095	C1142132	0	1
DB12095	C2930898	0	4
DB12153	C0004352	0	2
DB12153	C0020179	0	1
DB12153	C0595948	0	2
DB12159	C0003962	0	0
DB12159	C0242488	0	0
DB12159	C2316212	0	4
DB12163	C0003123	0	2
DB12163	C0008533	0	1
DB12163	C0023827	0	2
DB12163	C0024115	0	1
DB12163	C0033375	0	1
DB12230	C0001126	0	3
DB12230	C0027726	0	4
DB12230	C0029927	0	2
DB12230	C0037188	0	2
DB12230	C0042870	0	4
DB12230	C0085610	0	4
DB12230	C0271093	0	1
DB12233	C0002965	0	2
DB12233	C0017612	0	1
DB12233	C0020757	0	4
DB12233	C0029927	0	4
DB12233	C0162627	0	2
DB12233	C0220710	0	0
DB12233	C0238111	0	1
DB12233	C0877792	0	0
DB12243	C0004239	0	3
DB12243	C0278996	0	2
DB12243	C0595948	0	0
DB12248	C0010308	0	4
DB12248	C0020615	0	0
DB12248	C0036572	0	2
DB12248	C0542346	0	2
DB12278	C0392784	0	3
DB12319	C0036980	0	0
DB12319	C0043515	0	4
DB12319	C0206686	0	2
DB12364	C0008325	0	3
DB12364	C0034951	0	2
DB12364	C0042024	0	3
DB12401	C0014742	0	4
DB12417	C0020502	0	3
DB12417	C0085612	0	1
DB12417	C0221765	0	3
DB12478	C0010054	0	0
DB12478	C0010417	0	2
DB12478	C0013274	0	3
DB12478	C0030305	0	3
DB12478	C0262584	0	1
DB12478	C0268579	0	2
DB12478	C0559106	0	0
DB12478	C1263846	0	0
DB12483	C0020523	0	2
DB12483	C0030590	0	4
DB12523	C0042870	0	3
DB12523	C0085159	0	0
DB12523	C0524909	0	0
DB12545	C0007785	0	4
DB12545	C0023212	0	4
DB12545	C0343755	0	1
DB12554	C0030305	0	1
DB12554	C0085605	0	1
DB12598	C0019156	0	0
DB12598	C0020461	0	0
DB12598	C0035585	0	4
DB12783	C0022650	0	4
DB12783	C0151744	0	4
DB12783	C0746102	0	3
DB12831	C0004096	0	1
DB12831	C0035457	0	3
DB12831	C0043459	0	4
DB12831	C0920350	0	2
DB12833	C0006271	0	3
DB12833	C0022951	0	4
DB12833	C0024419	0	4
DB12836	C0005587	0	3
DB12836	C0035585	0	4
DB12836	C0042571	0	2
DB12836	C0085649	0	3
DB12836	C0087012	0	1
DB12836	C0234533	0	2
DB12863	C0009375	0	1
DB12863	C0020626	0	0
DB12863	C0024117	0	0
DB12863	C0040997	0	0
DB12863	C0877792	0	0
DB12865	C0027796	0	1
DB12865	C0031190	0	1
DB12865	C0085682	0	4
DB12865	C0878773	0	3
DB12867	C0030305	0	1
DB12867	C0276535	0	0
DB12947	C0023212	0	1
DB12947	C0027819	0	2
DB12947	C0149725	0	0
DB12947	C0154143	0	4
DB12947	C0497327	0	4
DB13036	C2748055	0	4
DB13152	C0085083	0	3
DB13152	C0271578	0	2
DB13165	C0013421	0	3
DB13165	C0022595	0	0
DB13165	C0042035	0	0
DB13167	C0038379	0	1
DB13169	C0015503	0	1
DB13169	C0020502	0	0
DB13169	C0030848	0	4
DB13169	C0035078	0	3
DB13169	C0085605	0	0
DB13169	C1527249	0	2
DB13179	C1140680	0	4
DB13179	C1328407	0	1
DB13217	C0019151	0	4
DB13217	C0020445	0	0
DB13217	C0042514	0	2
DB13345	C0020445	0	3
DB13500	C0010417	0	1
DB13500	C0030590	0	4
DB13500	C0038356	0	4
DB13500	C0151686	0	3
DB13500	C0241961	0	2
DB13500	C0398623	0	1
DB13500	C0428977	0	4
DB13500	C0847614	0	4
DB13689	C0037036	0	1
DB13689	C0242488	0	1
DB13689	C0405580	0	3
DB13783	C0011854	0	0
DB13783	C0238462	0	4
DB13783	C0878544	0	1
DB13919	C0002894	0	4
DB13919	C0085413	0	4
DB13919	C1269683	0	1
DB13928	C0008149	0	4
DB13928	C0079731	0	2
DB13933	C0011882	0	2
DB13933	C0013238	0	4
DB13933	C0017563	0	4
DB13933	C0032897	0	4
DB13933	C0039240	0	0
DB13933	C0149745	0	3
DB13933	C0233315	0	3
DB13933	C0678222	0	2
DB13943	C0010043	0	0
DB13943	C0524909	0	0
DB13943	C0751122	0	1
DB13943	C4083212	0	3
DB13954	C0002736	0	1
DB13954	C0014742	0	1
DB13954	C0021359	0	1
DB13954	C1540912	0	3
DB13954	C1961835	0	3
DB13996	C0037930	0	3
DB13996	C0242350	0	4
DB13999	C0013295	0	0
DB13999	C0015967	0	0
DB13999	C0033581	0	1
DB13999	C0040997	0	2
DB14006	C0004239	0	1
DB14006	C0017574	0	3
DB14006	C0024121	0	2
DB14061	C0011881	0	2
L-Arginine	C0008350	0	2
L-Arginine	C0022951	0	1
L-Arginine	C0271093	0	3
L-Citrulline	C0003128	0	4
L-Citrulline	C0242973	0	2
SN-38	C0036920	0	1
aceclidine	C0004153	0	0
aceclidine	C0006267	0	1
aceclidine	C0085612	0	1
acefylline	C0026848	0	4
acefylline	C0042571	0	0
acefylline	C1837475	0	1
adiphenine	C1261473	0	2
adrenalone	C0023212	0	3
adrenalone	C0033774	0	2
adrenalone	C0276226	0	2
adrenalone	C0343755	0	3
aminopentamide	C0004238	0	1
aminopentamide	C0014859	0	2
aminopentamide	C0020445	0	0
aminopentamide	C0038362	0	0
ammonium-lactate	C0014170	0	2
ammonium-lactate	C0020452	0	2
ammonium-lactate	C0022661	0	3
ammonium-lactate	C0025500	0	3
ammonium-lactate	C0028326	0	2
amtolmetin-guacil	C0006267	0	4
amtolmetin-guacil	C0014121	0	0
amtolmetin-guacil	C0017612	0	0
amtolmetin-guacil	C0035412	0	4
amtolmetin-guacil	C1408258	0	1
arsenic-trioxide	C0024031	0	0
arsenic-trioxide	C1336708	0	2
azelaic-acid	C0002895	0	3
azelaic-acid	C0009952	0	0
azelaic-acid	C0013390	0	1
azelaic-acid	C0238463	0	1
bendazac	C0001206	0	1
bendazac	C0001973	0	0
bendazac	C0003868	0	0
bendazac	C0013720	0	1
bendazac	C0030319	0	2
bendazac	C0035220	0	0
bendazac	C0221765	0	0
bendazac	C1960397	0	3
benztropine-mesylate	C0007117	0	4
benztropine-mesylate	C0007789	0	0
benztropine-mesylate	C0020625	0	2
benztropine-mesylate	C0270736	0	4
benztropine-mesylate	C0271578	0	3
benztropine-mesylate	C0451641	0	1
bifemelane	C0010068	0	3
bifemelane	C0020474	0	2
bifemelane	C0023440	0	1
bifemelane	C0085580	0	0
bifemelane	C0220756	0	4
bucladesine	C0019087	0	3
bucladesine	C0085649	0	4
bucladesine	C0235974	0	0
bucladesine	C1306889	0	4
budipine	C0021051	0	3
budipine	C0021364	0	4
budipine	C0036690	0	2
budipine	C0175683	0	4
budipine	C0234974	0	2
budipine	C0268070	0	3
buflomedil	C0001206	0	3
buflomedil	C0085129	0	0
buflomedil	C0085682	0	1
buflomedil	C0238052	0	0
butorphanol-(+)-tartrate	C0014877	0	2
butorphanol-(+)-tartrate	C0205768	0	4
butorphanol-(+)-tartrate	C0268390	0	0
butorphanol-(+)-tartrate	C4048328	0	0
camostat-mesilate	C0024473	0	2
camostat-mesilate	C0034013	0	1
camostat-mesilate	C0042571	0	4
caramiphen	C0014550	0	2
caramiphen	C0022548	0	4
caramiphen	C0037930	0	3
caramiphen	C1269683	0	0
carazolol	C0001206	0	0
carazolol	C0007194	0	4
carazolol	C0011875	0	3
carazolol	C0027430	0	1
carazolol	C0031485	0	2
carazolol	C0033117	0	4
chlormadinone-acetate	C0003872	0	4
chlormadinone-acetate	C0008312	0	1
chlormadinone-acetate	C0029458	0	0
chlormadinone-acetate	C0031099	0	0
chlormadinone-acetate	C0032019	0	2
chlorogenic-acid	C0020428	0	4
chlorogenic-acid	C0022876	0	1
chlorogenic-acid	C0085682	0	0
chlorogenic-acid	C1140680	0	0
clebopride	C0006105	0	4
clebopride	C0013264	0	4
clebopride	C0016412	0	1
clebopride	C0017612	0	2
clebopride	C0042909	0	3
clebopride	C0220983	0	3
clobetasone-butyrate	C0007194	0	1
clobetasone-butyrate	C0023890	0	2
clobetasone-butyrate	C0037036	0	4
clorprenaline	C0002893	0	3
clorprenaline	C0011644	0	4
clorprenaline	C0085605	0	0
cortisone	C0011884	0	1
cortisone	C0085649	0	3
cortisone	C0342527	0	2
cycloserine-(d)	C0033806	0	3
cycloserine-(d)	C0149821	0	4
cycloserine-(d)	C0178416	0	3
cycloserine-(d)	C0281361	0	3
cyclosporin-a	C0220994	0	4
cyclosporin-a	C0948480	0	3
dabigatran	C0008677	0	1
dabigatran	C0021364	0	2
dabigatran-etexilate	C0018133	0	0
dabigatran-etexilate	C0346421	0	1
dabigatran-etexilate	C2936781	0	1
dabigatran-etexilate	C4083212	0	3
deracoxib	C0010043	0	3
deracoxib	C0013338	0	1
deracoxib	C0398775	0	1
deracoxib	C0699791	0	4
desmopressin-acetate	C0022596	0	4
dexamethasone-sodium-phosphate	C0020676	0	4
dexamethasone-sodium-phosphate	C0029463	0	2
dexamethasone-sodium-phosphate	C0034069	0	1
dexamethasone-sodium-phosphate	C1956346	0	0
diphemanil	C0014733	0	0
diphemanil	C0016470	0	2
diphemanil	C0021361	0	1
diphemanil	C0024523	0	2
diphemanil	C0085610	0	4
diphemanil	C0206245	0	0
diphemanil	C0553580	0	1
epalrestat	C0080274	0	3
ephedrine-(racemic)	C0005424	0	4
ephedrine-(racemic)	C0033117	0	1
estropipate	C0013604	0	0
estropipate	C0221260	0	2
ethanolamine-oleate	C0025637	0	1
etofylline	C0001623	0	3
etofylline	C0025500	0	3
etofylline	C0036651	0	2
etofylline	C0087012	0	1
etofylline	C0238111	0	3
falecalcitriol	C0007131	0	2
falecalcitriol	C0009404	0	1
falecalcitriol	C0009952	0	3
falecalcitriol	C0025322	0	4
falecalcitriol	C0028738	0	1
falecalcitriol	C0311375	0	2
falecalcitriol	C0342543	0	2
fenigam	C0008489	0	2
fenigam	C0029401	0	4
fenigam	C0039103	0	0
flopropione	C0004364	0	4
flopropione	C0018203	0	0
flopropione	C0036421	0	3
flopropione	C0042842	0	4
flopropione	C0043352	0	4
flopropione	C1140680	0	2
fludarabine-phosphate	C0021051	0	4
fludarabine-phosphate	C0034067	0	2
fludarabine-phosphate	C0040136	0	4
fludarabine-phosphate	C0948896	0	1
fludrocortisone-acetate	C0020546	0	4
fludrocortisone-acetate	C0025874	0	3
fludrocortisone-acetate	C0032897	0	1
fludrocortisone-acetate	C2931618	0	2
fluocinolone-acetonide	C0015672	0	2
fluocinolone-acetonide	C0032460	0	3
fluocinolone-acetonide	C0036651	0	0
fluocinolone-acetonide	C0241961	0	0
fluocinolone-acetonide	C0948896	0	1
fluphenazine-decanoate	C0008533	0	4
fluphenazine-decanoate	C0020542	0	2
flurbiprofen-(S)-(+)	C0002418	0	3
flurbiprofen-(S)-(+)	C0006267	0	0
flurbiprofen-(S)-(+)	C0011334	0	4
flurbiprofen-(S)-(+)	C0022573	0	1
flurbiprofen-(S)-(+)	C0029882	0	3
flurbiprofen-(S)-(+)	C0876973	0	4
ftorafur	C0013144	0	1
ftorafur	C0349464	0	2
gentamycin	C0033806	0	3
gentamycin	C0042900	0	1
haloperidol-decanoate	C0033581	0	4
haloperidol-decanoate	C0034150	0	1
haloperidol-decanoate	C0042909	0	2
haloperidol-decanoate	C0151721	0	3
haloperidol-decanoate	C0231528	0	0
haloperidol-decanoate	C0405580	0	3
hyaluronic-acid	C0013264	0	3
hyaluronic-acid	C0017605	0	3
hyaluronic-acid	C0022073	0	0
hyaluronic-acid	C0022595	0	1
hyaluronic-acid	C0023518	0	3
hydrocortisone-butyrate	C0017605	0	3
hydrocortisone-butyrate	C0025149	0	2
hydrocortisone-butyrate	C0034013	0	1
hydrocortisone-butyrate	C0035854	0	4
hydrocortisone-phosphate	C0002888	0	0
hydrocortisone-phosphate	C0005741	0	4
hydrocortisone-phosphate	C0011603	0	4
hydrocortisone-phosphate	C0014121	0	2
ibuprofen-lysine	C0018790	0	1
ibuprofen-lysine	C0021141	0	4
ibuprofen-lysine	C0028326	0	2
icatibant-acetate	C0023212	0	4
icatibant-acetate	C0038358	0	2
icatibant-acetate	C0038363	0	1
icatibant-acetate	C0376358	0	0
ipragliflozin-l-proline	C0009763	0	1
ipragliflozin-l-proline	C0025289	0	3
levocarnitine-propionate	C0018924	0	3
levocarnitine-propionate	C0024143	0	1
levocarnitine-propionate	C0241961	0	2
maropitant	C0037299	0	3
maropitant	C0524909	0	2
megestrol-acetate	C0005697	0	3
megestrol-acetate	C0008489	0	4
megestrol-acetate	C0024299	0	1
megestrol-acetate	C0311375	0	1
megestrol-acetate	C0401151	0	4
meldonium	C0018681	0	3
meldonium	C0032768	0	4
meldonium	C0085606	0	4
meldonium	C0151636	0	0
meldonium	C0271568	0	3
meldonium	C0343065	0	4
melevodopa	C0001403	0	3
melevodopa	C0020217	0	2
melevodopa	C0022638	0	1
melevodopa	C0027051	0	2
melevodopa	C0028840	0	4
melevodopa	C0221032	0	0
methylene-blue	C0030297	0	3
methylene-blue	C0042029	0	1
methylene-blue	C1527336	0	4
methylene-blue	C2239176	0	2
minodronic-acid	C0022073	0	1
minodronic-acid	C0025323	0	3
minodronic-acid	C0178416	0	0
mofezolac	C0000786	0	2
mofezolac	C0004604	0	0
mofezolac	C0009404	0	0
mofezolac	C0013182	0	0
mofezolac	C0013720	0	3
mofezolac	C0025500	0	2
mofezolac	C0039103	0	2
mofezolac	C0220756	0	2
mofezolac	C0221260	0	2
mofezolac	C0740394	0	1
mozavaptan	C0151942	0	4
mozavaptan	C0235063	0	2
mozavaptan	C0746102	0	0
nemonapride	C0003467	0	1
nemonapride	C0011991	0	4
nemonapride	C0013274	0	4
nemonapride	C1260899	0	0
neridronic-acid	C0014868	0	2
neridronic-acid	C0023443	0	2
neridronic-acid	C0036421	0	3
neridronic-acid	C0036508	0	3
olprinone	C0018133	0	4
olprinone	C0085417	0	4
olprinone	C0376545	0	0
omeprazole-magnesium	C0008311	0	1
omeprazole-magnesium	C0012739	0	4
omeprazole-magnesium	C0019829	0	1
omeprazole-magnesium	C0022593	0	2
omeprazole-magnesium	C0025637	0	2
omeprazole-magnesium	C0030305	0	1
phosphatidylcholine	C0002395	0	1
phosphatidylcholine	C0013415	0	0
phosphatidylcholine	C0024121	0	2
phosphatidylcholine	C0085669	0	4
phosphatidylcholine	C0234974	0	4
phosphatidylcholine	C1134719	0	1
picotamide	C0024790	0	3
picotamide	C0028768	0	3
picotamide	C0524909	0	2
picotamide	C0677607	0	0
pimobendan	C0006267	0	3
pimobendan	C0041582	0	4
pimobendan	C0920350	0	1
pimobendan	C1800706	0	1
pipenzolate	C0004364	0	1
pipenzolate	C0010072	0	2
pipenzolate	C0020619	0	0
pipenzolate	C0730345	0	3
pipenzolate	C1168401	0	2
piperidolate	C0010417	0	2
piperidolate	C0013384	0	1
piperidolate	C0014175	0	1
piperidolate	C0042035	0	1
piperidolate	C0553580	0	1
piperidolate	C1849508	0	1
piperidolate	C1861172	0	2
pralidoxime-chloride	C0003123	0	1
pralidoxime-chloride	C0040028	0	2
pralidoxime-chloride	C0040156	0	3
pralidoxime-chloride	C0085083	0	1
prednisolone-acetate	C0020502	0	0
prednisolone-acetate	C0021603	0	1
prednisolone-acetate	C0027697	0	0
prednisolone-acetate	C0029434	0	3
psoralen	C0014733	0	1
quinaprilat	C0019829	0	3
quinaprilat	C0034067	0	2
quinaprilat	C0162834	0	4
r(-)-apomorphine	C0037930	0	2
r(-)-apomorphine	C0040479	0	4
r(-)-apomorphine	C0079744	0	0
r(-)-apomorphine	C0162834	0	3
r(-)-apomorphine	C1800706	0	3
revaprazan	C0021603	0	1
revaprazan	C0030590	0	3
revaprazan	C0151940	0	0
revaprazan	C0220710	0	1
revaprazan	C0271623	0	3
revaprazan	C0746102	0	0
revaprazan	C2930898	0	2
silibinin	C0009806	0	2
silibinin	C0022116	0	0
silibinin	C0085159	0	2
sodium-monofluorophosphate	C0028326	0	2
sodium-monofluorophosphate	C0031511	0	4
sodium-monofluorophosphate	C0040997	0	3
sodium-monofluorophosphate	C0085215	0	0
sodium-monofluorophosphate	C0238052	0	0
sodium-monofluorophosphate	C0856727	0	2
sodium-oxybate	C0276535	0	4
sodium-salicylate	C0023437	0	4
sodium-salicylate	C0024790	0	4
sodium-salicylate	C0042164	0	1
sodium-salicylate	C0270851	0	1
sodium-tetradecyl-sulfate	C0008312	0	0
sodium-tetradecyl-sulfate	C0023467	0	3
sodium-tetradecyl-sulfate	C0035854	0	0
sodium-tetradecyl-sulfate	C0346647	0	3
spiperone	C0032787	0	2
spiperone	C0038379	0	1
spiperone	C0524910	0	2
strontium-ranelate	C0032897	0	0
taltirelin	C0017152	0	2
taltirelin	C0023481	0	4
tannic-acid	C0007642	0	2
tannic-acid	C0010043	0	3
tannic-acid	C0010200	0	3
tannic-acid	C0013274	0	0
tannic-acid	C0017531	0	0
tannic-acid	C0039685	0	3
tannic-acid	C0751434	0	1
tannic-acid	C0920350	0	3
tebipenem	C0007194	0	0
tebipenem	C0022596	0	0
tebipenem	C0917801	0	1
telotristat-ethyl	C1961835	0	4
tepoxalin	C0001430	0	3
tepoxalin	C0008533	0	3
tepoxalin	C0014038	0	4
tepoxalin	C0234533	0	1
tepoxalin	C0596263	0	2
tepoxalin	C0847614	0	2
testosterone-enanthate	C0022073	0	2
testosterone-enanthate	C0039841	0	1
testosterone-enanthate	C0745103	0	1
testosterone-undecanoate	C0003862	0	3
testosterone-undecanoate	C0022650	0	2
testosterone-undecanoate	C0023052	0	1
testosterone-undecanoate	C0041408	0	4
testosterone-undecanoate	C0242488	0	4
thiostrepton	C0005695	0	2
thiostrepton	C0311375	0	4
thiram	C0013428	0	0
thiram	C0014742	0	3
thiram	C0014868	0	1
trelagliptin	C0036980	0	4
trelagliptin	C0042133	0	0
trelagliptin	C0085605	0	1
trepibutone	C0035455	0	1
trepibutone	C0162820	0	0
trepibutone	C1458155	0	1
trepibutone	C1837475	0	0
ufenamate	C0011616	0	0
ufenamate	C0041408	0	3
ufenamate	C0042109	0	4
ufenamate	C0751434	0	4
vinburnine	C0000737	0	4
vinburnine	C0015469	0	0
vinburnine	C0020481	0	2
vinburnine	C0085159	0	1
vinburnine	C0151723	0	0
vinburnine	C1861172	0	0
xipamide	C0037199	0	1
zotarolimus	C0024299	0	1
zotarolimus	C0745103	0	0
zotarolimus	C1328407	0	0
