drug	disease	label	category	repeat0	repeat1	repeat2	repeat3	repeat4	repeat5	repeat6	repeat7	repeat8	repeat9
5-hydroxytryptophan	C0917801	1	C10	train	train	train	train	train	valid	valid	train	train	train
ACT-132577	C2973725	1	C08	valid	train	test	train	valid	train	train	train	valid	train
DB00001	C0002965	1	C14	valid	test	train	valid	test	train	train	test	train	valid
DB00001	C0040038	1	C14	valid	test	train	valid	test	train	train	test	train	valid
DB00001	C0040053	1	C14	valid	test	train	valid	test	train	train	test	train	valid
DB00005	C3495559	1	C05	train	train	train	train	train	train	train	train	train	train
DB00006	C0002962	1	C14	valid	test	train	valid	test	train	train	test	train	valid
DB00006	C0002965	1	C14	valid	test	train	valid	test	train	train	test	train	valid
DB00006	C0040053	1	C14	valid	test	train	valid	test	train	train	test	train	valid
DB00007	C0014170	1	C12	train	train	train	train	train	train	train	train	train	train
DB00007	C0014175	1	C12	train	train	train	train	train	train	train	train	train	train
DB00007	C0021359	1	C12	train	train	train	train	train	train	train	train	train	train
DB00007	C0021361	1	C12	train	train	train	train	train	train	train	train	train	train
DB00007	C0023267	1	C04	train	train	valid	train	train	train	test	train	train	test
DB00007	C0033578	1	C12	train	train	train	train	train	train	train	train	train	train
DB00007	C0034013	1	C19	train	train	test	valid	train	train	test	train	train	valid
DB00007	C0042133	1	C04	train	train	valid	train	train	train	test	train	train	test
DB00007	C0376358	1	C12	train	train	train	train	train	train	train	train	train	train
DB00007	C0919267	1	C12	train	train	train	train	train	train	train	train	train	train
DB00007	C1458155	1	C04	train	train	valid	train	train	train	test	train	train	test
DB00007	C2937421	1	C12	train	train	train	train	train	train	train	train	train	train
DB00008	C0006118	1	C10	train	train	train	train	train	valid	valid	train	train	train
DB00008	C0007134	1	C12	train	train	train	train	train	train	train	train	train	train
DB00008	C0009404	1	C06	test	train	train	test	train	test	train	train	train	train
DB00008	C0018916	1	C04	train	train	valid	train	train	train	test	train	train	test
DB00008	C0023443	1	C15	train	train	train	train	train	train	train	train	test	train
DB00008	C0024437	1	C11	train	valid	valid	train	valid	train	train	train	train	test
DB00008	C0025202	1	C04	train	train	valid	train	train	train	test	train	train	test
DB00008	C0026764	1	C15	train	train	train	train	train	train	train	train	test	train
DB00008	C0026948	1	C04	train	train	valid	train	train	train	test	train	train	test
DB00008	C0036220	1	C04	train	train	valid	train	train	train	test	train	train	test
DB00008	C0036920	1	C15	train	train	train	train	train	train	train	train	test	train
DB00008	C0037286	1	C04	train	train	valid	train	train	train	test	train	train	test
DB00008	C0037299	1	C17	test	train	train	train	train	train	train	train	train	train
DB00008	C0040028	1	C15	train	train	train	train	train	train	train	train	test	train
DB00008	C0524909	1	C01	train	train	train	train	valid	valid	train	train	train	train
DB00008	C0524910	1	C01	train	train	train	train	valid	valid	train	train	train	train
DB00008	C1540912	1	C15	train	train	train	train	train	train	train	train	test	train
DB00009	C0027051	1	C14	valid	test	train	valid	test	train	train	test	train	valid
DB00009	C0034065	1	C08	valid	train	test	train	valid	train	train	train	valid	train
DB00009	C0040053	1	C14	valid	test	train	valid	test	train	train	test	train	valid
DB00009	C0948008	1	C10	train	train	train	train	train	valid	valid	train	train	train
DB00010	C0013338	1	C05	train	train	train	train	train	train	train	train	train	train
DB00010	C0021359	1	C12	train	train	train	train	train	train	train	train	train	train
DB00010	C0343755	1	C01	train	train	train	train	valid	valid	train	train	train	train
DB00012	C0002871	1	C15	train	train	train	train	train	train	train	train	test	train
DB00013	C0010072	1	C14	valid	test	train	valid	test	train	train	test	train	valid
DB00013	C0027051	1	C14	valid	test	train	valid	test	train	train	test	train	valid
DB00013	C0034065	1	C08	valid	train	test	train	valid	train	train	train	valid	train
DB00013	C0040053	1	C14	valid	test	train	valid	test	train	train	test	train	valid
DB00013	C0042487	1	C14	valid	test	train	valid	test	train	train	test	train	valid
DB00014	C0006142	1	C04	train	train	valid	train	train	train	test	train	train	test
DB00014	C0014175	1	C12	train	train	train	train	train	train	train	train	train	train
DB00015	C0018802	1	C14	valid	test	train	valid	test	train	train	test	train	valid
DB00015	C0027051	1	C14	valid	test	train	valid	test	train	train	test	train	valid
DB00015	C0034065	1	C08	valid	train	test	train	valid	train	train	train	valid	train
DB00015	C0040053	1	C14	valid	test	train	valid	test	train	train	test	train	valid
DB00015	C0242973	1	C14	valid	test	train	valid	test	train	train	test	train	valid
DB00016	C0002871	1	C15	train	train	train	train	train	train	train	train	test	train
DB00017	C0020437	1	C18	train	train	train	train	train	test	train	train	train	train
DB00017	C0029401	1	C05	train	train	train	train	train	train	train	train	train	train
DB00017	C0029456	1	C05	train	train	train	train	train	train	train	train	train	train
DB00017	C0029458	1	C05	train	train	train	train	train	train	train	train	train	train
DB00020	C0019829	1	C04	train	train	valid	train	train	train	test	train	train	test
DB00020	C0023449	1	C15	train	train	train	train	train	train	train	train	test	train
DB00020	C1458155	1	C04	train	train	valid	train	train	train	test	train	train	test
DB00022	C0006118	1	C10	train	train	train	train	train	valid	valid	train	train	train
DB00022	C0007134	1	C12	train	train	train	train	train	train	train	train	train	train
DB00022	C0009404	1	C06	test	train	train	test	train	test	train	train	train	train
DB00022	C0018916	1	C04	train	train	valid	train	train	train	test	train	train	test
DB00022	C0023443	1	C15	train	train	train	train	train	train	train	train	test	train
DB00022	C0024437	1	C11	train	valid	valid	train	valid	train	train	train	train	test
DB00022	C0025202	1	C04	train	train	valid	train	train	train	test	train	train	test
DB00022	C0026764	1	C15	train	train	train	train	train	train	train	train	test	train
DB00022	C0026948	1	C04	train	train	valid	train	train	train	test	train	train	test
DB00022	C0036220	1	C04	train	train	valid	train	train	train	test	train	train	test
DB00022	C0036920	1	C15	train	train	train	train	train	train	train	train	test	train
DB00022	C0037286	1	C04	train	train	valid	train	train	train	test	train	train	test
DB00022	C0037299	1	C17	test	train	train	train	train	train	train	train	train	train
DB00022	C0040028	1	C15	train	train	train	train	train	train	train	train	test	train
DB00022	C0524910	1	C01	train	train	train	train	valid	valid	train	train	train	train
DB00022	C1540912	1	C15	train	train	train	train	train	train	train	train	test	train
DB00022	C2239176	1	C04	train	train	valid	train	train	train	test	train	train	test
DB00024	C0020676	1	C19	train	train	test	valid	train	train	test	train	train	valid
DB00024	C0040136	1	C04	train	train	valid	train	train	train	test	train	train	test
DB00025	C0019080	1	C23	train	valid	train	test	train	train	train	valid	test	train
DB00026	C0003873	1	C05	train	train	train	train	train	train	train	train	train	train
DB00026	C0409818	1	C17	test	train	train	train	train	train	train	train	train	train
DB00026	C2316212	1	C17	test	train	train	train	train	train	train	train	train	train
DB00028	C0002880	1	C15	train	train	train	train	train	train	train	train	test	train
DB00028	C0011633	1	C17	test	train	train	train	train	train	train	train	train	train
DB00028	C0021051	1	C20	train	train	train	train	train	train	train	train	valid	train
DB00028	C0023418	1	C04	train	train	valid	train	train	train	test	train	train	test
DB00028	C0023434	1	C15	train	train	train	train	train	train	train	train	test	train
DB00028	C0026691	1	C14	valid	test	train	valid	test	train	train	test	train	valid
DB00029	C0027051	1	C14	valid	test	train	valid	test	train	train	test	train	valid
DB00029	C0034065	1	C08	valid	train	test	train	valid	train	train	train	valid	train
DB00029	C0040053	1	C14	valid	test	train	valid	test	train	train	test	train	valid
DB00030	C0011849	1	C18	train	train	train	train	train	test	train	train	train	train
DB00030	C0011854	1	C18	train	train	train	train	train	test	train	train	train	train
DB00030	C0011860	1	C18	train	train	train	train	train	test	train	train	train	train
DB00030	C0021655	1	C18	train	train	train	train	train	test	train	train	train	train
DB00031	C0010072	1	C14	valid	test	train	valid	test	train	train	test	train	valid
DB00031	C0027051	1	C14	valid	test	train	valid	test	train	train	test	train	valid
DB00031	C0040053	1	C14	valid	test	train	valid	test	train	train	test	train	valid
DB00032	C0021359	1	C12	train	train	train	train	train	train	train	train	train	train
DB00033	C0007134	1	C12	train	train	train	train	train	train	train	train	train	train
DB00033	C0009404	1	C06	test	train	train	test	train	test	train	train	train	train
DB00033	C0018203	1	C15	train	train	train	train	train	train	train	train	test	train
DB00033	C0018916	1	C04	train	train	valid	train	train	train	test	train	train	test
DB00033	C0023443	1	C15	train	train	train	train	train	train	train	train	test	train
DB00033	C0024437	1	C11	train	valid	valid	train	valid	train	train	train	train	test
DB00033	C0025202	1	C04	train	train	valid	train	train	train	test	train	train	test
DB00033	C0026764	1	C15	train	train	train	train	train	train	train	train	test	train
DB00033	C0026948	1	C04	train	train	valid	train	train	train	test	train	train	test
DB00033	C0036220	1	C04	train	train	valid	train	train	train	test	train	train	test
DB00033	C0036920	1	C15	train	train	train	train	train	train	train	train	test	train
DB00033	C0037286	1	C04	train	train	valid	train	train	train	test	train	train	test
DB00033	C0037299	1	C17	test	train	train	train	train	train	train	train	train	train
DB00033	C0040028	1	C15	train	train	train	train	train	train	train	train	test	train
DB00033	C0524910	1	C01	train	train	train	train	valid	valid	train	train	train	train
DB00033	C1540912	1	C15	train	train	train	train	train	train	train	train	test	train
DB00033	C2239176	1	C04	train	train	valid	train	train	train	test	train	train	test
DB00034	C0006118	1	C10	train	train	train	train	train	valid	valid	train	train	train
DB00034	C0007134	1	C12	train	train	train	train	train	train	train	train	train	train
DB00034	C0009404	1	C06	test	train	train	test	train	test	train	train	train	train
DB00034	C0018916	1	C04	train	train	valid	train	train	train	test	train	train	test
DB00034	C0023443	1	C15	train	train	train	train	train	train	train	train	test	train
DB00034	C0024437	1	C11	train	valid	valid	train	valid	train	train	train	train	test
DB00034	C0025202	1	C04	train	train	valid	train	train	train	test	train	train	test
DB00034	C0026764	1	C15	train	train	train	train	train	train	train	train	test	train
DB00034	C0026948	1	C04	train	train	valid	train	train	train	test	train	train	test
DB00034	C0036220	1	C04	train	train	valid	train	train	train	test	train	train	test
DB00034	C0036920	1	C15	train	train	train	train	train	train	train	train	test	train
DB00034	C0037286	1	C04	train	train	valid	train	train	train	test	train	train	test
DB00034	C0037299	1	C17	test	train	train	train	train	train	train	train	train	train
DB00034	C0040028	1	C15	train	train	train	train	train	train	train	train	test	train
DB00034	C0524910	1	C01	train	train	train	train	valid	valid	train	train	train	train
DB00034	C1540912	1	C15	train	train	train	train	train	train	train	train	test	train
DB00034	C2239176	1	C04	train	train	valid	train	train	train	test	train	train	test
DB00035	C0011848	1	C12	train	train	train	train	train	train	train	train	train	train
DB00035	C0018924	1	C05	train	train	train	train	train	train	train	train	train	train
DB00035	C0019069	1	C15	train	train	train	train	train	train	train	train	test	train
DB00035	C0019080	1	C23	train	valid	train	test	train	train	train	valid	test	train
DB00035	C0041948	1	C12	train	train	train	train	train	train	train	train	train	train
DB00036	C0008533	1	C15	train	train	train	train	train	train	train	train	test	train
DB00036	C0015503	1	C15	train	train	train	train	train	train	train	train	test	train
DB00036	C0019069	1	C15	train	train	train	train	train	train	train	train	test	train
DB00036	C0019080	1	C23	train	valid	train	test	train	train	train	valid	test	train
DB00036	C0040015	1	C15	train	train	train	train	train	train	train	train	test	train
DB00038	C0040034	1	C15	train	train	train	train	train	train	train	train	test	train
DB00039	C0376545	1	C04	train	train	valid	train	train	train	test	train	train	test
DB00040	C0002792	1	C20	train	train	train	train	train	train	train	train	valid	train
DB00040	C0011849	1	C18	train	train	train	train	train	test	train	train	train	train
DB00040	C0020615	1	C18	train	train	train	train	train	test	train	train	train	train
DB00040	C0036980	1	C23	train	valid	train	test	train	train	train	valid	test	train
DB00040	C0428977	1	C14	valid	test	train	valid	test	train	train	test	train	valid
DB00041	C0007134	1	C12	train	train	train	train	train	train	train	train	train	train
DB00041	C0009404	1	C06	test	train	train	test	train	test	train	train	train	train
DB00041	C0023467	1	C04	train	train	valid	train	train	train	test	train	train	test
DB00041	C0024305	1	C04	train	train	valid	train	train	train	test	train	train	test
DB00041	C0025202	1	C04	train	train	valid	train	train	train	test	train	train	test
DB00041	C0026764	1	C15	train	train	train	train	train	train	train	train	test	train
DB00042	C0038379	1	C10	train	train	train	train	train	valid	valid	train	train	train
DB00043	C0004096	1	C08	valid	train	test	train	valid	train	train	train	valid	train
DB00043	C0020517	1	C20	train	train	train	train	train	train	train	train	valid	train
DB00044	C0021361	1	C12	train	train	train	train	train	train	train	train	train	train
DB00046	C0011849	1	C18	train	train	train	train	train	test	train	train	train	train
DB00046	C0011854	1	C18	train	train	train	train	train	test	train	train	train	train
DB00046	C0011860	1	C18	train	train	train	train	train	test	train	train	train	train
DB00046	C0020456	1	C18	train	train	train	train	train	test	train	train	train	train
DB00047	C0011849	1	C18	train	train	train	train	train	test	train	train	train	train
DB00047	C0011854	1	C18	train	train	train	train	train	test	train	train	train	train
DB00047	C0011860	1	C18	train	train	train	train	train	test	train	train	train	train
DB00047	C0020456	1	C18	train	train	train	train	train	test	train	train	train	train
DB00048	C0030848	1	C12	train	train	train	train	train	train	train	train	train	train
DB00051	C0003872	1	C05	train	train	train	train	train	train	train	train	train	train
DB00051	C0003873	1	C05	train	train	train	train	train	train	train	train	train	train
DB00051	C0009324	1	C06	test	train	train	test	train	test	train	train	train	train
DB00051	C0010346	1	C06	test	train	train	test	train	test	train	train	train	train
DB00051	C0162836	1	C01	train	train	train	train	valid	valid	train	train	train	train
DB00051	C3495559	1	C05	train	train	train	train	train	train	train	train	train	train
DB00052	C0001206	1	C05	train	train	train	train	train	train	train	train	train	train
DB00052	C0013338	1	C05	train	train	train	train	train	train	train	train	train	train
DB00052	C0032897	1	C16	train	train	test	train	train	train	train	train	train	train
DB00052	C0041408	1	C12	train	train	train	train	train	train	train	train	train	train
DB00052	C0343755	1	C01	train	train	train	train	valid	valid	train	train	train	train
DB00054	C0002965	1	C14	valid	test	train	valid	test	train	train	test	train	valid
DB00054	C0040053	1	C14	valid	test	train	valid	test	train	train	test	train	valid
DB00055	C0040053	1	C14	valid	test	train	valid	test	train	train	test	train	valid
DB00056	C0023467	1	C04	train	train	valid	train	train	train	test	train	train	test
DB00056	C0023479	1	C04	train	train	valid	train	train	train	test	train	train	test
DB00060	C0006118	1	C10	train	train	train	train	train	valid	valid	train	train	train
DB00060	C0009404	1	C06	test	train	train	test	train	test	train	train	train	train
DB00060	C0023443	1	C15	train	train	train	train	train	train	train	train	test	train
DB00060	C0024437	1	C11	train	valid	valid	train	valid	train	train	train	train	test
DB00060	C0025202	1	C04	train	train	valid	train	train	train	test	train	train	test
DB00060	C0026764	1	C15	train	train	train	train	train	train	train	train	test	train
DB00060	C0026948	1	C04	train	train	valid	train	train	train	test	train	train	test
DB00060	C0036220	1	C04	train	train	valid	train	train	train	test	train	train	test
DB00060	C0036920	1	C15	train	train	train	train	train	train	train	train	test	train
DB00060	C0037286	1	C04	train	train	valid	train	train	train	test	train	train	test
DB00060	C0037299	1	C17	test	train	train	train	train	train	train	train	train	train
DB00060	C0040028	1	C15	train	train	train	train	train	train	train	train	test	train
DB00060	C0524910	1	C01	train	train	train	train	valid	valid	train	train	train	train
DB00060	C0751967	1	C10	train	train	train	train	train	valid	valid	train	train	train
DB00060	C1540912	1	C15	train	train	train	train	train	train	train	train	test	train
DB00060	C2239176	1	C04	train	train	valid	train	train	train	test	train	train	test
DB00063	C0002965	1	C14	valid	test	train	valid	test	train	train	test	train	valid
DB00063	C0027051	1	C14	valid	test	train	valid	test	train	train	test	train	valid
DB00063	C0040053	1	C14	valid	test	train	valid	test	train	train	test	train	valid
DB00063	C0948089	1	C14	valid	test	train	valid	test	train	train	test	train	valid
DB00065	C0003872	1	C05	train	train	train	train	train	train	train	train	train	train
DB00065	C0003873	1	C05	train	train	train	train	train	train	train	train	train	train
DB00065	C0009324	1	C06	test	train	train	test	train	test	train	train	train	train
DB00065	C0010346	1	C06	test	train	train	test	train	test	train	train	train	train
DB00065	C0038013	1	C05	train	train	train	train	train	train	train	train	train	train
DB00065	C3495559	1	C05	train	train	train	train	train	train	train	train	train	train
DB00066	C0021359	1	C12	train	train	train	train	train	train	train	train	train	train
DB00066	C0021361	1	C12	train	train	train	train	train	train	train	train	train	train
DB00067	C0011848	1	C12	train	train	train	train	train	train	train	train	train	train
DB00067	C0017181	1	C06	test	train	train	test	train	test	train	train	train	train
DB00067	C0019069	1	C15	train	train	train	train	train	train	train	train	test	train
DB00067	C0019080	1	C23	train	valid	train	test	train	train	train	valid	test	train
DB00067	C0042510	1	C14	valid	test	train	valid	test	train	train	test	train	valid
DB00067	C0042514	1	C14	valid	test	train	valid	test	train	train	test	train	valid
DB00068	C0006118	1	C10	train	train	train	train	train	valid	valid	train	train	train
DB00068	C0007134	1	C12	train	train	train	train	train	train	train	train	train	train
DB00068	C0009404	1	C06	test	train	train	test	train	test	train	train	train	train
DB00068	C0018916	1	C04	train	train	valid	train	train	train	test	train	train	test
DB00068	C0023443	1	C15	train	train	train	train	train	train	train	train	test	train
DB00068	C0024437	1	C11	train	valid	valid	train	valid	train	train	train	train	test
DB00068	C0025202	1	C04	train	train	valid	train	train	train	test	train	train	test
DB00068	C0026764	1	C15	train	train	train	train	train	train	train	train	test	train
DB00068	C0026769	1	C10	train	train	train	train	train	valid	valid	train	train	train
DB00068	C0026948	1	C04	train	train	valid	train	train	train	test	train	train	test
DB00068	C0036220	1	C04	train	train	valid	train	train	train	test	train	train	test
DB00068	C0036920	1	C15	train	train	train	train	train	train	train	train	test	train
DB00068	C0037286	1	C04	train	train	valid	train	train	train	test	train	train	test
DB00068	C0037299	1	C17	test	train	train	train	train	train	train	train	train	train
DB00068	C0040028	1	C15	train	train	train	train	train	train	train	train	test	train
DB00068	C0524910	1	C01	train	train	train	train	valid	valid	train	train	train	train
DB00068	C0751967	1	C10	train	train	train	train	train	valid	valid	train	train	train
DB00068	C1540912	1	C15	train	train	train	train	train	train	train	train	test	train
DB00068	C2239176	1	C04	train	train	valid	train	train	train	test	train	train	test
DB00069	C0006118	1	C10	train	train	train	train	train	valid	valid	train	train	train
DB00069	C0007134	1	C12	train	train	train	train	train	train	train	train	train	train
DB00069	C0009404	1	C06	test	train	train	test	train	test	train	train	train	train
DB00069	C0018916	1	C04	train	train	valid	train	train	train	test	train	train	test
DB00069	C0023443	1	C15	train	train	train	train	train	train	train	train	test	train
DB00069	C0024437	1	C11	train	valid	valid	train	valid	train	train	train	train	test
DB00069	C0025202	1	C04	train	train	valid	train	train	train	test	train	train	test
DB00069	C0026764	1	C15	train	train	train	train	train	train	train	train	test	train
DB00069	C0026948	1	C04	train	train	valid	train	train	train	test	train	train	test
DB00069	C0036220	1	C04	train	train	valid	train	train	train	test	train	train	test
DB00069	C0036920	1	C15	train	train	train	train	train	train	train	train	test	train
DB00069	C0037286	1	C04	train	train	valid	train	train	train	test	train	train	test
DB00069	C0037299	1	C17	test	train	train	train	train	train	train	train	train	train
DB00069	C0040028	1	C15	train	train	train	train	train	train	train	train	test	train
DB00069	C0524910	1	C01	train	train	train	train	valid	valid	train	train	train	train
DB00069	C1540912	1	C15	train	train	train	train	train	train	train	train	test	train
DB00069	C2239176	1	C04	train	train	valid	train	train	train	test	train	train	test
DB00070	C0042909	1	C11	train	valid	valid	train	valid	train	train	train	train	test
DB00071	C0011849	1	C18	train	train	train	train	train	test	train	train	train	train
DB00072	C1458155	1	C04	train	train	valid	train	train	train	test	train	train	test
DB00073	C0003873	1	C05	train	train	train	train	train	train	train	train	train	train
DB00073	C0023434	1	C15	train	train	train	train	train	train	train	train	test	train
DB00073	C0024305	1	C04	train	train	valid	train	train	train	test	train	train	test
DB00075	C0018133	1	C20	train	train	train	train	train	train	train	train	valid	train
DB00078	C0024301	1	C04	train	train	valid	train	train	train	test	train	train	test
DB00078	C0024305	1	C04	train	train	valid	train	train	train	test	train	train	test
DB00078	C0079731	1	C04	train	train	valid	train	train	train	test	train	train	test
DB00081	C0024301	1	C04	train	train	valid	train	train	train	test	train	train	test
DB00082	C0001206	1	C05	train	train	train	train	train	train	train	train	train	train
DB00083	C0038379	1	C10	train	train	train	train	train	valid	valid	train	train	train
DB00083	C2930898	1	C11	train	valid	valid	train	valid	train	train	train	train	test
DB00086	C0027051	1	C14	valid	test	train	valid	test	train	train	test	train	valid
DB00086	C0034065	1	C08	valid	train	test	train	valid	train	train	train	valid	train
DB00086	C0040053	1	C14	valid	test	train	valid	test	train	train	test	train	valid
DB00086	C0042487	1	C14	valid	test	train	valid	test	train	train	test	train	valid
DB00087	C0023434	1	C15	train	train	train	train	train	train	train	train	test	train
DB00087	C0751967	1	C10	train	train	train	train	train	valid	valid	train	train	train
DB00091	C0003873	1	C05	train	train	train	train	train	train	train	train	train	train
DB00091	C0004096	1	C08	valid	train	test	train	valid	train	train	train	valid	train
DB00091	C0013238	1	C11	train	valid	valid	train	valid	train	train	train	train	test
DB00091	C0017668	1	C12	train	train	train	train	train	train	train	train	train	train
DB00091	C0022575	1	C11	train	valid	valid	train	valid	train	train	train	train	test
DB00091	C0024141	1	C17	test	train	train	train	train	train	train	train	train	train
DB00091	C0026896	1	C10	train	train	train	train	train	valid	valid	train	train	train
DB00091	C0033860	1	C17	test	train	train	train	train	train	train	train	train	train
DB00094	C0021359	1	C12	train	train	train	train	train	train	train	train	train	train
DB00094	C0021361	1	C12	train	train	train	train	train	train	train	train	train	train
DB00094	C0032460	1	C12	train	train	train	train	train	train	train	train	train	train
DB00095	C0033860	1	C17	test	train	train	train	train	train	train	train	train	train
DB00097	C0021361	1	C12	train	train	train	train	train	train	train	train	train	train
DB00100	C0008533	1	C15	train	train	train	train	train	train	train	train	test	train
DB00100	C0015503	1	C15	train	train	train	train	train	train	train	train	test	train
DB00100	C0019069	1	C15	train	train	train	train	train	train	train	train	test	train
DB00100	C0019080	1	C23	train	valid	train	test	train	train	train	valid	test	train
DB00102	C0037299	1	C17	test	train	train	train	train	train	train	train	train	train
DB00104	C0001206	1	C05	train	train	train	train	train	train	train	train	train	train
DB00104	C0001430	1	C04	train	train	valid	train	train	train	test	train	train	test
DB00104	C0007095	1	C04	train	train	valid	train	train	train	test	train	train	test
DB00104	C0011991	1	C23	train	valid	train	test	train	train	train	valid	test	train
DB00104	C0024586	1	C04	train	train	valid	train	train	train	test	train	train	test
DB00104	C0030297	1	C04	train	train	valid	train	train	train	test	train	train	test
DB00104	C0032019	1	C10	train	train	train	train	train	valid	valid	train	train	train
DB00105	C0007134	1	C12	train	train	train	train	train	train	train	train	train	train
DB00105	C0009404	1	C06	test	train	train	test	train	test	train	train	train	train
DB00105	C0018916	1	C04	train	train	valid	train	train	train	test	train	train	test
DB00105	C0023443	1	C15	train	train	train	train	train	train	train	train	test	train
DB00105	C0024305	1	C04	train	train	valid	train	train	train	test	train	train	test
DB00105	C0024437	1	C11	train	valid	valid	train	valid	train	train	train	train	test
DB00105	C0024586	1	C04	train	train	valid	train	train	train	test	train	train	test
DB00105	C0025202	1	C04	train	train	valid	train	train	train	test	train	train	test
DB00105	C0026764	1	C15	train	train	train	train	train	train	train	train	test	train
DB00105	C0026948	1	C04	train	train	valid	train	train	train	test	train	train	test
DB00105	C0032463	1	C15	train	train	train	train	train	train	train	train	test	train
DB00105	C0036220	1	C04	train	train	valid	train	train	train	test	train	train	test
DB00105	C0036920	1	C15	train	train	train	train	train	train	train	train	test	train
DB00105	C0037286	1	C04	train	train	valid	train	train	train	test	train	train	test
DB00105	C0037299	1	C17	test	train	train	train	train	train	train	train	train	train
DB00105	C0040028	1	C15	train	train	train	train	train	train	train	train	test	train
DB00105	C0040136	1	C04	train	train	valid	train	train	train	test	train	train	test
DB00105	C0524909	1	C01	train	train	train	train	valid	valid	train	train	train	train
DB00105	C1540912	1	C15	train	train	train	train	train	train	train	train	test	train
DB00105	C2239176	1	C04	train	train	valid	train	train	train	test	train	train	test
DB00106	C0376358	1	C12	train	train	train	train	train	train	train	train	train	train
DB00107	C0032787	1	C23	train	valid	train	test	train	train	train	valid	test	train
DB00108	C0010346	1	C06	test	train	train	test	train	test	train	train	train	train
DB00108	C0026769	1	C10	train	train	train	train	train	valid	valid	train	train	train
DB00110	C0006287	1	C08	valid	train	test	train	valid	train	train	train	valid	train
DB00110	C0151526	1	C12	train	train	train	train	train	train	train	train	train	train
DB00112	C1621958	1	C04	train	train	valid	train	train	train	test	train	train	test
DB00114	C0162429	1	C18	train	train	train	train	train	test	train	train	train	train
DB00115	C0002871	1	C15	train	train	train	train	train	train	train	train	test	train
DB00115	C0007570	1	C06	test	train	train	test	train	test	train	train	train	train
DB00115	C0011882	1	C10	train	train	train	train	train	valid	valid	train	train	train
DB00115	C0026769	1	C10	train	train	train	train	train	valid	valid	train	train	train
DB00115	C0042847	1	C18	train	train	train	train	train	test	train	train	train	train
DB00115	C0162316	1	C15	train	train	train	train	train	train	train	train	test	train
DB00117	C0003873	1	C05	train	train	train	train	train	train	train	train	train	train
DB00118	C0029408	1	C05	train	train	train	train	train	train	train	train	train	train
DB00119	C0162429	1	C18	train	train	train	train	train	test	train	train	train	train
DB00120	C0042900	1	C17	test	train	train	train	train	train	train	train	train	train
DB00121	C0162429	1	C18	train	train	train	train	train	test	train	train	train	train
DB00122	C0020473	1	C18	train	train	train	train	train	test	train	train	train	train
DB00122	C0162429	1	C18	train	train	train	train	train	test	train	train	train	train
DB00122	C0917801	1	C10	train	train	train	train	train	valid	valid	train	train	train
DB00123	C0029456	1	C05	train	train	train	train	train	train	train	train	train	train
DB00125	C0162429	1	C18	train	train	train	train	train	test	train	train	train	train
DB00126	C0025637	1	C15	train	train	train	train	train	train	train	train	test	train
DB00126	C0268483	1	C18	train	train	train	train	train	test	train	train	train	train
DB00127	C0162429	1	C18	train	train	train	train	train	test	train	train	train	train
DB00128	C0020621	1	C18	train	train	train	train	train	test	train	train	train	train
DB00129	C0162429	1	C18	train	train	train	train	train	test	train	train	train	train
DB00130	C0003862	1	C05	train	train	train	train	train	train	train	train	train	train
DB00130	C0009324	1	C06	test	train	train	test	train	test	train	train	train	train
DB00130	C0011991	1	C23	train	valid	train	test	train	train	train	valid	test	train
DB00130	C0162429	1	C18	train	train	train	train	train	test	train	train	train	train
DB00130	C0231528	1	C05	train	train	train	train	train	train	train	train	train	train
DB00130	C0917801	1	C10	train	train	train	train	train	valid	valid	train	train	train
DB00131	C0162429	1	C18	train	train	train	train	train	test	train	train	train	train
DB00132	C0020443	1	C18	train	train	train	train	train	test	train	train	train	train
DB00132	C0020473	1	C18	train	train	train	train	train	test	train	train	train	train
DB00132	C0162429	1	C18	train	train	train	train	train	test	train	train	train	train
DB00132	C1527336	1	C05	train	train	train	train	train	train	train	train	train	train
DB00133	C0017612	1	C11	train	valid	valid	train	valid	train	train	train	train	test
DB00136	C0020502	1	C19	train	train	test	valid	train	train	test	train	train	valid
DB00136	C0020598	1	C18	train	train	train	train	train	test	train	train	train	train
DB00136	C0020626	1	C19	train	train	test	valid	train	train	test	train	train	valid
DB00136	C0022661	1	C12	train	train	train	train	train	train	train	train	train	train
DB00136	C0029456	1	C05	train	train	train	train	train	train	train	train	train	train
DB00136	C0033860	1	C17	test	train	train	train	train	train	train	train	train	train
DB00136	C0035579	1	C18	train	train	train	train	train	test	train	train	train	train
DB00136	C0042842	1	C18	train	train	train	train	train	test	train	train	train	train
DB00136	C0042870	1	C18	train	train	train	train	train	test	train	train	train	train
DB00136	C0042875	1	C18	train	train	train	train	train	test	train	train	train	train
DB00136	C0085682	1	C18	train	train	train	train	train	test	train	train	train	train
DB00138	C0003873	1	C05	train	train	train	train	train	train	train	train	train	train
DB00138	C0029408	1	C05	train	train	train	train	train	train	train	train	train	train
DB00139	C0041582	1	C23	train	valid	train	test	train	train	train	valid	test	train
DB00139	C0162316	1	C15	train	train	train	train	train	train	train	train	test	train
DB00139	C0162429	1	C18	train	train	train	train	train	test	train	train	train	train
DB00141	C0029408	1	C05	train	train	train	train	train	train	train	train	train	train
DB00142	C0041582	1	C23	train	valid	train	test	train	train	train	valid	test	train
DB00143	C0162429	1	C18	train	train	train	train	train	test	train	train	train	train
DB00145	C0030920	1	C06	test	train	train	test	train	test	train	train	train	train
DB00145	C0035455	1	C08	valid	train	test	train	valid	train	train	train	valid	train
DB00146	C0020598	1	C18	train	train	train	train	train	test	train	train	train	train
DB00146	C0020626	1	C19	train	train	test	valid	train	train	test	train	train	valid
DB00146	C0022661	1	C12	train	train	train	train	train	train	train	train	train	train
DB00146	C0029456	1	C05	train	train	train	train	train	train	train	train	train	train
DB00146	C0035579	1	C18	train	train	train	train	train	test	train	train	train	train
DB00146	C0042870	1	C18	train	train	train	train	train	test	train	train	train	train
DB00146	C0085682	1	C18	train	train	train	train	train	test	train	train	train	train
DB00147	C0014544	1	C10	train	train	train	train	train	valid	valid	train	train	train
DB00147	C0162429	1	C18	train	train	train	train	train	test	train	train	train	train
DB00147	C0936215	1	C18	train	train	train	train	train	test	train	train	train	train
DB00148	C0162429	1	C18	train	train	train	train	train	test	train	train	train	train
DB00150	C0003467	1	F01	valid	train	train	train	train	valid	test	train	train	train
DB00150	C0009806	1	C23	train	valid	train	test	train	train	train	valid	test	train
DB00150	C0015672	1	C23	train	valid	train	test	train	train	train	valid	test	train
DB00150	C0917801	1	C10	train	train	train	train	train	valid	valid	train	train	train
DB00152	C0039841	1	C18	train	train	train	train	train	test	train	train	train	train
DB00152	C0042847	1	C18	train	train	train	train	train	test	train	train	train	train
DB00153	C0001122	1	C18	train	train	train	train	train	test	train	train	train	train
DB00153	C0015624	1	C12	train	train	train	train	train	train	train	train	train	train
DB00153	C0020598	1	C18	train	train	train	train	train	test	train	train	train	train
DB00153	C0020626	1	C19	train	train	test	valid	train	train	test	train	train	valid
DB00153	C0029442	1	C18	train	train	train	train	train	test	train	train	train	train
DB00153	C0029456	1	C05	train	train	train	train	train	train	train	train	train	train
DB00153	C0029458	1	C05	train	train	train	train	train	train	train	train	train	train
DB00153	C0035579	1	C18	train	train	train	train	train	test	train	train	train	train
DB00153	C0042842	1	C18	train	train	train	train	train	test	train	train	train	train
DB00153	C0042870	1	C18	train	train	train	train	train	test	train	train	train	train
DB00153	C0085682	1	C18	train	train	train	train	train	test	train	train	train	train
DB00154	C0162429	1	C18	train	train	train	train	train	test	train	train	train	train
DB00155	C0162429	1	C18	train	train	train	train	train	test	train	train	train	train
DB00157	C0002395	1	C10	train	train	train	train	train	valid	valid	train	train	train
DB00157	C0030567	1	C10	train	train	train	train	train	valid	valid	train	train	train
DB00158	C0002871	1	C15	train	train	train	train	train	train	train	train	test	train
DB00158	C0002888	1	C15	train	train	train	train	train	train	train	train	test	train
DB00158	C0016412	1	C18	train	train	train	train	train	test	train	train	train	train
DB00158	C0042847	1	C18	train	train	train	train	train	test	train	train	train	train
DB00158	C0162316	1	C15	train	train	train	train	train	train	train	train	test	train
DB00159	C0010674	1	C16	train	train	test	train	train	train	train	train	train	train
DB00159	C0011860	1	C18	train	train	train	train	train	test	train	train	train	train
DB00159	C0011881	1	C12	train	train	train	train	train	train	train	train	train	train
DB00159	C0020557	1	C18	train	train	train	train	train	test	train	train	train	train
DB00161	C0019151	1	C06	test	train	train	test	train	test	train	train	train	train
DB00161	C0031485	1	C18	train	train	train	train	train	test	train	train	train	train
DB00162	C0022593	1	C17	test	train	train	train	train	train	train	train	train	train
DB00162	C0042842	1	C18	train	train	train	train	train	test	train	train	train	train
DB00162	C0042870	1	C18	train	train	train	train	train	test	train	train	train	train
DB00162	C0702166	1	C17	test	train	train	train	train	train	train	train	train	train
DB00163	C0002395	1	C10	train	train	train	train	train	valid	valid	train	train	train
DB00163	C0003873	1	C05	train	train	train	train	train	train	train	train	train	train
DB00163	C0004096	1	C08	valid	train	test	train	valid	train	train	train	valid	train
DB00163	C0004153	1	C14	valid	test	train	valid	test	train	train	test	train	valid
DB00163	C0042875	1	C18	train	train	train	train	train	test	train	train	train	train
DB00165	C0936215	1	C18	train	train	train	train	train	test	train	train	train	train
DB00167	C0019151	1	C06	test	train	train	test	train	test	train	train	train	train
DB00169	C0010346	1	C06	test	train	train	test	train	test	train	train	train	train
DB00169	C0020598	1	C18	train	train	train	train	train	test	train	train	train	train
DB00169	C0020626	1	C19	train	train	test	valid	train	train	test	train	train	valid
DB00169	C0022661	1	C12	train	train	train	train	train	train	train	train	train	train
DB00169	C0024121	1	C08	valid	train	test	train	valid	train	train	train	valid	train
DB00169	C0029442	1	C18	train	train	train	train	train	test	train	train	train	train
DB00169	C0029456	1	C05	train	train	train	train	train	train	train	train	train	train
DB00169	C0029458	1	C05	train	train	train	train	train	train	train	train	train	train
DB00169	C0033860	1	C17	test	train	train	train	train	train	train	train	train	train
DB00169	C0035579	1	C18	train	train	train	train	train	test	train	train	train	train
DB00169	C0037286	1	C04	train	train	valid	train	train	train	test	train	train	test
DB00169	C0042842	1	C18	train	train	train	train	train	test	train	train	train	train
DB00169	C0042870	1	C18	train	train	train	train	train	test	train	train	train	train
DB00170	C0003873	1	C05	train	train	train	train	train	train	train	train	train	train
DB00170	C0009324	1	C06	test	train	train	test	train	test	train	train	train	train
DB00170	C0011991	1	C23	train	valid	train	test	train	train	train	valid	test	train
DB00170	C0018681	1	C23	train	valid	train	test	train	train	train	valid	test	train
DB00170	C0019080	1	C23	train	valid	train	test	train	train	train	valid	test	train
DB00170	C0037299	1	C17	test	train	train	train	train	train	train	train	train	train
DB00170	C0042345	1	C14	valid	test	train	valid	test	train	train	test	train	valid
DB00173	C0162429	1	C18	train	train	train	train	train	test	train	train	train	train
DB00174	C0162429	1	C18	train	train	train	train	train	test	train	train	train	train
DB00175	C0003850	1	C14	valid	test	train	valid	test	train	train	test	train	valid
DB00175	C0020443	1	C18	train	train	train	train	train	test	train	train	train	train
DB00175	C0020473	1	C18	train	train	train	train	train	test	train	train	train	train
DB00175	C0020474	1	C18	train	train	train	train	train	test	train	train	train	train
DB00175	C0020476	1	C18	train	train	train	train	train	test	train	train	train	train
DB00175	C0020479	1	C18	train	train	train	train	train	test	train	train	train	train
DB00175	C0020557	1	C18	train	train	train	train	train	test	train	train	train	train
DB00175	C0027051	1	C14	valid	test	train	valid	test	train	train	test	train	valid
DB00175	C0038454	1	C10	train	train	train	train	train	valid	valid	train	train	train
DB00176	C0028768	1	F03	train	train	test	train	train	train	train	valid	train	train
DB00177	C0011881	1	C12	train	train	train	train	train	train	train	train	train	train
DB00177	C0018802	1	C14	valid	test	train	valid	test	train	train	test	train	valid
DB00177	C0020538	1	C14	valid	test	train	valid	test	train	train	test	train	valid
DB00177	C0242698	1	C14	valid	test	train	valid	test	train	train	test	train	valid
DB00178	C0011849	1	C18	train	train	train	train	train	test	train	train	train	train
DB00178	C0018802	1	C14	valid	test	train	valid	test	train	train	test	train	valid
DB00178	C0020538	1	C14	valid	test	train	valid	test	train	train	test	train	valid
DB00178	C0027051	1	C14	valid	test	train	valid	test	train	train	test	train	valid
DB00178	C0038454	1	C10	train	train	train	train	train	valid	valid	train	train	train
DB00179	C0020456	1	C18	train	train	train	train	train	test	train	train	train	train
DB00179	C0022593	1	C17	test	train	train	train	train	train	train	train	train	train
DB00180	C0004096	1	C08	valid	train	test	train	valid	train	train	train	valid	train
DB00180	C0035457	1	C08	valid	train	test	train	valid	train	train	train	valid	train
DB00181	C0005697	1	C12	train	train	train	train	train	train	train	train	train	train
DB00181	C0007789	1	C10	train	train	train	train	train	valid	valid	train	train	train
DB00181	C0020179	1	C10	train	train	train	train	train	valid	valid	train	train	train
DB00181	C0026769	1	C10	train	train	train	train	train	valid	valid	train	train	train
DB00181	C0037763	1	C10	train	train	train	train	train	valid	valid	train	train	train
DB00181	C0037930	1	C10	train	train	train	train	train	valid	valid	train	train	train
DB00181	C0038018	1	C05	train	train	train	train	train	train	train	train	train	train
DB00181	C0040997	1	C07	train	train	train	train	test	train	train	train	train	train
DB00182	C0027404	1	C10	train	train	train	train	train	valid	valid	train	train	train
DB00182	C0028754	1	C18	train	train	train	train	train	test	train	train	train	train
DB00185	C1527336	1	C05	train	train	train	train	train	train	train	train	train	train
DB00186	C0003467	1	F01	valid	train	train	train	train	valid	test	train	train	train
DB00186	C0014544	1	C10	train	train	train	train	train	valid	valid	train	train	train
DB00186	C0014550	1	C10	train	train	train	train	train	valid	valid	train	train	train
DB00186	C0014553	1	C10	train	train	train	train	train	valid	valid	train	train	train
DB00186	C0021603	1	C10	train	train	train	train	train	valid	valid	train	train	train
DB00186	C0030319	1	F03	train	train	test	train	train	train	train	valid	train	train
DB00186	C0038220	1	C10	train	train	train	train	train	valid	valid	train	train	train
DB00187	C0004238	1	C14	valid	test	train	valid	test	train	train	test	train	valid
DB00187	C0039240	1	C14	valid	test	train	valid	test	train	train	test	train	valid
DB00187	C0042514	1	C14	valid	test	train	valid	test	train	train	test	train	valid
DB00188	C0026764	1	C15	train	train	train	train	train	train	train	train	test	train
DB00189	C0917801	1	C10	train	train	train	train	train	valid	valid	train	train	train
DB00190	C0030567	1	C10	train	train	train	train	train	valid	valid	train	train	train
DB00190	C0242422	1	C10	train	train	train	train	train	valid	valid	train	train	train
DB00191	C0020649	1	C14	valid	test	train	valid	test	train	train	test	train	valid
DB00191	C0028754	1	C18	train	train	train	train	train	test	train	train	train	train
DB00192	C0003811	1	C14	valid	test	train	valid	test	train	train	test	train	valid
DB00193	C0029408	1	C05	train	train	train	train	train	train	train	train	train	train
DB00193	C0030193	1	C23	train	valid	train	test	train	train	train	valid	test	train
DB00193	C0150055	1	C23	train	valid	train	test	train	train	train	valid	test	train
DB00193	C0235063	1	C08	valid	train	test	train	valid	train	train	train	valid	train
DB00195	C0017612	1	C11	train	valid	valid	train	valid	train	train	train	train	test
DB00195	C0020538	1	C14	valid	test	train	valid	test	train	train	test	train	valid
DB00195	C0028840	1	C11	train	valid	valid	train	valid	train	train	train	train	test
DB00196	C0025289	1	C10	train	train	train	train	train	valid	valid	train	train	train
DB00199	C0008311	1	C06	test	train	train	test	train	test	train	train	train	train
DB00199	C0017160	1	C06	test	train	train	test	train	test	train	train	train	train
DB00199	C0025289	1	C10	train	train	train	train	train	valid	valid	train	train	train
DB00199	C0042029	1	C12	train	train	train	train	train	train	train	train	train	train
DB00199	C0155862	1	C01	train	train	train	train	valid	valid	train	train	train	train
DB00200	C0002871	1	C15	train	train	train	train	train	train	train	train	test	train
DB00200	C0007570	1	C06	test	train	train	test	train	test	train	train	train	train
DB00200	C0011882	1	C10	train	train	train	train	train	valid	valid	train	train	train
DB00200	C0020550	1	C19	train	train	test	valid	train	train	test	train	train	valid
DB00200	C0026769	1	C10	train	train	train	train	train	valid	valid	train	train	train
DB00200	C0042847	1	C18	train	train	train	train	train	test	train	train	train	train
DB00201	C0003578	1	C08	valid	train	test	train	valid	train	train	train	valid	train
DB00201	C0003862	1	C05	train	train	train	train	train	train	train	train	train	train
DB00201	C0004604	1	C23	train	valid	train	test	train	train	train	valid	test	train
DB00201	C0013390	1	C23	train	valid	train	test	train	train	train	valid	test	train
DB00201	C0015672	1	C23	train	valid	train	test	train	train	train	valid	test	train
DB00201	C0026838	1	C05	train	train	train	train	train	train	train	train	train	train
DB00201	C0030193	1	C23	train	valid	train	test	train	train	train	valid	test	train
DB00201	C0149931	1	C10	train	train	train	train	train	valid	valid	train	train	train
DB00203	C0242350	1	C12	train	train	train	train	train	train	train	train	train	train
DB00203	C2973725	1	C08	valid	train	test	train	valid	train	train	train	valid	train
DB00204	C0003811	1	C14	valid	test	train	valid	test	train	train	test	train	valid
DB00204	C0004238	1	C14	valid	test	train	valid	test	train	train	test	train	valid
DB00204	C0004239	1	C14	valid	test	train	valid	test	train	train	test	train	valid
DB00206	C0020538	1	C14	valid	test	train	valid	test	train	train	test	train	valid
DB00206	C0033975	1	F03	train	train	test	train	train	train	train	valid	train	train
DB00206	C0085580	1	C14	valid	test	train	valid	test	train	train	test	train	valid
DB00207	C0029882	1	C09	train	train	test	train	train	train	test	valid	train	test
DB00207	C0032285	1	C08	valid	train	test	train	valid	train	train	train	valid	train
DB00207	C0155862	1	C01	train	train	train	train	valid	valid	train	train	train	train
DB00207	C0702166	1	C17	test	train	train	train	train	train	train	train	train	train
DB00208	C0040053	1	C14	valid	test	train	valid	test	train	train	test	train	valid
DB00209	C0042024	1	C12	train	train	train	train	train	train	train	train	train	train
DB00209	C0878773	1	C12	train	train	train	train	train	train	train	train	train	train
DB00210	C0702166	1	C17	test	train	train	train	train	train	train	train	train	train
DB00211	C0020649	1	C14	valid	test	train	valid	test	train	train	test	train	valid
DB00211	C0020651	1	C10	train	train	train	train	train	valid	valid	train	train	train
DB00211	C0042024	1	C12	train	train	train	train	train	train	train	train	train	train
DB00213	C0014868	1	C06	test	train	train	test	train	test	train	train	train	train
DB00213	C0017168	1	C06	test	train	train	test	train	test	train	train	train	train
DB00213	C0027662	1	C04	train	train	valid	train	train	train	test	train	train	test
DB00213	C0041582	1	C23	train	valid	train	test	train	train	train	valid	test	train
DB00213	C0043515	1	C06	test	train	train	test	train	test	train	train	train	train
DB00214	C0013604	1	C23	train	valid	train	test	train	train	train	valid	test	train
DB00214	C0020538	1	C14	valid	test	train	valid	test	train	train	test	train	valid
DB00214	C0022660	1	C12	train	train	train	train	train	train	train	train	train	train
DB00214	C0023890	1	C06	test	train	train	test	train	test	train	train	train	train
DB00214	C0027726	1	C12	train	train	train	train	train	train	train	train	train	train
DB00214	C0034063	1	C08	valid	train	test	train	valid	train	train	train	valid	train
DB00215	C0011581	1	F03	train	train	test	train	train	train	train	valid	train	train
DB00215	C0011882	1	C10	train	train	train	train	train	valid	valid	train	train	train
DB00216	C0149931	1	C10	train	train	train	train	train	valid	valid	train	train	train
DB00218	C0008677	1	C08	valid	train	test	train	valid	train	train	train	valid	train
DB00218	C0010692	1	C12	train	train	train	train	train	train	train	train	train	train
DB00218	C0031154	1	C01	train	train	train	train	valid	valid	train	train	train	train
DB00218	C0032285	1	C08	valid	train	test	train	valid	train	train	train	valid	train
DB00218	C0034186	1	C12	train	train	train	train	train	train	train	train	train	train
DB00218	C0037199	1	C08	valid	train	test	train	valid	train	train	train	valid	train
DB00218	C0155862	1	C01	train	train	train	train	valid	valid	train	train	train	train
DB00221	C0004096	1	C08	valid	train	test	train	valid	train	train	train	valid	train
DB00222	C0011849	1	C18	train	train	train	train	train	test	train	train	train	train
DB00222	C0020456	1	C18	train	train	train	train	train	test	train	train	train	train
DB00223	C0011615	1	C17	test	train	train	train	train	train	train	train	train	train
DB00223	C0011616	1	C17	test	train	train	train	train	train	train	train	train	train
DB00223	C0015230	1	C17	test	train	train	train	train	train	train	train	train	train
DB00223	C0015456	1	C17	test	train	train	train	train	train	train	train	train	train
DB00223	C0024138	1	C17	test	train	train	train	train	train	train	train	train	train
DB00223	C0036508	1	C17	test	train	train	train	train	train	train	train	train	train
DB00226	C0020538	1	C14	valid	test	train	valid	test	train	train	test	train	valid
DB00227	C0003850	1	C14	valid	test	train	valid	test	train	train	test	train	valid
DB00227	C0010068	1	C14	valid	test	train	valid	test	train	train	test	train	valid
DB00227	C0020443	1	C18	train	train	train	train	train	test	train	train	train	train
DB00227	C0020473	1	C18	train	train	train	train	train	test	train	train	train	train
DB00227	C0020474	1	C18	train	train	train	train	train	test	train	train	train	train
DB00227	C0020476	1	C18	train	train	train	train	train	test	train	train	train	train
DB00227	C0020557	1	C18	train	train	train	train	train	test	train	train	train	train
DB00227	C0027051	1	C14	valid	test	train	valid	test	train	train	test	train	valid
DB00227	C0473527	1	C18	train	train	train	train	train	test	train	train	train	train
DB00228	C0151636	1	C14	valid	test	train	valid	test	train	train	test	train	valid
DB00230	C0014544	1	C10	train	train	train	train	train	valid	valid	train	train	train
DB00230	C0031117	1	C10	train	train	train	train	train	valid	valid	train	train	train
DB00230	C0032768	1	C10	train	train	train	train	train	valid	valid	train	train	train
DB00230	C0036572	1	C10	train	train	train	train	train	valid	valid	train	train	train
DB00231	C0021603	1	C10	train	train	train	train	train	valid	valid	train	train	train
DB00231	C0917801	1	C10	train	train	train	train	train	valid	valid	train	train	train
DB00232	C0013604	1	C23	train	valid	train	test	train	train	train	valid	test	train
DB00232	C0018802	1	C14	valid	test	train	valid	test	train	train	test	train	valid
DB00232	C0020538	1	C14	valid	test	train	valid	test	train	train	test	train	valid
DB00232	C0027726	1	C12	train	train	train	train	train	train	train	train	train	train
DB00233	C0009324	1	C06	test	train	train	test	train	test	train	train	train	train
DB00233	C0010346	1	C06	test	train	train	test	train	test	train	train	train	train
DB00233	C0021390	1	C06	test	train	train	test	train	test	train	train	train	train
DB00234	C1269683	1	F03	train	train	test	train	train	train	train	valid	train	train
DB00235	C0018802	1	C14	valid	test	train	valid	test	train	train	test	train	valid
DB00237	C0013428	1	C23	train	valid	train	test	train	train	train	valid	test	train
DB00237	C0021603	1	C10	train	train	train	train	train	valid	valid	train	train	train
DB00237	C0917801	1	C10	train	train	train	train	train	valid	valid	train	train	train
DB00240	C0011603	1	C17	test	train	train	train	train	train	train	train	train	train
DB00240	C0011615	1	C17	test	train	train	train	train	train	train	train	train	train
DB00240	C0011616	1	C17	test	train	train	train	train	train	train	train	train	train
DB00240	C0015230	1	C17	test	train	train	train	train	train	train	train	train	train
DB00240	C0015456	1	C17	test	train	train	train	train	train	train	train	train	train
DB00240	C0024138	1	C17	test	train	train	train	train	train	train	train	train	train
DB00241	C0018681	1	C23	train	valid	train	test	train	train	train	valid	test	train
DB00241	C0149931	1	C10	train	train	train	train	train	valid	valid	train	train	train
DB00242	C0002871	1	C15	train	train	train	train	train	train	train	train	test	train
DB00242	C0023434	1	C15	train	train	train	train	train	train	train	train	test	train
DB00242	C0023443	1	C15	train	train	train	train	train	train	train	train	test	train
DB00242	C0024305	1	C04	train	train	valid	train	train	train	test	train	train	test
DB00242	C0026769	1	C10	train	train	train	train	train	valid	valid	train	train	train
DB00243	C0002962	1	C14	valid	test	train	valid	test	train	train	test	train	valid
DB00244	C0009324	1	C06	test	train	train	test	train	test	train	train	train	train
DB00244	C0014356	1	C06	test	train	train	test	train	test	train	train	train	train
DB00244	C0021390	1	C06	test	train	train	test	train	test	train	train	train	train
DB00245	C0015371	1	C10	train	train	train	train	train	valid	valid	train	train	train
DB00245	C0030567	1	C10	train	train	train	train	train	valid	valid	train	train	train
DB00245	C0242422	1	C10	train	train	train	train	train	valid	valid	train	train	train
DB00246	C0005586	1	F03	train	train	test	train	train	train	train	valid	train	train
DB00246	C0036341	1	F03	train	train	test	train	train	train	train	valid	train	train
DB00247	C0018681	1	C23	train	valid	train	test	train	train	train	valid	test	train
DB00247	C0149931	1	C10	train	train	train	train	train	valid	valid	train	train	train
DB00248	C0020514	1	C10	train	train	train	train	train	valid	valid	train	train	train
DB00248	C0030567	1	C10	train	train	train	train	train	valid	valid	train	train	train
DB00248	C0032000	1	C10	train	train	train	train	train	valid	valid	train	train	train
DB00248	C0033375	1	C04	train	train	valid	train	train	train	test	train	train	test
DB00248	C0242422	1	C10	train	train	train	train	train	valid	valid	train	train	train
DB00250	C0702166	1	C17	test	train	train	train	train	train	train	train	train	train
DB00252	C0014544	1	C10	train	train	train	train	train	valid	valid	train	train	train
DB00252	C0014549	1	C10	train	train	train	train	train	valid	valid	train	train	train
DB00252	C0014556	1	C10	train	train	train	train	train	valid	valid	train	train	train
DB00252	C0036572	1	C10	train	train	train	train	train	valid	valid	train	train	train
DB00252	C0038220	1	C10	train	train	train	train	train	valid	valid	train	train	train
DB00252	C0149958	1	C10	train	train	train	train	train	valid	valid	train	train	train
DB00252	C0234974	1	C10	train	train	train	train	train	valid	valid	train	train	train
DB00252	C0238111	1	C10	train	train	train	train	train	valid	valid	train	train	train
DB00253	C0009763	1	C11	train	valid	valid	train	valid	train	train	train	train	test
DB00253	C0010043	1	C11	train	valid	valid	train	valid	train	train	train	train	test
DB00253	C0013182	1	C25	train	train	valid	train	valid	train	train	train	train	train
DB00253	C0014583	1	C11	train	valid	valid	train	valid	train	train	train	train	test
DB00253	C0022073	1	C11	train	valid	valid	train	valid	train	train	train	train	test
DB00253	C0042164	1	C11	train	valid	valid	train	valid	train	train	train	train	test
DB00254	C0008149	1	C01	train	train	train	train	valid	valid	train	train	train	train
DB00254	C0031099	1	C07	train	train	train	train	test	train	train	train	train	train
DB00254	C0035585	1	C01	train	train	train	train	valid	valid	train	train	train	train
DB00254	C0037199	1	C08	valid	train	test	train	valid	train	train	train	valid	train
DB00254	C0702166	1	C17	test	train	train	train	train	train	train	train	train	train
DB00255	C0000786	1	C12	train	train	train	train	train	train	train	train	train	train
DB00255	C0151526	1	C12	train	train	train	train	train	train	train	train	train	train
DB00255	C0376358	1	C12	train	train	train	train	train	train	train	train	train	train
DB00255	C1458155	1	C04	train	train	valid	train	train	train	test	train	train	test
DB00261	C0032463	1	C15	train	train	train	train	train	train	train	train	test	train
DB00261	C0040053	1	C14	valid	test	train	valid	test	train	train	test	train	valid
DB00261	C0836924	1	C15	train	train	train	train	train	train	train	train	test	train
DB00262	C0004114	1	C04	train	train	valid	train	train	train	test	train	train	test
DB00262	C0006118	1	C10	train	train	train	train	train	valid	valid	train	train	train
DB00262	C0009375	1	C06	test	train	train	test	train	test	train	train	train	train
DB00262	C0014474	1	C04	train	train	valid	train	train	train	test	train	train	test
DB00262	C0017636	1	C04	train	train	valid	train	train	train	test	train	train	test
DB00262	C0024121	1	C08	valid	train	test	train	valid	train	train	train	valid	train
DB00262	C0024305	1	C04	train	train	valid	train	train	train	test	train	train	test
DB00262	C0025149	1	C04	train	train	valid	train	train	train	test	train	train	test
DB00262	C0025202	1	C04	train	train	valid	train	train	train	test	train	train	test
DB00262	C0026764	1	C15	train	train	train	train	train	train	train	train	test	train
DB00262	C0079744	1	C04	train	train	valid	train	train	train	test	train	train	test
DB00264	C0002962	1	C14	valid	test	train	valid	test	train	train	test	train	valid
DB00264	C0020538	1	C14	valid	test	train	valid	test	train	train	test	train	valid
DB00264	C0027051	1	C14	valid	test	train	valid	test	train	train	test	train	valid
DB00264	C0948089	1	C14	valid	test	train	valid	test	train	train	test	train	valid
DB00266	C0027051	1	C14	valid	test	train	valid	test	train	train	test	train	valid
DB00266	C0040038	1	C14	valid	test	train	valid	test	train	train	test	train	valid
DB00266	C0040053	1	C14	valid	test	train	valid	test	train	train	test	train	valid
DB00268	C0030567	1	C10	train	train	train	train	train	valid	valid	train	train	train
DB00270	C0020538	1	C14	valid	test	train	valid	test	train	train	test	train	valid
DB00270	C0085580	1	C14	valid	test	train	valid	test	train	train	test	train	valid
DB00273	C0014544	1	C10	train	train	train	train	train	valid	valid	train	train	train
DB00273	C0014549	1	C10	train	train	train	train	train	valid	valid	train	train	train
DB00273	C0028754	1	C18	train	train	train	train	train	test	train	train	train	train
DB00273	C0037769	1	C10	train	train	train	train	train	valid	valid	train	train	train
DB00273	C0149931	1	C10	train	train	train	train	train	valid	valid	train	train	train
DB00273	C0234974	1	C10	train	train	train	train	train	valid	valid	train	train	train
DB00273	C0238111	1	C10	train	train	train	train	train	valid	valid	train	train	train
DB00275	C0018802	1	C14	valid	test	train	valid	test	train	train	test	train	valid
DB00275	C0020538	1	C14	valid	test	train	valid	test	train	train	test	train	valid
DB00275	C0242698	1	C14	valid	test	train	valid	test	train	train	test	train	valid
DB00276	C0023467	1	C04	train	train	valid	train	train	train	test	train	train	test
DB00277	C0003578	1	C08	valid	train	test	train	valid	train	train	train	valid	train
DB00277	C0004096	1	C08	valid	train	test	train	valid	train	train	train	valid	train
DB00277	C0008677	1	C08	valid	train	test	train	valid	train	train	train	valid	train
DB00277	C0024115	1	C08	valid	train	test	train	valid	train	train	train	valid	train
DB00277	C0428977	1	C14	valid	test	train	valid	test	train	train	test	train	valid
DB00279	C0010308	1	C05	train	train	train	train	train	train	train	train	train	train
DB00279	C0018021	1	C19	train	train	test	valid	train	train	test	train	train	valid
DB00279	C0020676	1	C19	train	train	test	valid	train	train	test	train	train	valid
DB00279	C0040136	1	C04	train	train	valid	train	train	train	test	train	train	test
DB00279	C0040156	1	C19	train	train	test	valid	train	train	test	train	train	valid
DB00279	C0920350	1	C19	train	train	test	valid	train	train	test	train	train	valid
DB00280	C0003811	1	C14	valid	test	train	valid	test	train	train	test	train	valid
DB00280	C0004238	1	C14	valid	test	train	valid	test	train	train	test	train	valid
DB00280	C0004239	1	C14	valid	test	train	valid	test	train	train	test	train	valid
DB00280	C0042514	1	C14	valid	test	train	valid	test	train	train	test	train	valid
DB00280	C0151636	1	C14	valid	test	train	valid	test	train	train	test	train	valid
DB00281	C0003811	1	C14	valid	test	train	valid	test	train	train	test	train	valid
DB00281	C0013595	1	C17	test	train	train	train	train	train	train	train	train	train
DB00281	C0019080	1	C23	train	valid	train	test	train	train	train	valid	test	train
DB00281	C0019112	1	C06	test	train	train	test	train	test	train	train	train	train
DB00281	C0027796	1	C10	train	train	train	train	train	valid	valid	train	train	train
DB00281	C0032768	1	C10	train	train	train	train	train	valid	valid	train	train	train
DB00281	C0033774	1	C17	test	train	train	train	train	train	train	train	train	train
DB00281	C0042510	1	C14	valid	test	train	valid	test	train	train	test	train	valid
DB00281	C0042514	1	C14	valid	test	train	valid	test	train	train	test	train	valid
DB00281	C0151636	1	C14	valid	test	train	valid	test	train	train	test	train	valid
DB00282	C0020437	1	C18	train	train	train	train	train	test	train	train	train	train
DB00282	C0029458	1	C05	train	train	train	train	train	train	train	train	train	train
DB00283	C0002994	1	C14	valid	test	train	valid	test	train	train	test	train	valid
DB00283	C0020517	1	C20	train	train	train	train	train	train	train	train	valid	train
DB00283	C0033774	1	C17	test	train	train	train	train	train	train	train	train	train
DB00283	C0035457	1	C08	valid	train	test	train	valid	train	train	train	valid	train
DB00283	C0042109	1	C17	test	train	train	train	train	train	train	train	train	train
DB00284	C0011849	1	C18	train	train	train	train	train	test	train	train	train	train
DB00284	C0011860	1	C18	train	train	train	train	train	test	train	train	train	train
DB00284	C0020456	1	C18	train	train	train	train	train	test	train	train	train	train
DB00285	C0006142	1	C04	train	train	valid	train	train	train	test	train	train	test
DB00285	C0030319	1	F03	train	train	test	train	train	train	train	valid	train	train
DB00285	C1269683	1	F03	train	train	test	train	train	train	train	valid	train	train
DB00286	C0006142	1	C04	train	train	valid	train	train	train	test	train	train	test
DB00286	C0020619	1	C19	train	train	test	valid	train	train	test	train	train	valid
DB00286	C0029456	1	C05	train	train	train	train	train	train	train	train	train	train
DB00286	C1384606	1	C12	train	train	train	train	train	train	train	train	train	train
DB00287	C0017601	1	C11	train	valid	valid	train	valid	train	train	train	train	test
DB00287	C0017612	1	C11	train	valid	valid	train	valid	train	train	train	train	test
DB00287	C0028840	1	C11	train	valid	valid	train	valid	train	train	train	train	test
DB00288	C0011603	1	C17	test	train	train	train	train	train	train	train	train	train
DB00288	C0011615	1	C17	test	train	train	train	train	train	train	train	train	train
DB00288	C0011616	1	C17	test	train	train	train	train	train	train	train	train	train
DB00288	C0015456	1	C17	test	train	train	train	train	train	train	train	train	train
DB00288	C0024138	1	C17	test	train	train	train	train	train	train	train	train	train
DB00288	C0036508	1	C17	test	train	train	train	train	train	train	train	train	train
DB00290	C0007137	1	C04	train	train	valid	train	train	train	test	train	train	test
DB00290	C0019829	1	C04	train	train	valid	train	train	train	test	train	train	test
DB00290	C0024299	1	C04	train	train	valid	train	train	train	test	train	train	test
DB00290	C0024301	1	C04	train	train	valid	train	train	train	test	train	train	test
DB00290	C0024305	1	C04	train	train	valid	train	train	train	test	train	train	test
DB00290	C0025202	1	C04	train	train	valid	train	train	train	test	train	train	test
DB00290	C0039590	1	C12	train	train	train	train	train	train	train	train	train	train
DB00290	C0278996	1	C04	train	train	valid	train	train	train	test	train	train	test
DB00292	C0007786	1	C10	train	train	train	train	train	valid	valid	train	train	train
DB00292	C0038220	1	C10	train	train	train	train	train	valid	valid	train	train	train
DB00293	C0025500	1	C04	train	train	valid	train	train	train	test	train	train	test
DB00293	C1527249	1	C06	test	train	train	test	train	test	train	train	train	train
DB00295	C0011991	1	C23	train	valid	train	test	train	train	train	valid	test	train
DB00295	C0030193	1	C23	train	valid	train	test	train	train	train	valid	test	train
DB00295	C0150055	1	C23	train	valid	train	test	train	train	train	valid	test	train
DB00297	C0033774	1	C17	test	train	train	train	train	train	train	train	train	train
DB00298	C0017601	1	C11	train	valid	valid	train	valid	train	train	train	train	test
DB00300	C0524909	1	C01	train	train	train	train	valid	valid	train	train	train	train
DB00302	C0005779	1	C15	train	train	train	train	train	train	train	train	test	train
DB00302	C0014175	1	C12	train	train	train	train	train	train	train	train	train	train
DB00302	C0019080	1	C23	train	valid	train	test	train	train	train	valid	test	train
DB00302	C0025323	1	C12	train	train	train	train	train	train	train	train	train	train
DB00302	C0038525	1	C10	train	train	train	train	train	valid	valid	train	train	train
DB00304	C0014175	1	C12	train	train	train	train	train	train	train	train	train	train
DB00307	C0011849	1	C18	train	train	train	train	train	test	train	train	train	train
DB00307	C0596263	1	C04	train	train	valid	train	train	train	test	train	train	test
DB00308	C0003811	1	C14	valid	test	train	valid	test	train	train	test	train	valid
DB00309	C0019829	1	C04	train	train	valid	train	train	train	test	train	train	test
DB00309	C0023449	1	C15	train	train	train	train	train	train	train	train	test	train
DB00309	C0024299	1	C04	train	train	valid	train	train	train	test	train	train	test
DB00309	C0025202	1	C04	train	train	valid	train	train	train	test	train	train	test
DB00310	C0013604	1	C23	train	valid	train	test	train	train	train	valid	test	train
DB00310	C0018802	1	C14	valid	test	train	valid	test	train	train	test	train	valid
DB00310	C0020538	1	C14	valid	test	train	valid	test	train	train	test	train	valid
DB00310	C0022661	1	C12	train	train	train	train	train	train	train	train	train	train
DB00310	C0023890	1	C06	test	train	train	test	train	test	train	train	train	train
DB00310	C0027726	1	C12	train	train	train	train	train	train	train	train	train	train
DB00311	C0017601	1	C11	train	valid	valid	train	valid	train	train	train	train	test
DB00312	C0014544	1	C10	train	train	train	train	train	valid	valid	train	train	train
DB00312	C0038220	1	C10	train	train	train	train	train	valid	valid	train	train	train
DB00312	C0917798	1	C10	train	train	train	train	train	valid	valid	train	train	train
DB00312	C0917801	1	C10	train	train	train	train	train	valid	valid	train	train	train
DB00313	C0002395	1	C10	train	train	train	train	train	valid	valid	train	train	train
DB00313	C0014544	1	C10	train	train	train	train	train	valid	valid	train	train	train
DB00313	C0014553	1	C10	train	train	train	train	train	valid	valid	train	train	train
DB00313	C0036572	1	C10	train	train	train	train	train	valid	valid	train	train	train
DB00313	C0085417	1	C10	train	train	train	train	train	valid	valid	train	train	train
DB00316	C0003864	1	C05	train	train	train	train	train	train	train	train	train	train
DB00316	C0004604	1	C23	train	valid	train	test	train	train	train	valid	test	train
DB00316	C0013390	1	C23	train	valid	train	test	train	train	train	valid	test	train
DB00316	C0015967	1	C23	train	valid	train	test	train	train	train	valid	test	train
DB00316	C0030193	1	C23	train	valid	train	test	train	train	train	valid	test	train
DB00316	C0149931	1	C10	train	train	train	train	train	valid	valid	train	train	train
DB00317	C0007131	1	C08	valid	train	test	train	valid	train	train	train	valid	train
DB00317	C0024121	1	C08	valid	train	test	train	valid	train	train	train	valid	train
DB00318	C0015967	1	C23	train	valid	train	test	train	train	train	valid	test	train
DB00318	C0030193	1	C23	train	valid	train	test	train	train	train	valid	test	train
DB00320	C0149931	1	C10	train	train	train	train	train	valid	valid	train	train	train
DB00321	C0011581	1	F03	train	train	test	train	train	train	train	valid	train	train
DB00322	C0009404	1	C06	test	train	train	test	train	test	train	train	train	train
DB00322	C0038356	1	C06	test	train	train	test	train	test	train	train	train	train
DB00322	C1527249	1	C06	test	train	train	test	train	test	train	train	train	train
DB00323	C0030567	1	C10	train	train	train	train	train	valid	valid	train	train	train
DB00324	C0005741	1	C11	train	valid	valid	train	valid	train	train	train	train	test
DB00324	C0010043	1	C11	train	valid	valid	train	valid	train	train	train	train	test
DB00324	C0020517	1	C20	train	train	train	train	train	train	train	train	valid	train
DB00324	C0022073	1	C11	train	valid	valid	train	valid	train	train	train	train	test
DB00324	C0035854	1	C17	test	train	train	train	train	train	train	train	train	train
DB00324	C0042164	1	C11	train	valid	valid	train	valid	train	train	train	train	test
DB00324	C0702166	1	C17	test	train	train	train	train	train	train	train	train	train
DB00325	C0020538	1	C14	valid	test	train	valid	test	train	train	test	train	valid
DB00325	C0020546	1	C14	valid	test	train	valid	test	train	train	test	train	valid
DB00327	C0030193	1	C23	train	valid	train	test	train	train	train	valid	test	train
DB00328	C0003873	1	C05	train	train	train	train	train	train	train	train	train	train
DB00328	C0013274	1	C14	valid	test	train	valid	test	train	train	test	train	valid
DB00328	C0018099	1	C05	train	train	train	train	train	train	train	train	train	train
DB00328	C0029408	1	C05	train	train	train	train	train	train	train	train	train	train
DB00328	C0038013	1	C05	train	train	train	train	train	train	train	train	train	train
DB00328	C0039103	1	C05	train	train	train	train	train	train	train	train	train	train
DB00331	C0011849	1	C18	train	train	train	train	train	test	train	train	train	train
DB00331	C0011860	1	C18	train	train	train	train	train	test	train	train	train	train
DB00331	C0020456	1	C18	train	train	train	train	train	test	train	train	train	train
DB00332	C0004096	1	C08	valid	train	test	train	valid	train	train	train	valid	train
DB00332	C0008677	1	C08	valid	train	test	train	valid	train	train	train	valid	train
DB00332	C0034067	1	C23	train	valid	train	test	train	train	train	valid	test	train
DB00332	C0035457	1	C08	valid	train	test	train	valid	train	train	train	valid	train
DB00334	C0005586	1	F03	train	train	test	train	train	train	train	valid	train	train
DB00334	C0005587	1	F03	train	train	test	train	train	train	train	valid	train	train
DB00334	C0036341	1	F03	train	train	test	train	train	train	train	valid	train	train
DB00334	C1269683	1	F03	train	train	test	train	train	train	train	valid	train	train
DB00335	C0002962	1	C14	valid	test	train	valid	test	train	train	test	train	valid
DB00335	C0003811	1	C14	valid	test	train	valid	test	train	train	test	train	valid
DB00335	C0004238	1	C14	valid	test	train	valid	test	train	train	test	train	valid
DB00335	C0004239	1	C14	valid	test	train	valid	test	train	train	test	train	valid
DB00335	C0018802	1	C14	valid	test	train	valid	test	train	train	test	train	valid
DB00335	C0020538	1	C14	valid	test	train	valid	test	train	train	test	train	valid
DB00335	C0027051	1	C14	valid	test	train	valid	test	train	train	test	train	valid
DB00335	C0039240	1	C14	valid	test	train	valid	test	train	train	test	train	valid
DB00335	C0042510	1	C14	valid	test	train	valid	test	train	train	test	train	valid
DB00335	C0042514	1	C14	valid	test	train	valid	test	train	train	test	train	valid
DB00337	C0011603	1	C17	test	train	train	train	train	train	train	train	train	train
DB00337	C0011615	1	C17	test	train	train	train	train	train	train	train	train	train
DB00337	C0013595	1	C17	test	train	train	train	train	train	train	train	train	train
DB00338	C0013295	1	C06	test	train	train	test	train	test	train	train	train	train
DB00338	C0014868	1	C06	test	train	train	test	train	test	train	train	train	train
DB00338	C0014869	1	C06	test	train	train	test	train	test	train	train	train	train
DB00338	C0017168	1	C06	test	train	train	test	train	test	train	train	train	train
DB00338	C0017181	1	C06	test	train	train	test	train	test	train	train	train	train
DB00338	C0030920	1	C06	test	train	train	test	train	test	train	train	train	train
DB00338	C0038358	1	C06	test	train	train	test	train	test	train	train	train	train
DB00338	C0043515	1	C06	test	train	train	test	train	test	train	train	train	train
DB00340	C0030567	1	C10	train	train	train	train	train	valid	valid	train	train	train
DB00340	C0242422	1	C10	train	train	train	train	train	valid	valid	train	train	train
DB00341	C0020517	1	C20	train	train	train	train	train	train	train	train	valid	train
DB00341	C0035457	1	C08	valid	train	test	train	valid	train	train	train	valid	train
DB00342	C0018621	1	C08	valid	train	test	train	valid	train	train	train	valid	train
DB00343	C0002962	1	C14	valid	test	train	valid	test	train	train	test	train	valid
DB00343	C0004238	1	C14	valid	test	train	valid	test	train	train	test	train	valid
DB00343	C0020538	1	C14	valid	test	train	valid	test	train	train	test	train	valid
DB00343	C0027051	1	C14	valid	test	train	valid	test	train	train	test	train	valid
DB00343	C0030590	1	C14	valid	test	train	valid	test	train	train	test	train	valid
DB00343	C0039240	1	C14	valid	test	train	valid	test	train	train	test	train	valid
DB00344	C0011581	1	F03	train	train	test	train	train	train	train	valid	train	train
DB00347	C0014544	1	C10	train	train	train	train	train	valid	valid	train	train	train
DB00347	C0014553	1	C10	train	train	train	train	train	valid	valid	train	train	train
DB00347	C0036572	1	C10	train	train	train	train	train	valid	valid	train	train	train
DB00348	C0268483	1	C18	train	train	train	train	train	test	train	train	train	train
DB00348	C0268490	1	C18	train	train	train	train	train	test	train	train	train	train
DB00349	C0036572	1	C10	train	train	train	train	train	valid	valid	train	train	train
DB00349	C0238111	1	C10	train	train	train	train	train	valid	valid	train	train	train
DB00350	C0002170	1	C17	test	train	train	train	train	train	train	train	train	train
DB00350	C0020538	1	C14	valid	test	train	valid	test	train	train	test	train	valid
DB00350	C0020540	1	C14	valid	test	train	valid	test	train	train	test	train	valid
DB00351	C0003123	1	C23	train	valid	train	test	train	train	train	valid	test	train
DB00351	C0476089	1	C12	train	train	train	train	train	train	train	train	train	train
DB00351	C0678222	1	C04	train	train	valid	train	train	train	test	train	train	test
DB00352	C0023437	1	C04	train	train	valid	train	train	train	test	train	train	test
DB00352	C0023467	1	C04	train	train	valid	train	train	train	test	train	train	test
DB00352	C0023481	1	C15	train	train	train	train	train	train	train	train	test	train
DB00352	C0033860	1	C17	test	train	train	train	train	train	train	train	train	train
DB00356	C0026838	1	C05	train	train	train	train	train	train	train	train	train	train
DB00356	C0027121	1	C05	train	train	train	train	train	train	train	train	train	train
DB00357	C0010481	1	C19	train	train	test	valid	train	train	test	train	train	valid
DB00357	C0027661	1	C04	train	train	valid	train	train	train	test	train	train	test
DB00357	C0033578	1	C12	train	train	train	train	train	train	train	train	train	train
DB00357	C1458155	1	C04	train	train	valid	train	train	train	test	train	train	test
DB00361	C0007131	1	C08	valid	train	test	train	valid	train	train	train	valid	train
DB00361	C0019829	1	C04	train	train	valid	train	train	train	test	train	train	test
DB00361	C0919267	1	C12	train	train	train	train	train	train	train	train	train	train
DB00361	C1458155	1	C04	train	train	valid	train	train	train	test	train	train	test
DB00363	C0036341	1	F03	train	train	test	train	train	train	train	valid	train	train
DB00363	C3544321	1	F03	train	train	test	train	train	train	train	valid	train	train
DB00364	C0013295	1	C06	test	train	train	test	train	test	train	train	train	train
DB00364	C0014868	1	C06	test	train	train	test	train	test	train	train	train	train
DB00364	C0017152	1	C06	test	train	train	test	train	test	train	train	train	train
DB00364	C0017168	1	C06	test	train	train	test	train	test	train	train	train	train
DB00364	C0030920	1	C06	test	train	train	test	train	test	train	train	train	train
DB00364	C0032285	1	C08	valid	train	test	train	valid	train	train	train	valid	train
DB00364	C0038358	1	C06	test	train	train	test	train	test	train	train	train	train
DB00364	C0038362	1	C07	train	train	train	train	test	train	train	train	train	train
DB00364	C0041582	1	C23	train	valid	train	test	train	train	train	valid	test	train
DB00366	C0018621	1	C08	valid	train	test	train	valid	train	train	train	valid	train
DB00366	C0020517	1	C20	train	train	train	train	train	train	train	train	valid	train
DB00366	C0021603	1	C10	train	train	train	train	train	valid	valid	train	train	train
DB00366	C0033774	1	C17	test	train	train	train	train	train	train	train	train	train
DB00366	C0035457	1	C08	valid	train	test	train	valid	train	train	train	valid	train
DB00366	C0042109	1	C17	test	train	train	train	train	train	train	train	train	train
DB00367	C0025323	1	C12	train	train	train	train	train	train	train	train	train	train
DB00368	C0004096	1	C08	valid	train	test	train	valid	train	train	train	valid	train
DB00368	C0006267	1	C08	valid	train	test	train	valid	train	train	train	valid	train
DB00368	C0018681	1	C23	train	valid	train	test	train	train	train	valid	test	train
DB00368	C0020649	1	C14	valid	test	train	valid	test	train	train	test	train	valid
DB00368	C0030567	1	C10	train	train	train	train	train	valid	valid	train	train	train
DB00368	C0034067	1	C23	train	valid	train	test	train	train	train	valid	test	train
DB00368	C0036983	1	C23	train	valid	train	test	train	train	train	valid	test	train
DB00368	C0042109	1	C17	test	train	train	train	train	train	train	train	train	train
DB00368	C0085159	1	F03	train	train	test	train	train	train	train	valid	train	train
DB00370	C1269683	1	F03	train	train	test	train	train	train	train	valid	train	train
DB00372	C0027497	1	C23	train	valid	train	test	train	train	train	valid	test	train
DB00373	C0003811	1	C14	valid	test	train	valid	test	train	train	test	train	valid
DB00373	C0017612	1	C11	train	valid	valid	train	valid	train	train	train	train	test
DB00373	C0020538	1	C14	valid	test	train	valid	test	train	train	test	train	valid
DB00373	C0027051	1	C14	valid	test	train	valid	test	train	train	test	train	valid
DB00373	C0028840	1	C11	train	valid	valid	train	valid	train	train	train	train	test
DB00373	C0149931	1	C10	train	train	train	train	train	valid	valid	train	train	train
DB00374	C0020542	1	C08	valid	train	test	train	valid	train	train	train	valid	train
DB00374	C0040053	1	C14	valid	test	train	valid	test	train	train	test	train	valid
DB00374	C2973725	1	C08	valid	train	test	train	valid	train	train	train	valid	train
DB00376	C0015371	1	C10	train	train	train	train	train	valid	valid	train	train	train
DB00376	C0030567	1	C10	train	train	train	train	train	valid	valid	train	train	train
DB00376	C0242422	1	C10	train	train	train	train	train	valid	valid	train	train	train
DB00377	C0027497	1	C23	train	valid	train	test	train	train	train	valid	test	train
DB00377	C0042963	1	C23	train	valid	train	test	train	train	train	valid	test	train
DB00378	C0000809	1	C12	train	train	train	train	train	train	train	train	train	train
DB00378	C0021359	1	C12	train	train	train	train	train	train	train	train	train	train
DB00379	C0003811	1	C14	valid	test	train	valid	test	train	train	test	train	valid
DB00379	C0011882	1	C10	train	train	train	train	train	valid	valid	train	train	train
DB00379	C0042510	1	C14	valid	test	train	valid	test	train	train	test	train	valid
DB00379	C0042514	1	C14	valid	test	train	valid	test	train	train	test	train	valid
DB00379	C0151636	1	C14	valid	test	train	valid	test	train	train	test	train	valid
DB00380	C0878544	1	C14	valid	test	train	valid	test	train	train	test	train	valid
DB00380	C1458155	1	C04	train	train	valid	train	train	train	test	train	train	test
DB00381	C0002962	1	C14	valid	test	train	valid	test	train	train	test	train	valid
DB00381	C0020538	1	C14	valid	test	train	valid	test	train	train	test	train	valid
DB00381	C0038454	1	C10	train	train	train	train	train	valid	valid	train	train	train
DB00381	C1956346	1	C14	valid	test	train	valid	test	train	train	test	train	valid
DB00382	C0002395	1	C10	train	train	train	train	train	valid	valid	train	train	train
DB00383	C0030920	1	C06	test	train	train	test	train	test	train	train	train	train
DB00384	C0013604	1	C23	train	valid	train	test	train	train	train	valid	test	train
DB00384	C0018802	1	C14	valid	test	train	valid	test	train	train	test	train	valid
DB00384	C0020538	1	C14	valid	test	train	valid	test	train	train	test	train	valid
DB00384	C0020621	1	C18	train	train	train	train	train	test	train	train	train	train
DB00384	C0023890	1	C06	test	train	train	test	train	test	train	train	train	train
DB00384	C0027726	1	C12	train	train	train	train	train	train	train	train	train	train
DB00387	C0013421	1	C10	train	train	train	train	train	valid	valid	train	train	train
DB00387	C0015371	1	C10	train	train	train	train	train	valid	valid	train	train	train
DB00387	C0030567	1	C10	train	train	train	train	train	valid	valid	train	train	train
DB00387	C0242422	1	C10	train	train	train	train	train	valid	valid	train	train	train
DB00388	C0015967	1	C23	train	valid	train	test	train	train	train	valid	test	train
DB00388	C0017612	1	C11	train	valid	valid	train	valid	train	train	train	train	test
DB00388	C0018621	1	C08	valid	train	test	train	valid	train	train	train	valid	train
DB00388	C0019112	1	C06	test	train	train	test	train	test	train	train	train	train
DB00388	C0020649	1	C14	valid	test	train	valid	test	train	train	test	train	valid
DB00388	C0026961	1	C11	train	valid	valid	train	valid	train	train	train	train	test
DB00388	C0030590	1	C14	valid	test	train	valid	test	train	train	test	train	valid
DB00388	C0035455	1	C08	valid	train	test	train	valid	train	train	train	valid	train
DB00388	C0036983	1	C23	train	valid	train	test	train	train	train	valid	test	train
DB00388	C0039240	1	C14	valid	test	train	valid	test	train	train	test	train	valid
DB00389	C0018213	1	C19	train	train	test	valid	train	train	test	train	train	valid
DB00389	C0020550	1	C19	train	train	test	valid	train	train	test	train	train	valid
DB00389	C0040156	1	C19	train	train	test	valid	train	train	test	train	train	valid
DB00390	C0003811	1	C14	valid	test	train	valid	test	train	train	test	train	valid
DB00390	C0004239	1	C14	valid	test	train	valid	test	train	train	test	train	valid
DB00390	C0018801	1	C14	valid	test	train	valid	test	train	train	test	train	valid
DB00390	C0018802	1	C14	valid	test	train	valid	test	train	train	test	train	valid
DB00391	C0003467	1	F01	valid	train	train	train	train	valid	test	train	train	train
DB00391	C0017168	1	C06	test	train	train	test	train	test	train	train	train	train
DB00391	C0022104	1	C06	test	train	train	test	train	test	train	train	train	train
DB00391	C0030920	1	C06	test	train	train	test	train	test	train	train	train	train
DB00391	C0036341	1	F03	train	train	test	train	train	train	train	valid	train	train
DB00391	C0042571	1	C09	train	train	test	train	train	train	test	valid	train	test
DB00392	C0030567	1	C10	train	train	train	train	train	valid	valid	train	train	train
DB00393	C0019080	1	C23	train	valid	train	test	train	train	train	valid	test	train
DB00393	C0022116	1	C23	train	valid	train	test	train	train	train	valid	test	train
DB00393	C0038525	1	C10	train	train	train	train	train	valid	valid	train	train	train
DB00394	C0003811	1	C14	valid	test	train	valid	test	train	train	test	train	valid
DB00394	C0004096	1	C08	valid	train	test	train	valid	train	train	train	valid	train
DB00394	C0014356	1	C06	test	train	train	test	train	test	train	train	train	train
DB00394	C0027430	1	C08	valid	train	test	train	valid	train	train	train	valid	train
DB00394	C0035455	1	C08	valid	train	test	train	valid	train	train	train	valid	train
DB00395	C0004604	1	C23	train	valid	train	test	train	train	train	valid	test	train
DB00395	C0026838	1	C05	train	train	train	train	train	train	train	train	train	train
DB00395	C0027121	1	C05	train	train	train	train	train	train	train	train	train	train
DB00396	C0002453	1	C23	train	valid	train	test	train	train	train	valid	test	train
DB00396	C0014173	1	C12	train	train	train	train	train	train	train	train	train	train
DB00396	C0014175	1	C12	train	train	train	train	train	train	train	train	train	train
DB00396	C0021359	1	C12	train	train	train	train	train	train	train	train	train	train
DB00396	C0021361	1	C12	train	train	train	train	train	train	train	train	train	train
DB00396	C0025874	1	C12	train	train	train	train	train	train	train	train	train	train
DB00397	C0018621	1	C08	valid	train	test	train	valid	train	train	train	valid	train
DB00397	C0028754	1	C18	train	train	train	train	train	test	train	train	train	train
DB00397	C0033117	1	C12	train	train	train	train	train	train	train	train	train	train
DB00397	C0035455	1	C08	valid	train	test	train	valid	train	train	train	valid	train
DB00397	C0042024	1	C12	train	train	train	train	train	train	train	train	train	train
DB00398	C0007134	1	C12	train	train	train	train	train	train	train	train	train	train
DB00398	C2239176	1	C04	train	train	valid	train	train	train	test	train	train	test
DB00399	C0020437	1	C18	train	train	train	train	train	test	train	train	train	train
DB00399	C0026764	1	C15	train	train	train	train	train	train	train	train	test	train
DB00399	C0029401	1	C05	train	train	train	train	train	train	train	train	train	train
DB00399	C0029456	1	C05	train	train	train	train	train	train	train	train	train	train
DB00400	C0040261	1	C01	train	train	train	train	valid	valid	train	train	train	train
DB00401	C0020538	1	C14	valid	test	train	valid	test	train	train	test	train	valid
DB00402	C0917801	1	C10	train	train	train	train	train	valid	valid	train	train	train
DB00403	C0030446	1	C06	test	train	train	test	train	test	train	train	train	train
DB00404	C0003467	1	F01	valid	train	train	train	train	valid	test	train	train	train
DB00404	C0030319	1	F03	train	train	test	train	train	train	train	valid	train	train
DB00405	C0018621	1	C08	valid	train	test	train	valid	train	train	train	valid	train
DB00405	C0020517	1	C20	train	train	train	train	train	train	train	train	valid	train
DB00405	C0033774	1	C17	test	train	train	train	train	train	train	train	train	train
DB00405	C0035457	1	C08	valid	train	test	train	valid	train	train	train	valid	train
DB00405	C0037199	1	C08	valid	train	test	train	valid	train	train	train	valid	train
DB00405	C0042109	1	C17	test	train	train	train	train	train	train	train	train	train
DB00408	C0005586	1	F03	train	train	test	train	train	train	train	valid	train	train
DB00408	C0036341	1	F03	train	train	test	train	train	train	train	valid	train	train
DB00411	C0017601	1	C11	train	valid	valid	train	valid	train	train	train	train	test
DB00412	C0011860	1	C18	train	train	train	train	train	test	train	train	train	train
DB00413	C0030567	1	C10	train	train	train	train	train	valid	valid	train	train	train
DB00413	C0035258	1	C10	train	train	train	train	train	valid	valid	train	train	train
DB00414	C0011849	1	C18	train	train	train	train	train	test	train	train	train	train
DB00414	C0011860	1	C18	train	train	train	train	train	test	train	train	train	train
DB00415	C0008311	1	C06	test	train	train	test	train	test	train	train	train	train
DB00415	C0014121	1	C01	train	train	train	train	valid	valid	train	train	train	train
DB00415	C0014836	1	C01	train	train	train	train	valid	valid	train	train	train	train
DB00415	C0025289	1	C10	train	train	train	train	train	valid	valid	train	train	train
DB00415	C0025294	1	C01	train	train	train	train	valid	valid	train	train	train	train
DB00415	C0037199	1	C08	valid	train	test	train	valid	train	train	train	valid	train
DB00415	C0155862	1	C01	train	train	train	train	valid	valid	train	train	train	train
DB00417	C0014733	1	C01	train	train	train	train	valid	valid	train	train	train	train
DB00417	C0032285	1	C08	valid	train	test	train	valid	train	train	train	valid	train
DB00418	C0014544	1	C10	train	train	train	train	train	valid	valid	train	train	train
DB00418	C0038220	1	C10	train	train	train	train	train	valid	valid	train	train	train
DB00418	C0917801	1	C10	train	train	train	train	train	valid	valid	train	train	train
DB00419	C0017205	1	C18	train	train	train	train	train	test	train	train	train	train
DB00419	C0020517	1	C20	train	train	train	train	train	train	train	train	valid	train
DB00419	C0220756	1	C18	train	train	train	train	train	test	train	train	train	train
DB00419	C1961835	1	C18	train	train	train	train	train	test	train	train	train	train
DB00420	C0002994	1	C14	valid	test	train	valid	test	train	train	test	train	valid
DB00420	C0027497	1	C23	train	valid	train	test	train	train	train	valid	test	train
DB00420	C0033774	1	C17	test	train	train	train	train	train	train	train	train	train
DB00420	C0033975	1	F03	train	train	test	train	train	train	train	valid	train	train
DB00420	C0036341	1	F03	train	train	test	train	train	train	train	valid	train	train
DB00420	C0042109	1	C17	test	train	train	train	train	train	train	train	train	train
DB00420	C0042963	1	C23	train	valid	train	test	train	train	train	valid	test	train
DB00420	C0162565	1	C06	test	train	train	test	train	test	train	train	train	train
DB00421	C0003962	1	C23	train	valid	train	test	train	train	train	valid	test	train
DB00421	C0013604	1	C23	train	valid	train	test	train	train	train	valid	test	train
DB00421	C0020428	1	C19	train	train	test	valid	train	train	test	train	train	valid
DB00421	C0020538	1	C14	valid	test	train	valid	test	train	train	test	train	valid
DB00421	C0020621	1	C18	train	train	train	train	train	test	train	train	train	train
DB00421	C0023890	1	C06	test	train	train	test	train	test	train	train	train	train
DB00421	C0027726	1	C12	train	train	train	train	train	train	train	train	train	train
DB00422	C0027404	1	C10	train	train	train	train	train	valid	valid	train	train	train
DB00423	C0026838	1	C05	train	train	train	train	train	train	train	train	train	train
DB00423	C0027121	1	C05	train	train	train	train	train	train	train	train	train	train
DB00424	C0005697	1	C12	train	train	train	train	train	train	train	train	train	train
DB00424	C0010692	1	C12	train	train	train	train	train	train	train	train	train	train
DB00424	C0013428	1	C23	train	valid	train	test	train	train	train	valid	test	train
DB00424	C0022104	1	C06	test	train	train	test	train	test	train	train	train	train
DB00424	C0030305	1	C06	test	train	train	test	train	test	train	train	train	train
DB00424	C0030567	1	C10	train	train	train	train	train	valid	valid	train	train	train
DB00424	C0030920	1	C06	test	train	train	test	train	test	train	train	train	train
DB00424	C0035455	1	C08	valid	train	test	train	valid	train	train	train	valid	train
DB00424	C0037036	1	C07	train	train	train	train	test	train	train	train	train	train
DB00424	C0040822	1	C10	train	train	train	train	train	valid	valid	train	train	train
DB00425	C0917801	1	C10	train	train	train	train	train	valid	valid	train	train	train
DB00427	C0011615	1	C17	test	train	train	train	train	train	train	train	train	train
DB00427	C0020517	1	C20	train	train	train	train	train	train	train	train	valid	train
DB00427	C0033774	1	C17	test	train	train	train	train	train	train	train	train	train
DB00427	C0035457	1	C08	valid	train	test	train	valid	train	train	train	valid	train
DB00427	C0042109	1	C17	test	train	train	train	train	train	train	train	train	train
DB00428	C0019829	1	C04	train	train	valid	train	train	train	test	train	train	test
DB00428	C0030297	1	C04	train	train	valid	train	train	train	test	train	train	test
DB00429	C0015944	1	C12	train	train	train	train	train	train	train	train	train	train
DB00432	C0022573	1	C11	train	valid	valid	train	valid	train	train	train	train	test
DB00433	C0027497	1	C23	train	valid	train	test	train	train	train	valid	test	train
DB00433	C0036341	1	F03	train	train	test	train	train	train	train	valid	train	train
DB00433	C0042963	1	C23	train	valid	train	test	train	train	train	valid	test	train
DB00434	C0002994	1	C14	valid	test	train	valid	test	train	train	test	train	valid
DB00434	C0009763	1	C11	train	valid	valid	train	valid	train	train	train	train	test
DB00434	C0016470	1	C20	train	train	train	train	train	train	train	train	valid	train
DB00434	C0018621	1	C08	valid	train	test	train	valid	train	train	train	valid	train
DB00434	C0020517	1	C20	train	train	train	train	train	train	train	train	valid	train
DB00434	C0033774	1	C17	test	train	train	train	train	train	train	train	train	train
DB00434	C0035457	1	C08	valid	train	test	train	valid	train	train	train	valid	train
DB00434	C1527304	1	C20	train	train	train	train	train	train	train	train	valid	train
DB00435	C0004096	1	C08	valid	train	test	train	valid	train	train	train	valid	train
DB00435	C0020542	1	C08	valid	train	test	train	valid	train	train	train	valid	train
DB00435	C0031190	1	C08	valid	train	test	train	valid	train	train	train	valid	train
DB00435	C0035220	1	C08	valid	train	test	train	valid	train	train	train	valid	train
DB00436	C0013604	1	C23	train	valid	train	test	train	train	train	valid	test	train
DB00436	C0020538	1	C14	valid	test	train	valid	test	train	train	test	train	valid
DB00436	C0027726	1	C12	train	train	train	train	train	train	train	train	train	train
DB00437	C0003868	1	C05	train	train	train	train	train	train	train	train	train	train
DB00437	C0018099	1	C05	train	train	train	train	train	train	train	train	train	train
DB00437	C0022650	1	C12	train	train	train	train	train	train	train	train	train	train
DB00437	C0023418	1	C04	train	train	valid	train	train	train	test	train	train	test
DB00437	C0740394	1	C23	train	valid	train	test	train	train	train	valid	test	train
DB00439	C0020443	1	C18	train	train	train	train	train	test	train	train	train	train
DB00439	C0020473	1	C18	train	train	train	train	train	test	train	train	train	train
DB00439	C0020476	1	C18	train	train	train	train	train	test	train	train	train	train
DB00440	C0011991	1	C23	train	valid	train	test	train	train	train	valid	test	train
DB00440	C0032285	1	C08	valid	train	test	train	valid	train	train	train	valid	train
DB00440	C0034186	1	C12	train	train	train	train	train	train	train	train	train	train
DB00440	C0037199	1	C08	valid	train	test	train	valid	train	train	train	valid	train
DB00440	C0042029	1	C12	train	train	train	train	train	train	train	train	train	train
DB00441	C0007131	1	C08	valid	train	test	train	valid	train	train	train	valid	train
DB00441	C0887833	1	C04	train	train	valid	train	train	train	test	train	train	test
DB00441	C1140680	1	C12	train	train	train	train	train	train	train	train	train	train
DB00443	C0001403	1	C19	train	train	test	valid	train	train	test	train	train	valid
DB00443	C0001627	1	C12	train	train	train	train	train	train	train	train	train	train
DB00443	C0002875	1	C15	train	train	train	train	train	train	train	train	test	train
DB00443	C0002994	1	C14	valid	test	train	valid	test	train	train	test	train	valid
DB00443	C0003868	1	C05	train	train	train	train	train	train	train	train	train	train
DB00443	C0003872	1	C05	train	train	train	train	train	train	train	train	train	train
DB00443	C0003873	1	C05	train	train	train	train	train	train	train	train	train	train
DB00443	C0004096	1	C08	valid	train	test	train	valid	train	train	train	valid	train
DB00443	C0004364	1	C20	train	train	train	train	train	train	train	train	valid	train
DB00443	C0005138	1	C08	valid	train	test	train	valid	train	train	train	valid	train
DB00443	C0006114	1	C10	train	train	train	train	train	valid	valid	train	train	train
DB00443	C0010346	1	C06	test	train	train	test	train	test	train	train	train	train
DB00443	C0011615	1	C17	test	train	train	train	train	train	train	train	train	train
DB00443	C0013604	1	C23	train	valid	train	test	train	train	train	valid	test	train
DB00443	C0014356	1	C06	test	train	train	test	train	test	train	train	train	train
DB00443	C0014742	1	C17	test	train	train	train	train	train	train	train	train	train
DB00443	C0015230	1	C17	test	train	train	train	train	train	train	train	train	train
DB00443	C0015397	1	C11	train	valid	valid	train	valid	train	train	train	train	test
DB00443	C0015456	1	C17	test	train	train	train	train	train	train	train	train	train
DB00443	C0021390	1	C06	test	train	train	test	train	test	train	train	train	train
DB00443	C0023052	1	C08	valid	train	test	train	valid	train	train	train	valid	train
DB00443	C0023449	1	C15	train	train	train	train	train	train	train	train	test	train
DB00443	C0024138	1	C17	test	train	train	train	train	train	train	train	train	train
DB00443	C0024141	1	C17	test	train	train	train	train	train	train	train	train	train
DB00443	C0024301	1	C04	train	train	valid	train	train	train	test	train	train	test
DB00443	C0024305	1	C04	train	train	valid	train	train	train	test	train	train	test
DB00443	C0026769	1	C10	train	train	train	train	train	valid	valid	train	train	train
DB00443	C0026948	1	C04	train	train	valid	train	train	train	test	train	train	test
DB00443	C0030807	1	C17	test	train	train	train	train	train	train	train	train	train
DB00443	C0033860	1	C17	test	train	train	train	train	train	train	train	train	train
DB00443	C0036202	1	C15	train	train	train	train	train	train	train	train	test	train
DB00443	C0036508	1	C17	test	train	train	train	train	train	train	train	train	train
DB00443	C0036830	1	C17	test	train	train	train	train	train	train	train	train	train
DB00443	C0037274	1	C17	test	train	train	train	train	train	train	train	train	train
DB00443	C0038013	1	C05	train	train	train	train	train	train	train	train	train	train
DB00443	C0039103	1	C05	train	train	train	train	train	train	train	train	train	train
DB00443	C0040147	1	C19	train	train	test	valid	train	train	test	train	train	valid
DB00443	C0405580	1	C19	train	train	test	valid	train	train	test	train	train	valid
DB00443	C1260899	1	C15	train	train	train	train	train	train	train	train	test	train
DB00444	C0023448	1	C15	train	train	train	train	train	train	train	train	test	train
DB00444	C0023449	1	C15	train	train	train	train	train	train	train	train	test	train
DB00445	C0006142	1	C04	train	train	valid	train	train	train	test	train	train	test
DB00445	C0678222	1	C04	train	train	valid	train	train	train	test	train	train	test
DB00445	C1458155	1	C04	train	train	valid	train	train	train	test	train	train	test
DB00446	C0015967	1	C23	train	valid	train	test	train	train	train	valid	test	train
DB00446	C0025289	1	C10	train	train	train	train	train	valid	valid	train	train	train
DB00446	C0025294	1	C01	train	train	train	train	valid	valid	train	train	train	train
DB00446	C0035585	1	C01	train	train	train	train	valid	valid	train	train	train	train
DB00446	C0702166	1	C17	test	train	train	train	train	train	train	train	train	train
DB00448	C0013295	1	C06	test	train	train	test	train	test	train	train	train	train
DB00448	C0017181	1	C06	test	train	train	test	train	test	train	train	train	train
DB00448	C0018834	1	C23	train	valid	train	test	train	train	train	valid	test	train
DB00448	C0030920	1	C06	test	train	train	test	train	test	train	train	train	train
DB00448	C0041582	1	C23	train	valid	train	test	train	train	train	valid	test	train
DB00449	C0017601	1	C11	train	valid	valid	train	valid	train	train	train	train	test
DB00449	C0017612	1	C11	train	valid	valid	train	valid	train	train	train	train	test
DB00450	C0042963	1	C23	train	valid	train	test	train	train	train	valid	test	train
DB00451	C0010308	1	C05	train	train	train	train	train	train	train	train	train	train
DB00451	C0018021	1	C19	train	train	test	valid	train	train	test	train	train	valid
DB00451	C0020473	1	C18	train	train	train	train	train	test	train	train	train	train
DB00451	C0020676	1	C19	train	train	test	valid	train	train	test	train	train	valid
DB00451	C0677607	1	C19	train	train	test	valid	train	train	test	train	train	valid
DB00452	C0005741	1	C11	train	valid	valid	train	valid	train	train	train	train	test
DB00454	C0030193	1	C23	train	valid	train	test	train	train	train	valid	test	train
DB00455	C0018621	1	C08	valid	train	test	train	valid	train	train	train	valid	train
DB00455	C0020517	1	C20	train	train	train	train	train	train	train	train	valid	train
DB00455	C0042109	1	C17	test	train	train	train	train	train	train	train	train	train
DB00457	C0020538	1	C14	valid	test	train	valid	test	train	train	test	train	valid
DB00457	C0031511	1	C04	train	train	valid	train	train	train	test	train	train	test
DB00457	C0034734	1	C14	valid	test	train	valid	test	train	train	test	train	valid
DB00457	C2937421	1	C12	train	train	train	train	train	train	train	train	train	train
DB00458	C0011581	1	F03	train	train	test	train	train	train	train	valid	train	train
DB00458	C0032768	1	C10	train	train	train	train	train	valid	valid	train	train	train
DB00459	C0022593	1	C17	test	train	train	train	train	train	train	train	train	train
DB00459	C0033860	1	C17	test	train	train	train	train	train	train	train	train	train
DB00461	C0003873	1	C05	train	train	train	train	train	train	train	train	train	train
DB00461	C0029408	1	C05	train	train	train	train	train	train	train	train	train	train
DB00462	C0022104	1	C06	test	train	train	test	train	test	train	train	train	train
DB00462	C0030920	1	C06	test	train	train	test	train	test	train	train	train	train
DB00463	C0014544	1	C10	train	train	train	train	train	valid	valid	train	train	train
DB00464	C0042345	1	C14	valid	test	train	valid	test	train	train	test	train	valid
DB00467	C0010692	1	C12	train	train	train	train	train	train	train	train	train	train
DB00467	C0042029	1	C12	train	train	train	train	train	train	train	train	train	train
DB00469	C0003864	1	C05	train	train	train	train	train	train	train	train	train	train
DB00469	C0003873	1	C05	train	train	train	train	train	train	train	train	train	train
DB00469	C0029408	1	C05	train	train	train	train	train	train	train	train	train	train
DB00469	C0038013	1	C05	train	train	train	train	train	train	train	train	train	train
DB00470	C0003123	1	C23	train	valid	train	test	train	train	train	valid	test	train
DB00470	C0343755	1	C01	train	train	train	train	valid	valid	train	train	train	train
DB00471	C0003811	1	C14	valid	test	train	valid	test	train	train	test	train	valid
DB00471	C0004096	1	C08	valid	train	test	train	valid	train	train	train	valid	train
DB00472	C0005586	1	F03	train	train	test	train	train	train	train	valid	train	train
DB00472	C0005587	1	F03	train	train	test	train	train	train	train	valid	train	train
DB00472	C0011581	1	F03	train	train	test	train	train	train	train	valid	train	train
DB00472	C0028768	1	F03	train	train	test	train	train	train	train	valid	train	train
DB00472	C0030319	1	F03	train	train	test	train	train	train	train	valid	train	train
DB00472	C1269683	1	F03	train	train	test	train	train	train	train	valid	train	train
DB00472	C2267227	1	F03	train	train	test	train	train	train	train	valid	train	train
DB00475	C0001957	1	C25	train	train	valid	train	valid	train	train	train	train	train
DB00475	C0003467	1	F01	valid	train	train	train	train	valid	test	train	train	train
DB00475	C0022104	1	C06	test	train	train	test	train	test	train	train	train	train
DB00475	C0030920	1	C06	test	train	train	test	train	test	train	train	train	train
DB00476	C0031117	1	C10	train	train	train	train	train	valid	valid	train	train	train
DB00476	C0231528	1	C05	train	train	train	train	train	train	train	train	train	train
DB00476	C1269683	1	F03	train	train	test	train	train	train	train	valid	train	train
DB00477	C0027497	1	C23	train	valid	train	test	train	train	train	valid	test	train
DB00477	C0033975	1	F03	train	train	test	train	train	train	train	valid	train	train
DB00477	C0036341	1	F03	train	train	test	train	train	train	train	valid	train	train
DB00477	C0042963	1	C23	train	valid	train	test	train	train	train	valid	test	train
DB00477	C0162565	1	C06	test	train	train	test	train	test	train	train	train	train
DB00477	C0236964	1	F03	train	train	test	train	train	train	train	valid	train	train
DB00480	C0002871	1	C15	train	train	train	train	train	train	train	train	test	train
DB00480	C0026764	1	C15	train	train	train	train	train	train	train	train	test	train
DB00481	C0006142	1	C04	train	train	valid	train	train	train	test	train	train	test
DB00481	C0029453	1	C05	train	train	train	train	train	train	train	train	train	train
DB00481	C0029456	1	C05	train	train	train	train	train	train	train	train	train	train
DB00481	C0029458	1	C05	train	train	train	train	train	train	train	train	train	train
DB00482	C0003873	1	C05	train	train	train	train	train	train	train	train	train	train
DB00482	C0013390	1	C23	train	valid	train	test	train	train	train	valid	test	train
DB00482	C0029408	1	C05	train	train	train	train	train	train	train	train	train	train
DB00482	C0032580	1	C06	test	train	train	test	train	test	train	train	train	train
DB00482	C0038013	1	C05	train	train	train	train	train	train	train	train	train	train
DB00484	C0017601	1	C11	train	valid	valid	train	valid	train	train	train	train	test
DB00484	C0017612	1	C11	train	valid	valid	train	valid	train	train	train	train	test
DB00484	C0028840	1	C11	train	valid	valid	train	valid	train	train	train	train	test
DB00489	C0003811	1	C14	valid	test	train	valid	test	train	train	test	train	valid
DB00489	C0004238	1	C14	valid	test	train	valid	test	train	train	test	train	valid
DB00489	C0004239	1	C14	valid	test	train	valid	test	train	train	test	train	valid
DB00489	C0039240	1	C14	valid	test	train	valid	test	train	train	test	train	valid
DB00489	C0042510	1	C14	valid	test	train	valid	test	train	train	test	train	valid
DB00489	C0042514	1	C14	valid	test	train	valid	test	train	train	test	train	valid
DB00491	C0011849	1	C18	train	train	train	train	train	test	train	train	train	train
DB00491	C0011860	1	C18	train	train	train	train	train	test	train	train	train	train
DB00491	C0020456	1	C18	train	train	train	train	train	test	train	train	train	train
DB00492	C0018802	1	C14	valid	test	train	valid	test	train	train	test	train	valid
DB00492	C0020538	1	C14	valid	test	train	valid	test	train	train	test	train	valid
DB00493	C0025294	1	C01	train	train	train	train	valid	valid	train	train	train	train
DB00493	C0031154	1	C01	train	train	train	train	valid	valid	train	train	train	train
DB00494	C0030567	1	C10	train	train	train	train	train	valid	valid	train	train	train
DB00496	C0042024	1	C12	train	train	train	train	train	train	train	train	train	train
DB00496	C0878773	1	C12	train	train	train	train	train	train	train	train	train	train
DB00497	C0034063	1	C08	valid	train	test	train	valid	train	train	train	valid	train
DB00498	C0004238	1	C14	valid	test	train	valid	test	train	train	test	train	valid
DB00498	C0004239	1	C14	valid	test	train	valid	test	train	train	test	train	valid
DB00498	C0034065	1	C08	valid	train	test	train	valid	train	train	train	valid	train
DB00498	C0040053	1	C14	valid	test	train	valid	test	train	train	test	train	valid
DB00498	C0398623	1	C15	train	train	train	train	train	train	train	train	test	train
DB00498	C0878544	1	C14	valid	test	train	valid	test	train	train	test	train	valid
DB00499	C0033578	1	C12	train	train	train	train	train	train	train	train	train	train
DB00500	C0003873	1	C05	train	train	train	train	train	train	train	train	train	train
DB00500	C0029408	1	C05	train	train	train	train	train	train	train	train	train	train
DB00501	C0013295	1	C06	test	train	train	test	train	test	train	train	train	train
DB00501	C0014869	1	C06	test	train	train	test	train	test	train	train	train	train
DB00501	C0017168	1	C06	test	train	train	test	train	test	train	train	train	train
DB00501	C0018834	1	C23	train	valid	train	test	train	train	train	valid	test	train
DB00501	C0027662	1	C04	train	train	valid	train	train	train	test	train	train	test
DB00501	C0030920	1	C06	test	train	train	test	train	test	train	train	train	train
DB00501	C0038358	1	C06	test	train	train	test	train	test	train	train	train	train
DB00501	C0041582	1	C23	train	valid	train	test	train	train	train	valid	test	train
DB00501	C0042109	1	C17	test	train	train	train	train	train	train	train	train	train
DB00501	C0043515	1	C06	test	train	train	test	train	test	train	train	train	train
DB00501	C0221013	1	C04	train	train	valid	train	train	train	test	train	train	test
DB00502	C0033975	1	F03	train	train	test	train	train	train	train	valid	train	train
DB00502	C0036341	1	F03	train	train	test	train	train	train	train	valid	train	train
DB00502	C0040517	1	C10	train	train	train	train	train	valid	valid	train	train	train
DB00503	C0524910	1	C01	train	train	train	train	valid	valid	train	train	train	train
DB00504	C0235063	1	C08	valid	train	test	train	valid	train	train	train	valid	train
DB00505	C0028738	1	C10	train	train	train	train	train	valid	valid	train	train	train
DB00508	C0027497	1	C23	train	valid	train	test	train	train	train	valid	test	train
DB00508	C0033975	1	F03	train	train	test	train	train	train	train	valid	train	train
DB00508	C0042963	1	C23	train	valid	train	test	train	train	train	valid	test	train
DB00509	C0020443	1	C18	train	train	train	train	train	test	train	train	train	train
DB00509	C0020473	1	C18	train	train	train	train	train	test	train	train	train	train
DB00511	C0003811	1	C14	valid	test	train	valid	test	train	train	test	train	valid
DB00511	C0018802	1	C14	valid	test	train	valid	test	train	train	test	train	valid
DB00514	C0015967	1	C23	train	valid	train	test	train	train	train	valid	test	train
DB00514	C0035455	1	C08	valid	train	test	train	valid	train	train	train	valid	train
DB00515	C0004114	1	C04	train	train	valid	train	train	train	test	train	train	test
DB00515	C0005695	1	C12	train	train	train	train	train	train	train	train	train	train
DB00515	C0014859	1	C06	test	train	train	test	train	test	train	train	train	train
DB00515	C0019829	1	C04	train	train	valid	train	train	train	test	train	train	test
DB00515	C0024305	1	C04	train	train	valid	train	train	train	test	train	train	test
DB00515	C0026764	1	C15	train	train	train	train	train	train	train	train	test	train
DB00515	C0027819	1	C04	train	train	valid	train	train	train	test	train	train	test
DB00515	C0029463	1	C04	train	train	valid	train	train	train	test	train	train	test
DB00515	C0033578	1	C12	train	train	train	train	train	train	train	train	train	train
DB00515	C0039590	1	C12	train	train	train	train	train	train	train	train	train	train
DB00515	C0919267	1	C12	train	train	train	train	train	train	train	train	train	train
DB00515	C1458155	1	C04	train	train	valid	train	train	train	test	train	train	test
DB00517	C0030920	1	C06	test	train	train	test	train	test	train	train	train	train
DB00517	C0038358	1	C06	test	train	train	test	train	test	train	train	train	train
DB00517	C0041582	1	C23	train	valid	train	test	train	train	train	valid	test	train
DB00519	C0018802	1	C14	valid	test	train	valid	test	train	train	test	train	valid
DB00519	C0020538	1	C14	valid	test	train	valid	test	train	train	test	train	valid
DB00519	C0027051	1	C14	valid	test	train	valid	test	train	train	test	train	valid
DB00521	C0003811	1	C14	valid	test	train	valid	test	train	train	test	train	valid
DB00521	C0017601	1	C11	train	valid	valid	train	valid	train	train	train	train	test
DB00521	C0017612	1	C11	train	valid	valid	train	valid	train	train	train	train	test
DB00521	C0020538	1	C14	valid	test	train	valid	test	train	train	test	train	valid
DB00521	C0028840	1	C11	train	valid	valid	train	valid	train	train	train	train	test
DB00523	C0011603	1	C17	test	train	train	train	train	train	train	train	train	train
DB00523	C0023487	1	C04	train	train	valid	train	train	train	test	train	train	test
DB00523	C0036220	1	C04	train	train	valid	train	train	train	test	train	train	test
DB00524	C0013604	1	C23	train	valid	train	test	train	train	train	valid	test	train
DB00524	C0018802	1	C14	valid	test	train	valid	test	train	train	test	train	valid
DB00524	C0020538	1	C14	valid	test	train	valid	test	train	train	test	train	valid
DB00524	C0027726	1	C12	train	train	train	train	train	train	train	train	train	train
DB00527	C0033774	1	C17	test	train	train	train	train	train	train	train	train	train
DB00528	C0020538	1	C14	valid	test	train	valid	test	train	train	test	train	valid
DB00528	C0034734	1	C14	valid	test	train	valid	test	train	train	test	train	valid
DB00530	C0007131	1	C08	valid	train	test	train	valid	train	train	train	valid	train
DB00531	C0002880	1	C15	train	train	train	train	train	train	train	train	test	train
DB00531	C0023418	1	C04	train	train	valid	train	train	train	test	train	train	test
DB00531	C0023434	1	C15	train	train	train	train	train	train	train	train	test	train
DB00531	C0023449	1	C15	train	train	train	train	train	train	train	train	test	train
DB00531	C0023467	1	C04	train	train	valid	train	train	train	test	train	train	test
DB00531	C0024143	1	C12	train	train	train	train	train	train	train	train	train	train
DB00531	C0024299	1	C04	train	train	valid	train	train	train	test	train	train	test
DB00531	C0024419	1	C15	train	train	train	train	train	train	train	train	test	train
DB00531	C0026764	1	C15	train	train	train	train	train	train	train	train	test	train
DB00531	C0026769	1	C10	train	train	train	train	train	valid	valid	train	train	train
DB00531	C0026896	1	C10	train	train	train	train	train	valid	valid	train	train	train
DB00531	C0026948	1	C04	train	train	valid	train	train	train	test	train	train	test
DB00531	C0027819	1	C04	train	train	valid	train	train	train	test	train	train	test
DB00531	C0035335	1	C04	train	train	valid	train	train	train	test	train	train	test
DB00531	C0035412	1	C04	train	train	valid	train	train	train	test	train	train	test
DB00531	C0039590	1	C12	train	train	train	train	train	train	train	train	train	train
DB00531	C0553580	1	C04	train	train	valid	train	train	train	test	train	train	test
DB00531	C0678222	1	C04	train	train	valid	train	train	train	test	train	train	test
DB00531	C0919267	1	C12	train	train	train	train	train	train	train	train	train	train
DB00531	C1458155	1	C04	train	train	valid	train	train	train	test	train	train	test
DB00532	C0036572	1	C10	train	train	train	train	train	valid	valid	train	train	train
DB00533	C0003873	1	C05	train	train	train	train	train	train	train	train	train	train
DB00533	C0013390	1	C23	train	valid	train	test	train	train	train	valid	test	train
DB00533	C0029408	1	C05	train	train	train	train	train	train	train	train	train	train
DB00533	C0149931	1	C10	train	train	train	train	train	valid	valid	train	train	train
DB00535	C0029882	1	C09	train	train	test	train	train	train	test	valid	train	test
DB00535	C0032285	1	C08	valid	train	test	train	valid	train	train	train	valid	train
DB00535	C0037199	1	C08	valid	train	test	train	valid	train	train	train	valid	train
DB00537	C0010692	1	C12	train	train	train	train	train	train	train	train	train	train
DB00537	C0014836	1	C01	train	train	train	train	valid	valid	train	train	train	train
DB00537	C0033581	1	C12	train	train	train	train	train	train	train	train	train	train
DB00537	C0037199	1	C08	valid	train	test	train	valid	train	train	train	valid	train
DB00539	C0027661	1	C04	train	train	valid	train	train	train	test	train	train	test
DB00539	C0376358	1	C12	train	train	train	train	train	train	train	train	train	train
DB00539	C1458155	1	C04	train	train	valid	train	train	train	test	train	train	test
DB00541	C0006413	1	C01	train	train	train	train	valid	valid	train	train	train	train
DB00541	C0019829	1	C04	train	train	valid	train	train	train	test	train	train	test
DB00541	C0023418	1	C04	train	train	valid	train	train	train	test	train	train	test
DB00541	C0023449	1	C15	train	train	train	train	train	train	train	train	test	train
DB00541	C0027708	1	C12	train	train	train	train	train	train	train	train	train	train
DB00541	C0035412	1	C04	train	train	valid	train	train	train	test	train	train	test
DB00542	C0018802	1	C14	valid	test	train	valid	test	train	train	test	train	valid
DB00542	C0020538	1	C14	valid	test	train	valid	test	train	train	test	train	valid
DB00543	C0011581	1	F03	train	train	test	train	train	train	train	valid	train	train
DB00544	C0006142	1	C04	train	train	valid	train	train	train	test	train	train	test
DB00544	C0007095	1	C04	train	train	valid	train	train	train	test	train	train	test
DB00544	C0007117	1	C04	train	train	valid	train	train	train	test	train	train	test
DB00544	C0009375	1	C06	test	train	train	test	train	test	train	train	train	train
DB00544	C0018671	1	C04	train	train	valid	train	train	train	test	train	train	test
DB00544	C0022593	1	C17	test	train	train	train	train	train	train	train	train	train
DB00544	C0030297	1	C04	train	train	valid	train	train	train	test	train	train	test
DB00544	C0034885	1	C06	test	train	train	test	train	test	train	train	train	train
DB00544	C0038356	1	C06	test	train	train	test	train	test	train	train	train	train
DB00544	C0235974	1	C04	train	train	valid	train	train	train	test	train	train	test
DB00544	C0278996	1	C04	train	train	valid	train	train	train	test	train	train	test
DB00544	C0678222	1	C04	train	train	valid	train	train	train	test	train	train	test
DB00544	C1458155	1	C04	train	train	valid	train	train	train	test	train	train	test
DB00544	C1527249	1	C06	test	train	train	test	train	test	train	train	train	train
DB00545	C0026896	1	C10	train	train	train	train	train	valid	valid	train	train	train
DB00546	C0038220	1	C10	train	train	train	train	train	valid	valid	train	train	train
DB00547	C0011615	1	C17	test	train	train	train	train	train	train	train	train	train
DB00547	C0011616	1	C17	test	train	train	train	train	train	train	train	train	train
DB00547	C0015230	1	C17	test	train	train	train	train	train	train	train	train	train
DB00547	C0024138	1	C17	test	train	train	train	train	train	train	train	train	train
DB00547	C0036508	1	C17	test	train	train	train	train	train	train	train	train	train
DB00548	C0035854	1	C17	test	train	train	train	train	train	train	train	train	train
DB00549	C0004096	1	C08	valid	train	test	train	valid	train	train	train	valid	train
DB00550	C0018021	1	C19	train	train	test	valid	train	train	test	train	train	valid
DB00550	C0018213	1	C19	train	train	test	valid	train	train	test	train	train	valid
DB00550	C0020550	1	C19	train	train	test	valid	train	train	test	train	train	valid
DB00552	C0002871	1	C15	train	train	train	train	train	train	train	train	test	train
DB00552	C0023443	1	C15	train	train	train	train	train	train	train	train	test	train
DB00553	C0026948	1	C04	train	train	valid	train	train	train	test	train	train	test
DB00553	C0033860	1	C17	test	train	train	train	train	train	train	train	train	train
DB00553	C0042900	1	C17	test	train	train	train	train	train	train	train	train	train
DB00554	C0003873	1	C05	train	train	train	train	train	train	train	train	train	train
DB00554	C0029408	1	C05	train	train	train	train	train	train	train	train	train	train
DB00554	C0038013	1	C05	train	train	train	train	train	train	train	train	train	train
DB00555	C0014544	1	C10	train	train	train	train	train	valid	valid	train	train	train
DB00555	C0238111	1	C10	train	train	train	train	train	valid	valid	train	train	train
DB00557	C0011615	1	C17	test	train	train	train	train	train	train	train	train	train
DB00557	C0042109	1	C17	test	train	train	train	train	train	train	train	train	train
DB00559	C0020542	1	C08	valid	train	test	train	valid	train	train	train	valid	train
DB00559	C2973725	1	C08	valid	train	test	train	valid	train	train	train	valid	train
DB00561	C0024117	1	C08	valid	train	test	train	valid	train	train	train	valid	train
DB00561	C0035228	1	C08	valid	train	test	train	valid	train	train	train	valid	train
DB00561	C0235063	1	C08	valid	train	test	train	valid	train	train	train	valid	train
DB00562	C0013604	1	C23	train	valid	train	test	train	train	train	valid	test	train
DB00562	C0018802	1	C14	valid	test	train	valid	test	train	train	test	train	valid
DB00562	C0027726	1	C12	train	train	train	train	train	train	train	train	train	train
DB00563	C0003873	1	C05	train	train	train	train	train	train	train	train	train	train
DB00563	C0006413	1	C01	train	train	train	train	valid	valid	train	train	train	train
DB00563	C0014859	1	C06	test	train	train	test	train	test	train	train	train	train
DB00563	C0020217	1	C04	train	train	valid	train	train	train	test	train	train	test
DB00563	C0023449	1	C15	train	train	train	train	train	train	train	train	test	train
DB00563	C0024121	1	C08	valid	train	test	train	valid	train	train	train	valid	train
DB00563	C0024305	1	C04	train	train	valid	train	train	train	test	train	train	test
DB00563	C0026948	1	C04	train	train	valid	train	train	train	test	train	train	test
DB00563	C0029463	1	C04	train	train	valid	train	train	train	test	train	train	test
DB00563	C0033860	1	C17	test	train	train	train	train	train	train	train	train	train
DB00563	C0038356	1	C06	test	train	train	test	train	test	train	train	train	train
DB00563	C0039590	1	C12	train	train	train	train	train	train	train	train	train	train
DB00563	C0278996	1	C04	train	train	valid	train	train	train	test	train	train	test
DB00563	C1458155	1	C04	train	train	valid	train	train	train	test	train	train	test
DB00564	C0014544	1	C10	train	train	train	train	train	valid	valid	train	train	train
DB00564	C0014549	1	C10	train	train	train	train	train	valid	valid	train	train	train
DB00564	C0035258	1	C10	train	train	train	train	train	valid	valid	train	train	train
DB00564	C0036572	1	C10	train	train	train	train	train	valid	valid	train	train	train
DB00564	C0040997	1	C07	train	train	train	train	test	train	train	train	train	train
DB00564	C0085417	1	C10	train	train	train	train	train	valid	valid	train	train	train
DB00564	C0238111	1	C10	train	train	train	train	train	valid	valid	train	train	train
DB00568	C0020517	1	C20	train	train	train	train	train	train	train	train	valid	train
DB00568	C0027497	1	C23	train	valid	train	test	train	train	train	valid	test	train
DB00568	C0042571	1	C09	train	train	test	train	train	train	test	valid	train	test
DB00569	C0040053	1	C14	valid	test	train	valid	test	train	train	test	train	valid
DB00570	C0006142	1	C04	train	train	valid	train	train	train	test	train	train	test
DB00570	C0018671	1	C04	train	train	valid	train	train	train	test	train	train	test
DB00570	C0019618	1	C15	train	train	train	train	train	train	train	train	test	train
DB00570	C0024121	1	C08	valid	train	test	train	valid	train	train	train	valid	train
DB00570	C0024299	1	C04	train	train	valid	train	train	train	test	train	train	test
DB00570	C0024305	1	C04	train	train	valid	train	train	train	test	train	train	test
DB00570	C0026948	1	C04	train	train	valid	train	train	train	test	train	train	test
DB00570	C0027819	1	C04	train	train	valid	train	train	train	test	train	train	test
DB00570	C0036220	1	C04	train	train	valid	train	train	train	test	train	train	test
DB00570	C0039590	1	C12	train	train	train	train	train	train	train	train	train	train
DB00570	C1458155	1	C04	train	train	valid	train	train	train	test	train	train	test
DB00571	C0003811	1	C14	valid	test	train	valid	test	train	train	test	train	valid
DB00571	C0004238	1	C14	valid	test	train	valid	test	train	train	test	train	valid
DB00571	C0007194	1	C14	valid	test	train	valid	test	train	train	test	train	valid
DB00571	C0018802	1	C14	valid	test	train	valid	test	train	train	test	train	valid
DB00571	C0018916	1	C04	train	train	valid	train	train	train	test	train	train	test
DB00571	C0020538	1	C14	valid	test	train	valid	test	train	train	test	train	valid
DB00571	C0027051	1	C14	valid	test	train	valid	test	train	train	test	train	valid
DB00571	C0031511	1	C04	train	train	valid	train	train	train	test	train	train	test
DB00571	C0042510	1	C14	valid	test	train	valid	test	train	train	test	train	valid
DB00571	C0042514	1	C14	valid	test	train	valid	test	train	train	test	train	valid
DB00571	C0270736	1	C10	train	train	train	train	train	valid	valid	train	train	train
DB00572	C0002418	1	C10	train	train	train	train	train	valid	valid	train	train	train
DB00572	C0003811	1	C14	valid	test	train	valid	test	train	train	test	train	valid
DB00572	C0004096	1	C08	valid	train	test	train	valid	train	train	train	valid	train
DB00572	C0018790	1	C14	valid	test	train	valid	test	train	train	test	train	valid
DB00572	C0026961	1	C11	train	valid	valid	train	valid	train	train	train	train	test
DB00572	C0038358	1	C06	test	train	train	test	train	test	train	train	train	train
DB00572	C0042164	1	C11	train	valid	valid	train	valid	train	train	train	train	test
DB00572	C0428977	1	C14	valid	test	train	valid	test	train	train	test	train	valid
DB00573	C0003873	1	C05	train	train	train	train	train	train	train	train	train	train
DB00573	C0029408	1	C05	train	train	train	train	train	train	train	train	train	train
DB00573	C0030193	1	C23	train	valid	train	test	train	train	train	valid	test	train
DB00574	C0028754	1	C18	train	train	train	train	train	test	train	train	train	train
DB00575	C0013390	1	C23	train	valid	train	test	train	train	train	valid	test	train
DB00575	C0017601	1	C11	train	valid	valid	train	valid	train	train	train	train	test
DB00575	C0017612	1	C11	train	valid	valid	train	valid	train	train	train	train	test
DB00575	C0019080	1	C23	train	valid	train	test	train	train	train	valid	test	train
DB00575	C0020538	1	C14	valid	test	train	valid	test	train	train	test	train	valid
DB00575	C0031511	1	C04	train	train	valid	train	train	train	test	train	train	test
DB00575	C0037036	1	C07	train	train	train	train	test	train	train	train	train	train
DB00579	C0013264	1	C16	train	train	test	train	train	train	train	train	train	train
DB00579	C0020473	1	C18	train	train	train	train	train	test	train	train	train	train
DB00579	C0028754	1	C18	train	train	train	train	train	test	train	train	train	train
DB00580	C0003873	1	C05	train	train	train	train	train	train	train	train	train	train
DB00580	C0013390	1	C23	train	valid	train	test	train	train	train	valid	test	train
DB00580	C0029408	1	C05	train	train	train	train	train	train	train	train	train	train
DB00583	C0020473	1	C18	train	train	train	train	train	test	train	train	train	train
DB00583	C0020476	1	C18	train	train	train	train	train	test	train	train	train	train
DB00583	C0022661	1	C12	train	train	train	train	train	train	train	train	train	train
DB00583	C0268579	1	C16	train	train	test	train	train	train	train	train	train	train
DB00583	C0268596	1	C18	train	train	train	train	train	test	train	train	train	train
DB00584	C0003873	1	C05	train	train	train	train	train	train	train	train	train	train
DB00584	C0004775	1	C12	train	train	train	train	train	train	train	train	train	train
DB00584	C0013604	1	C23	train	valid	train	test	train	train	train	valid	test	train
DB00584	C0018802	1	C14	valid	test	train	valid	test	train	train	test	train	valid
DB00584	C0020540	1	C14	valid	test	train	valid	test	train	train	test	train	valid
DB00584	C0020545	1	C12	train	train	train	train	train	train	train	train	train	train
DB00584	C0085580	1	C14	valid	test	train	valid	test	train	train	test	train	valid
DB00585	C0013295	1	C06	test	train	train	test	train	test	train	train	train	train
DB00585	C0014869	1	C06	test	train	train	test	train	test	train	train	train	train
DB00585	C0018834	1	C23	train	valid	train	test	train	train	train	valid	test	train
DB00585	C0030920	1	C06	test	train	train	test	train	test	train	train	train	train
DB00585	C0038358	1	C06	test	train	train	test	train	test	train	train	train	train
DB00585	C0041582	1	C23	train	valid	train	test	train	train	train	valid	test	train
DB00585	C0042109	1	C17	test	train	train	train	train	train	train	train	train	train
DB00585	C0043515	1	C06	test	train	train	test	train	test	train	train	train	train
DB00586	C0003873	1	C05	train	train	train	train	train	train	train	train	train	train
DB00586	C0013390	1	C23	train	valid	train	test	train	train	train	valid	test	train
DB00586	C0022593	1	C17	test	train	train	train	train	train	train	train	train	train
DB00586	C0029408	1	C05	train	train	train	train	train	train	train	train	train	train
DB00586	C0409959	1	C05	train	train	train	train	train	train	train	train	train	train
DB00587	C0004096	1	C08	valid	train	test	train	valid	train	train	train	valid	train
DB00588	C0004096	1	C08	valid	train	test	train	valid	train	train	train	valid	train
DB00588	C0011615	1	C17	test	train	train	train	train	train	train	train	train	train
DB00588	C0011616	1	C17	test	train	train	train	train	train	train	train	train	train
DB00588	C0015230	1	C17	test	train	train	train	train	train	train	train	train	train
DB00588	C0020517	1	C20	train	train	train	train	train	train	train	train	valid	train
DB00588	C0024138	1	C17	test	train	train	train	train	train	train	train	train	train
DB00588	C0034067	1	C23	train	valid	train	test	train	train	train	valid	test	train
DB00588	C0035455	1	C08	valid	train	test	train	valid	train	train	train	valid	train
DB00588	C0036508	1	C17	test	train	train	train	train	train	train	train	train	train
DB00589	C0002453	1	C23	train	valid	train	test	train	train	train	valid	test	train
DB00589	C0030567	1	C10	train	train	train	train	train	valid	valid	train	train	train
DB00589	C0149931	1	C10	train	train	train	train	train	valid	valid	train	train	train
DB00590	C0020507	1	C23	train	valid	train	test	train	train	train	valid	test	train
DB00590	C0020538	1	C14	valid	test	train	valid	test	train	train	test	train	valid
DB00590	C2937421	1	C12	train	train	train	train	train	train	train	train	train	train
DB00591	C0011616	1	C17	test	train	train	train	train	train	train	train	train	train
DB00591	C0015230	1	C17	test	train	train	train	train	train	train	train	train	train
DB00591	C0024138	1	C17	test	train	train	train	train	train	train	train	train	train
DB00591	C0036508	1	C17	test	train	train	train	train	train	train	train	train	train
DB00593	C0014544	1	C10	train	train	train	train	train	valid	valid	train	train	train
DB00593	C0014553	1	C10	train	train	train	train	train	valid	valid	train	train	train
DB00594	C0013604	1	C23	train	valid	train	test	train	train	train	valid	test	train
DB00594	C0018802	1	C14	valid	test	train	valid	test	train	train	test	train	valid
DB00594	C0020538	1	C14	valid	test	train	valid	test	train	train	test	train	valid
DB00596	C0011616	1	C17	test	train	train	train	train	train	train	train	train	train
DB00596	C0015230	1	C17	test	train	train	train	train	train	train	train	train	train
DB00596	C0015456	1	C17	test	train	train	train	train	train	train	train	train	train
DB00596	C0024138	1	C17	test	train	train	train	train	train	train	train	train	train
DB00598	C0018802	1	C14	valid	test	train	valid	test	train	train	test	train	valid
DB00598	C0020538	1	C14	valid	test	train	valid	test	train	train	test	train	valid
DB00598	C0020540	1	C14	valid	test	train	valid	test	train	train	test	train	valid
DB00598	C0020546	1	C14	valid	test	train	valid	test	train	train	test	train	valid
DB00599	C0014544	1	C10	train	train	train	train	train	valid	valid	train	train	train
DB00599	C0151740	1	C10	train	train	train	train	train	valid	valid	train	train	train
DB00600	C0042900	1	C17	test	train	train	train	train	train	train	train	train	train
DB00601	C0032285	1	C08	valid	train	test	train	valid	train	train	train	valid	train
DB00603	C0014173	1	C12	train	train	train	train	train	train	train	train	train	train
DB00603	C0014175	1	C12	train	train	train	train	train	train	train	train	train	train
DB00603	C0025874	1	C12	train	train	train	train	train	train	train	train	train	train
DB00603	C0476089	1	C12	train	train	train	train	train	train	train	train	train	train
DB00604	C0017168	1	C06	test	train	train	test	train	test	train	train	train	train
DB00604	C0041582	1	C23	train	valid	train	test	train	train	train	valid	test	train
DB00604	C0152020	1	C06	test	train	train	test	train	test	train	train	train	train
DB00605	C0003868	1	C05	train	train	train	train	train	train	train	train	train	train
DB00605	C0003873	1	C05	train	train	train	train	train	train	train	train	train	train
DB00605	C0018099	1	C05	train	train	train	train	train	train	train	train	train	train
DB00605	C0029408	1	C05	train	train	train	train	train	train	train	train	train	train
DB00605	C0038013	1	C05	train	train	train	train	train	train	train	train	train	train
DB00606	C0013604	1	C23	train	valid	train	test	train	train	train	valid	test	train
DB00606	C0018802	1	C14	valid	test	train	valid	test	train	train	test	train	valid
DB00606	C0027726	1	C12	train	train	train	train	train	train	train	train	train	train
DB00607	C0007642	1	C01	train	train	train	train	valid	valid	train	train	train	train
DB00607	C0014121	1	C01	train	train	train	train	valid	valid	train	train	train	train
DB00607	C0029443	1	C01	train	train	train	train	valid	valid	train	train	train	train
DB00607	C0036690	1	C01	train	train	train	train	valid	valid	train	train	train	train
DB00607	C0038160	1	C01	train	train	train	train	valid	valid	train	train	train	train
DB00608	C0003873	1	C05	train	train	train	train	train	train	train	train	train	train
DB00608	C0024138	1	C17	test	train	train	train	train	train	train	train	train	train
DB00608	C0024141	1	C17	test	train	train	train	train	train	train	train	train	train
DB00608	C0030807	1	C17	test	train	train	train	train	train	train	train	train	train
DB00608	C0036421	1	C17	test	train	train	train	train	train	train	train	train	train
DB00610	C0019080	1	C23	train	valid	train	test	train	train	train	valid	test	train
DB00610	C0020649	1	C14	valid	test	train	valid	test	train	train	test	train	valid
DB00612	C0003811	1	C14	valid	test	train	valid	test	train	train	test	train	valid
DB00612	C0018802	1	C14	valid	test	train	valid	test	train	train	test	train	valid
DB00612	C0020538	1	C14	valid	test	train	valid	test	train	train	test	train	valid
DB00612	C0027051	1	C14	valid	test	train	valid	test	train	train	test	train	valid
DB00615	C0041296	1	C01	train	train	train	train	valid	valid	train	train	train	train
DB00617	C0014544	1	C10	train	train	train	train	train	valid	valid	train	train	train
DB00617	C0014553	1	C10	train	train	train	train	train	valid	valid	train	train	train
DB00617	C0036572	1	C10	train	train	train	train	train	valid	valid	train	train	train
DB00619	C0005699	1	C04	train	train	valid	train	train	train	test	train	train	test
DB00619	C0023472	1	C15	train	train	train	train	train	train	train	train	test	train
DB00619	C0221013	1	C04	train	train	valid	train	train	train	test	train	train	test
DB00619	C0238198	1	C06	test	train	train	test	train	test	train	train	train	train
DB00619	C1540912	1	C15	train	train	train	train	train	train	train	train	test	train
DB00620	C0001403	1	C19	train	train	test	valid	train	train	test	train	train	valid
DB00620	C0001623	1	C19	train	train	test	valid	train	train	test	train	train	valid
DB00620	C0001627	1	C12	train	train	train	train	train	train	train	train	train	train
DB00620	C0002171	1	C17	test	train	train	train	train	train	train	train	train	train
DB00620	C0002875	1	C15	train	train	train	train	train	train	train	train	test	train
DB00620	C0002880	1	C15	train	train	train	train	train	train	train	train	test	train
DB00620	C0002994	1	C14	valid	test	train	valid	test	train	train	test	train	valid
DB00620	C0003868	1	C05	train	train	train	train	train	train	train	train	train	train
DB00620	C0003872	1	C05	train	train	train	train	train	train	train	train	train	train
DB00620	C0003873	1	C05	train	train	train	train	train	train	train	train	train	train
DB00620	C0004096	1	C08	valid	train	test	train	valid	train	train	train	valid	train
DB00620	C0004364	1	C20	train	train	train	train	train	train	train	train	valid	train
DB00620	C0005138	1	C08	valid	train	test	train	valid	train	train	train	valid	train
DB00620	C0006114	1	C10	train	train	train	train	train	valid	valid	train	train	train
DB00620	C0010346	1	C06	test	train	train	test	train	test	train	train	train	train
DB00620	C0011606	1	C17	test	train	train	train	train	train	train	train	train	train
DB00620	C0011615	1	C17	test	train	train	train	train	train	train	train	train	train
DB00620	C0011616	1	C17	test	train	train	train	train	train	train	train	train	train
DB00620	C0014742	1	C17	test	train	train	train	train	train	train	train	train	train
DB00620	C0015230	1	C17	test	train	train	train	train	train	train	train	train	train
DB00620	C0015397	1	C11	train	valid	valid	train	valid	train	train	train	train	test
DB00620	C0015456	1	C17	test	train	train	train	train	train	train	train	train	train
DB00620	C0017563	1	C07	train	train	train	train	test	train	train	train	train	train
DB00620	C0018621	1	C08	valid	train	test	train	valid	train	train	train	valid	train
DB00620	C0019829	1	C04	train	train	valid	train	train	train	test	train	train	test
DB00620	C0020517	1	C20	train	train	train	train	train	train	train	train	valid	train
DB00620	C0021390	1	C06	test	train	train	test	train	test	train	train	train	train
DB00620	C0022548	1	A10	train	train	test	train	train	train	train	train	train	train
DB00620	C0023052	1	C08	valid	train	test	train	valid	train	train	train	valid	train
DB00620	C0023449	1	C15	train	train	train	train	train	train	train	train	test	train
DB00620	C0024138	1	C17	test	train	train	train	train	train	train	train	train	train
DB00620	C0024141	1	C17	test	train	train	train	train	train	train	train	train	train
DB00620	C0024301	1	C04	train	train	valid	train	train	train	test	train	train	test
DB00620	C0024305	1	C04	train	train	valid	train	train	train	test	train	train	test
DB00620	C0026769	1	C10	train	train	train	train	train	valid	valid	train	train	train
DB00620	C0026948	1	C04	train	train	valid	train	train	train	test	train	train	test
DB00620	C0027726	1	C12	train	train	train	train	train	train	train	train	train	train
DB00620	C0030807	1	C17	test	train	train	train	train	train	train	train	train	train
DB00620	C0035457	1	C08	valid	train	test	train	valid	train	train	train	valid	train
DB00620	C0036508	1	C17	test	train	train	train	train	train	train	train	train	train
DB00620	C0036830	1	C17	test	train	train	train	train	train	train	train	train	train
DB00620	C0037274	1	C17	test	train	train	train	train	train	train	train	train	train
DB00620	C0038013	1	C05	train	train	train	train	train	train	train	train	train	train
DB00620	C0038363	1	C07	train	train	train	train	test	train	train	train	train	train
DB00620	C0039103	1	C05	train	train	train	train	train	train	train	train	train	train
DB00620	C0039483	1	C14	valid	test	train	valid	test	train	train	test	train	valid
DB00620	C0040147	1	C19	train	train	test	valid	train	train	test	train	train	valid
DB00620	C0042164	1	C11	train	valid	valid	train	valid	train	train	train	train	test
DB00620	C1260899	1	C15	train	train	train	train	train	train	train	train	test	train
DB00621	C0029456	1	C05	train	train	train	train	train	train	train	train	train	train
DB00623	C0036341	1	F03	train	train	test	train	train	train	train	valid	train	train
DB00624	C0010417	1	C12	train	train	train	train	train	train	train	train	train	train
DB00624	C0020619	1	C19	train	train	test	valid	train	train	test	train	train	valid
DB00624	C0020635	1	C10	train	train	train	train	train	valid	valid	train	train	train
DB00624	C0034012	1	C19	train	train	test	valid	train	train	test	train	train	valid
DB00624	C0271623	1	C19	train	train	test	valid	train	train	test	train	train	valid
DB00624	C1458155	1	C04	train	train	valid	train	train	train	test	train	train	test
DB00626	C0014356	1	C06	test	train	train	test	train	test	train	train	train	train
DB00626	C0022568	1	C11	train	valid	valid	train	valid	train	train	train	train	test
DB00626	C0032285	1	C08	valid	train	test	train	valid	train	train	train	valid	train
DB00627	C0020443	1	C18	train	train	train	train	train	test	train	train	train	train
DB00627	C0020473	1	C18	train	train	train	train	train	test	train	train	train	train
DB00627	C0020474	1	C18	train	train	train	train	train	test	train	train	train	train
DB00627	C0020480	1	C18	train	train	train	train	train	test	train	train	train	train
DB00627	C0020481	1	C18	train	train	train	train	train	test	train	train	train	train
DB00627	C0020557	1	C18	train	train	train	train	train	test	train	train	train	train
DB00628	C0001957	1	C25	train	train	valid	train	valid	train	train	train	train	train
DB00628	C0003467	1	F01	valid	train	train	train	train	valid	test	train	train	train
DB00629	C0020538	1	C14	valid	test	train	valid	test	train	train	test	train	valid
DB00630	C0029401	1	C05	train	train	train	train	train	train	train	train	train	train
DB00630	C0029456	1	C05	train	train	train	train	train	train	train	train	train	train
DB00630	C0029458	1	C05	train	train	train	train	train	train	train	train	train	train
DB00631	C0023449	1	C15	train	train	train	train	train	train	train	train	test	train
DB00635	C0001403	1	C19	train	train	test	valid	train	train	test	train	train	valid
DB00635	C0001623	1	C19	train	train	test	valid	train	train	test	train	train	valid
DB00635	C0001627	1	C12	train	train	train	train	train	train	train	train	train	train
DB00635	C0002871	1	C15	train	train	train	train	train	train	train	train	test	train
DB00635	C0002875	1	C15	train	train	train	train	train	train	train	train	test	train
DB00635	C0002880	1	C15	train	train	train	train	train	train	train	train	test	train
DB00635	C0002994	1	C14	valid	test	train	valid	test	train	train	test	train	valid
DB00635	C0003868	1	C05	train	train	train	train	train	train	train	train	train	train
DB00635	C0003872	1	C05	train	train	train	train	train	train	train	train	train	train
DB00635	C0003873	1	C05	train	train	train	train	train	train	train	train	train	train
DB00635	C0004096	1	C08	valid	train	test	train	valid	train	train	train	valid	train
DB00635	C0004364	1	C20	train	train	train	train	train	train	train	train	valid	train
DB00635	C0009324	1	C06	test	train	train	test	train	test	train	train	train	train
DB00635	C0009763	1	C11	train	valid	valid	train	valid	train	train	train	train	test
DB00635	C0011606	1	C17	test	train	train	train	train	train	train	train	train	train
DB00635	C0011615	1	C17	test	train	train	train	train	train	train	train	train	train
DB00635	C0011616	1	C17	test	train	train	train	train	train	train	train	train	train
DB00635	C0011633	1	C17	test	train	train	train	train	train	train	train	train	train
DB00635	C0013182	1	C25	train	train	valid	train	valid	train	train	train	train	train
DB00635	C0014335	1	C06	test	train	train	test	train	test	train	train	train	train
DB00635	C0014356	1	C06	test	train	train	test	train	test	train	train	train	train
DB00635	C0014742	1	C17	test	train	train	train	train	train	train	train	train	train
DB00635	C0018133	1	C20	train	train	train	train	train	train	train	train	valid	train
DB00635	C0018621	1	C08	valid	train	test	train	valid	train	train	train	valid	train
DB00635	C0020437	1	C18	train	train	train	train	train	test	train	train	train	train
DB00635	C0020517	1	C20	train	train	train	train	train	train	train	train	valid	train
DB00635	C0021390	1	C06	test	train	train	test	train	test	train	train	train	train
DB00635	C0022073	1	C11	train	valid	valid	train	valid	train	train	train	train	test
DB00635	C0022568	1	C11	train	valid	valid	train	valid	train	train	train	train	test
DB00635	C0023052	1	C08	valid	train	test	train	valid	train	train	train	valid	train
DB00635	C0023434	1	C15	train	train	train	train	train	train	train	train	test	train
DB00635	C0023448	1	C15	train	train	train	train	train	train	train	train	test	train
DB00635	C0023449	1	C15	train	train	train	train	train	train	train	train	test	train
DB00635	C0024141	1	C17	test	train	train	train	train	train	train	train	train	train
DB00635	C0024299	1	C04	train	train	valid	train	train	train	test	train	train	test
DB00635	C0024305	1	C04	train	train	valid	train	train	train	test	train	train	test
DB00635	C0024419	1	C15	train	train	train	train	train	train	train	train	test	train
DB00635	C0025289	1	C10	train	train	train	train	train	valid	valid	train	train	train
DB00635	C0026769	1	C10	train	train	train	train	train	valid	valid	train	train	train
DB00635	C0026896	1	C10	train	train	train	train	train	valid	valid	train	train	train
DB00635	C0026948	1	C04	train	train	valid	train	train	train	test	train	train	test
DB00635	C0027726	1	C12	train	train	train	train	train	train	train	train	train	train
DB00635	C0029134	1	C10	train	train	train	train	train	valid	valid	train	train	train
DB00635	C0029408	1	C05	train	train	train	train	train	train	train	train	train	train
DB00635	C0030807	1	C17	test	train	train	train	train	train	train	train	train	train
DB00635	C0033860	1	C17	test	train	train	train	train	train	train	train	train	train
DB00635	C0035457	1	C08	valid	train	test	train	valid	train	train	train	valid	train
DB00635	C0036202	1	C15	train	train	train	train	train	train	train	train	test	train
DB00635	C0036508	1	C17	test	train	train	train	train	train	train	train	train	train
DB00635	C0037274	1	C17	test	train	train	train	train	train	train	train	train	train
DB00635	C0038013	1	C05	train	train	train	train	train	train	train	train	train	train
DB00635	C0038325	1	C17	test	train	train	train	train	train	train	train	train	train
DB00635	C0039483	1	C14	valid	test	train	valid	test	train	train	test	train	valid
DB00635	C0040147	1	C19	train	train	test	valid	train	train	test	train	train	valid
DB00635	C0079744	1	C04	train	train	valid	train	train	train	test	train	train	test
DB00635	C0405580	1	C19	train	train	test	valid	train	train	test	train	train	valid
DB00635	C0949116	1	C15	train	train	train	train	train	train	train	train	test	train
DB00635	C1260899	1	C15	train	train	train	train	train	train	train	train	test	train
DB00636	C0020443	1	C18	train	train	train	train	train	test	train	train	train	train
DB00636	C0020473	1	C18	train	train	train	train	train	test	train	train	train	train
DB00636	C0020476	1	C18	train	train	train	train	train	test	train	train	train	train
DB00636	C0020479	1	C18	train	train	train	train	train	test	train	train	train	train
DB00637	C0009763	1	C11	train	valid	valid	train	valid	train	train	train	train	test
DB00637	C0020517	1	C20	train	train	train	train	train	train	train	train	valid	train
DB00637	C0020676	1	C19	train	train	test	valid	train	train	test	train	train	valid
DB00637	C0035455	1	C08	valid	train	test	train	valid	train	train	train	valid	train
DB00637	C0042109	1	C17	test	train	train	train	train	train	train	train	train	train
DB00640	C0003811	1	C14	valid	test	train	valid	test	train	train	test	train	valid
DB00640	C0030590	1	C14	valid	test	train	valid	test	train	train	test	train	valid
DB00640	C0039240	1	C14	valid	test	train	valid	test	train	train	test	train	valid
DB00640	C0043202	1	C14	valid	test	train	valid	test	train	train	test	train	valid
DB00641	C0003850	1	C14	valid	test	train	valid	test	train	train	test	train	valid
DB00641	C0010068	1	C14	valid	test	train	valid	test	train	train	test	train	valid
DB00641	C0020443	1	C18	train	train	train	train	train	test	train	train	train	train
DB00641	C0020473	1	C18	train	train	train	train	train	test	train	train	train	train
DB00641	C0020474	1	C18	train	train	train	train	train	test	train	train	train	train
DB00641	C0020476	1	C18	train	train	train	train	train	test	train	train	train	train
DB00641	C0020479	1	C18	train	train	train	train	train	test	train	train	train	train
DB00641	C0020557	1	C18	train	train	train	train	train	test	train	train	train	train
DB00641	C0027051	1	C14	valid	test	train	valid	test	train	train	test	train	valid
DB00641	C0038454	1	C10	train	train	train	train	train	valid	valid	train	train	train
DB00641	C0342881	1	C18	train	train	train	train	train	test	train	train	train	train
DB00641	C0473527	1	C18	train	train	train	train	train	test	train	train	train	train
DB00642	C0007131	1	C08	valid	train	test	train	valid	train	train	train	valid	train
DB00642	C0025500	1	C04	train	train	valid	train	train	train	test	train	train	test
DB00644	C0002453	1	C23	train	valid	train	test	train	train	train	valid	test	train
DB00644	C0029927	1	C12	train	train	train	train	train	train	train	train	train	train
DB00644	C0034013	1	C19	train	train	test	valid	train	train	test	train	train	valid
DB00645	C0038363	1	C07	train	train	train	train	test	train	train	train	train	train
DB00647	C0030193	1	C23	train	valid	train	test	train	train	train	valid	test	train
DB00648	C0001618	1	C19	train	train	test	valid	train	train	test	train	train	valid
DB00648	C0010481	1	C19	train	train	test	valid	train	train	test	train	train	valid
DB00648	C0206686	1	C19	train	train	test	valid	train	train	test	train	train	valid
DB00650	C0002888	1	C15	train	train	train	train	train	train	train	train	test	train
DB00650	C0016412	1	C18	train	train	train	train	train	test	train	train	train	train
DB00650	C0029463	1	C04	train	train	valid	train	train	train	test	train	train	test
DB00650	C1527249	1	C06	test	train	train	test	train	test	train	train	train	train
DB00651	C0004096	1	C08	valid	train	test	train	valid	train	train	train	valid	train
DB00651	C0008677	1	C08	valid	train	test	train	valid	train	train	train	valid	train
DB00651	C0034067	1	C23	train	valid	train	test	train	train	train	valid	test	train
DB00652	C0030193	1	C23	train	valid	train	test	train	train	train	valid	test	train
DB00653	C0003811	1	C14	valid	test	train	valid	test	train	train	test	train	valid
DB00653	C0009806	1	C23	train	valid	train	test	train	train	train	valid	test	train
DB00653	C0014544	1	C10	train	train	train	train	train	valid	valid	train	train	train
DB00653	C0022876	1	C12	train	train	train	train	train	train	train	train	train	train
DB00653	C0024473	1	C18	train	train	train	train	train	test	train	train	train	train
DB00653	C0027697	1	C12	train	train	train	train	train	train	train	train	train	train
DB00653	C0032914	1	C12	train	train	train	train	train	train	train	train	train	train
DB00653	C0039621	1	C10	train	train	train	train	train	valid	valid	train	train	train
DB00653	C0040479	1	C14	valid	test	train	valid	test	train	train	test	train	valid
DB00653	C0042510	1	C14	valid	test	train	valid	test	train	train	test	train	valid
DB00654	C0017601	1	C11	train	valid	valid	train	valid	train	train	train	train	test
DB00654	C0017612	1	C11	train	valid	valid	train	valid	train	train	train	train	test
DB00654	C0028840	1	C11	train	valid	valid	train	valid	train	train	train	train	test
DB00655	C0020619	1	C19	train	train	test	valid	train	train	test	train	train	valid
DB00655	C0025322	1	C12	train	train	train	train	train	train	train	train	train	train
DB00655	C0025323	1	C12	train	train	train	train	train	train	train	train	train	train
DB00655	C0028754	1	C18	train	train	train	train	train	test	train	train	train	train
DB00655	C0033578	1	C12	train	train	train	train	train	train	train	train	train	train
DB00655	C0085215	1	C12	train	train	train	train	train	train	train	train	train	train
DB00655	C1458155	1	C04	train	train	valid	train	train	train	test	train	train	test
DB00656	C0021603	1	C10	train	train	train	train	train	valid	valid	train	train	train
DB00656	C1269683	1	F03	train	train	test	train	train	train	train	valid	train	train
DB00657	C0020538	1	C14	valid	test	train	valid	test	train	train	test	train	valid
DB00657	C0020540	1	C14	valid	test	train	valid	test	train	train	test	train	valid
DB00657	C0085580	1	C14	valid	test	train	valid	test	train	train	test	train	valid
DB00659	C0001973	1	C25	train	train	valid	train	valid	train	train	train	train	train
DB00661	C0002962	1	C14	valid	test	train	valid	test	train	train	test	train	valid
DB00661	C0003811	1	C14	valid	test	train	valid	test	train	train	test	train	valid
DB00661	C0004238	1	C14	valid	test	train	valid	test	train	train	test	train	valid
DB00661	C0004239	1	C14	valid	test	train	valid	test	train	train	test	train	valid
DB00661	C0020538	1	C14	valid	test	train	valid	test	train	train	test	train	valid
DB00661	C0027051	1	C14	valid	test	train	valid	test	train	train	test	train	valid
DB00661	C0030590	1	C14	valid	test	train	valid	test	train	train	test	train	valid
DB00661	C0039240	1	C14	valid	test	train	valid	test	train	train	test	train	valid
DB00662	C0017160	1	C06	test	train	train	test	train	test	train	train	train	train
DB00662	C0027497	1	C23	train	valid	train	test	train	train	train	valid	test	train
DB00662	C0042963	1	C23	train	valid	train	test	train	train	train	valid	test	train
DB00663	C0011616	1	C17	test	train	train	train	train	train	train	train	train	train
DB00663	C0015230	1	C17	test	train	train	train	train	train	train	train	train	train
DB00663	C0036508	1	C17	test	train	train	train	train	train	train	train	train	train
DB00665	C0033578	1	C12	train	train	train	train	train	train	train	train	train	train
DB00666	C0014175	1	C12	train	train	train	train	train	train	train	train	train	train
DB00666	C0021359	1	C12	train	train	train	train	train	train	train	train	train	train
DB00666	C0021361	1	C12	train	train	train	train	train	train	train	train	train	train
DB00666	C0034013	1	C19	train	train	test	valid	train	train	test	train	train	valid
DB00666	C0342543	1	C19	train	train	test	valid	train	train	test	train	train	valid
DB00668	C0001883	1	C08	valid	train	test	train	valid	train	train	train	valid	train
DB00668	C0002792	1	C20	train	train	train	train	train	train	train	train	valid	train
DB00668	C0006267	1	C08	valid	train	test	train	valid	train	train	train	valid	train
DB00668	C0017612	1	C11	train	valid	valid	train	valid	train	train	train	train	test
DB00668	C0018790	1	C14	valid	test	train	valid	test	train	train	test	train	valid
DB00668	C0018794	1	C14	valid	test	train	valid	test	train	train	test	train	valid
DB00668	C0019080	1	C23	train	valid	train	test	train	train	train	valid	test	train
DB00668	C0020649	1	C14	valid	test	train	valid	test	train	train	test	train	valid
DB00668	C0034067	1	C23	train	valid	train	test	train	train	train	valid	test	train
DB00668	C0036983	1	C23	train	valid	train	test	train	train	train	valid	test	train
DB00668	C0042510	1	C14	valid	test	train	valid	test	train	train	test	train	valid
DB00668	C0042514	1	C14	valid	test	train	valid	test	train	train	test	train	valid
DB00668	C0428977	1	C14	valid	test	train	valid	test	train	train	test	train	valid
DB00669	C0149931	1	C10	train	train	train	train	train	valid	valid	train	train	train
DB00670	C0013295	1	C06	test	train	train	test	train	test	train	train	train	train
DB00670	C0038358	1	C06	test	train	train	test	train	test	train	train	train	train
DB00670	C0041582	1	C23	train	valid	train	test	train	train	train	valid	test	train
DB00672	C0011849	1	C18	train	train	train	train	train	test	train	train	train	train
DB00672	C0011860	1	C18	train	train	train	train	train	test	train	train	train	train
DB00672	C0020456	1	C18	train	train	train	train	train	test	train	train	train	train
DB00673	C0027497	1	C23	train	valid	train	test	train	train	train	valid	test	train
DB00673	C0042963	1	C23	train	valid	train	test	train	train	train	valid	test	train
DB00674	C0002395	1	C10	train	train	train	train	train	valid	valid	train	train	train
DB00675	C0006142	1	C04	train	train	valid	train	train	train	test	train	train	test
DB00675	C0018418	1	C17	test	train	train	train	train	train	train	train	train	train
DB00675	C0030297	1	C04	train	train	valid	train	train	train	test	train	train	test
DB00675	C0034013	1	C19	train	train	test	valid	train	train	test	train	train	valid
DB00675	C1458155	1	C04	train	train	valid	train	train	train	test	train	train	test
DB00677	C0017601	1	C11	train	valid	valid	train	valid	train	train	train	train	test
DB00677	C0038379	1	C10	train	train	train	train	train	valid	valid	train	train	train
DB00678	C0003811	1	C14	valid	test	train	valid	test	train	train	test	train	valid
DB00678	C0011881	1	C12	train	train	train	train	train	train	train	train	train	train
DB00678	C0018802	1	C14	valid	test	train	valid	test	train	train	test	train	valid
DB00678	C0020538	1	C14	valid	test	train	valid	test	train	train	test	train	valid
DB00678	C0242698	1	C14	valid	test	train	valid	test	train	train	test	train	valid
DB00679	C3544321	1	F03	train	train	test	train	train	train	train	valid	train	train
DB00680	C0003811	1	C14	valid	test	train	valid	test	train	train	test	train	valid
DB00680	C0042510	1	C14	valid	test	train	valid	test	train	train	test	train	valid
DB00680	C0042514	1	C14	valid	test	train	valid	test	train	train	test	train	valid
DB00682	C0004238	1	C14	valid	test	train	valid	test	train	train	test	train	valid
DB00682	C0004239	1	C14	valid	test	train	valid	test	train	train	test	train	valid
DB00682	C0027051	1	C14	valid	test	train	valid	test	train	train	test	train	valid
DB00682	C0034065	1	C08	valid	train	test	train	valid	train	train	train	valid	train
DB00682	C0040038	1	C14	valid	test	train	valid	test	train	train	test	train	valid
DB00682	C0040046	1	C14	valid	test	train	valid	test	train	train	test	train	valid
DB00682	C0040053	1	C14	valid	test	train	valid	test	train	train	test	train	valid
DB00682	C0878544	1	C14	valid	test	train	valid	test	train	train	test	train	valid
DB00682	C0917805	1	C10	train	train	train	train	train	valid	valid	train	train	train
DB00683	C0003467	1	F01	valid	train	train	train	train	valid	test	train	train	train
DB00683	C0038220	1	C10	train	train	train	train	train	valid	valid	train	train	train
DB00685	C0037199	1	C08	valid	train	test	train	valid	train	train	train	valid	train
DB00685	C0042029	1	C12	train	train	train	train	train	train	train	train	train	train
DB00686	C0042345	1	C14	valid	test	train	valid	test	train	train	test	train	valid
DB00686	C0282488	1	C12	train	train	train	train	train	train	train	train	train	train
DB00687	C0001403	1	C19	train	train	test	valid	train	train	test	train	train	valid
DB00687	C0405580	1	C19	train	train	test	valid	train	train	test	train	train	valid
DB00688	C0033860	1	C17	test	train	train	train	train	train	train	train	train	train
DB00690	C0021603	1	C10	train	train	train	train	train	valid	valid	train	train	train
DB00690	C0917801	1	C10	train	train	train	train	train	valid	valid	train	train	train
DB00691	C0018802	1	C14	valid	test	train	valid	test	train	train	test	train	valid
DB00691	C0020538	1	C14	valid	test	train	valid	test	train	train	test	train	valid
DB00692	C0020540	1	C14	valid	test	train	valid	test	train	train	test	train	valid
DB00692	C0020546	1	C14	valid	test	train	valid	test	train	train	test	train	valid
DB00692	C0021308	1	C23	train	valid	train	test	train	train	train	valid	test	train
DB00692	C0023212	1	C14	valid	test	train	valid	test	train	train	test	train	valid
DB00692	C0027051	1	C14	valid	test	train	valid	test	train	train	test	train	valid
DB00692	C0031511	1	C04	train	train	valid	train	train	train	test	train	train	test
DB00692	C0085096	1	C14	valid	test	train	valid	test	train	train	test	train	valid
DB00692	C0242350	1	C12	train	train	train	train	train	train	train	train	train	train
DB00692	C0917798	1	C10	train	train	train	train	train	valid	valid	train	train	train
DB00694	C0023440	1	C15	train	train	train	train	train	train	train	train	test	train
DB00694	C0023449	1	C15	train	train	train	train	train	train	train	train	test	train
DB00694	C0023465	1	C04	train	train	valid	train	train	train	test	train	train	test
DB00694	C0023467	1	C04	train	train	valid	train	train	train	test	train	train	test
DB00694	C0023487	1	C04	train	train	valid	train	train	train	test	train	train	test
DB00694	C0036220	1	C04	train	train	valid	train	train	train	test	train	train	test
DB00695	C0013604	1	C23	train	valid	train	test	train	train	train	valid	test	train
DB00695	C0018802	1	C14	valid	test	train	valid	test	train	train	test	train	valid
DB00695	C0020538	1	C14	valid	test	train	valid	test	train	train	test	train	valid
DB00695	C0022660	1	C12	train	train	train	train	train	train	train	train	train	train
DB00695	C0022661	1	C12	train	train	train	train	train	train	train	train	train	train
DB00695	C0027726	1	C12	train	train	train	train	train	train	train	train	train	train
DB00695	C0034063	1	C08	valid	train	test	train	valid	train	train	train	valid	train
DB00696	C0149931	1	C10	train	train	train	train	train	valid	valid	train	train	train
DB00697	C0027121	1	C05	train	train	train	train	train	train	train	train	train	train
DB00697	C0037763	1	C10	train	train	train	train	train	valid	valid	train	train	train
DB00697	C0040997	1	C07	train	train	train	train	test	train	train	train	train	train
DB00699	C0004153	1	C14	valid	test	train	valid	test	train	train	test	train	valid
DB00699	C0024437	1	C11	train	valid	valid	train	valid	train	train	train	train	test
DB00699	C0034734	1	C14	valid	test	train	valid	test	train	train	test	train	valid
DB00699	C0040053	1	C14	valid	test	train	valid	test	train	train	test	train	valid
DB00699	C0149931	1	C10	train	train	train	train	train	valid	valid	train	train	train
DB00700	C0018802	1	C14	valid	test	train	valid	test	train	train	test	train	valid
DB00700	C0020428	1	C19	train	train	test	valid	train	train	test	train	train	valid
DB00703	C0017601	1	C11	train	valid	valid	train	valid	train	train	train	train	test
DB00703	C0017605	1	C11	train	valid	valid	train	valid	train	train	train	train	test
DB00703	C0017612	1	C11	train	valid	valid	train	valid	train	train	train	train	test
DB00704	C0001973	1	C25	train	train	valid	train	valid	train	train	train	train	train
DB00704	C0028754	1	C18	train	train	train	train	train	test	train	train	train	train
DB00704	C0150055	1	C23	train	valid	train	test	train	train	train	valid	test	train
DB00706	C2937421	1	C12	train	train	train	train	train	train	train	train	train	train
DB00707	C0007131	1	C08	valid	train	test	train	valid	train	train	train	valid	train
DB00707	C0014859	1	C06	test	train	train	test	train	test	train	train	train	train
DB00710	C0020437	1	C18	train	train	train	train	train	test	train	train	train	train
DB00710	C0029456	1	C05	train	train	train	train	train	train	train	train	train	train
DB00710	C0029458	1	C05	train	train	train	train	train	train	train	train	train	train
DB00712	C0003873	1	C05	train	train	train	train	train	train	train	train	train	train
DB00712	C0013390	1	C23	train	valid	train	test	train	train	train	valid	test	train
DB00712	C0029408	1	C05	train	train	train	train	train	train	train	train	train	train
DB00712	C0038013	1	C05	train	train	train	train	train	train	train	train	train	train
DB00713	C0007642	1	C01	train	train	train	train	valid	valid	train	train	train	train
DB00713	C0014121	1	C01	train	train	train	train	valid	valid	train	train	train	train
DB00713	C0029443	1	C01	train	train	train	train	valid	valid	train	train	train	train
DB00713	C0036690	1	C01	train	train	train	train	valid	valid	train	train	train	train
DB00713	C0037199	1	C08	valid	train	test	train	valid	train	train	train	valid	train
DB00713	C0038160	1	C01	train	train	train	train	valid	valid	train	train	train	train
DB00714	C0030567	1	C10	train	train	train	train	train	valid	valid	train	train	train
DB00714	C0242350	1	C12	train	train	train	train	train	train	train	train	train	train
DB00715	C0011581	1	F03	train	train	test	train	train	train	train	valid	train	train
DB00715	C0028768	1	F03	train	train	test	train	train	train	train	valid	train	train
DB00715	C0030319	1	F03	train	train	test	train	train	train	train	valid	train	train
DB00715	C1269683	1	F03	train	train	test	train	train	train	train	valid	train	train
DB00716	C0004096	1	C08	valid	train	test	train	valid	train	train	train	valid	train
DB00716	C0009763	1	C11	train	valid	valid	train	valid	train	train	train	train	test
DB00716	C0020517	1	C20	train	train	train	train	train	train	train	train	valid	train
DB00717	C0014173	1	C12	train	train	train	train	train	train	train	train	train	train
DB00717	C0014175	1	C12	train	train	train	train	train	train	train	train	train	train
DB00717	C0020619	1	C19	train	train	test	valid	train	train	test	train	train	valid
DB00717	C0025323	1	C12	train	train	train	train	train	train	train	train	train	train
DB00717	C0025874	1	C12	train	train	train	train	train	train	train	train	train	train
DB00719	C0018621	1	C08	valid	train	test	train	valid	train	train	train	valid	train
DB00719	C0020517	1	C20	train	train	train	train	train	train	train	train	valid	train
DB00719	C0033774	1	C17	test	train	train	train	train	train	train	train	train	train
DB00719	C0035457	1	C08	valid	train	test	train	valid	train	train	train	valid	train
DB00719	C0042109	1	C17	test	train	train	train	train	train	train	train	train	train
DB00720	C0020437	1	C18	train	train	train	train	train	test	train	train	train	train
DB00720	C0020502	1	C19	train	train	test	valid	train	train	test	train	train	valid
DB00720	C0026764	1	C15	train	train	train	train	train	train	train	train	test	train
DB00720	C0029456	1	C05	train	train	train	train	train	train	train	train	train	train
DB00722	C0011849	1	C18	train	train	train	train	train	test	train	train	train	train
DB00722	C0018802	1	C14	valid	test	train	valid	test	train	train	test	train	valid
DB00722	C0020538	1	C14	valid	test	train	valid	test	train	train	test	train	valid
DB00722	C0040053	1	C14	valid	test	train	valid	test	train	train	test	train	valid
DB00723	C0020649	1	C14	valid	test	train	valid	test	train	train	test	train	valid
DB00723	C0030590	1	C14	valid	test	train	valid	test	train	train	test	train	valid
DB00724	C0007117	1	C04	train	train	valid	train	train	train	test	train	train	test
DB00725	C0013295	1	C06	test	train	train	test	train	test	train	train	train	train
DB00725	C0022104	1	C06	test	train	train	test	train	test	train	train	train	train
DB00725	C0030920	1	C06	test	train	train	test	train	test	train	train	train	train
DB00725	C0038358	1	C06	test	train	train	test	train	test	train	train	train	train
DB00725	C0041582	1	C23	train	valid	train	test	train	train	train	valid	test	train
DB00726	C0011581	1	F03	train	train	test	train	train	train	train	valid	train	train
DB00726	C0700201	1	C10	train	train	train	train	train	valid	valid	train	train	train
DB00727	C0018802	1	C14	valid	test	train	valid	test	train	train	test	train	valid
DB00727	C0020542	1	C08	valid	train	test	train	valid	train	train	train	valid	train
DB00727	C0022876	1	C12	train	train	train	train	train	train	train	train	train	train
DB00727	C0027051	1	C14	valid	test	train	valid	test	train	train	test	train	valid
DB00727	C0037299	1	C17	test	train	train	train	train	train	train	train	train	train
DB00727	C1956346	1	C14	valid	test	train	valid	test	train	train	test	train	valid
DB00729	C0004096	1	C08	valid	train	test	train	valid	train	train	train	valid	train
DB00729	C0017152	1	C06	test	train	train	test	train	test	train	train	train	train
DB00729	C0030920	1	C06	test	train	train	test	train	test	train	train	train	train
DB00731	C0011849	1	C18	train	train	train	train	train	test	train	train	train	train
DB00731	C0011860	1	C18	train	train	train	train	train	test	train	train	train	train
DB00731	C0020456	1	C18	train	train	train	train	train	test	train	train	train	train
DB00733	C0026896	1	C10	train	train	train	train	train	valid	valid	train	train	train
DB00734	C0004352	1	F03	train	train	test	train	train	train	train	valid	train	train
DB00734	C0005586	1	F03	train	train	test	train	train	train	train	valid	train	train
DB00736	C0013295	1	C06	test	train	train	test	train	test	train	train	train	train
DB00736	C0014868	1	C06	test	train	train	test	train	test	train	train	train	train
DB00736	C0014869	1	C06	test	train	train	test	train	test	train	train	train	train
DB00736	C0017168	1	C06	test	train	train	test	train	test	train	train	train	train
DB00736	C0017181	1	C06	test	train	train	test	train	test	train	train	train	train
DB00736	C0030920	1	C06	test	train	train	test	train	test	train	train	train	train
DB00736	C0043515	1	C06	test	train	train	test	train	test	train	train	train	train
DB00737	C0020517	1	C20	train	train	train	train	train	train	train	train	valid	train
DB00737	C0027497	1	C23	train	valid	train	test	train	train	train	valid	test	train
DB00737	C0042571	1	C09	train	train	test	train	train	train	test	valid	train	test
DB00737	C0042963	1	C23	train	valid	train	test	train	train	train	valid	test	train
DB00738	C0032285	1	C08	valid	train	test	train	valid	train	train	train	valid	train
DB00740	C0002736	1	C10	train	train	train	train	train	valid	valid	train	train	train
DB00741	C0001403	1	C19	train	train	test	valid	train	train	test	train	train	valid
DB00741	C0001623	1	C19	train	train	test	valid	train	train	test	train	train	valid
DB00741	C0002875	1	C15	train	train	train	train	train	train	train	train	test	train
DB00741	C0002880	1	C15	train	train	train	train	train	train	train	train	test	train
DB00741	C0002994	1	C14	valid	test	train	valid	test	train	train	test	train	valid
DB00741	C0003864	1	C05	train	train	train	train	train	train	train	train	train	train
DB00741	C0003868	1	C05	train	train	train	train	train	train	train	train	train	train
DB00741	C0003872	1	C05	train	train	train	train	train	train	train	train	train	train
DB00741	C0003873	1	C05	train	train	train	train	train	train	train	train	train	train
DB00741	C0004096	1	C08	valid	train	test	train	valid	train	train	train	valid	train
DB00741	C0004364	1	C20	train	train	train	train	train	train	train	train	valid	train
DB00741	C0005138	1	C08	valid	train	test	train	valid	train	train	train	valid	train
DB00741	C0006114	1	C10	train	train	train	train	train	valid	valid	train	train	train
DB00741	C0009324	1	C06	test	train	train	test	train	test	train	train	train	train
DB00741	C0010043	1	C11	train	valid	valid	train	valid	train	train	train	train	test
DB00741	C0010346	1	C06	test	train	train	test	train	test	train	train	train	train
DB00741	C0011603	1	C17	test	train	train	train	train	train	train	train	train	train
DB00741	C0011606	1	C17	test	train	train	train	train	train	train	train	train	train
DB00741	C0011615	1	C17	test	train	train	train	train	train	train	train	train	train
DB00741	C0011616	1	C17	test	train	train	train	train	train	train	train	train	train
DB00741	C0013595	1	C17	test	train	train	train	train	train	train	train	train	train
DB00741	C0014356	1	C06	test	train	train	test	train	test	train	train	train	train
DB00741	C0014742	1	C17	test	train	train	train	train	train	train	train	train	train
DB00741	C0015230	1	C17	test	train	train	train	train	train	train	train	train	train
DB00741	C0015397	1	C11	train	valid	valid	train	valid	train	train	train	train	test
DB00741	C0015456	1	C17	test	train	train	train	train	train	train	train	train	train
DB00741	C0017563	1	C07	train	train	train	train	test	train	train	train	train	train
DB00741	C0019112	1	C06	test	train	train	test	train	test	train	train	train	train
DB00741	C0019829	1	C04	train	train	valid	train	train	train	test	train	train	test
DB00741	C0020517	1	C20	train	train	train	train	train	train	train	train	valid	train
DB00741	C0021390	1	C06	test	train	train	test	train	test	train	train	train	train
DB00741	C0022568	1	C11	train	valid	valid	train	valid	train	train	train	train	test
DB00741	C0023052	1	C08	valid	train	test	train	valid	train	train	train	valid	train
DB00741	C0023449	1	C15	train	train	train	train	train	train	train	train	test	train
DB00741	C0024138	1	C17	test	train	train	train	train	train	train	train	train	train
DB00741	C0024141	1	C17	test	train	train	train	train	train	train	train	train	train
DB00741	C0024305	1	C04	train	train	valid	train	train	train	test	train	train	test
DB00741	C0026769	1	C10	train	train	train	train	train	valid	valid	train	train	train
DB00741	C0026948	1	C04	train	train	valid	train	train	train	test	train	train	test
DB00741	C0027726	1	C12	train	train	train	train	train	train	train	train	train	train
DB00741	C0030807	1	C17	test	train	train	train	train	train	train	train	train	train
DB00741	C0033860	1	C17	test	train	train	train	train	train	train	train	train	train
DB00741	C0035854	1	C17	test	train	train	train	train	train	train	train	train	train
DB00741	C0036508	1	C17	test	train	train	train	train	train	train	train	train	train
DB00741	C0036830	1	C17	test	train	train	train	train	train	train	train	train	train
DB00741	C0038013	1	C05	train	train	train	train	train	train	train	train	train	train
DB00741	C0038363	1	C07	train	train	train	train	test	train	train	train	train	train
DB00741	C0039103	1	C05	train	train	train	train	train	train	train	train	train	train
DB00741	C0040147	1	C19	train	train	test	valid	train	train	test	train	train	valid
DB00741	C0042164	1	C11	train	valid	valid	train	valid	train	train	train	train	test
DB00741	C1260899	1	C15	train	train	train	train	train	train	train	train	test	train
DB00744	C0004096	1	C08	valid	train	test	train	valid	train	train	train	valid	train
DB00745	C0027404	1	C10	train	train	train	train	train	valid	valid	train	train	train
DB00745	C0520679	1	C08	valid	train	test	train	valid	train	train	train	valid	train
DB00746	C0018995	1	C18	train	train	train	train	train	test	train	train	train	train
DB00746	C0282193	1	C18	train	train	train	train	train	test	train	train	train	train
DB00747	C0015469	1	C07	train	train	train	train	test	train	train	train	train	train
DB00747	C0022073	1	C11	train	valid	valid	train	valid	train	train	train	train	test
DB00747	C0022104	1	C06	test	train	train	test	train	test	train	train	train	train
DB00747	C0026961	1	C11	train	valid	valid	train	valid	train	train	train	train	test
DB00747	C0027497	1	C23	train	valid	train	test	train	train	train	valid	test	train
DB00747	C0030920	1	C06	test	train	train	test	train	test	train	train	train	train
DB00747	C0037036	1	C07	train	train	train	train	test	train	train	train	train	train
DB00747	C0042164	1	C11	train	valid	valid	train	valid	train	train	train	train	test
DB00747	C0042963	1	C23	train	valid	train	test	train	train	train	valid	test	train
DB00747	C0428977	1	C14	valid	test	train	valid	test	train	train	test	train	valid
DB00748	C0002994	1	C14	valid	test	train	valid	test	train	train	test	train	valid
DB00748	C0009763	1	C11	train	valid	valid	train	valid	train	train	train	train	test
DB00748	C0016470	1	C20	train	train	train	train	train	train	train	train	valid	train
DB00748	C0018621	1	C08	valid	train	test	train	valid	train	train	train	valid	train
DB00748	C0020517	1	C20	train	train	train	train	train	train	train	train	valid	train
DB00748	C0030567	1	C10	train	train	train	train	train	valid	valid	train	train	train
DB00748	C0033774	1	C17	test	train	train	train	train	train	train	train	train	train
DB00748	C0035457	1	C08	valid	train	test	train	valid	train	train	train	valid	train
DB00748	C0042109	1	C17	test	train	train	train	train	train	train	train	train	train
DB00748	C1527304	1	C20	train	train	train	train	train	train	train	train	valid	train
DB00749	C0003873	1	C05	train	train	train	train	train	train	train	train	train	train
DB00749	C0029408	1	C05	train	train	train	train	train	train	train	train	train	train
DB00749	C0030193	1	C23	train	valid	train	test	train	train	train	valid	test	train
DB00751	C0009763	1	C11	train	valid	valid	train	valid	train	train	train	train	test
DB00751	C0020517	1	C20	train	train	train	train	train	train	train	train	valid	train
DB00752	C1269683	1	F03	train	train	test	train	train	train	train	valid	train	train
DB00754	C0014544	1	C10	train	train	train	train	train	valid	valid	train	train	train
DB00754	C0014549	1	C10	train	train	train	train	train	valid	valid	train	train	train
DB00754	C0014556	1	C10	train	train	train	train	train	valid	valid	train	train	train
DB00754	C0036572	1	C10	train	train	train	train	train	valid	valid	train	train	train
DB00754	C0149958	1	C10	train	train	train	train	train	valid	valid	train	train	train
DB00755	C0007117	1	C04	train	train	valid	train	train	train	test	train	train	test
DB00755	C0022593	1	C17	test	train	train	train	train	train	train	train	train	train
DB00755	C0022595	1	C17	test	train	train	train	train	train	train	train	train	train
DB00755	C0022596	1	C17	test	train	train	train	train	train	train	train	train	train
DB00755	C0023487	1	C04	train	train	valid	train	train	train	test	train	train	test
DB00755	C0033860	1	C17	test	train	train	train	train	train	train	train	train	train
DB00755	C0162834	1	C17	test	train	train	train	train	train	train	train	train	train
DB00755	C0702166	1	C17	test	train	train	train	train	train	train	train	train	train
DB00757	C0027497	1	C23	train	valid	train	test	train	train	train	valid	test	train
DB00757	C0042963	1	C23	train	valid	train	test	train	train	train	valid	test	train
DB00758	C0004153	1	C14	valid	test	train	valid	test	train	train	test	train	valid
DB00758	C0027051	1	C14	valid	test	train	valid	test	train	train	test	train	valid
DB00758	C0038454	1	C10	train	train	train	train	train	valid	valid	train	train	train
DB00758	C0040053	1	C14	valid	test	train	valid	test	train	train	test	train	valid
DB00758	C0948089	1	C14	valid	test	train	valid	test	train	train	test	train	valid
DB00758	C1704436	1	C14	valid	test	train	valid	test	train	train	test	train	valid
DB00759	C0032285	1	C08	valid	train	test	train	valid	train	train	train	valid	train
DB00759	C0037199	1	C08	valid	train	test	train	valid	train	train	train	valid	train
DB00759	C0042029	1	C12	train	train	train	train	train	train	train	train	train	train
DB00759	C0702166	1	C17	test	train	train	train	train	train	train	train	train	train
DB00761	C0009806	1	C23	train	valid	train	test	train	train	train	valid	test	train
DB00761	C0020621	1	C18	train	train	train	train	train	test	train	train	train	train
DB00762	C0007131	1	C08	valid	train	test	train	valid	train	train	train	valid	train
DB00762	C0009375	1	C06	test	train	train	test	train	test	train	train	train	train
DB00762	C0023418	1	C04	train	train	valid	train	train	train	test	train	train	test
DB00762	C0024299	1	C04	train	train	valid	train	train	train	test	train	train	test
DB00762	C0027627	1	C04	train	train	valid	train	train	train	test	train	train	test
DB00762	C0030297	1	C04	train	train	valid	train	train	train	test	train	train	test
DB00762	C0034885	1	C06	test	train	train	test	train	test	train	train	train	train
DB00762	C0038356	1	C06	test	train	train	test	train	test	train	train	train	train
DB00762	C0149925	1	C08	valid	train	test	train	valid	train	train	train	valid	train
DB00762	C1458155	1	C04	train	train	valid	train	train	train	test	train	train	test
DB00762	C1527249	1	C06	test	train	train	test	train	test	train	train	train	train
DB00763	C0018021	1	C19	train	train	test	valid	train	train	test	train	train	valid
DB00763	C0018213	1	C19	train	train	test	valid	train	train	test	train	train	valid
DB00763	C0020550	1	C19	train	train	test	valid	train	train	test	train	train	valid
DB00764	C0015230	1	C17	test	train	train	train	train	train	train	train	train	train
DB00764	C0018621	1	C08	valid	train	test	train	valid	train	train	train	valid	train
DB00764	C0020517	1	C20	train	train	train	train	train	train	train	train	valid	train
DB00764	C0024138	1	C17	test	train	train	train	train	train	train	train	train	train
DB00764	C0035457	1	C08	valid	train	test	train	valid	train	train	train	valid	train
DB00764	C0036508	1	C17	test	train	train	train	train	train	train	train	train	train
DB00765	C0031511	1	C04	train	train	valid	train	train	train	test	train	train	test
DB00768	C0009763	1	C11	train	valid	valid	train	valid	train	train	train	train	test
DB00768	C0018621	1	C08	valid	train	test	train	valid	train	train	train	valid	train
DB00770	C0003492	1	C14	valid	test	train	valid	test	train	train	test	train	valid
DB00770	C0018798	1	C14	valid	test	train	valid	test	train	train	test	train	valid
DB00770	C0020542	1	C08	valid	train	test	train	valid	train	train	train	valid	train
DB00770	C0039685	1	C14	valid	test	train	valid	test	train	train	test	train	valid
DB00770	C0242350	1	C12	train	train	train	train	train	train	train	train	train	train
DB00771	C0022104	1	C06	test	train	train	test	train	test	train	train	train	train
DB00771	C0030920	1	C06	test	train	train	test	train	test	train	train	train	train
DB00773	C0006118	1	C10	train	train	train	train	train	valid	valid	train	train	train
DB00773	C0019618	1	C15	train	train	train	train	train	train	train	train	test	train
DB00773	C0023467	1	C04	train	train	valid	train	train	train	test	train	train	test
DB00773	C0024299	1	C04	train	train	valid	train	train	train	test	train	train	test
DB00773	C0026948	1	C04	train	train	valid	train	train	train	test	train	train	test
DB00773	C0027819	1	C04	train	train	valid	train	train	train	test	train	train	test
DB00773	C0033578	1	C12	train	train	train	train	train	train	train	train	train	train
DB00773	C0035412	1	C04	train	train	valid	train	train	train	test	train	train	test
DB00773	C0036220	1	C04	train	train	valid	train	train	train	test	train	train	test
DB00773	C0039590	1	C12	train	train	train	train	train	train	train	train	train	train
DB00773	C0042138	1	C12	train	train	train	train	train	train	train	train	train	train
DB00773	C0149925	1	C08	valid	train	test	train	valid	train	train	train	valid	train
DB00773	C1621958	1	C04	train	train	valid	train	train	train	test	train	train	test
DB00774	C0013604	1	C23	train	valid	train	test	train	train	train	valid	test	train
DB00774	C0018802	1	C14	valid	test	train	valid	test	train	train	test	train	valid
DB00774	C0022661	1	C12	train	train	train	train	train	train	train	train	train	train
DB00774	C0023890	1	C06	test	train	train	test	train	test	train	train	train	train
DB00774	C0027726	1	C12	train	train	train	train	train	train	train	train	train	train
DB00775	C0002965	1	C14	valid	test	train	valid	test	train	train	test	train	valid
DB00775	C0027051	1	C14	valid	test	train	valid	test	train	train	test	train	valid
DB00775	C0040053	1	C14	valid	test	train	valid	test	train	train	test	train	valid
DB00775	C0948089	1	C14	valid	test	train	valid	test	train	train	test	train	valid
DB00776	C0014544	1	C10	train	train	train	train	train	valid	valid	train	train	train
DB00776	C0036572	1	C10	train	train	train	train	train	valid	valid	train	train	train
DB00776	C0234974	1	C10	train	train	train	train	train	valid	valid	train	train	train
DB00777	C0021603	1	C10	train	train	train	train	train	valid	valid	train	train	train
DB00780	C0011581	1	F03	train	train	test	train	train	train	train	valid	train	train
DB00782	C0022104	1	C06	test	train	train	test	train	test	train	train	train	train
DB00782	C0030305	1	C06	test	train	train	test	train	test	train	train	train	train
DB00782	C0030920	1	C06	test	train	train	test	train	test	train	train	train	train
DB00782	C0041582	1	C23	train	valid	train	test	train	train	train	valid	test	train
DB00783	C0020619	1	C19	train	train	test	valid	train	train	test	train	train	valid
DB00783	C0025322	1	C12	train	train	train	train	train	train	train	train	train	train
DB00783	C0025323	1	C12	train	train	train	train	train	train	train	train	train	train
DB00783	C0029456	1	C05	train	train	train	train	train	train	train	train	train	train
DB00783	C0033578	1	C12	train	train	train	train	train	train	train	train	train	train
DB00783	C0085215	1	C12	train	train	train	train	train	train	train	train	train	train
DB00783	C1458155	1	C04	train	train	valid	train	train	train	test	train	train	test
DB00784	C0003873	1	C05	train	train	train	train	train	train	train	train	train	train
DB00784	C0013390	1	C23	train	valid	train	test	train	train	train	valid	test	train
DB00784	C0025323	1	C12	train	train	train	train	train	train	train	train	train	train
DB00784	C0029408	1	C05	train	train	train	train	train	train	train	train	train	train
DB00784	C0030193	1	C23	train	valid	train	test	train	train	train	valid	test	train
DB00787	C0276226	1	C01	train	train	train	train	valid	valid	train	train	train	train
DB00788	C0003862	1	C05	train	train	train	train	train	train	train	train	train	train
DB00788	C0003873	1	C05	train	train	train	train	train	train	train	train	train	train
DB00788	C0013390	1	C23	train	valid	train	test	train	train	train	valid	test	train
DB00788	C0015967	1	C23	train	valid	train	test	train	train	train	valid	test	train
DB00788	C0018099	1	C05	train	train	train	train	train	train	train	train	train	train
DB00788	C0018681	1	C23	train	valid	train	test	train	train	train	valid	test	train
DB00788	C0029408	1	C05	train	train	train	train	train	train	train	train	train	train
DB00788	C0030193	1	C23	train	valid	train	test	train	train	train	valid	test	train
DB00788	C0038013	1	C05	train	train	train	train	train	train	train	train	train	train
DB00788	C0149931	1	C10	train	train	train	train	train	valid	valid	train	train	train
DB00788	C0231528	1	C05	train	train	train	train	train	train	train	train	train	train
DB00790	C0010068	1	C14	valid	test	train	valid	test	train	train	test	train	valid
DB00790	C0018802	1	C14	valid	test	train	valid	test	train	train	test	train	valid
DB00790	C0020538	1	C14	valid	test	train	valid	test	train	train	test	train	valid
DB00790	C0027051	1	C14	valid	test	train	valid	test	train	train	test	train	valid
DB00790	C0085580	1	C14	valid	test	train	valid	test	train	train	test	train	valid
DB00790	C1956346	1	C14	valid	test	train	valid	test	train	train	test	train	valid
DB00792	C0004096	1	C08	valid	train	test	train	valid	train	train	train	valid	train
DB00792	C0020517	1	C20	train	train	train	train	train	train	train	train	valid	train
DB00792	C0033774	1	C17	test	train	train	train	train	train	train	train	train	train
DB00792	C0035457	1	C08	valid	train	test	train	valid	train	train	train	valid	train
DB00792	C0042109	1	C17	test	train	train	train	train	train	train	train	train	train
DB00794	C0014544	1	C10	train	train	train	train	train	valid	valid	train	train	train
DB00794	C0014549	1	C10	train	train	train	train	train	valid	valid	train	train	train
DB00794	C0014556	1	C10	train	train	train	train	train	valid	valid	train	train	train
DB00794	C0036572	1	C10	train	train	train	train	train	valid	valid	train	train	train
DB00794	C0234974	1	C10	train	train	train	train	train	valid	valid	train	train	train
DB00794	C0238111	1	C10	train	train	train	train	train	valid	valid	train	train	train
DB00795	C0003873	1	C05	train	train	train	train	train	train	train	train	train	train
DB00795	C0009324	1	C06	test	train	train	test	train	test	train	train	train	train
DB00795	C0010346	1	C06	test	train	train	test	train	test	train	train	train	train
DB00795	C0014356	1	C06	test	train	train	test	train	test	train	train	train	train
DB00796	C0018802	1	C14	valid	test	train	valid	test	train	train	test	train	valid
DB00796	C0020538	1	C14	valid	test	train	valid	test	train	train	test	train	valid
DB00797	C0007820	1	C10	train	train	train	train	train	valid	valid	train	train	train
DB00797	C0031190	1	C08	valid	train	test	train	valid	train	train	train	valid	train
DB00797	C0034734	1	C14	valid	test	train	valid	test	train	train	test	train	valid
DB00797	C0036421	1	C17	test	train	train	train	train	train	train	train	train	train
DB00797	C0040046	1	C14	valid	test	train	valid	test	train	train	test	train	valid
DB00797	C0042373	1	C14	valid	test	train	valid	test	train	train	test	train	valid
DB00798	C0008311	1	C06	test	train	train	test	train	test	train	train	train	train
DB00798	C0010930	1	C11	train	valid	valid	train	valid	train	train	train	train	test
DB00798	C0014836	1	C01	train	train	train	train	valid	valid	train	train	train	train
DB00798	C0030578	1	C17	test	train	train	train	train	train	train	train	train	train
DB00798	C0031154	1	C01	train	train	train	train	valid	valid	train	train	train	train
DB00798	C0036690	1	C01	train	train	train	train	valid	valid	train	train	train	train
DB00799	C0022593	1	C17	test	train	train	train	train	train	train	train	train	train
DB00799	C0033860	1	C17	test	train	train	train	train	train	train	train	train	train
DB00799	C0702166	1	C17	test	train	train	train	train	train	train	train	train	train
DB00800	C0018802	1	C14	valid	test	train	valid	test	train	train	test	train	valid
DB00800	C0020540	1	C14	valid	test	train	valid	test	train	train	test	train	valid
DB00800	C0020545	1	C12	train	train	train	train	train	train	train	train	train	train
DB00801	C0003467	1	F01	valid	train	train	train	train	valid	test	train	train	train
DB00804	C0022104	1	C06	test	train	train	test	train	test	train	train	train	train
DB00805	C0030567	1	C10	train	train	train	train	train	valid	valid	train	train	train
DB00806	C0007786	1	C10	train	train	train	train	train	valid	valid	train	train	train
DB00806	C0011875	1	C14	valid	test	train	valid	test	train	train	test	train	valid
DB00806	C0011882	1	C10	train	train	train	train	train	valid	valid	train	train	train
DB00806	C0017086	1	C23	train	valid	train	test	train	train	train	valid	test	train
DB00806	C0021775	1	C14	valid	test	train	valid	test	train	train	test	train	valid
DB00806	C0040053	1	C14	valid	test	train	valid	test	train	train	test	train	valid
DB00806	C0042384	1	C14	valid	test	train	valid	test	train	train	test	train	valid
DB00808	C0013604	1	C23	train	valid	train	test	train	train	train	valid	test	train
DB00808	C0018802	1	C14	valid	test	train	valid	test	train	train	test	train	valid
DB00808	C0020538	1	C14	valid	test	train	valid	test	train	train	test	train	valid
DB00808	C0027726	1	C12	train	train	train	train	train	train	train	train	train	train
DB00809	C0022073	1	C11	train	valid	valid	train	valid	train	train	train	train	test
DB00809	C0022568	1	C11	train	valid	valid	train	valid	train	train	train	train	test
DB00809	C0034951	1	C11	train	valid	valid	train	valid	train	train	train	train	test
DB00810	C0015371	1	C10	train	train	train	train	train	valid	valid	train	train	train
DB00810	C0030567	1	C10	train	train	train	train	train	valid	valid	train	train	train
DB00810	C0242422	1	C10	train	train	train	train	train	valid	valid	train	train	train
DB00811	C0524910	1	C01	train	train	train	train	valid	valid	train	train	train	train
DB00812	C0038013	1	C05	train	train	train	train	train	train	train	train	train	train
DB00813	C0030193	1	C23	train	valid	train	test	train	train	train	valid	test	train
DB00814	C0003864	1	C05	train	train	train	train	train	train	train	train	train	train
DB00814	C0003873	1	C05	train	train	train	train	train	train	train	train	train	train
DB00814	C0029408	1	C05	train	train	train	train	train	train	train	train	train	train
DB00816	C0008677	1	C08	valid	train	test	train	valid	train	train	train	valid	train
DB00816	C0022876	1	C12	train	train	train	train	train	train	train	train	train	train
DB00816	C0034067	1	C23	train	valid	train	test	train	train	train	valid	test	train
DB00818	C0038220	1	C10	train	train	train	train	train	valid	valid	train	train	train
DB00819	C0013604	1	C23	train	valid	train	test	train	train	train	valid	test	train
DB00819	C0014544	1	C10	train	train	train	train	train	valid	valid	train	train	train
DB00819	C0014553	1	C10	train	train	train	train	train	valid	valid	train	train	train
DB00819	C0017601	1	C11	train	valid	valid	train	valid	train	train	train	train	test
DB00819	C0017605	1	C11	train	valid	valid	train	valid	train	train	train	train	test
DB00820	C0020542	1	C08	valid	train	test	train	valid	train	train	train	valid	train
DB00821	C0029408	1	C05	train	train	train	train	train	train	train	train	train	train
DB00822	C0001973	1	C25	train	train	valid	train	valid	train	train	train	train	train
DB00823	C0014175	1	C12	train	train	train	train	train	train	train	train	train	train
DB00823	C0020619	1	C19	train	train	test	valid	train	train	test	train	train	valid
DB00824	C0002895	1	C15	train	train	train	train	train	train	train	train	test	train
DB00824	C0003811	1	C14	valid	test	train	valid	test	train	train	test	train	valid
DB00824	C0004096	1	C08	valid	train	test	train	valid	train	train	train	valid	train
DB00824	C0011882	1	C10	train	train	train	train	train	valid	valid	train	train	train
DB00825	C0004604	1	C23	train	valid	train	test	train	train	train	valid	test	train
DB00825	C0033774	1	C17	test	train	train	train	train	train	train	train	train	train
DB00825	C0036508	1	C17	test	train	train	train	train	train	train	train	train	train
DB00829	C0001957	1	C25	train	train	valid	train	valid	train	train	train	train	train
DB00829	C0003467	1	F01	valid	train	train	train	train	valid	test	train	train	train
DB00829	C0026838	1	C05	train	train	train	train	train	train	train	train	train	train
DB00829	C0038220	1	C10	train	train	train	train	train	valid	valid	train	train	train
DB00829	C0040822	1	C10	train	train	train	train	train	valid	valid	train	train	train
DB00830	C0028754	1	C18	train	train	train	train	train	test	train	train	train	train
DB00831	C0036341	1	F03	train	train	test	train	train	train	train	valid	train	train
DB00832	C0014544	1	C10	train	train	train	train	train	valid	valid	train	train	train
DB00832	C0036572	1	C10	train	train	train	train	train	valid	valid	train	train	train
DB00834	C0006118	1	C10	train	train	train	train	train	valid	valid	train	train	train
DB00834	C0011849	1	C18	train	train	train	train	train	test	train	train	train	train
DB00834	C0011860	1	C18	train	train	train	train	train	test	train	train	train	train
DB00834	C0020456	1	C18	train	train	train	train	train	test	train	train	train	train
DB00834	C0032987	1	C12	train	train	train	train	train	train	train	train	train	train
DB00834	C0271650	1	C18	train	train	train	train	train	test	train	train	train	train
DB00835	C0018621	1	C08	valid	train	test	train	valid	train	train	train	valid	train
DB00835	C0020517	1	C20	train	train	train	train	train	train	train	train	valid	train
DB00835	C0033774	1	C17	test	train	train	train	train	train	train	train	train	train
DB00835	C0035457	1	C08	valid	train	test	train	valid	train	train	train	valid	train
DB00836	C0011991	1	C23	train	valid	train	test	train	train	train	valid	test	train
DB00836	C0014356	1	C06	test	train	train	test	train	test	train	train	train	train
DB00836	C0017160	1	C06	test	train	train	test	train	test	train	train	train	train
DB00837	C0030567	1	C10	train	train	train	train	train	valid	valid	train	train	train
DB00838	C0011616	1	C17	test	train	train	train	train	train	train	train	train	train
DB00838	C0015230	1	C17	test	train	train	train	train	train	train	train	train	train
DB00838	C0015456	1	C17	test	train	train	train	train	train	train	train	train	train
DB00838	C0024138	1	C17	test	train	train	train	train	train	train	train	train	train
DB00838	C0036508	1	C17	test	train	train	train	train	train	train	train	train	train
DB00839	C0011849	1	C18	train	train	train	train	train	test	train	train	train	train
DB00839	C0011860	1	C18	train	train	train	train	train	test	train	train	train	train
DB00839	C0020456	1	C18	train	train	train	train	train	test	train	train	train	train
DB00841	C0018802	1	C14	valid	test	train	valid	test	train	train	test	train	valid
DB00841	C0036980	1	C23	train	valid	train	test	train	train	train	valid	test	train
DB00842	C0001957	1	C25	train	train	valid	train	valid	train	train	train	train	train
DB00842	C0003467	1	F01	valid	train	train	train	train	valid	test	train	train	train
DB00843	C0002395	1	C10	train	train	train	train	train	valid	valid	train	train	train
DB00844	C0030193	1	C23	train	valid	train	test	train	train	train	valid	test	train
DB00846	C0011615	1	C17	test	train	train	train	train	train	train	train	train	train
DB00846	C0011616	1	C17	test	train	train	train	train	train	train	train	train	train
DB00846	C0015230	1	C17	test	train	train	train	train	train	train	train	train	train
DB00846	C0015456	1	C17	test	train	train	train	train	train	train	train	train	train
DB00846	C0024138	1	C17	test	train	train	train	train	train	train	train	train	train
DB00846	C0033860	1	C17	test	train	train	train	train	train	train	train	train	train
DB00846	C0036508	1	C17	test	train	train	train	train	train	train	train	train	train
DB00847	C0010691	1	C12	train	train	train	train	train	train	train	train	train	train
DB00848	C0025202	1	C04	train	train	valid	train	train	train	test	train	train	test
DB00848	C0278996	1	C04	train	train	valid	train	train	train	test	train	train	test
DB00849	C0003467	1	F01	valid	train	train	train	train	valid	test	train	train	train
DB00849	C0014544	1	C10	train	train	train	train	train	valid	valid	train	train	train
DB00850	C0020179	1	C10	train	train	train	train	train	valid	valid	train	train	train
DB00850	C0027497	1	C23	train	valid	train	test	train	train	train	valid	test	train
DB00850	C0036341	1	F03	train	train	test	train	train	train	train	valid	train	train
DB00850	C0042963	1	C23	train	valid	train	test	train	train	train	valid	test	train
DB00851	C0016057	1	C04	train	train	valid	train	train	train	test	train	train	test
DB00851	C0019829	1	C04	train	train	valid	train	train	train	test	train	train	test
DB00851	C0025202	1	C04	train	train	valid	train	train	train	test	train	train	test
DB00851	C0027819	1	C04	train	train	valid	train	train	train	test	train	train	test
DB00851	C0035412	1	C04	train	train	valid	train	train	train	test	train	train	test
DB00851	C0206693	1	C04	train	train	valid	train	train	train	test	train	train	test
DB00852	C0004096	1	C08	valid	train	test	train	valid	train	train	train	valid	train
DB00852	C0018621	1	C08	valid	train	test	train	valid	train	train	train	valid	train
DB00852	C0033117	1	C12	train	train	train	train	train	train	train	train	train	train
DB00852	C0035455	1	C08	valid	train	test	train	valid	train	train	train	valid	train
DB00852	C0035457	1	C08	valid	train	test	train	valid	train	train	train	valid	train
DB00852	C0037199	1	C08	valid	train	test	train	valid	train	train	train	valid	train
DB00853	C0004114	1	C04	train	train	valid	train	train	train	test	train	train	test
DB00853	C0017636	1	C04	train	train	valid	train	train	train	test	train	train	test
DB00853	C0017638	1	C04	train	train	valid	train	train	train	test	train	train	test
DB00853	C0025202	1	C04	train	train	valid	train	train	train	test	train	train	test
DB00853	C0334579	1	C04	train	train	valid	train	train	train	test	train	train	test
DB00853	C1621958	1	C04	train	train	valid	train	train	train	test	train	train	test
DB00854	C0030193	1	C23	train	valid	train	test	train	train	train	valid	test	train
DB00857	C0040261	1	C01	train	train	train	train	valid	valid	train	train	train	train
DB00858	C0002874	1	C15	train	train	train	train	train	train	train	train	test	train
DB00858	C0010043	1	C11	train	valid	valid	train	valid	train	train	train	train	test
DB00858	C0022073	1	C11	train	valid	valid	train	valid	train	train	train	train	test
DB00858	C0035854	1	C17	test	train	train	train	train	train	train	train	train	train
DB00858	C0042164	1	C11	train	valid	valid	train	valid	train	train	train	train	test
DB00858	C0178416	1	C15	train	train	train	train	train	train	train	train	test	train
DB00858	C1260899	1	C15	train	train	train	train	train	train	train	train	test	train
DB00860	C0001403	1	C19	train	train	test	valid	train	train	test	train	train	valid
DB00860	C0001623	1	C19	train	train	test	valid	train	train	test	train	train	valid
DB00860	C0001627	1	C12	train	train	train	train	train	train	train	train	train	train
DB00860	C0002390	1	C08	valid	train	test	train	valid	train	train	train	valid	train
DB00860	C0002875	1	C15	train	train	train	train	train	train	train	train	test	train
DB00860	C0002880	1	C15	train	train	train	train	train	train	train	train	test	train
DB00860	C0002994	1	C14	valid	test	train	valid	test	train	train	test	train	valid
DB00860	C0003868	1	C05	train	train	train	train	train	train	train	train	train	train
DB00860	C0003872	1	C05	train	train	train	train	train	train	train	train	train	train
DB00860	C0003873	1	C05	train	train	train	train	train	train	train	train	train	train
DB00860	C0004096	1	C08	valid	train	test	train	valid	train	train	train	valid	train
DB00860	C0004364	1	C20	train	train	train	train	train	train	train	train	valid	train
DB00860	C0005138	1	C08	valid	train	test	train	valid	train	train	train	valid	train
DB00860	C0006114	1	C10	train	train	train	train	train	valid	valid	train	train	train
DB00860	C0007570	1	C06	test	train	train	test	train	test	train	train	train	train
DB00860	C0009324	1	C06	test	train	train	test	train	test	train	train	train	train
DB00860	C0009763	1	C11	train	valid	valid	train	valid	train	train	train	train	test
DB00860	C0010043	1	C11	train	valid	valid	train	valid	train	train	train	train	test
DB00860	C0010346	1	C06	test	train	train	test	train	test	train	train	train	train
DB00860	C0010930	1	C11	train	valid	valid	train	valid	train	train	train	train	test
DB00860	C0011615	1	C17	test	train	train	train	train	train	train	train	train	train
DB00860	C0011616	1	C17	test	train	train	train	train	train	train	train	train	train
DB00860	C0013604	1	C23	train	valid	train	test	train	train	train	valid	test	train
DB00860	C0014356	1	C06	test	train	train	test	train	test	train	train	train	train
DB00860	C0014742	1	C17	test	train	train	train	train	train	train	train	train	train
DB00860	C0015230	1	C17	test	train	train	train	train	train	train	train	train	train
DB00860	C0015397	1	C11	train	valid	valid	train	valid	train	train	train	train	test
DB00860	C0019829	1	C04	train	train	valid	train	train	train	test	train	train	test
DB00860	C0020517	1	C20	train	train	train	train	train	train	train	train	valid	train
DB00860	C0021390	1	C06	test	train	train	test	train	test	train	train	train	train
DB00860	C0021655	1	C18	train	train	train	train	train	test	train	train	train	train
DB00860	C0022073	1	C11	train	valid	valid	train	valid	train	train	train	train	test
DB00860	C0022568	1	C11	train	valid	valid	train	valid	train	train	train	train	test
DB00860	C0023052	1	C08	valid	train	test	train	valid	train	train	train	valid	train
DB00860	C0023418	1	C04	train	train	valid	train	train	train	test	train	train	test
DB00860	C0023449	1	C15	train	train	train	train	train	train	train	train	test	train
DB00860	C0024138	1	C17	test	train	train	train	train	train	train	train	train	train
DB00860	C0024141	1	C17	test	train	train	train	train	train	train	train	train	train
DB00860	C0024299	1	C04	train	train	valid	train	train	train	test	train	train	test
DB00860	C0024301	1	C04	train	train	valid	train	train	train	test	train	train	test
DB00860	C0024305	1	C04	train	train	valid	train	train	train	test	train	train	test
DB00860	C0026769	1	C10	train	train	train	train	train	valid	valid	train	train	train
DB00860	C0026948	1	C04	train	train	valid	train	train	train	test	train	train	test
DB00860	C0027726	1	C12	train	train	train	train	train	train	train	train	train	train
DB00860	C0030807	1	C17	test	train	train	train	train	train	train	train	train	train
DB00860	C0033860	1	C17	test	train	train	train	train	train	train	train	train	train
DB00860	C0035854	1	C17	test	train	train	train	train	train	train	train	train	train
DB00860	C0036202	1	C15	train	train	train	train	train	train	train	train	test	train
DB00860	C0036508	1	C17	test	train	train	train	train	train	train	train	train	train
DB00860	C0038013	1	C05	train	train	train	train	train	train	train	train	train	train
DB00860	C0038325	1	C17	test	train	train	train	train	train	train	train	train	train
DB00860	C0039103	1	C05	train	train	train	train	train	train	train	train	train	train
DB00860	C0039483	1	C14	valid	test	train	valid	test	train	train	test	train	valid
DB00860	C0040147	1	C19	train	train	test	valid	train	train	test	train	train	valid
DB00860	C0042164	1	C11	train	valid	valid	train	valid	train	train	train	train	test
DB00860	C1260899	1	C15	train	train	train	train	train	train	train	train	test	train
DB00860	C1527336	1	C05	train	train	train	train	train	train	train	train	train	train
DB00861	C0003873	1	C05	train	train	train	train	train	train	train	train	train	train
DB00861	C0029408	1	C05	train	train	train	train	train	train	train	train	train	train
DB00861	C0030193	1	C23	train	valid	train	test	train	train	train	valid	test	train
DB00861	C0150055	1	C23	train	valid	train	test	train	train	train	valid	test	train
DB00862	C0242350	1	C12	train	train	train	train	train	train	train	train	train	train
DB00863	C0013295	1	C06	test	train	train	test	train	test	train	train	train	train
DB00863	C0017168	1	C06	test	train	train	test	train	test	train	train	train	train
DB00863	C0018834	1	C23	train	valid	train	test	train	train	train	valid	test	train
DB00863	C0030920	1	C06	test	train	train	test	train	test	train	train	train	train
DB00863	C0038358	1	C06	test	train	train	test	train	test	train	train	train	train
DB00863	C0041582	1	C23	train	valid	train	test	train	train	train	valid	test	train
DB00863	C0043515	1	C06	test	train	train	test	train	test	train	train	train	train
DB00864	C0011603	1	C17	test	train	train	train	train	train	train	train	train	train
DB00864	C0011615	1	C17	test	train	train	train	train	train	train	train	train	train
DB00865	C0028754	1	C18	train	train	train	train	train	test	train	train	train	train
DB00866	C0002962	1	C14	valid	test	train	valid	test	train	train	test	train	valid
DB00867	C0022876	1	C12	train	train	train	train	train	train	train	train	train	train
DB00869	C0017601	1	C11	train	valid	valid	train	valid	train	train	train	train	test
DB00869	C0017612	1	C11	train	valid	valid	train	valid	train	train	train	train	test
DB00869	C0028840	1	C11	train	valid	valid	train	valid	train	train	train	train	test
DB00871	C0004096	1	C08	valid	train	test	train	valid	train	train	train	valid	train
DB00871	C0013238	1	C11	train	valid	valid	train	valid	train	train	train	train	test
DB00871	C0020456	1	C18	train	train	train	train	train	test	train	train	train	train
DB00871	C0022876	1	C12	train	train	train	train	train	train	train	train	train	train
DB00871	C0033774	1	C17	test	train	train	train	train	train	train	train	train	train
DB00871	C0034067	1	C23	train	valid	train	test	train	train	train	valid	test	train
DB00872	C0001623	1	C19	train	train	test	valid	train	train	test	train	train	valid
DB00872	C0020625	1	C18	train	train	train	train	train	test	train	train	train	train
DB00872	C0020676	1	C19	train	train	test	valid	train	train	test	train	train	valid
DB00872	C0021141	1	C10	train	train	train	train	train	valid	valid	train	train	train
DB00873	C0009763	1	C11	train	valid	valid	train	valid	train	train	train	train	test
DB00873	C0013604	1	C23	train	valid	train	test	train	train	train	valid	test	train
DB00873	C0018621	1	C08	valid	train	test	train	valid	train	train	train	valid	train
DB00873	C0020473	1	C18	train	train	train	train	train	test	train	train	train	train
DB00873	C0022568	1	C11	train	valid	valid	train	valid	train	train	train	train	test
DB00873	C0035854	1	C17	test	train	train	train	train	train	train	train	train	train
DB00873	C0042164	1	C11	train	valid	valid	train	valid	train	train	train	train	test
DB00875	C0036341	1	F03	train	train	test	train	train	train	train	valid	train	train
DB00876	C0011881	1	C12	train	train	train	train	train	train	train	train	train	train
DB00876	C0018802	1	C14	valid	test	train	valid	test	train	train	test	train	valid
DB00876	C0020538	1	C14	valid	test	train	valid	test	train	train	test	train	valid
DB00876	C0242698	1	C14	valid	test	train	valid	test	train	train	test	train	valid
DB00877	C0751674	1	C04	train	train	valid	train	train	train	test	train	train	test
DB00880	C0013604	1	C23	train	valid	train	test	train	train	train	valid	test	train
DB00880	C0018802	1	C14	valid	test	train	valid	test	train	train	test	train	valid
DB00880	C0020538	1	C14	valid	test	train	valid	test	train	train	test	train	valid
DB00880	C0027726	1	C12	train	train	train	train	train	train	train	train	train	train
DB00881	C0002994	1	C14	valid	test	train	valid	test	train	train	test	train	valid
DB00881	C0018802	1	C14	valid	test	train	valid	test	train	train	test	train	valid
DB00881	C0020538	1	C14	valid	test	train	valid	test	train	train	test	train	valid
DB00882	C0003128	1	C12	train	train	train	train	train	train	train	train	train	train
DB00882	C0021359	1	C12	train	train	train	train	train	train	train	train	train	train
DB00882	C0021361	1	C12	train	train	train	train	train	train	train	train	train	train
DB00882	C0021364	1	C12	train	train	train	train	train	train	train	train	train	train
DB00882	C0032460	1	C12	train	train	train	train	train	train	train	train	train	train
DB00883	C0002962	1	C14	valid	test	train	valid	test	train	train	test	train	valid
DB00883	C0037299	1	C17	test	train	train	train	train	train	train	train	train	train
DB00883	C1956346	1	C14	valid	test	train	valid	test	train	train	test	train	valid
DB00884	C0029401	1	C05	train	train	train	train	train	train	train	train	train	train
DB00884	C0029456	1	C05	train	train	train	train	train	train	train	train	train	train
DB00884	C0029458	1	C05	train	train	train	train	train	train	train	train	train	train
DB00885	C0004096	1	C08	valid	train	test	train	valid	train	train	train	valid	train
DB00885	C0018621	1	C08	valid	train	test	train	valid	train	train	train	valid	train
DB00887	C0013604	1	C23	train	valid	train	test	train	train	train	valid	test	train
DB00887	C0018802	1	C14	valid	test	train	valid	test	train	train	test	train	valid
DB00887	C0022660	1	C12	train	train	train	train	train	train	train	train	train	train
DB00887	C0022661	1	C12	train	train	train	train	train	train	train	train	train	train
DB00887	C0023890	1	C06	test	train	train	test	train	test	train	train	train	train
DB00887	C0027726	1	C12	train	train	train	train	train	train	train	train	train	train
DB00887	C0034063	1	C08	valid	train	test	train	valid	train	train	train	valid	train
DB00889	C0027497	1	C23	train	valid	train	test	train	train	train	valid	test	train
DB00889	C0042963	1	C23	train	valid	train	test	train	train	train	valid	test	train
DB00890	C1384606	1	C12	train	train	train	train	train	train	train	train	train	train
DB00893	C0002871	1	C15	train	train	train	train	train	train	train	train	test	train
DB00894	C1458155	1	C04	train	train	valid	train	train	train	test	train	train	test
DB00896	C0042164	1	C11	train	valid	valid	train	valid	train	train	train	train	test
DB00897	C0021603	1	C10	train	train	train	train	train	valid	valid	train	train	train
DB00897	C0917801	1	C10	train	train	train	train	train	valid	valid	train	train	train
DB00898	C0040997	1	C07	train	train	train	train	test	train	train	train	train	train
DB00898	C0150055	1	C23	train	valid	train	test	train	train	train	valid	test	train
DB00902	C0002994	1	C14	valid	test	train	valid	test	train	train	test	train	valid
DB00902	C0013595	1	C17	test	train	train	train	train	train	train	train	train	train
DB00902	C0020517	1	C20	train	train	train	train	train	train	train	train	valid	train
DB00902	C0033774	1	C17	test	train	train	train	train	train	train	train	train	train
DB00902	C0035457	1	C08	valid	train	test	train	valid	train	train	train	valid	train
DB00902	C0042109	1	C17	test	train	train	train	train	train	train	train	train	train
DB00902	C0162820	1	C17	test	train	train	train	train	train	train	train	train	train
DB00903	C0013604	1	C23	train	valid	train	test	train	train	train	valid	test	train
DB00903	C0018802	1	C14	valid	test	train	valid	test	train	train	test	train	valid
DB00903	C0022660	1	C12	train	train	train	train	train	train	train	train	train	train
DB00903	C0022661	1	C12	train	train	train	train	train	train	train	train	train	train
DB00903	C0023890	1	C06	test	train	train	test	train	test	train	train	train	train
DB00903	C0027726	1	C12	train	train	train	train	train	train	train	train	train	train
DB00903	C0034063	1	C08	valid	train	test	train	valid	train	train	train	valid	train
DB00903	C0035078	1	C12	train	train	train	train	train	train	train	train	train	train
DB00903	C0085605	1	C06	test	train	train	test	train	test	train	train	train	train
DB00904	C0027497	1	C23	train	valid	train	test	train	train	train	valid	test	train
DB00904	C0042963	1	C23	train	valid	train	test	train	train	train	valid	test	train
DB00905	C0028840	1	C11	train	valid	valid	train	valid	train	train	train	train	test
DB00906	C0014544	1	C10	train	train	train	train	train	valid	valid	train	train	train
DB00906	C0036572	1	C10	train	train	train	train	train	valid	valid	train	train	train
DB00908	C0004238	1	C14	valid	test	train	valid	test	train	train	test	train	valid
DB00908	C0004239	1	C14	valid	test	train	valid	test	train	train	test	train	valid
DB00909	C0014544	1	C10	train	train	train	train	train	valid	valid	train	train	train
DB00909	C0036572	1	C10	train	train	train	train	train	valid	valid	train	train	train
DB00910	C0020502	1	C19	train	train	test	valid	train	train	test	train	train	valid
DB00910	C0020503	1	C19	train	train	test	valid	train	train	test	train	train	valid
DB00910	C0020550	1	C19	train	train	test	valid	train	train	test	train	train	valid
DB00912	C0011849	1	C18	train	train	train	train	train	test	train	train	train	train
DB00912	C0011860	1	C18	train	train	train	train	train	test	train	train	train	train
DB00912	C0020456	1	C18	train	train	train	train	train	test	train	train	train	train
DB00914	C0011860	1	C18	train	train	train	train	train	test	train	train	train	train
DB00914	C0020456	1	C18	train	train	train	train	train	test	train	train	train	train
DB00915	C0013386	1	C10	train	train	train	train	train	valid	valid	train	train	train
DB00915	C0015371	1	C10	train	train	train	train	train	valid	valid	train	train	train
DB00915	C0242422	1	C10	train	train	train	train	train	valid	valid	train	train	train
DB00916	C0006105	1	C01	train	train	train	train	valid	valid	train	train	train	train
DB00916	C0013295	1	C06	test	train	train	test	train	test	train	train	train	train
DB00916	C0017160	1	C06	test	train	train	test	train	test	train	train	train	train
DB00916	C0031154	1	C01	train	train	train	train	valid	valid	train	train	train	train
DB00916	C0035854	1	C17	test	train	train	train	train	train	train	train	train	train
DB00917	C0000786	1	C12	train	train	train	train	train	train	train	train	train	train
DB00917	C0042138	1	C12	train	train	train	train	train	train	train	train	train	train
DB00918	C0149931	1	C10	train	train	train	train	train	valid	valid	train	train	train
DB00921	C0150055	1	C23	train	valid	train	test	train	train	train	valid	test	train
DB00922	C0003811	1	C14	valid	test	train	valid	test	train	train	test	train	valid
DB00922	C0018802	1	C14	valid	test	train	valid	test	train	train	test	train	valid
DB00924	C0026838	1	C05	train	train	train	train	train	train	train	train	train	train
DB00924	C0027121	1	C05	train	train	train	train	train	train	train	train	train	train
DB00924	C0037763	1	C10	train	train	train	train	train	valid	valid	train	train	train
DB00925	C0005694	1	C12	train	train	train	train	train	train	train	train	train	train
DB00925	C0020540	1	C14	valid	test	train	valid	test	train	train	test	train	valid
DB00925	C0031511	1	C04	train	train	valid	train	train	train	test	train	train	test
DB00925	C0042024	1	C12	train	train	train	train	train	train	train	train	train	train
DB00927	C0013295	1	C06	test	train	train	test	train	test	train	train	train	train
DB00927	C0017168	1	C06	test	train	train	test	train	test	train	train	train	train
DB00927	C0018834	1	C23	train	valid	train	test	train	train	train	valid	test	train
DB00927	C0038358	1	C06	test	train	train	test	train	test	train	train	train	train
DB00927	C0041582	1	C23	train	valid	train	test	train	train	train	valid	test	train
DB00927	C0042109	1	C17	test	train	train	train	train	train	train	train	train	train
DB00927	C0043515	1	C06	test	train	train	test	train	test	train	train	train	train
DB00928	C0002871	1	C15	train	train	train	train	train	train	train	train	test	train
DB00928	C0002893	1	C15	train	train	train	train	train	train	train	train	test	train
DB00928	C0002894	1	C15	train	train	train	train	train	train	train	train	test	train
DB00928	C0023480	1	C15	train	train	train	train	train	train	train	train	test	train
DB00929	C0013295	1	C06	test	train	train	test	train	test	train	train	train	train
DB00929	C0017168	1	C06	test	train	train	test	train	test	train	train	train	train
DB00929	C0030920	1	C06	test	train	train	test	train	test	train	train	train	train
DB00929	C0038358	1	C06	test	train	train	test	train	test	train	train	train	train
DB00933	C0036341	1	F03	train	train	test	train	train	train	train	valid	train	train
DB00934	C0011581	1	F03	train	train	test	train	train	train	train	valid	train	train
DB00934	C0013295	1	C06	test	train	train	test	train	test	train	train	train	train
DB00934	C0013415	1	F03	train	train	test	train	train	train	train	valid	train	train
DB00935	C0009763	1	C11	train	valid	valid	train	valid	train	train	train	train	test
DB00935	C0035455	1	C08	valid	train	test	train	valid	train	train	train	valid	train
DB00936	C0003862	1	C05	train	train	train	train	train	train	train	train	train	train
DB00936	C0003873	1	C05	train	train	train	train	train	train	train	train	train	train
DB00936	C0004604	1	C23	train	valid	train	test	train	train	train	valid	test	train
DB00936	C0015967	1	C23	train	valid	train	test	train	train	train	valid	test	train
DB00936	C0020757	1	C16	train	train	test	train	train	train	train	train	train	train
DB00936	C0022593	1	C17	test	train	train	train	train	train	train	train	train	train
DB00936	C0027051	1	C14	valid	test	train	valid	test	train	train	test	train	valid
DB00936	C0029408	1	C05	train	train	train	train	train	train	train	train	train	train
DB00936	C0030193	1	C23	train	valid	train	test	train	train	train	valid	test	train
DB00936	C0032027	1	C17	test	train	train	train	train	train	train	train	train	train
DB00936	C0033860	1	C17	test	train	train	train	train	train	train	train	train	train
DB00936	C0036508	1	C17	test	train	train	train	train	train	train	train	train	train
DB00936	C0039103	1	C05	train	train	train	train	train	train	train	train	train	train
DB00936	C0149931	1	C10	train	train	train	train	train	valid	valid	train	train	train
DB00936	C0702166	1	C17	test	train	train	train	train	train	train	train	train	train
DB00937	C0028754	1	C18	train	train	train	train	train	test	train	train	train	train
DB00938	C0004096	1	C08	valid	train	test	train	valid	train	train	train	valid	train
DB00938	C0024117	1	C08	valid	train	test	train	valid	train	train	train	valid	train
DB00938	C0034067	1	C23	train	valid	train	test	train	train	train	valid	test	train
DB00939	C0003862	1	C05	train	train	train	train	train	train	train	train	train	train
DB00939	C0003864	1	C05	train	train	train	train	train	train	train	train	train	train
DB00939	C0003873	1	C05	train	train	train	train	train	train	train	train	train	train
DB00939	C0013390	1	C23	train	valid	train	test	train	train	train	valid	test	train
DB00939	C0025323	1	C12	train	train	train	train	train	train	train	train	train	train
DB00939	C0029408	1	C05	train	train	train	train	train	train	train	train	train	train
DB00939	C0030193	1	C23	train	valid	train	test	train	train	train	valid	test	train
DB00939	C0231528	1	C05	train	train	train	train	train	train	train	train	train	train
DB00940	C0005697	1	C12	train	train	train	train	train	train	train	train	train	train
DB00940	C0017152	1	C06	test	train	train	test	train	test	train	train	train	train
DB00940	C0022104	1	C06	test	train	train	test	train	test	train	train	train	train
DB00940	C0030305	1	C06	test	train	train	test	train	test	train	train	train	train
DB00940	C0030920	1	C06	test	train	train	test	train	test	train	train	train	train
DB00940	C0038358	1	C06	test	train	train	test	train	test	train	train	train	train
DB00940	C0042024	1	C12	train	train	train	train	train	train	train	train	train	train
DB00942	C0030567	1	C10	train	train	train	train	train	valid	valid	train	train	train
DB00944	C0017601	1	C11	train	valid	valid	train	valid	train	train	train	train	test
DB00945	C0002965	1	C14	valid	test	train	valid	test	train	train	test	train	valid
DB00945	C0003862	1	C05	train	train	train	train	train	train	train	train	train	train
DB00945	C0003864	1	C05	train	train	train	train	train	train	train	train	train	train
DB00945	C0003873	1	C05	train	train	train	train	train	train	train	train	train	train
DB00945	C0004604	1	C23	train	valid	train	test	train	train	train	valid	test	train
DB00945	C0013390	1	C23	train	valid	train	test	train	train	train	valid	test	train
DB00945	C0015967	1	C23	train	valid	train	test	train	train	train	valid	test	train
DB00945	C0018099	1	C05	train	train	train	train	train	train	train	train	train	train
DB00945	C0018681	1	C23	train	valid	train	test	train	train	train	valid	test	train
DB00945	C0021308	1	C23	train	valid	train	test	train	train	train	valid	test	train
DB00945	C0024141	1	C17	test	train	train	train	train	train	train	train	train	train
DB00945	C0027051	1	C14	valid	test	train	valid	test	train	train	test	train	valid
DB00945	C0029408	1	C05	train	train	train	train	train	train	train	train	train	train
DB00945	C0030193	1	C23	train	valid	train	test	train	train	train	valid	test	train
DB00945	C0038013	1	C05	train	train	train	train	train	train	train	train	train	train
DB00945	C0040053	1	C14	valid	test	train	valid	test	train	train	test	train	valid
DB00945	C0149931	1	C10	train	train	train	train	train	valid	valid	train	train	train
DB00945	C0231528	1	C05	train	train	train	train	train	train	train	train	train	train
DB00946	C0004238	1	C14	valid	test	train	valid	test	train	train	test	train	valid
DB00946	C0027051	1	C14	valid	test	train	valid	test	train	train	test	train	valid
DB00946	C0034065	1	C08	valid	train	test	train	valid	train	train	train	valid	train
DB00946	C0040038	1	C14	valid	test	train	valid	test	train	train	test	train	valid
DB00946	C0040053	1	C14	valid	test	train	valid	test	train	train	test	train	valid
DB00946	C0042487	1	C14	valid	test	train	valid	test	train	train	test	train	valid
DB00946	C0948008	1	C10	train	train	train	train	train	valid	valid	train	train	train
DB00947	C0006142	1	C04	train	train	valid	train	train	train	test	train	train	test
DB00947	C1458155	1	C04	train	train	valid	train	train	train	test	train	train	test
DB00949	C0002874	1	C15	train	train	train	train	train	train	train	train	test	train
DB00949	C0014544	1	C10	train	train	train	train	train	valid	valid	train	train	train
DB00949	C0085417	1	C10	train	train	train	train	train	valid	valid	train	train	train
DB00949	C0085605	1	C06	test	train	train	test	train	test	train	train	train	train
DB00949	C0234974	1	C10	train	train	train	train	train	valid	valid	train	train	train
DB00950	C0018621	1	C08	valid	train	test	train	valid	train	train	train	valid	train
DB00950	C0020517	1	C20	train	train	train	train	train	train	train	train	valid	train
DB00950	C0035457	1	C08	valid	train	test	train	valid	train	train	train	valid	train
DB00951	C0020473	1	C18	train	train	train	train	train	test	train	train	train	train
DB00951	C0041296	1	C01	train	train	train	train	valid	valid	train	train	train	train
DB00952	C0149931	1	C10	train	train	train	train	train	valid	valid	train	train	train
DB00953	C0149931	1	C10	train	train	train	train	train	valid	valid	train	train	train
DB00956	C0030193	1	C23	train	valid	train	test	train	train	train	valid	test	train
DB00956	C0035455	1	C08	valid	train	test	train	valid	train	train	train	valid	train
DB00957	C0002453	1	C23	train	valid	train	test	train	train	train	valid	test	train
DB00957	C0021361	1	C12	train	train	train	train	train	train	train	train	train	train
DB00959	C0001403	1	C19	train	train	test	valid	train	train	test	train	train	valid
DB00959	C0001627	1	C12	train	train	train	train	train	train	train	train	train	train
DB00959	C0002871	1	C15	train	train	train	train	train	train	train	train	test	train
DB00959	C0002875	1	C15	train	train	train	train	train	train	train	train	test	train
DB00959	C0002880	1	C15	train	train	train	train	train	train	train	train	test	train
DB00959	C0002994	1	C14	valid	test	train	valid	test	train	train	test	train	valid
DB00959	C0003868	1	C05	train	train	train	train	train	train	train	train	train	train
DB00959	C0003872	1	C05	train	train	train	train	train	train	train	train	train	train
DB00959	C0003873	1	C05	train	train	train	train	train	train	train	train	train	train
DB00959	C0004096	1	C08	valid	train	test	train	valid	train	train	train	valid	train
DB00959	C0005138	1	C08	valid	train	test	train	valid	train	train	train	valid	train
DB00959	C0006114	1	C10	train	train	train	train	train	valid	valid	train	train	train
DB00959	C0009324	1	C06	test	train	train	test	train	test	train	train	train	train
DB00959	C0010346	1	C06	test	train	train	test	train	test	train	train	train	train
DB00959	C0011606	1	C17	test	train	train	train	train	train	train	train	train	train
DB00959	C0011615	1	C17	test	train	train	train	train	train	train	train	train	train
DB00959	C0011616	1	C17	test	train	train	train	train	train	train	train	train	train
DB00959	C0014335	1	C06	test	train	train	test	train	test	train	train	train	train
DB00959	C0014742	1	C17	test	train	train	train	train	train	train	train	train	train
DB00959	C0015230	1	C17	test	train	train	train	train	train	train	train	train	train
DB00959	C0015397	1	C11	train	valid	valid	train	valid	train	train	train	train	test
DB00959	C0018621	1	C08	valid	train	test	train	valid	train	train	train	valid	train
DB00959	C0019829	1	C04	train	train	valid	train	train	train	test	train	train	test
DB00959	C0020517	1	C20	train	train	train	train	train	train	train	train	valid	train
DB00959	C0021390	1	C06	test	train	train	test	train	test	train	train	train	train
DB00959	C0023052	1	C08	valid	train	test	train	valid	train	train	train	valid	train
DB00959	C0023449	1	C15	train	train	train	train	train	train	train	train	test	train
DB00959	C0024138	1	C17	test	train	train	train	train	train	train	train	train	train
DB00959	C0024141	1	C17	test	train	train	train	train	train	train	train	train	train
DB00959	C0024301	1	C04	train	train	valid	train	train	train	test	train	train	test
DB00959	C0024305	1	C04	train	train	valid	train	train	train	test	train	train	test
DB00959	C0026769	1	C10	train	train	train	train	train	valid	valid	train	train	train
DB00959	C0026948	1	C04	train	train	valid	train	train	train	test	train	train	test
DB00959	C0027726	1	C12	train	train	train	train	train	train	train	train	train	train
DB00959	C0029408	1	C05	train	train	train	train	train	train	train	train	train	train
DB00959	C0030807	1	C17	test	train	train	train	train	train	train	train	train	train
DB00959	C0033860	1	C17	test	train	train	train	train	train	train	train	train	train
DB00959	C0035457	1	C08	valid	train	test	train	valid	train	train	train	valid	train
DB00959	C0036202	1	C15	train	train	train	train	train	train	train	train	test	train
DB00959	C0036508	1	C17	test	train	train	train	train	train	train	train	train	train
DB00959	C0036830	1	C17	test	train	train	train	train	train	train	train	train	train
DB00959	C0037274	1	C17	test	train	train	train	train	train	train	train	train	train
DB00959	C0038013	1	C05	train	train	train	train	train	train	train	train	train	train
DB00959	C0039103	1	C05	train	train	train	train	train	train	train	train	train	train
DB00959	C0040147	1	C19	train	train	test	valid	train	train	test	train	train	valid
DB00959	C0405580	1	C19	train	train	test	valid	train	train	test	train	train	valid
DB00959	C0702166	1	C17	test	train	train	train	train	train	train	train	train	train
DB00959	C1260899	1	C15	train	train	train	train	train	train	train	train	test	train
DB00960	C0004238	1	C14	valid	test	train	valid	test	train	train	test	train	valid
DB00960	C0013604	1	C23	train	valid	train	test	train	train	train	valid	test	train
DB00960	C0017601	1	C11	train	valid	valid	train	valid	train	train	train	train	test
DB00960	C0020538	1	C14	valid	test	train	valid	test	train	train	test	train	valid
DB00960	C0027051	1	C14	valid	test	train	valid	test	train	train	test	train	valid
DB00960	C0042514	1	C14	valid	test	train	valid	test	train	train	test	train	valid
DB00962	C0021603	1	C10	train	train	train	train	train	valid	valid	train	train	train
DB00962	C0917801	1	C10	train	train	train	train	train	valid	valid	train	train	train
DB00963	C0030193	1	C23	train	valid	train	test	train	train	train	valid	test	train
DB00964	C0017601	1	C11	train	valid	valid	train	valid	train	train	train	train	test
DB00964	C0017612	1	C11	train	valid	valid	train	valid	train	train	train	train	test
DB00966	C0011881	1	C12	train	train	train	train	train	train	train	train	train	train
DB00966	C0018802	1	C14	valid	test	train	valid	test	train	train	test	train	valid
DB00966	C0020538	1	C14	valid	test	train	valid	test	train	train	test	train	valid
DB00966	C0038454	1	C10	train	train	train	train	train	valid	valid	train	train	train
DB00966	C0242698	1	C14	valid	test	train	valid	test	train	train	test	train	valid
DB00967	C0018621	1	C08	valid	train	test	train	valid	train	train	train	valid	train
DB00967	C0020517	1	C20	train	train	train	train	train	train	train	train	valid	train
DB00967	C0035457	1	C08	valid	train	test	train	valid	train	train	train	valid	train
DB00967	C0042109	1	C17	test	train	train	train	train	train	train	train	train	train
DB00968	C0020538	1	C14	valid	test	train	valid	test	train	train	test	train	valid
DB00969	C0022104	1	C06	test	train	train	test	train	test	train	train	train	train
DB00970	C0025202	1	C04	train	train	valid	train	train	train	test	train	train	test
DB00970	C0027708	1	C12	train	train	train	train	train	train	train	train	train	train
DB00970	C0027819	1	C04	train	train	valid	train	train	train	test	train	train	test
DB00970	C0035335	1	C04	train	train	valid	train	train	train	test	train	train	test
DB00970	C0035412	1	C04	train	train	valid	train	train	train	test	train	train	test
DB00970	C0036220	1	C04	train	train	valid	train	train	train	test	train	train	test
DB00970	C0039590	1	C12	train	train	train	train	train	train	train	train	train	train
DB00970	C0042138	1	C12	train	train	train	train	train	train	train	train	train	train
DB00970	C0553580	1	C04	train	train	valid	train	train	train	test	train	train	test
DB00972	C0004096	1	C08	valid	train	test	train	valid	train	train	train	valid	train
DB00972	C0018621	1	C08	valid	train	test	train	valid	train	train	train	valid	train
DB00972	C0020517	1	C20	train	train	train	train	train	train	train	train	valid	train
DB00972	C0035457	1	C08	valid	train	test	train	valid	train	train	train	valid	train
DB00973	C0020443	1	C18	train	train	train	train	train	test	train	train	train	train
DB00973	C0020474	1	C18	train	train	train	train	train	test	train	train	train	train
DB00973	C0342881	1	C18	train	train	train	train	train	test	train	train	train	train
DB00975	C0004238	1	C14	valid	test	train	valid	test	train	train	test	train	valid
DB00975	C0040053	1	C14	valid	test	train	valid	test	train	train	test	train	valid
DB00975	C1704436	1	C14	valid	test	train	valid	test	train	train	test	train	valid
DB00975	C1956346	1	C14	valid	test	train	valid	test	train	train	test	train	valid
DB00976	C0006271	1	C08	valid	train	test	train	valid	train	train	train	valid	train
DB00976	C0032285	1	C08	valid	train	test	train	valid	train	train	train	valid	train
DB00976	C0155862	1	C01	train	train	train	train	valid	valid	train	train	train	train
DB00977	C0006142	1	C04	train	train	valid	train	train	train	test	train	train	test
DB00977	C0020619	1	C19	train	train	test	valid	train	train	test	train	train	valid
DB00977	C0025322	1	C12	train	train	train	train	train	train	train	train	train	train
DB00977	C0025323	1	C12	train	train	train	train	train	train	train	train	train	train
DB00977	C0029456	1	C05	train	train	train	train	train	train	train	train	train	train
DB00977	C0033578	1	C12	train	train	train	train	train	train	train	train	train	train
DB00977	C0085215	1	C12	train	train	train	train	train	train	train	train	train	train
DB00977	C0702166	1	C17	test	train	train	train	train	train	train	train	train	train
DB00977	C1458155	1	C04	train	train	valid	train	train	train	test	train	train	test
DB00978	C0041296	1	C01	train	train	train	train	valid	valid	train	train	train	train
DB00978	C0042029	1	C12	train	train	train	train	train	train	train	train	train	train
DB00981	C0002395	1	C10	train	train	train	train	train	valid	valid	train	train	train
DB00981	C0017601	1	C11	train	valid	valid	train	valid	train	train	train	train	test
DB00981	C0017612	1	C11	train	valid	valid	train	valid	train	train	train	train	test
DB00981	C0020649	1	C14	valid	test	train	valid	test	train	train	test	train	valid
DB00981	C0152020	1	C06	test	train	train	test	train	test	train	train	train	train
DB00982	C0020538	1	C14	valid	test	train	valid	test	train	train	test	train	valid
DB00982	C0023418	1	C04	train	train	valid	train	train	train	test	train	train	test
DB00982	C0027819	1	C04	train	train	valid	train	train	train	test	train	train	test
DB00982	C0702166	1	C17	test	train	train	train	train	train	train	train	train	train
DB00983	C0004096	1	C08	valid	train	test	train	valid	train	train	train	valid	train
DB00983	C0024117	1	C08	valid	train	test	train	valid	train	train	train	valid	train
DB00984	C0002893	1	C15	train	train	train	train	train	train	train	train	test	train
DB00984	C0272375	1	C15	train	train	train	train	train	train	train	train	test	train
DB00984	C0678222	1	C04	train	train	valid	train	train	train	test	train	train	test
DB00985	C0027497	1	C23	train	valid	train	test	train	train	train	valid	test	train
DB00985	C0042571	1	C09	train	train	test	train	train	train	test	valid	train	test
DB00985	C0042963	1	C23	train	valid	train	test	train	train	train	valid	test	train
DB00986	C0024117	1	C08	valid	train	test	train	valid	train	train	train	valid	train
DB00986	C0030920	1	C06	test	train	train	test	train	test	train	train	train	train
DB00986	C0037036	1	C07	train	train	train	train	test	train	train	train	train	train
DB00987	C0023434	1	C15	train	train	train	train	train	train	train	train	test	train
DB00987	C0023449	1	C15	train	train	train	train	train	train	train	train	test	train
DB00987	C0023487	1	C04	train	train	valid	train	train	train	test	train	train	test
DB00987	C0024299	1	C04	train	train	valid	train	train	train	test	train	train	test
DB00988	C0018681	1	C23	train	valid	train	test	train	train	train	valid	test	train
DB00988	C0018794	1	C14	valid	test	train	valid	test	train	train	test	train	valid
DB00988	C0018802	1	C14	valid	test	train	valid	test	train	train	test	train	valid
DB00988	C0020649	1	C14	valid	test	train	valid	test	train	train	test	train	valid
DB00988	C0027051	1	C14	valid	test	train	valid	test	train	train	test	train	valid
DB00988	C0030567	1	C10	train	train	train	train	train	valid	valid	train	train	train
DB00988	C0035078	1	C12	train	train	train	train	train	train	train	train	train	train
DB00988	C0036690	1	C01	train	train	train	train	valid	valid	train	train	train	train
DB00988	C0040822	1	C10	train	train	train	train	train	valid	valid	train	train	train
DB00988	C0242422	1	C10	train	train	train	train	train	valid	valid	train	train	train
DB00988	C0428977	1	C14	valid	test	train	valid	test	train	train	test	train	valid
DB00989	C0002395	1	C10	train	train	train	train	train	valid	valid	train	train	train
DB00989	C0030567	1	C10	train	train	train	train	train	valid	valid	train	train	train
DB00990	C1458155	1	C04	train	train	valid	train	train	train	test	train	train	test
DB00991	C0003873	1	C05	train	train	train	train	train	train	train	train	train	train
DB00991	C0029408	1	C05	train	train	train	train	train	train	train	train	train	train
DB00993	C0003873	1	C05	train	train	train	train	train	train	train	train	train	train
DB00993	C0009319	1	C06	test	train	train	test	train	test	train	train	train	train
DB00993	C0009324	1	C06	test	train	train	test	train	test	train	train	train	train
DB00993	C0010346	1	C06	test	train	train	test	train	test	train	train	train	train
DB00993	C0024141	1	C17	test	train	train	train	train	train	train	train	train	train
DB00993	C0026769	1	C10	train	train	train	train	train	valid	valid	train	train	train
DB00994	C0014356	1	C06	test	train	train	test	train	test	train	train	train	train
DB00994	C0019151	1	C06	test	train	train	test	train	test	train	train	train	train
DB00994	C0022568	1	C11	train	valid	valid	train	valid	train	train	train	train	test
DB00994	C0042029	1	C12	train	train	train	train	train	train	train	train	train	train
DB00994	C0042164	1	C11	train	valid	valid	train	valid	train	train	train	train	test
DB00995	C0003864	1	C05	train	train	train	train	train	train	train	train	train	train
DB00995	C0003872	1	C05	train	train	train	train	train	train	train	train	train	train
DB00995	C0003873	1	C05	train	train	train	train	train	train	train	train	train	train
DB00995	C0030807	1	C17	test	train	train	train	train	train	train	train	train	train
DB00996	C0014544	1	C10	train	train	train	train	train	valid	valid	train	train	train
DB00996	C0030567	1	C10	train	train	train	train	train	valid	valid	train	train	train
DB00996	C0035258	1	C10	train	train	train	train	train	valid	valid	train	train	train
DB00997	C0005695	1	C12	train	train	train	train	train	train	train	train	train	train
DB00997	C0006413	1	C01	train	train	train	train	valid	valid	train	train	train	train
DB00997	C0019829	1	C04	train	train	valid	train	train	train	test	train	train	test
DB00997	C0023449	1	C15	train	train	train	train	train	train	train	train	test	train
DB00997	C0023467	1	C04	train	train	valid	train	train	train	test	train	train	test
DB00997	C0024301	1	C04	train	train	valid	train	train	train	test	train	train	test
DB00997	C0024305	1	C04	train	train	valid	train	train	train	test	train	train	test
DB00997	C0026764	1	C15	train	train	train	train	train	train	train	train	test	train
DB00997	C0027708	1	C12	train	train	train	train	train	train	train	train	train	train
DB00997	C0027819	1	C04	train	train	valid	train	train	train	test	train	train	test
DB00997	C0036220	1	C04	train	train	valid	train	train	train	test	train	train	test
DB00997	C0079744	1	C04	train	train	valid	train	train	train	test	train	train	test
DB00997	C0149925	1	C08	valid	train	test	train	valid	train	train	train	valid	train
DB00997	C0678222	1	C04	train	train	valid	train	train	train	test	train	train	test
DB00997	C0919267	1	C12	train	train	train	train	train	train	train	train	train	train
DB00997	C1458155	1	C04	train	train	valid	train	train	train	test	train	train	test
DB00999	C0018802	1	C14	valid	test	train	valid	test	train	train	test	train	valid
DB00999	C0020538	1	C14	valid	test	train	valid	test	train	train	test	train	valid
DB00999	C0027726	1	C12	train	train	train	train	train	train	train	train	train	train
DB01001	C0004096	1	C08	valid	train	test	train	valid	train	train	train	valid	train
DB01001	C0008677	1	C08	valid	train	test	train	valid	train	train	train	valid	train
DB01001	C0022876	1	C12	train	train	train	train	train	train	train	train	train	train
DB01001	C0024117	1	C08	valid	train	test	train	valid	train	train	train	valid	train
DB01003	C0004096	1	C08	valid	train	test	train	valid	train	train	train	valid	train
DB01003	C0009324	1	C06	test	train	train	test	train	test	train	train	train	train
DB01003	C0009763	1	C11	train	valid	valid	train	valid	train	train	train	train	test
DB01003	C0011603	1	C17	test	train	train	train	train	train	train	train	train	train
DB01003	C0014356	1	C06	test	train	train	test	train	test	train	train	train	train
DB01003	C0016470	1	C20	train	train	train	train	train	train	train	train	valid	train
DB01003	C0022568	1	C11	train	valid	valid	train	valid	train	train	train	train	test
DB01003	C0024899	1	C04	train	train	valid	train	train	train	test	train	train	test
DB01003	C0035457	1	C08	valid	train	test	train	valid	train	train	train	valid	train
DB01003	C0042109	1	C17	test	train	train	train	train	train	train	train	train	train
DB01003	C0221013	1	C04	train	train	valid	train	train	train	test	train	train	test
DB01005	C0002895	1	C15	train	train	train	train	train	train	train	train	test	train
DB01005	C0007131	1	C08	valid	train	test	train	valid	train	train	train	valid	train
DB01005	C0007134	1	C12	train	train	train	train	train	train	train	train	train	train
DB01005	C0018671	1	C04	train	train	valid	train	train	train	test	train	train	test
DB01005	C0023518	1	C15	train	train	train	train	train	train	train	train	test	train
DB01005	C0025202	1	C04	train	train	valid	train	train	train	test	train	train	test
DB01005	C0032463	1	C15	train	train	train	train	train	train	train	train	test	train
DB01005	C0033578	1	C12	train	train	train	train	train	train	train	train	train	train
DB01005	C0033860	1	C17	test	train	train	train	train	train	train	train	train	train
DB01005	C0040028	1	C15	train	train	train	train	train	train	train	train	test	train
DB01005	C0042138	1	C12	train	train	train	train	train	train	train	train	train	train
DB01005	C0278996	1	C04	train	train	valid	train	train	train	test	train	train	test
DB01005	C0919267	1	C12	train	train	train	train	train	train	train	train	train	train
DB01005	C1140680	1	C12	train	train	train	train	train	train	train	train	train	train
DB01005	C1540912	1	C15	train	train	train	train	train	train	train	train	test	train
DB01006	C0006142	1	C04	train	train	valid	train	train	train	test	train	train	test
DB01006	C1458155	1	C04	train	train	valid	train	train	train	test	train	train	test
DB01009	C0003873	1	C05	train	train	train	train	train	train	train	train	train	train
DB01009	C0013390	1	C23	train	valid	train	test	train	train	train	valid	test	train
DB01009	C0029408	1	C05	train	train	train	train	train	train	train	train	train	train
DB01009	C0030193	1	C23	train	valid	train	test	train	train	train	valid	test	train
DB01009	C0038013	1	C05	train	train	train	train	train	train	train	train	train	train
DB01010	C0026896	1	C10	train	train	train	train	train	valid	valid	train	train	train
DB01011	C0010481	1	C19	train	train	test	valid	train	train	test	train	train	valid
DB01012	C0020437	1	C18	train	train	train	train	train	test	train	train	train	train
DB01012	C0020502	1	C19	train	train	test	valid	train	train	test	train	train	valid
DB01012	C0020503	1	C19	train	train	test	valid	train	train	test	train	train	valid
DB01012	C1561643	1	C12	train	train	train	train	train	train	train	train	train	train
DB01013	C0011616	1	C17	test	train	train	train	train	train	train	train	train	train
DB01013	C0033860	1	C17	test	train	train	train	train	train	train	train	train	train
DB01013	C0036508	1	C17	test	train	train	train	train	train	train	train	train	train
DB01014	C0009324	1	C06	test	train	train	test	train	test	train	train	train	train
DB01014	C0014356	1	C06	test	train	train	test	train	test	train	train	train	train
DB01014	C0041582	1	C23	train	valid	train	test	train	train	train	valid	test	train
DB01015	C0014335	1	C06	test	train	train	test	train	test	train	train	train	train
DB01015	C0029882	1	C09	train	train	test	train	train	train	test	valid	train	test
DB01015	C0032285	1	C08	valid	train	test	train	valid	train	train	train	valid	train
DB01015	C0033581	1	C12	train	train	train	train	train	train	train	train	train	train
DB01016	C0003811	1	C14	valid	test	train	valid	test	train	train	test	train	valid
DB01016	C0011849	1	C18	train	train	train	train	train	test	train	train	train	train
DB01016	C0020456	1	C18	train	train	train	train	train	test	train	train	train	train
DB01017	C0009763	1	C11	train	valid	valid	train	valid	train	train	train	train	test
DB01017	C0015967	1	C23	train	valid	train	test	train	train	train	valid	test	train
DB01017	C0031099	1	C07	train	train	train	train	test	train	train	train	train	train
DB01017	C0042029	1	C12	train	train	train	train	train	train	train	train	train	train
DB01018	C0020538	1	C14	valid	test	train	valid	test	train	train	test	train	valid
DB01019	C0017168	1	C06	test	train	train	test	train	test	train	train	train	train
DB01019	C0080274	1	C12	train	train	train	train	train	train	train	train	train	train
DB01020	C0002962	1	C14	valid	test	train	valid	test	train	train	test	train	valid
DB01020	C0027051	1	C14	valid	test	train	valid	test	train	train	test	train	valid
DB01020	C1956346	1	C14	valid	test	train	valid	test	train	train	test	train	valid
DB01021	C0013604	1	C23	train	valid	train	test	train	train	train	valid	test	train
DB01021	C0018801	1	C14	valid	test	train	valid	test	train	train	test	train	valid
DB01021	C0018802	1	C14	valid	test	train	valid	test	train	train	test	train	valid
DB01021	C0020538	1	C14	valid	test	train	valid	test	train	train	test	train	valid
DB01021	C0027726	1	C12	train	train	train	train	train	train	train	train	train	train
DB01022	C0019080	1	C23	train	valid	train	test	train	train	train	valid	test	train
DB01022	C0019087	1	C15	train	train	train	train	train	train	train	train	test	train
DB01022	C0020598	1	C18	train	train	train	train	train	test	train	train	train	train
DB01022	C0029456	1	C05	train	train	train	train	train	train	train	train	train	train
DB01022	C0042880	1	C15	train	train	train	train	train	train	train	train	test	train
DB01023	C0003811	1	C14	valid	test	train	valid	test	train	train	test	train	valid
DB01023	C0020538	1	C14	valid	test	train	valid	test	train	train	test	train	valid
DB01023	C0085580	1	C14	valid	test	train	valid	test	train	train	test	train	valid
DB01024	C0033860	1	C17	test	train	train	train	train	train	train	train	train	train
DB01025	C0004096	1	C08	valid	train	test	train	valid	train	train	train	valid	train
DB01025	C0009763	1	C11	train	valid	valid	train	valid	train	train	train	train	test
DB01025	C0020517	1	C20	train	train	train	train	train	train	train	train	valid	train
DB01025	C0038363	1	C07	train	train	train	train	test	train	train	train	train	train
DB01025	C0041582	1	C23	train	valid	train	test	train	train	train	valid	test	train
DB01026	C0036508	1	C17	test	train	train	train	train	train	train	train	train	train
DB01029	C0011860	1	C18	train	train	train	train	train	test	train	train	train	train
DB01029	C0011881	1	C12	train	train	train	train	train	train	train	train	train	train
DB01029	C0018802	1	C14	valid	test	train	valid	test	train	train	test	train	valid
DB01029	C0020538	1	C14	valid	test	train	valid	test	train	train	test	train	valid
DB01029	C0242698	1	C14	valid	test	train	valid	test	train	train	test	train	valid
DB01030	C0007131	1	C08	valid	train	test	train	valid	train	train	train	valid	train
DB01030	C0149925	1	C08	valid	train	test	train	valid	train	train	train	valid	train
DB01030	C0262584	1	C04	train	train	valid	train	train	train	test	train	train	test
DB01030	C0919267	1	C12	train	train	train	train	train	train	train	train	train	train
DB01030	C1140680	1	C12	train	train	train	train	train	train	train	train	train	train
DB01030	C4048328	1	C12	train	train	train	train	train	train	train	train	train	train
DB01031	C0021603	1	C10	train	train	train	train	train	valid	valid	train	train	train
DB01031	C0917801	1	C10	train	train	train	train	train	valid	valid	train	train	train
DB01032	C0003868	1	C05	train	train	train	train	train	train	train	train	train	train
DB01032	C0018099	1	C05	train	train	train	train	train	train	train	train	train	train
DB01032	C0740394	1	C23	train	valid	train	test	train	train	train	valid	test	train
DB01033	C0023434	1	C15	train	train	train	train	train	train	train	train	test	train
DB01033	C0023449	1	C15	train	train	train	train	train	train	train	train	test	train
DB01033	C0023487	1	C04	train	train	valid	train	train	train	test	train	train	test
DB01033	C0024305	1	C04	train	train	valid	train	train	train	test	train	train	test
DB01034	C0020473	1	C18	train	train	train	train	train	test	train	train	train	train
DB01035	C0003811	1	C14	valid	test	train	valid	test	train	train	test	train	valid
DB01035	C0004238	1	C14	valid	test	train	valid	test	train	train	test	train	valid
DB01035	C0004239	1	C14	valid	test	train	valid	test	train	train	test	train	valid
DB01035	C0039240	1	C14	valid	test	train	valid	test	train	train	test	train	valid
DB01035	C0151636	1	C14	valid	test	train	valid	test	train	train	test	train	valid
DB01036	C0042024	1	C12	train	train	train	train	train	train	train	train	train	train
DB01036	C0878773	1	C12	train	train	train	train	train	train	train	train	train	train
DB01037	C0030567	1	C10	train	train	train	train	train	valid	valid	train	train	train
DB01037	C1269683	1	F03	train	train	test	train	train	train	train	valid	train	train
DB01039	C0020443	1	C18	train	train	train	train	train	test	train	train	train	train
DB01039	C0020473	1	C18	train	train	train	train	train	test	train	train	train	train
DB01039	C0020474	1	C18	train	train	train	train	train	test	train	train	train	train
DB01039	C0020476	1	C18	train	train	train	train	train	test	train	train	train	train
DB01039	C0020557	1	C18	train	train	train	train	train	test	train	train	train	train
DB01039	C0473527	1	C18	train	train	train	train	train	test	train	train	train	train
DB01041	C0003873	1	C05	train	train	train	train	train	train	train	train	train	train
DB01041	C0004943	1	C17	test	train	train	train	train	train	train	train	train	train
DB01041	C0007134	1	C12	train	train	train	train	train	train	train	train	train	train
DB01041	C0010346	1	C06	test	train	train	test	train	test	train	train	train	train
DB01041	C0014742	1	C17	test	train	train	train	train	train	train	train	train	train
DB01041	C0014743	1	C17	test	train	train	train	train	train	train	train	train	train
DB01041	C0024138	1	C17	test	train	train	train	train	train	train	train	train	train
DB01041	C0024419	1	C15	train	train	train	train	train	train	train	train	test	train
DB01041	C0026764	1	C15	train	train	train	train	train	train	train	train	test	train
DB01041	C0038363	1	C07	train	train	train	train	test	train	train	train	train	train
DB01043	C0002395	1	C10	train	train	train	train	train	valid	valid	train	train	train
DB01045	C0025289	1	C10	train	train	train	train	train	valid	valid	train	train	train
DB01045	C0041296	1	C01	train	train	train	train	valid	valid	train	train	train	train
DB01046	C0022104	1	C06	test	train	train	test	train	test	train	train	train	train
DB01047	C0011616	1	C17	test	train	train	train	train	train	train	train	train	train
DB01047	C0013595	1	C17	test	train	train	train	train	train	train	train	train	train
DB01047	C0015230	1	C17	test	train	train	train	train	train	train	train	train	train
DB01047	C0020517	1	C20	train	train	train	train	train	train	train	train	valid	train
DB01047	C0024138	1	C17	test	train	train	train	train	train	train	train	train	train
DB01047	C0036508	1	C17	test	train	train	train	train	train	train	train	train	train
DB01049	C0497327	1	C10	train	train	train	train	train	valid	valid	train	train	train
DB01050	C0003872	1	C05	train	train	train	train	train	train	train	train	train	train
DB01050	C0003873	1	C05	train	train	train	train	train	train	train	train	train	train
DB01050	C0013390	1	C23	train	valid	train	test	train	train	train	valid	test	train
DB01050	C0018099	1	C05	train	train	train	train	train	train	train	train	train	train
DB01050	C0018681	1	C23	train	valid	train	test	train	train	train	valid	test	train
DB01050	C0025323	1	C12	train	train	train	train	train	train	train	train	train	train
DB01050	C0029408	1	C05	train	train	train	train	train	train	train	train	train	train
DB01050	C0030193	1	C23	train	valid	train	test	train	train	train	valid	test	train
DB01050	C0149931	1	C10	train	train	train	train	train	valid	valid	train	train	train
DB01050	C0231528	1	C05	train	train	train	train	train	train	train	train	train	train
DB01053	C0014121	1	C01	train	train	train	train	valid	valid	train	train	train	train
DB01053	C0014733	1	C01	train	train	train	train	valid	valid	train	train	train	train
DB01053	C0025289	1	C10	train	train	train	train	train	valid	valid	train	train	train
DB01053	C0032285	1	C08	valid	train	test	train	valid	train	train	train	valid	train
DB01053	C0155862	1	C01	train	train	train	train	valid	valid	train	train	train	train
DB01056	C0003811	1	C14	valid	test	train	valid	test	train	train	test	train	valid
DB01056	C0040997	1	C07	train	train	train	train	test	train	train	train	train	train
DB01057	C0014877	1	C10	train	train	train	train	train	valid	valid	train	train	train
DB01057	C0017601	1	C11	train	valid	valid	train	valid	train	train	train	train	test
DB01057	C0017612	1	C11	train	valid	valid	train	valid	train	train	train	train	test
DB01057	C0271093	1	C11	train	valid	valid	train	valid	train	train	train	train	test
DB01059	C0010692	1	C12	train	train	train	train	train	train	train	train	train	train
DB01059	C0014836	1	C01	train	train	train	train	valid	valid	train	train	train	train
DB01059	C0031154	1	C01	train	train	train	train	valid	valid	train	train	train	train
DB01059	C0032285	1	C08	valid	train	test	train	valid	train	train	train	valid	train
DB01059	C0033581	1	C12	train	train	train	train	train	train	train	train	train	train
DB01059	C0034186	1	C12	train	train	train	train	train	train	train	train	train	train
DB01059	C0155862	1	C01	train	train	train	train	valid	valid	train	train	train	train
DB01060	C0013295	1	C06	test	train	train	test	train	test	train	train	train	train
DB01060	C0014836	1	C01	train	train	train	train	valid	valid	train	train	train	train
DB01060	C0029882	1	C09	train	train	test	train	train	train	test	valid	train	test
DB01060	C0042029	1	C12	train	train	train	train	train	train	train	train	train	train
DB01060	C0155862	1	C01	train	train	train	train	valid	valid	train	train	train	train
DB01062	C0005697	1	C12	train	train	train	train	train	train	train	train	train	train
DB01062	C0042024	1	C12	train	train	train	train	train	train	train	train	train	train
DB01062	C0878773	1	C12	train	train	train	train	train	train	train	train	train	train
DB01063	C0033975	1	F03	train	train	test	train	train	train	train	valid	train	train
DB01064	C0004096	1	C08	valid	train	test	train	valid	train	train	train	valid	train
DB01064	C0004245	1	C14	valid	test	train	valid	test	train	train	test	train	valid
DB01064	C0008677	1	C08	valid	train	test	train	valid	train	train	train	valid	train
DB01064	C0018790	1	C14	valid	test	train	valid	test	train	train	test	train	valid
DB01064	C0018794	1	C14	valid	test	train	valid	test	train	train	test	train	valid
DB01064	C0040479	1	C14	valid	test	train	valid	test	train	train	test	train	valid
DB01064	C0042510	1	C14	valid	test	train	valid	test	train	train	test	train	valid
DB01064	C0428977	1	C14	valid	test	train	valid	test	train	train	test	train	valid
DB01065	C0007789	1	C10	train	train	train	train	train	valid	valid	train	train	train
DB01065	C0021603	1	C10	train	train	train	train	train	valid	valid	train	train	train
DB01065	C0376358	1	C12	train	train	train	train	train	train	train	train	train	train
DB01065	C0456909	1	C10	train	train	train	train	train	valid	valid	train	train	train
DB01067	C0011849	1	C18	train	train	train	train	train	test	train	train	train	train
DB01067	C0020456	1	C18	train	train	train	train	train	test	train	train	train	train
DB01068	C0014544	1	C10	train	train	train	train	train	valid	valid	train	train	train
DB01068	C0014550	1	C10	train	train	train	train	train	valid	valid	train	train	train
DB01068	C0014553	1	C10	train	train	train	train	train	valid	valid	train	train	train
DB01068	C0030319	1	F03	train	train	test	train	train	train	train	valid	train	train
DB01068	C0035258	1	C10	train	train	train	train	train	valid	valid	train	train	train
DB01068	C0036572	1	C10	train	train	train	train	train	valid	valid	train	train	train
DB01068	C0238111	1	C10	train	train	train	train	train	valid	valid	train	train	train
DB01069	C0018621	1	C08	valid	train	test	train	valid	train	train	train	valid	train
DB01069	C0020517	1	C20	train	train	train	train	train	train	train	train	valid	train
DB01069	C0035457	1	C08	valid	train	test	train	valid	train	train	train	valid	train
DB01069	C0042109	1	C17	test	train	train	train	train	train	train	train	train	train
DB01070	C0001122	1	C18	train	train	train	train	train	test	train	train	train	train
DB01070	C0015624	1	C12	train	train	train	train	train	train	train	train	train	train
DB01070	C0020502	1	C19	train	train	test	valid	train	train	test	train	train	valid
DB01070	C0020598	1	C18	train	train	train	train	train	test	train	train	train	train
DB01070	C0020626	1	C19	train	train	test	valid	train	train	test	train	train	valid
DB01070	C0022661	1	C12	train	train	train	train	train	train	train	train	train	train
DB01070	C0029442	1	C18	train	train	train	train	train	test	train	train	train	train
DB01070	C0029456	1	C05	train	train	train	train	train	train	train	train	train	train
DB01070	C0033806	1	C18	train	train	train	train	train	test	train	train	train	train
DB01070	C0035579	1	C18	train	train	train	train	train	test	train	train	train	train
DB01070	C0042842	1	C18	train	train	train	train	train	test	train	train	train	train
DB01070	C0042870	1	C18	train	train	train	train	train	test	train	train	train	train
DB01070	C0085682	1	C18	train	train	train	train	train	test	train	train	train	train
DB01071	C0018621	1	C08	valid	train	test	train	valid	train	train	train	valid	train
DB01071	C0042109	1	C17	test	train	train	train	train	train	train	train	train	train
DB01073	C0023434	1	C15	train	train	train	train	train	train	train	train	test	train
DB01073	C0024305	1	C04	train	train	valid	train	train	train	test	train	train	test
DB01074	C0002962	1	C14	valid	test	train	valid	test	train	train	test	train	valid
DB01075	C0018621	1	C08	valid	train	test	train	valid	train	train	train	valid	train
DB01075	C0018681	1	C23	train	valid	train	test	train	train	train	valid	test	train
DB01075	C0020517	1	C20	train	train	train	train	train	train	train	train	valid	train
DB01075	C0021603	1	C10	train	train	train	train	train	valid	valid	train	train	train
DB01075	C0030567	1	C10	train	train	train	train	train	valid	valid	train	train	train
DB01075	C0035457	1	C08	valid	train	test	train	valid	train	train	train	valid	train
DB01075	C0042109	1	C17	test	train	train	train	train	train	train	train	train	train
DB01075	C0917801	1	C10	train	train	train	train	train	valid	valid	train	train	train
DB01076	C0002962	1	C14	valid	test	train	valid	test	train	train	test	train	valid
DB01076	C0003850	1	C14	valid	test	train	valid	test	train	train	test	train	valid
DB01076	C0020443	1	C18	train	train	train	train	train	test	train	train	train	train
DB01076	C0020473	1	C18	train	train	train	train	train	test	train	train	train	train
DB01076	C0020474	1	C18	train	train	train	train	train	test	train	train	train	train
DB01076	C0020476	1	C18	train	train	train	train	train	test	train	train	train	train
DB01076	C0020538	1	C14	valid	test	train	valid	test	train	train	test	train	valid
DB01076	C0020557	1	C18	train	train	train	train	train	test	train	train	train	train
DB01076	C0027051	1	C14	valid	test	train	valid	test	train	train	test	train	valid
DB01076	C0038454	1	C10	train	train	train	train	train	valid	valid	train	train	train
DB01076	C0342881	1	C18	train	train	train	train	train	test	train	train	train	train
DB01076	C0948089	1	C14	valid	test	train	valid	test	train	train	test	train	valid
DB01077	C0020437	1	C18	train	train	train	train	train	test	train	train	train	train
DB01077	C0029396	1	C23	train	valid	train	test	train	train	train	valid	test	train
DB01077	C0029401	1	C05	train	train	train	train	train	train	train	train	train	train
DB01078	C0003811	1	C14	valid	test	train	valid	test	train	train	test	train	valid
DB01078	C0004238	1	C14	valid	test	train	valid	test	train	train	test	train	valid
DB01078	C0004239	1	C14	valid	test	train	valid	test	train	train	test	train	valid
DB01078	C0018801	1	C14	valid	test	train	valid	test	train	train	test	train	valid
DB01078	C0018802	1	C14	valid	test	train	valid	test	train	train	test	train	valid
DB01078	C0039240	1	C14	valid	test	train	valid	test	train	train	test	train	valid
DB01079	C0022104	1	C06	test	train	train	test	train	test	train	train	train	train
DB01080	C0036572	1	C10	train	train	train	train	train	valid	valid	train	train	train
DB01080	C0037763	1	C10	train	train	train	train	train	valid	valid	train	train	train
DB01081	C0011991	1	C23	train	valid	train	test	train	train	train	valid	test	train
DB01081	C0014356	1	C06	test	train	train	test	train	test	train	train	train	train
DB01082	C0014121	1	C01	train	train	train	train	valid	valid	train	train	train	train
DB01082	C0014356	1	C06	test	train	train	test	train	test	train	train	train	train
DB01082	C0041296	1	C01	train	train	train	train	valid	valid	train	train	train	train
DB01083	C0028754	1	C18	train	train	train	train	train	test	train	train	train	train
DB01084	C0009763	1	C11	train	valid	valid	train	valid	train	train	train	train	test
DB01084	C0020517	1	C20	train	train	train	train	train	train	train	train	valid	train
DB01084	C0033774	1	C17	test	train	train	train	train	train	train	train	train	train
DB01084	C0042109	1	C17	test	train	train	train	train	train	train	train	train	train
DB01085	C0017601	1	C11	train	valid	valid	train	valid	train	train	train	train	test
DB01085	C0017605	1	C11	train	valid	valid	train	valid	train	train	train	train	test
DB01085	C0017612	1	C11	train	valid	valid	train	valid	train	train	train	train	test
DB01085	C0028840	1	C11	train	valid	valid	train	valid	train	train	train	train	test
DB01085	C0043352	1	C07	train	train	train	train	test	train	train	train	train	train
DB01085	C1527336	1	C05	train	train	train	train	train	train	train	train	train	train
DB01086	C0028754	1	C18	train	train	train	train	train	test	train	train	train	train
DB01086	C0029882	1	C09	train	train	test	train	train	train	test	valid	train	test
DB01086	C0033774	1	C17	test	train	train	train	train	train	train	train	train	train
DB01086	C0038363	1	C07	train	train	train	train	test	train	train	train	train	train
DB01086	C0149745	1	C07	train	train	train	train	test	train	train	train	train	train
DB01088	C0020542	1	C08	valid	train	test	train	valid	train	train	train	valid	train
DB01088	C0040053	1	C14	valid	test	train	valid	test	train	train	test	train	valid
DB01088	C2973725	1	C08	valid	train	test	train	valid	train	train	train	valid	train
DB01092	C0004238	1	C14	valid	test	train	valid	test	train	train	test	train	valid
DB01092	C0004239	1	C14	valid	test	train	valid	test	train	train	test	train	valid
DB01092	C0018801	1	C14	valid	test	train	valid	test	train	train	test	train	valid
DB01094	C0020473	1	C18	train	train	train	train	train	test	train	train	train	train
DB01095	C0003850	1	C14	valid	test	train	valid	test	train	train	test	train	valid
DB01095	C0018798	1	C14	valid	test	train	valid	test	train	train	test	train	valid
DB01095	C0020443	1	C18	train	train	train	train	train	test	train	train	train	train
DB01095	C0020473	1	C18	train	train	train	train	train	test	train	train	train	train
DB01095	C0020474	1	C18	train	train	train	train	train	test	train	train	train	train
DB01095	C0020476	1	C18	train	train	train	train	train	test	train	train	train	train
DB01095	C0242339	1	C18	train	train	train	train	train	test	train	train	train	train
DB01097	C0003872	1	C05	train	train	train	train	train	train	train	train	train	train
DB01097	C0003873	1	C05	train	train	train	train	train	train	train	train	train	train
DB01098	C0003850	1	C14	valid	test	train	valid	test	train	train	test	train	valid
DB01098	C0004153	1	C14	valid	test	train	valid	test	train	train	test	train	valid
DB01098	C0020473	1	C18	train	train	train	train	train	test	train	train	train	train
DB01098	C0020474	1	C18	train	train	train	train	train	test	train	train	train	train
DB01098	C0020479	1	C18	train	train	train	train	train	test	train	train	train	train
DB01098	C0020557	1	C18	train	train	train	train	train	test	train	train	train	train
DB01098	C0038454	1	C10	train	train	train	train	train	valid	valid	train	train	train
DB01098	C0242339	1	C18	train	train	train	train	train	test	train	train	train	train
DB01098	C0342881	1	C18	train	train	train	train	train	test	train	train	train	train
DB01099	C0025289	1	C10	train	train	train	train	train	valid	valid	train	train	train
DB01100	C0020179	1	C10	train	train	train	train	train	valid	valid	train	train	train
DB01100	C0040517	1	C10	train	train	train	train	train	valid	valid	train	train	train
DB01101	C0009404	1	C06	test	train	train	test	train	test	train	train	train	train
DB01101	C1458155	1	C04	train	train	valid	train	train	train	test	train	train	test
DB01101	C1527249	1	C06	test	train	train	test	train	test	train	train	train	train
DB01104	C0011581	1	F03	train	train	test	train	train	train	train	valid	train	train
DB01104	C0028768	1	F03	train	train	test	train	train	train	train	valid	train	train
DB01104	C0030319	1	F03	train	train	test	train	train	train	train	valid	train	train
DB01105	C0028754	1	C18	train	train	train	train	train	test	train	train	train	train
DB01106	C0009763	1	C11	train	valid	valid	train	valid	train	train	train	train	test
DB01107	C0021603	1	C10	train	train	train	train	train	valid	valid	train	train	train
DB01107	C0917801	1	C10	train	train	train	train	train	valid	valid	train	train	train
DB01108	C0010481	1	C19	train	train	test	valid	train	train	test	train	train	valid
DB01109	C0012739	1	C15	train	train	train	train	train	train	train	train	test	train
DB01110	C0014356	1	C06	test	train	train	test	train	test	train	train	train	train
DB01110	C0040261	1	C01	train	train	train	train	valid	valid	train	train	train	train
DB01113	C0002962	1	C14	valid	test	train	valid	test	train	train	test	train	valid
DB01113	C0003811	1	C14	valid	test	train	valid	test	train	train	test	train	valid
DB01113	C0007786	1	C10	train	train	train	train	train	valid	valid	train	train	train
DB01113	C0009319	1	C06	test	train	train	test	train	test	train	train	train	train
DB01113	C0027051	1	C14	valid	test	train	valid	test	train	train	test	train	valid
DB01113	C0034065	1	C08	valid	train	test	train	valid	train	train	train	valid	train
DB01113	C0034734	1	C14	valid	test	train	valid	test	train	train	test	train	valid
DB01113	C0040038	1	C14	valid	test	train	valid	test	train	train	test	train	valid
DB01113	C0085096	1	C14	valid	test	train	valid	test	train	train	test	train	valid
DB01113	C0242350	1	C12	train	train	train	train	train	train	train	train	train	train
DB01114	C0004096	1	C08	valid	train	test	train	valid	train	train	train	valid	train
DB01114	C0020517	1	C20	train	train	train	train	train	train	train	train	valid	train
DB01114	C0033774	1	C17	test	train	train	train	train	train	train	train	train	train
DB01114	C0035455	1	C08	valid	train	test	train	valid	train	train	train	valid	train
DB01114	C0035457	1	C08	valid	train	test	train	valid	train	train	train	valid	train
DB01114	C0042109	1	C17	test	train	train	train	train	train	train	train	train	train
DB01115	C0002962	1	C14	valid	test	train	valid	test	train	train	test	train	valid
DB01115	C0020538	1	C14	valid	test	train	valid	test	train	train	test	train	valid
DB01115	C0022876	1	C12	train	train	train	train	train	train	train	train	train	train
DB01117	C0032285	1	C08	valid	train	test	train	valid	train	train	train	valid	train
DB01118	C0003811	1	C14	valid	test	train	valid	test	train	train	test	train	valid
DB01118	C0039240	1	C14	valid	test	train	valid	test	train	train	test	train	valid
DB01118	C0042510	1	C14	valid	test	train	valid	test	train	train	test	train	valid
DB01119	C0020459	1	C18	train	train	train	train	train	test	train	train	train	train
DB01119	C0020540	1	C14	valid	test	train	valid	test	train	train	test	train	valid
DB01119	C0020615	1	C18	train	train	train	train	train	test	train	train	train	train
DB01119	C0021670	1	C04	train	train	valid	train	train	train	test	train	train	test
DB01120	C0011849	1	C18	train	train	train	train	train	test	train	train	train	train
DB01120	C0011860	1	C18	train	train	train	train	train	test	train	train	train	train
DB01120	C0020456	1	C18	train	train	train	train	train	test	train	train	train	train
DB01121	C0014544	1	C10	train	train	train	train	train	valid	valid	train	train	train
DB01121	C0036572	1	C10	train	train	train	train	train	valid	valid	train	train	train
DB01121	C0085417	1	C10	train	train	train	train	train	valid	valid	train	train	train
DB01122	C0026848	1	C05	train	train	train	train	train	train	train	train	train	train
DB01122	C0026896	1	C10	train	train	train	train	train	valid	valid	train	train	train
DB01124	C0011849	1	C18	train	train	train	train	train	test	train	train	train	train
DB01124	C0011860	1	C18	train	train	train	train	train	test	train	train	train	train
DB01124	C0020456	1	C18	train	train	train	train	train	test	train	train	train	train
DB01125	C0004238	1	C14	valid	test	train	valid	test	train	train	test	train	valid
DB01125	C0027051	1	C14	valid	test	train	valid	test	train	train	test	train	valid
DB01125	C0040053	1	C14	valid	test	train	valid	test	train	train	test	train	valid
DB01126	C0020507	1	C23	train	valid	train	test	train	train	train	valid	test	train
DB01126	C2937421	1	C12	train	train	train	train	train	train	train	train	train	train
DB01128	C0033578	1	C12	train	train	train	train	train	train	train	train	train	train
DB01128	C0376358	1	C12	train	train	train	train	train	train	train	train	train	train
DB01129	C0013295	1	C06	test	train	train	test	train	test	train	train	train	train
DB01129	C0017168	1	C06	test	train	train	test	train	test	train	train	train	train
DB01129	C0017181	1	C06	test	train	train	test	train	test	train	train	train	train
DB01129	C0027662	1	C04	train	train	valid	train	train	train	test	train	train	test
DB01129	C0030920	1	C06	test	train	train	test	train	test	train	train	train	train
DB01129	C0041582	1	C23	train	valid	train	test	train	train	train	valid	test	train
DB01129	C0043515	1	C06	test	train	train	test	train	test	train	train	train	train
DB01129	C0221013	1	C04	train	train	valid	train	train	train	test	train	train	test
DB01130	C0011615	1	C17	test	train	train	train	train	train	train	train	train	train
DB01130	C0011616	1	C17	test	train	train	train	train	train	train	train	train	train
DB01130	C0013595	1	C17	test	train	train	train	train	train	train	train	train	train
DB01130	C0015230	1	C17	test	train	train	train	train	train	train	train	train	train
DB01130	C0015456	1	C17	test	train	train	train	train	train	train	train	train	train
DB01130	C0024138	1	C17	test	train	train	train	train	train	train	train	train	train
DB01130	C0036508	1	C17	test	train	train	train	train	train	train	train	train	train
DB01132	C0011849	1	C18	train	train	train	train	train	test	train	train	train	train
DB01132	C0011860	1	C18	train	train	train	train	train	test	train	train	train	train
DB01132	C0020456	1	C18	train	train	train	train	train	test	train	train	train	train
DB01136	C0018801	1	C14	valid	test	train	valid	test	train	train	test	train	valid
DB01136	C0020538	1	C14	valid	test	train	valid	test	train	train	test	train	valid
DB01136	C0151744	1	C14	valid	test	train	valid	test	train	train	test	train	valid
DB01136	C0878544	1	C14	valid	test	train	valid	test	train	train	test	train	valid
DB01137	C0033581	1	C12	train	train	train	train	train	train	train	train	train	train
DB01137	C0034186	1	C12	train	train	train	train	train	train	train	train	train	train
DB01137	C0037199	1	C08	valid	train	test	train	valid	train	train	train	valid	train
DB01137	C0155862	1	C01	train	train	train	train	valid	valid	train	train	train	train
DB01138	C0003868	1	C05	train	train	train	train	train	train	train	train	train	train
DB01138	C0018099	1	C05	train	train	train	train	train	train	train	train	train	train
DB01138	C0027051	1	C14	valid	test	train	valid	test	train	train	test	train	valid
DB01138	C0740394	1	C23	train	valid	train	test	train	train	train	valid	test	train
DB01140	C0042029	1	C12	train	train	train	train	train	train	train	train	train	train
DB01142	C0003467	1	F01	valid	train	train	train	train	valid	test	train	train	train
DB01142	C0005587	1	F03	train	train	test	train	train	train	train	valid	train	train
DB01142	C0011581	1	F03	train	train	test	train	train	train	train	valid	train	train
DB01142	C0011615	1	C17	test	train	train	train	train	train	train	train	train	train
DB01142	C0033774	1	C17	test	train	train	train	train	train	train	train	train	train
DB01142	C0917801	1	C10	train	train	train	train	train	valid	valid	train	train	train
DB01143	C0278996	1	C04	train	train	valid	train	train	train	test	train	train	test
DB01143	C1140680	1	C12	train	train	train	train	train	train	train	train	train	train
DB01144	C0014544	1	C10	train	train	train	train	train	valid	valid	train	train	train
DB01144	C0017601	1	C11	train	valid	valid	train	valid	train	train	train	train	test
DB01144	C0017612	1	C11	train	valid	valid	train	valid	train	train	train	train	test
DB01146	C0018621	1	C08	valid	train	test	train	valid	train	train	train	valid	train
DB01146	C0033774	1	C17	test	train	train	train	train	train	train	train	train	train
DB01146	C0042109	1	C17	test	train	train	train	train	train	train	train	train	train
DB01148	C0010692	1	C12	train	train	train	train	train	train	train	train	train	train
DB01148	C0013428	1	C23	train	valid	train	test	train	train	train	valid	test	train
DB01148	C0028734	1	C23	train	valid	train	test	train	train	train	valid	test	train
DB01148	C0033581	1	C12	train	train	train	train	train	train	train	train	train	train
DB01148	C0042024	1	C12	train	train	train	train	train	train	train	train	train	train
DB01148	C0282488	1	C12	train	train	train	train	train	train	train	train	train	train
DB01149	C1269683	1	F03	train	train	test	train	train	train	train	valid	train	train
DB01151	C0150055	1	C23	train	valid	train	test	train	train	train	valid	test	train
DB01156	C0011581	1	F03	train	train	test	train	train	train	train	valid	train	train
DB01156	C0028754	1	C18	train	train	train	train	train	test	train	train	train	train
DB01156	C0085159	1	F03	train	train	test	train	train	train	train	valid	train	train
DB01156	C1269683	1	F03	train	train	test	train	train	train	train	valid	train	train
DB01158	C0003811	1	C14	valid	test	train	valid	test	train	train	test	train	valid
DB01158	C0042510	1	C14	valid	test	train	valid	test	train	train	test	train	valid
DB01158	C0042514	1	C14	valid	test	train	valid	test	train	train	test	train	valid
DB01162	C0020538	1	C14	valid	test	train	valid	test	train	train	test	train	valid
DB01162	C2937421	1	C12	train	train	train	train	train	train	train	train	train	train
DB01164	C0018790	1	C14	valid	test	train	valid	test	train	train	test	train	valid
DB01164	C0020461	1	C18	train	train	train	train	train	test	train	train	train	train
DB01164	C0020598	1	C18	train	train	train	train	train	test	train	train	train	train
DB01164	C0020621	1	C18	train	train	train	train	train	test	train	train	train	train
DB01165	C0010692	1	C12	train	train	train	train	train	train	train	train	train	train
DB01165	C0011991	1	C23	train	valid	train	test	train	train	train	valid	test	train
DB01165	C0014534	1	C12	train	train	train	train	train	train	train	train	train	train
DB01165	C0014836	1	C01	train	train	train	train	valid	valid	train	train	train	train
DB01165	C0015967	1	C23	train	valid	train	test	train	train	train	valid	test	train
DB01165	C0033581	1	C12	train	train	train	train	train	train	train	train	train	train
DB01165	C0034186	1	C12	train	train	train	train	train	train	train	train	train	train
DB01165	C0037199	1	C08	valid	train	test	train	valid	train	train	train	valid	train
DB01165	C0155862	1	C01	train	train	train	train	valid	valid	train	train	train	train
DB01166	C0004096	1	C08	valid	train	test	train	valid	train	train	train	valid	train
DB01166	C0021775	1	C14	valid	test	train	valid	test	train	train	test	train	valid
DB01166	C0040053	1	C14	valid	test	train	valid	test	train	train	test	train	valid
DB01167	C0040261	1	C01	train	train	train	train	valid	valid	train	train	train	train
DB01168	C0006118	1	C10	train	train	train	train	train	valid	valid	train	train	train
DB01168	C0019829	1	C04	train	train	valid	train	train	train	test	train	train	test
DB01168	C0024121	1	C08	valid	train	test	train	valid	train	train	train	valid	train
DB01168	C0024305	1	C04	train	train	valid	train	train	train	test	train	train	test
DB01168	C0025202	1	C04	train	train	valid	train	train	train	test	train	train	test
DB01168	C0026764	1	C15	train	train	train	train	train	train	train	train	test	train
DB01169	C0023487	1	C04	train	train	valid	train	train	train	test	train	train	test
DB01170	C0020538	1	C14	valid	test	train	valid	test	train	train	test	train	valid
DB01170	C0020544	1	C12	train	train	train	train	train	train	train	train	train	train
DB01171	C0003467	1	F01	valid	train	train	train	train	valid	test	train	train	train
DB01171	C0011581	1	F03	train	train	test	train	train	train	train	valid	train	train
DB01173	C0026838	1	C05	train	train	train	train	train	train	train	train	train	train
DB01173	C0030567	1	C10	train	train	train	train	train	valid	valid	train	train	train
DB01173	C0231528	1	C05	train	train	train	train	train	train	train	train	train	train
DB01174	C0009952	1	C10	train	train	train	train	train	valid	valid	train	train	train
DB01174	C0014549	1	C10	train	train	train	train	train	valid	valid	train	train	train
DB01174	C0020433	1	C23	train	valid	train	test	train	train	train	valid	test	train
DB01174	C0149931	1	C10	train	train	train	train	train	valid	valid	train	train	train
DB01174	C0234533	1	C10	train	train	train	train	train	valid	valid	train	train	train
DB01174	C0234974	1	C10	train	train	train	train	train	valid	valid	train	train	train
DB01174	C0238111	1	C10	train	train	train	train	train	valid	valid	train	train	train
DB01174	C0270851	1	C10	train	train	train	train	train	valid	valid	train	train	train
DB01175	C1269683	1	F03	train	train	test	train	train	train	train	valid	train	train
DB01176	C0018621	1	C08	valid	train	test	train	valid	train	train	train	valid	train
DB01176	C0027497	1	C23	train	valid	train	test	train	train	train	valid	test	train
DB01176	C0042571	1	C09	train	train	test	train	train	train	test	valid	train	test
DB01176	C0042963	1	C23	train	valid	train	test	train	train	train	valid	test	train
DB01177	C0023449	1	C15	train	train	train	train	train	train	train	train	test	train
DB01177	C0023467	1	C04	train	train	valid	train	train	train	test	train	train	test
DB01177	C0023487	1	C04	train	train	valid	train	train	train	test	train	train	test
DB01177	C1458155	1	C04	train	train	valid	train	train	train	test	train	train	test
DB01179	C0022593	1	C17	test	train	train	train	train	train	train	train	train	train
DB01181	C0019829	1	C04	train	train	valid	train	train	train	test	train	train	test
DB01181	C0023434	1	C15	train	train	train	train	train	train	train	train	test	train
DB01181	C0023449	1	C15	train	train	train	train	train	train	train	train	test	train
DB01181	C0024121	1	C08	valid	train	test	train	valid	train	train	train	valid	train
DB01181	C0024305	1	C04	train	train	valid	train	train	train	test	train	train	test
DB01181	C0029463	1	C04	train	train	valid	train	train	train	test	train	train	test
DB01181	C0030297	1	C04	train	train	valid	train	train	train	test	train	train	test
DB01181	C0038356	1	C06	test	train	train	test	train	test	train	train	train	train
DB01181	C0919267	1	C12	train	train	train	train	train	train	train	train	train	train
DB01181	C1140680	1	C12	train	train	train	train	train	train	train	train	train	train
DB01181	C1458155	1	C04	train	train	valid	train	train	train	test	train	train	test
DB01182	C0003811	1	C14	valid	test	train	valid	test	train	train	test	train	valid
DB01182	C0004238	1	C14	valid	test	train	valid	test	train	train	test	train	valid
DB01182	C0030590	1	C14	valid	test	train	valid	test	train	train	test	train	valid
DB01182	C0039240	1	C14	valid	test	train	valid	test	train	train	test	train	valid
DB01182	C0042514	1	C14	valid	test	train	valid	test	train	train	test	train	valid
DB01182	C0235480	1	C14	valid	test	train	valid	test	train	train	test	train	valid
DB01183	C0030193	1	C23	train	valid	train	test	train	train	train	valid	test	train
DB01183	C0036983	1	C23	train	valid	train	test	train	train	train	valid	test	train
DB01183	C0235063	1	C08	valid	train	test	train	valid	train	train	train	valid	train
DB01185	C0002994	1	C14	valid	test	train	valid	test	train	train	test	train	valid
DB01185	C0010417	1	C12	train	train	train	train	train	train	train	train	train	train
DB01185	C0020619	1	C19	train	train	test	valid	train	train	test	train	train	valid
DB01185	C0028326	1	C14	valid	test	train	valid	test	train	train	test	train	valid
DB01185	C0034012	1	C19	train	train	test	valid	train	train	test	train	train	valid
DB01185	C1458155	1	C04	train	train	valid	train	train	train	test	train	train	test
DB01185	C2936781	1	C10	train	train	train	train	train	valid	valid	train	train	train
DB01186	C0030567	1	C10	train	train	train	train	train	valid	valid	train	train	train
DB01186	C0242422	1	C10	train	train	train	train	train	valid	valid	train	train	train
DB01188	C0040261	1	C01	train	train	train	train	valid	valid	train	train	train	train
DB01191	C0028754	1	C18	train	train	train	train	train	test	train	train	train	train
DB01192	C0030193	1	C23	train	valid	train	test	train	train	train	valid	test	train
DB01193	C0003811	1	C14	valid	test	train	valid	test	train	train	test	train	valid
DB01193	C0020538	1	C14	valid	test	train	valid	test	train	train	test	train	valid
DB01193	C0027051	1	C14	valid	test	train	valid	test	train	train	test	train	valid
DB01193	C0042510	1	C14	valid	test	train	valid	test	train	train	test	train	valid
DB01193	C0042514	1	C14	valid	test	train	valid	test	train	train	test	train	valid
DB01193	C0151636	1	C14	valid	test	train	valid	test	train	train	test	train	valid
DB01194	C0017601	1	C11	train	valid	valid	train	valid	train	train	train	train	test
DB01194	C0017612	1	C11	train	valid	valid	train	valid	train	train	train	train	test
DB01194	C0028840	1	C11	train	valid	valid	train	valid	train	train	train	train	test
DB01195	C0003811	1	C14	valid	test	train	valid	test	train	train	test	train	valid
DB01195	C0004238	1	C14	valid	test	train	valid	test	train	train	test	train	valid
DB01195	C0030590	1	C14	valid	test	train	valid	test	train	train	test	train	valid
DB01195	C0039240	1	C14	valid	test	train	valid	test	train	train	test	train	valid
DB01195	C0042514	1	C14	valid	test	train	valid	test	train	train	test	train	valid
DB01195	C0235480	1	C14	valid	test	train	valid	test	train	train	test	train	valid
DB01196	C0033578	1	C12	train	train	train	train	train	train	train	train	train	train
DB01197	C0003873	1	C05	train	train	train	train	train	train	train	train	train	train
DB01197	C0004775	1	C12	train	train	train	train	train	train	train	train	train	train
DB01197	C0011849	1	C18	train	train	train	train	train	test	train	train	train	train
DB01197	C0011881	1	C12	train	train	train	train	train	train	train	train	train	train
DB01197	C0013604	1	C23	train	valid	train	test	train	train	train	valid	test	train
DB01197	C0018802	1	C14	valid	test	train	valid	test	train	train	test	train	valid
DB01197	C0020538	1	C14	valid	test	train	valid	test	train	train	test	train	valid
DB01197	C0020540	1	C14	valid	test	train	valid	test	train	train	test	train	valid
DB01197	C0020545	1	C12	train	train	train	train	train	train	train	train	train	train
DB01197	C0027051	1	C14	valid	test	train	valid	test	train	train	test	train	valid
DB01197	C0034734	1	C14	valid	test	train	valid	test	train	train	test	train	valid
DB01197	C0085580	1	C14	valid	test	train	valid	test	train	train	test	train	valid
DB01197	C0242698	1	C14	valid	test	train	valid	test	train	train	test	train	valid
DB01198	C0917801	1	C10	train	train	train	train	train	valid	valid	train	train	train
DB01199	C0026896	1	C10	train	train	train	train	train	valid	valid	train	train	train
DB01200	C0001206	1	C05	train	train	train	train	train	train	train	train	train	train
DB01200	C0002453	1	C23	train	valid	train	test	train	train	train	valid	test	train
DB01200	C0020514	1	C10	train	train	train	train	train	valid	valid	train	train	train
DB01200	C0020619	1	C19	train	train	test	valid	train	train	test	train	train	valid
DB01200	C0021359	1	C12	train	train	train	train	train	train	train	train	train	train
DB01200	C0030567	1	C10	train	train	train	train	train	valid	valid	train	train	train
DB01200	C0033375	1	C04	train	train	valid	train	train	train	test	train	train	test
DB01201	C0041296	1	C01	train	train	train	train	valid	valid	train	train	train	train
DB01202	C0014544	1	C10	train	train	train	train	train	valid	valid	train	train	train
DB01202	C0036572	1	C10	train	train	train	train	train	valid	valid	train	train	train
DB01202	C0234974	1	C10	train	train	train	train	train	valid	valid	train	train	train
DB01203	C0002962	1	C14	valid	test	train	valid	test	train	train	test	train	valid
DB01203	C0003811	1	C14	valid	test	train	valid	test	train	train	test	train	valid
DB01203	C0018802	1	C14	valid	test	train	valid	test	train	train	test	train	valid
DB01203	C0020538	1	C14	valid	test	train	valid	test	train	train	test	train	valid
DB01203	C0027051	1	C14	valid	test	train	valid	test	train	train	test	train	valid
DB01204	C0023467	1	C04	train	train	valid	train	train	train	test	train	train	test
DB01204	C0024299	1	C04	train	train	valid	train	train	train	test	train	train	test
DB01204	C0026769	1	C10	train	train	train	train	train	valid	valid	train	train	train
DB01204	C0033578	1	C12	train	train	train	train	train	train	train	train	train	train
DB01204	C1261473	1	C04	train	train	valid	train	train	train	test	train	train	test
DB01204	C1458155	1	C04	train	train	valid	train	train	train	test	train	train	test
DB01206	C0006118	1	C10	train	train	train	train	train	valid	valid	train	train	train
DB01206	C0009375	1	C06	test	train	train	test	train	test	train	train	train	train
DB01206	C0019829	1	C04	train	train	valid	train	train	train	test	train	train	test
DB01206	C0022665	1	C12	train	train	train	train	train	train	train	train	train	train
DB01206	C0024121	1	C08	valid	train	test	train	valid	train	train	train	valid	train
DB01206	C0024305	1	C04	train	train	valid	train	train	train	test	train	train	test
DB01207	C0040053	1	C14	valid	test	train	valid	test	train	train	test	train	valid
DB01208	C0032285	1	C08	valid	train	test	train	valid	train	train	train	valid	train
DB01208	C0041296	1	C01	train	train	train	train	valid	valid	train	train	train	train
DB01209	C0030193	1	C23	train	valid	train	test	train	train	train	valid	test	train
DB01210	C0017601	1	C11	train	valid	valid	train	valid	train	train	train	train	test
DB01210	C0017612	1	C11	train	valid	valid	train	valid	train	train	train	train	test
DB01210	C0028840	1	C11	train	valid	valid	train	valid	train	train	train	train	test
DB01211	C0013295	1	C06	test	train	train	test	train	test	train	train	train	train
DB01211	C0014038	1	C10	train	train	train	train	train	valid	valid	train	train	train
DB01211	C0020523	1	C20	train	train	train	train	train	train	train	train	valid	train
DB01211	C0029882	1	C09	train	train	test	train	train	train	test	valid	train	test
DB01211	C0032285	1	C08	valid	train	test	train	valid	train	train	train	valid	train
DB01211	C0037199	1	C08	valid	train	test	train	valid	train	train	train	valid	train
DB01211	C0155862	1	C01	train	train	train	train	valid	valid	train	train	train	train
DB01212	C0014335	1	C06	test	train	train	test	train	test	train	train	train	train
DB01212	C0014534	1	C12	train	train	train	train	train	train	train	train	train	train
DB01212	C0014836	1	C01	train	train	train	train	valid	valid	train	train	train	train
DB01212	C0025289	1	C10	train	train	train	train	train	valid	valid	train	train	train
DB01212	C0025294	1	C01	train	train	train	train	valid	valid	train	train	train	train
DB01212	C0029882	1	C09	train	train	test	train	train	train	test	valid	train	test
DB01212	C0031154	1	C01	train	train	train	train	valid	valid	train	train	train	train
DB01212	C0032285	1	C08	valid	train	test	train	valid	train	train	train	valid	train
DB01214	C0003811	1	C14	valid	test	train	valid	test	train	train	test	train	valid
DB01214	C0017601	1	C11	train	valid	valid	train	valid	train	train	train	train	test
DB01214	C0017612	1	C11	train	valid	valid	train	valid	train	train	train	train	test
DB01214	C0028840	1	C11	train	valid	valid	train	valid	train	train	train	train	test
DB01215	C0021603	1	C10	train	train	train	train	train	valid	valid	train	train	train
DB01216	C0033578	1	C12	train	train	train	train	train	train	train	train	train	train
DB01216	C2937421	1	C12	train	train	train	train	train	train	train	train	train	train
DB01216	C4083212	1	C17	test	train	train	train	train	train	train	train	train	train
DB01217	C1458155	1	C04	train	train	valid	train	train	train	test	train	train	test
DB01219	C0007785	1	C10	train	train	train	train	train	valid	valid	train	train	train
DB01219	C0007789	1	C10	train	train	train	train	train	valid	valid	train	train	train
DB01219	C0024591	1	C23	train	valid	train	test	train	train	train	valid	test	train
DB01219	C0026769	1	C10	train	train	train	train	train	valid	valid	train	train	train
DB01219	C0026838	1	C05	train	train	train	train	train	train	train	train	train	train
DB01219	C0037763	1	C10	train	train	train	train	train	valid	valid	train	train	train
DB01220	C0011991	1	C23	train	valid	train	test	train	train	train	valid	test	train
DB01220	C0022104	1	C06	test	train	train	test	train	test	train	train	train	train
DB01220	C0220994	1	C23	train	valid	train	test	train	train	train	valid	test	train
DB01222	C0004096	1	C08	valid	train	test	train	valid	train	train	train	valid	train
DB01222	C0010346	1	C06	test	train	train	test	train	test	train	train	train	train
DB01222	C0018621	1	C08	valid	train	test	train	valid	train	train	train	valid	train
DB01222	C0020517	1	C20	train	train	train	train	train	train	train	train	valid	train
DB01222	C0035455	1	C08	valid	train	test	train	valid	train	train	train	valid	train
DB01222	C0035457	1	C08	valid	train	test	train	valid	train	train	train	valid	train
DB01223	C0003578	1	C08	valid	train	test	train	valid	train	train	train	valid	train
DB01223	C0004096	1	C08	valid	train	test	train	valid	train	train	train	valid	train
DB01223	C0008677	1	C08	valid	train	test	train	valid	train	train	train	valid	train
DB01223	C0024115	1	C08	valid	train	test	train	valid	train	train	train	valid	train
DB01223	C0034067	1	C23	train	valid	train	test	train	train	train	valid	test	train
DB01223	C0428977	1	C14	valid	test	train	valid	test	train	train	test	train	valid
DB01224	C0005586	1	F03	train	train	test	train	train	train	train	valid	train	train
DB01224	C0005587	1	F03	train	train	test	train	train	train	train	valid	train	train
DB01224	C0036341	1	F03	train	train	test	train	train	train	train	valid	train	train
DB01228	C0003811	1	C14	valid	test	train	valid	test	train	train	test	train	valid
DB01228	C0004238	1	C14	valid	test	train	valid	test	train	train	test	train	valid
DB01228	C0004239	1	C14	valid	test	train	valid	test	train	train	test	train	valid
DB01228	C0042514	1	C14	valid	test	train	valid	test	train	train	test	train	valid
DB01228	C0151636	1	C14	valid	test	train	valid	test	train	train	test	train	valid
DB01229	C0006142	1	C04	train	train	valid	train	train	train	test	train	train	test
DB01229	C0007131	1	C08	valid	train	test	train	valid	train	train	train	valid	train
DB01229	C0024121	1	C08	valid	train	test	train	valid	train	train	train	valid	train
DB01229	C0028840	1	C11	train	valid	valid	train	valid	train	train	train	train	test
DB01229	C0036220	1	C04	train	train	valid	train	train	train	test	train	train	test
DB01229	C0678222	1	C04	train	train	valid	train	train	train	test	train	train	test
DB01229	C0919267	1	C12	train	train	train	train	train	train	train	train	train	train
DB01229	C1140680	1	C12	train	train	train	train	train	train	train	train	train	train
DB01229	C1458155	1	C04	train	train	valid	train	train	train	test	train	train	test
DB01232	C0021051	1	C20	train	train	train	train	train	train	train	train	valid	train
DB01233	C0017168	1	C06	test	train	train	test	train	test	train	train	train	train
DB01233	C0027497	1	C23	train	valid	train	test	train	train	train	valid	test	train
DB01233	C0042963	1	C23	train	valid	train	test	train	train	train	valid	test	train
DB01233	C0152020	1	C06	test	train	train	test	train	test	train	train	train	train
DB01234	C0001403	1	C19	train	train	test	valid	train	train	test	train	train	valid
DB01234	C0002871	1	C15	train	train	train	train	train	train	train	train	test	train
DB01234	C0002875	1	C15	train	train	train	train	train	train	train	train	test	train
DB01234	C0002880	1	C15	train	train	train	train	train	train	train	train	test	train
DB01234	C0002994	1	C14	valid	test	train	valid	test	train	train	test	train	valid
DB01234	C0003868	1	C05	train	train	train	train	train	train	train	train	train	train
DB01234	C0003872	1	C05	train	train	train	train	train	train	train	train	train	train
DB01234	C0003873	1	C05	train	train	train	train	train	train	train	train	train	train
DB01234	C0004096	1	C08	valid	train	test	train	valid	train	train	train	valid	train
DB01234	C0005138	1	C08	valid	train	test	train	valid	train	train	train	valid	train
DB01234	C0006114	1	C10	train	train	train	train	train	valid	valid	train	train	train
DB01234	C0006413	1	C01	train	train	train	train	valid	valid	train	train	train	train
DB01234	C0009324	1	C06	test	train	train	test	train	test	train	train	train	train
DB01234	C0010346	1	C06	test	train	train	test	train	test	train	train	train	train
DB01234	C0011606	1	C17	test	train	train	train	train	train	train	train	train	train
DB01234	C0011615	1	C17	test	train	train	train	train	train	train	train	train	train
DB01234	C0011616	1	C17	test	train	train	train	train	train	train	train	train	train
DB01234	C0013604	1	C23	train	valid	train	test	train	train	train	valid	test	train
DB01234	C0014335	1	C06	test	train	train	test	train	test	train	train	train	train
DB01234	C0014742	1	C17	test	train	train	train	train	train	train	train	train	train
DB01234	C0015230	1	C17	test	train	train	train	train	train	train	train	train	train
DB01234	C0015397	1	C11	train	valid	valid	train	valid	train	train	train	train	test
DB01234	C0019829	1	C04	train	train	valid	train	train	train	test	train	train	test
DB01234	C0020437	1	C18	train	train	train	train	train	test	train	train	train	train
DB01234	C0020517	1	C20	train	train	train	train	train	train	train	train	valid	train
DB01234	C0021390	1	C06	test	train	train	test	train	test	train	train	train	train
DB01234	C0022073	1	C11	train	valid	valid	train	valid	train	train	train	train	test
DB01234	C0022548	1	A10	train	train	test	train	train	train	train	train	train	train
DB01234	C0022568	1	C11	train	valid	valid	train	valid	train	train	train	train	test
DB01234	C0023052	1	C08	valid	train	test	train	valid	train	train	train	valid	train
DB01234	C0023449	1	C15	train	train	train	train	train	train	train	train	test	train
DB01234	C0024138	1	C17	test	train	train	train	train	train	train	train	train	train
DB01234	C0024301	1	C04	train	train	valid	train	train	train	test	train	train	test
DB01234	C0024305	1	C04	train	train	valid	train	train	train	test	train	train	test
DB01234	C0026764	1	C15	train	train	train	train	train	train	train	train	test	train
DB01234	C0026769	1	C10	train	train	train	train	train	valid	valid	train	train	train
DB01234	C0026948	1	C04	train	train	valid	train	train	train	test	train	train	test
DB01234	C0027726	1	C12	train	train	train	train	train	train	train	train	train	train
DB01234	C0029408	1	C05	train	train	train	train	train	train	train	train	train	train
DB01234	C0030807	1	C17	test	train	train	train	train	train	train	train	train	train
DB01234	C0033860	1	C17	test	train	train	train	train	train	train	train	train	train
DB01234	C0035457	1	C08	valid	train	test	train	valid	train	train	train	valid	train
DB01234	C0035854	1	C17	test	train	train	train	train	train	train	train	train	train
DB01234	C0036202	1	C15	train	train	train	train	train	train	train	train	test	train
DB01234	C0036508	1	C17	test	train	train	train	train	train	train	train	train	train
DB01234	C0036830	1	C17	test	train	train	train	train	train	train	train	train	train
DB01234	C0036983	1	C23	train	valid	train	test	train	train	train	valid	test	train
DB01234	C0037274	1	C17	test	train	train	train	train	train	train	train	train	train
DB01234	C0038013	1	C05	train	train	train	train	train	train	train	train	train	train
DB01234	C0040147	1	C19	train	train	test	valid	train	train	test	train	train	valid
DB01234	C0042164	1	C11	train	valid	valid	train	valid	train	train	train	train	test
DB01234	C0079744	1	C04	train	train	valid	train	train	train	test	train	train	test
DB01234	C0405580	1	C19	train	train	test	valid	train	train	test	train	train	valid
DB01234	C0702166	1	C17	test	train	train	train	train	train	train	train	train	train
DB01234	C1260899	1	C15	train	train	train	train	train	train	train	train	test	train
DB01234	C1527311	1	C10	train	train	train	train	train	valid	valid	train	train	train
DB01235	C0030567	1	C10	train	train	train	train	train	valid	valid	train	train	train
DB01235	C0242422	1	C10	train	train	train	train	train	valid	valid	train	train	train
DB01237	C0018621	1	C08	valid	train	test	train	valid	train	train	train	valid	train
DB01237	C0020517	1	C20	train	train	train	train	train	train	train	train	valid	train
DB01237	C0021603	1	C10	train	train	train	train	train	valid	valid	train	train	train
DB01237	C0035457	1	C08	valid	train	test	train	valid	train	train	train	valid	train
DB01237	C0042109	1	C17	test	train	train	train	train	train	train	train	train	train
DB01238	C0004352	1	F03	train	train	test	train	train	train	train	valid	train	train
DB01238	C0005586	1	F03	train	train	test	train	train	train	train	valid	train	train
DB01239	C0005586	1	F03	train	train	test	train	train	train	train	valid	train	train
DB01239	C0036341	1	F03	train	train	test	train	train	train	train	valid	train	train
DB01240	C0034150	1	C23	train	valid	train	test	train	train	train	valid	test	train
DB01240	C0035222	1	C08	valid	train	test	train	valid	train	train	train	valid	train
DB01240	C0035455	1	C08	valid	train	test	train	valid	train	train	train	valid	train
DB01240	C0036421	1	C17	test	train	train	train	train	train	train	train	train	train
DB01240	C2973725	1	C08	valid	train	test	train	valid	train	train	train	valid	train
DB01241	C0020443	1	C18	train	train	train	train	train	test	train	train	train	train
DB01241	C0020473	1	C18	train	train	train	train	train	test	train	train	train	train
DB01241	C0020476	1	C18	train	train	train	train	train	test	train	train	train	train
DB01241	C0020480	1	C18	train	train	train	train	train	test	train	train	train	train
DB01241	C0020481	1	C18	train	train	train	train	train	test	train	train	train	train
DB01241	C0020557	1	C18	train	train	train	train	train	test	train	train	train	train
DB01241	C0030305	1	C06	test	train	train	test	train	test	train	train	train	train
DB01242	C0027404	1	C10	train	train	train	train	train	valid	valid	train	train	train
DB01242	C0150055	1	C23	train	valid	train	test	train	train	train	valid	test	train
DB01243	C0011991	1	C23	train	valid	train	test	train	train	train	valid	test	train
DB01243	C0014356	1	C06	test	train	train	test	train	test	train	train	train	train
DB01243	C0036508	1	C17	test	train	train	train	train	train	train	train	train	train
DB01244	C0002962	1	C14	valid	test	train	valid	test	train	train	test	train	valid
DB01244	C0003811	1	C14	valid	test	train	valid	test	train	train	test	train	valid
DB01246	C0002994	1	C14	valid	test	train	valid	test	train	train	test	train	valid
DB01246	C0011615	1	C17	test	train	train	train	train	train	train	train	train	train
DB01246	C0033774	1	C17	test	train	train	train	train	train	train	train	train	train
DB01246	C0035457	1	C08	valid	train	test	train	valid	train	train	train	valid	train
DB01247	C1269683	1	F03	train	train	test	train	train	train	train	valid	train	train
DB01248	C0007131	1	C08	valid	train	test	train	valid	train	train	train	valid	train
DB01248	C0018671	1	C04	train	train	valid	train	train	train	test	train	train	test
DB01248	C0025202	1	C04	train	train	valid	train	train	train	test	train	train	test
DB01248	C0030297	1	C04	train	train	valid	train	train	train	test	train	train	test
DB01248	C0038356	1	C06	test	train	train	test	train	test	train	train	train	train
DB01248	C0278996	1	C04	train	train	valid	train	train	train	test	train	train	test
DB01248	C0376358	1	C12	train	train	train	train	train	train	train	train	train	train
DB01248	C0678222	1	C04	train	train	valid	train	train	train	test	train	train	test
DB01248	C0919267	1	C12	train	train	train	train	train	train	train	train	train	train
DB01250	C0009324	1	C06	test	train	train	test	train	test	train	train	train	train
DB01251	C0011849	1	C18	train	train	train	train	train	test	train	train	train	train
DB01251	C0011860	1	C18	train	train	train	train	train	test	train	train	train	train
DB01251	C0020456	1	C18	train	train	train	train	train	test	train	train	train	train
DB01252	C0011849	1	C18	train	train	train	train	train	test	train	train	train	train
DB01252	C0011860	1	C18	train	train	train	train	train	test	train	train	train	train
DB01253	C0149931	1	C10	train	train	train	train	train	valid	valid	train	train	train
DB01254	C0005699	1	C04	train	train	valid	train	train	train	test	train	train	test
DB01254	C0023472	1	C15	train	train	train	train	train	train	train	train	test	train
DB01257	C0024790	1	C15	train	train	train	train	train	train	train	train	test	train
DB01260	C0004096	1	C08	valid	train	test	train	valid	train	train	train	valid	train
DB01260	C0010346	1	C06	test	train	train	test	train	test	train	train	train	train
DB01260	C0011615	1	C17	test	train	train	train	train	train	train	train	train	train
DB01260	C0011616	1	C17	test	train	train	train	train	train	train	train	train	train
DB01260	C0015230	1	C17	test	train	train	train	train	train	train	train	train	train
DB01260	C0015456	1	C17	test	train	train	train	train	train	train	train	train	train
DB01260	C0024138	1	C17	test	train	train	train	train	train	train	train	train	train
DB01260	C0036508	1	C17	test	train	train	train	train	train	train	train	train	train
DB01261	C0011860	1	C18	train	train	train	train	train	test	train	train	train	train
DB01261	C0020456	1	C18	train	train	train	train	train	test	train	train	train	train
DB01262	C0002871	1	C15	train	train	train	train	train	train	train	train	test	train
DB01262	C0002893	1	C15	train	train	train	train	train	train	train	train	test	train
DB01262	C0002894	1	C15	train	train	train	train	train	train	train	train	test	train
DB01262	C0023467	1	C04	train	train	valid	train	train	train	test	train	train	test
DB01262	C0023480	1	C15	train	train	train	train	train	train	train	train	test	train
DB01263	C0018133	1	C20	train	train	train	train	train	train	train	train	valid	train
DB01263	C0376545	1	C04	train	train	valid	train	train	train	test	train	train	test
DB01265	C0524909	1	C01	train	train	train	train	valid	valid	train	train	train	train
DB01267	C0033975	1	F03	train	train	test	train	train	train	train	valid	train	train
DB01267	C0036337	1	F03	train	train	test	train	train	train	train	valid	train	train
DB01267	C0036341	1	F03	train	train	test	train	train	train	train	valid	train	train
DB01268	C0007134	1	C12	train	train	train	train	train	train	train	train	train	train
DB01270	C0011884	1	C11	train	valid	valid	train	valid	train	train	train	train	test
DB01270	C0242383	1	C11	train	valid	valid	train	valid	train	train	train	train	test
DB01274	C0004096	1	C08	valid	train	test	train	valid	train	train	train	valid	train
DB01274	C0008677	1	C08	valid	train	test	train	valid	train	train	train	valid	train
DB01274	C0024117	1	C08	valid	train	test	train	valid	train	train	train	valid	train
DB01275	C0018802	1	C14	valid	test	train	valid	test	train	train	test	train	valid
DB01275	C0020538	1	C14	valid	test	train	valid	test	train	train	test	train	valid
DB01275	C0020542	1	C08	valid	train	test	train	valid	train	train	train	valid	train
DB01275	C0085580	1	C14	valid	test	train	valid	test	train	train	test	train	valid
DB01276	C0011849	1	C18	train	train	train	train	train	test	train	train	train	train
DB01277	C0002736	1	C10	train	train	train	train	train	valid	valid	train	train	train
DB01277	C0271568	1	C05	train	train	train	train	train	train	train	train	train	train
DB01278	C0011849	1	C18	train	train	train	train	train	test	train	train	train	train
DB01278	C0020456	1	C18	train	train	train	train	train	test	train	train	train	train
DB01279	C0026709	1	C16	train	train	test	train	train	train	train	train	train	train
DB01280	C1961099	1	C15	train	train	train	train	train	train	train	train	test	train
DB01281	C0003873	1	C05	train	train	train	train	train	train	train	train	train	train
DB01281	C3495559	1	C05	train	train	train	train	train	train	train	train	train	train
DB01282	C0019080	1	C23	train	valid	train	test	train	train	train	valid	test	train
DB01282	C0032897	1	C16	train	train	test	train	train	train	train	train	train	train
DB01283	C0029408	1	C05	train	train	train	train	train	train	train	train	train	train
DB01283	C0409959	1	C05	train	train	train	train	train	train	train	train	train	train
DB01284	C0405580	1	C19	train	train	test	valid	train	train	test	train	train	valid
DB01285	C0038325	1	C17	test	train	train	train	train	train	train	train	train	train
DB01288	C0004096	1	C08	valid	train	test	train	valid	train	train	train	valid	train
DB01288	C0022876	1	C12	train	train	train	train	train	train	train	train	train	train
DB01291	C0004096	1	C08	valid	train	test	train	valid	train	train	train	valid	train
DB01291	C0006267	1	C08	valid	train	test	train	valid	train	train	train	valid	train
DB01291	C0024115	1	C08	valid	train	test	train	valid	train	train	train	valid	train
DB01295	C0002962	1	C14	valid	test	train	valid	test	train	train	test	train	valid
DB01295	C0003811	1	C14	valid	test	train	valid	test	train	train	test	train	valid
DB01296	C0003862	1	C05	train	train	train	train	train	train	train	train	train	train
DB01296	C0003873	1	C05	train	train	train	train	train	train	train	train	train	train
DB01296	C0231528	1	C05	train	train	train	train	train	train	train	train	train	train
DB01297	C0003811	1	C14	valid	test	train	valid	test	train	train	test	train	valid
DB01303	C0003578	1	C08	valid	train	test	train	valid	train	train	train	valid	train
DB01303	C0004096	1	C08	valid	train	test	train	valid	train	train	train	valid	train
DB01303	C0034067	1	C23	train	valid	train	test	train	train	train	valid	test	train
DB01307	C0011849	1	C18	train	train	train	train	train	test	train	train	train	train
DB01307	C0011854	1	C18	train	train	train	train	train	test	train	train	train	train
DB01307	C0011860	1	C18	train	train	train	train	train	test	train	train	train	train
DB01307	C0020456	1	C18	train	train	train	train	train	test	train	train	train	train
DB01309	C0011849	1	C18	train	train	train	train	train	test	train	train	train	train
DB01309	C0020456	1	C18	train	train	train	train	train	test	train	train	train	train
DB01320	C0014544	1	C10	train	train	train	train	train	valid	valid	train	train	train
DB01320	C0036572	1	C10	train	train	train	train	train	valid	valid	train	train	train
DB01320	C0038220	1	C10	train	train	train	train	train	valid	valid	train	train	train
DB01324	C0013604	1	C23	train	valid	train	test	train	train	train	valid	test	train
DB01324	C0018802	1	C14	valid	test	train	valid	test	train	train	test	train	valid
DB01324	C0020538	1	C14	valid	test	train	valid	test	train	train	test	train	valid
DB01324	C0022661	1	C12	train	train	train	train	train	train	train	train	train	train
DB01324	C0023890	1	C06	test	train	train	test	train	test	train	train	train	train
DB01325	C0013604	1	C23	train	valid	train	test	train	train	train	valid	test	train
DB01325	C0018802	1	C14	valid	test	train	valid	test	train	train	test	train	valid
DB01325	C0027726	1	C12	train	train	train	train	train	train	train	train	train	train
DB01327	C0008311	1	C06	test	train	train	test	train	test	train	train	train	train
DB01333	C0032285	1	C08	valid	train	test	train	valid	train	train	train	valid	train
DB01333	C0033581	1	C12	train	train	train	train	train	train	train	train	train	train
DB01333	C0042029	1	C12	train	train	train	train	train	train	train	train	train	train
DB01340	C0018802	1	C14	valid	test	train	valid	test	train	train	test	train	valid
DB01340	C0020538	1	C14	valid	test	train	valid	test	train	train	test	train	valid
DB01349	C0018801	1	C14	valid	test	train	valid	test	train	train	test	train	valid
DB01349	C0020538	1	C14	valid	test	train	valid	test	train	train	test	train	valid
DB01351	C0014544	1	C10	train	train	train	train	train	valid	valid	train	train	train
DB01351	C0021603	1	C10	train	train	train	train	train	valid	valid	train	train	train
DB01351	C0038220	1	C10	train	train	train	train	train	valid	valid	train	train	train
DB01351	C0917801	1	C10	train	train	train	train	train	valid	valid	train	train	train
DB01352	C0021603	1	C10	train	train	train	train	train	valid	valid	train	train	train
DB01352	C0917801	1	C10	train	train	train	train	train	valid	valid	train	train	train
DB01353	C0917801	1	C10	train	train	train	train	train	valid	valid	train	train	train
DB01356	C0003873	1	C05	train	train	train	train	train	train	train	train	train	train
DB01356	C0005586	1	F03	train	train	test	train	train	train	train	valid	train	train
DB01356	C0013390	1	C23	train	valid	train	test	train	train	train	valid	test	train
DB01356	C0015967	1	C23	train	valid	train	test	train	train	train	valid	test	train
DB01356	C0029408	1	C05	train	train	train	train	train	train	train	train	train	train
DB01356	C0030193	1	C23	train	valid	train	test	train	train	train	valid	test	train
DB01357	C0014175	1	C12	train	train	train	train	train	train	train	train	train	train
DB01357	C0025323	1	C12	train	train	train	train	train	train	train	train	train	train
DB01359	C0020538	1	C14	valid	test	train	valid	test	train	train	test	train	valid
DB01359	C0027051	1	C14	valid	test	train	valid	test	train	train	test	train	valid
DB01364	C0018621	1	C08	valid	train	test	train	valid	train	train	train	valid	train
DB01364	C0020649	1	C14	valid	test	train	valid	test	train	train	test	train	valid
DB01364	C0027404	1	C10	train	train	train	train	train	valid	valid	train	train	train
DB01364	C0028754	1	C18	train	train	train	train	train	test	train	train	train	train
DB01364	C0035455	1	C08	valid	train	test	train	valid	train	train	train	valid	train
DB01365	C0020649	1	C14	valid	test	train	valid	test	train	train	test	train	valid
DB01366	C0004096	1	C08	valid	train	test	train	valid	train	train	train	valid	train
DB01366	C0024117	1	C08	valid	train	test	train	valid	train	train	train	valid	train
DB01367	C0030567	1	C10	train	train	train	train	train	valid	valid	train	train	train
DB01378	C0024473	1	C18	train	train	train	train	train	test	train	train	train	train
DB01380	C0001403	1	C19	train	train	test	valid	train	train	test	train	train	valid
DB01380	C0001623	1	C19	train	train	test	valid	train	train	test	train	train	valid
DB01380	C0001627	1	C12	train	train	train	train	train	train	train	train	train	train
DB01380	C0002875	1	C15	train	train	train	train	train	train	train	train	test	train
DB01380	C0002880	1	C15	train	train	train	train	train	train	train	train	test	train
DB01380	C0002994	1	C14	valid	test	train	valid	test	train	train	test	train	valid
DB01380	C0003868	1	C05	train	train	train	train	train	train	train	train	train	train
DB01380	C0003872	1	C05	train	train	train	train	train	train	train	train	train	train
DB01380	C0003873	1	C05	train	train	train	train	train	train	train	train	train	train
DB01380	C0004096	1	C08	valid	train	test	train	valid	train	train	train	valid	train
DB01380	C0004364	1	C20	train	train	train	train	train	train	train	train	valid	train
DB01380	C0005138	1	C08	valid	train	test	train	valid	train	train	train	valid	train
DB01380	C0006114	1	C10	train	train	train	train	train	valid	valid	train	train	train
DB01380	C0009324	1	C06	test	train	train	test	train	test	train	train	train	train
DB01380	C0009763	1	C11	train	valid	valid	train	valid	train	train	train	train	test
DB01380	C0010043	1	C11	train	valid	valid	train	valid	train	train	train	train	test
DB01380	C0010346	1	C06	test	train	train	test	train	test	train	train	train	train
DB01380	C0011606	1	C17	test	train	train	train	train	train	train	train	train	train
DB01380	C0011616	1	C17	test	train	train	train	train	train	train	train	train	train
DB01380	C0014742	1	C17	test	train	train	train	train	train	train	train	train	train
DB01380	C0015230	1	C17	test	train	train	train	train	train	train	train	train	train
DB01380	C0015397	1	C11	train	valid	valid	train	valid	train	train	train	train	test
DB01380	C0017563	1	C07	train	train	train	train	test	train	train	train	train	train
DB01380	C0019112	1	C06	test	train	train	test	train	test	train	train	train	train
DB01380	C0019829	1	C04	train	train	valid	train	train	train	test	train	train	test
DB01380	C0020517	1	C20	train	train	train	train	train	train	train	train	valid	train
DB01380	C0021390	1	C06	test	train	train	test	train	test	train	train	train	train
DB01380	C0022073	1	C11	train	valid	valid	train	valid	train	train	train	train	test
DB01380	C0022568	1	C11	train	valid	valid	train	valid	train	train	train	train	test
DB01380	C0023052	1	C08	valid	train	test	train	valid	train	train	train	valid	train
DB01380	C0023449	1	C15	train	train	train	train	train	train	train	train	test	train
DB01380	C0024138	1	C17	test	train	train	train	train	train	train	train	train	train
DB01380	C0024141	1	C17	test	train	train	train	train	train	train	train	train	train
DB01380	C0024301	1	C04	train	train	valid	train	train	train	test	train	train	test
DB01380	C0024305	1	C04	train	train	valid	train	train	train	test	train	train	test
DB01380	C0025289	1	C10	train	train	train	train	train	valid	valid	train	train	train
DB01380	C0026769	1	C10	train	train	train	train	train	valid	valid	train	train	train
DB01380	C0026948	1	C04	train	train	valid	train	train	train	test	train	train	test
DB01380	C0027726	1	C12	train	train	train	train	train	train	train	train	train	train
DB01380	C0029408	1	C05	train	train	train	train	train	train	train	train	train	train
DB01380	C0035854	1	C17	test	train	train	train	train	train	train	train	train	train
DB01380	C0036202	1	C15	train	train	train	train	train	train	train	train	test	train
DB01380	C0036508	1	C17	test	train	train	train	train	train	train	train	train	train
DB01380	C0036830	1	C17	test	train	train	train	train	train	train	train	train	train
DB01380	C0037274	1	C17	test	train	train	train	train	train	train	train	train	train
DB01380	C0038013	1	C05	train	train	train	train	train	train	train	train	train	train
DB01380	C0038363	1	C07	train	train	train	train	test	train	train	train	train	train
DB01380	C0039103	1	C05	train	train	train	train	train	train	train	train	train	train
DB01380	C0040147	1	C19	train	train	test	valid	train	train	test	train	train	valid
DB01380	C0042109	1	C17	test	train	train	train	train	train	train	train	train	train
DB01380	C0042164	1	C11	train	valid	valid	train	valid	train	train	train	train	test
DB01380	C0405580	1	C19	train	train	test	valid	train	train	test	train	train	valid
DB01380	C1260899	1	C15	train	train	train	train	train	train	train	train	test	train
DB01382	C0011860	1	C18	train	train	train	train	train	test	train	train	train	train
DB01382	C0020456	1	C18	train	train	train	train	train	test	train	train	train	train
DB01392	C0242350	1	C12	train	train	train	train	train	train	train	train	train	train
DB01392	C0428977	1	C14	valid	test	train	valid	test	train	train	test	train	valid
DB01393	C0011849	1	C18	train	train	train	train	train	test	train	train	train	train
DB01393	C0020443	1	C18	train	train	train	train	train	test	train	train	train	train
DB01393	C0020473	1	C18	train	train	train	train	train	test	train	train	train	train
DB01393	C0020476	1	C18	train	train	train	train	train	test	train	train	train	train
DB01393	C0020479	1	C18	train	train	train	train	train	test	train	train	train	train
DB01393	C0020480	1	C18	train	train	train	train	train	test	train	train	train	train
DB01393	C0020481	1	C18	train	train	train	train	train	test	train	train	train	train
DB01393	C0745103	1	C18	train	train	train	train	train	test	train	train	train	train
DB01393	C1704417	1	C18	train	train	train	train	train	test	train	train	train	train
DB01394	C0015967	1	C23	train	valid	train	test	train	train	train	valid	test	train
DB01394	C0018099	1	C05	train	train	train	train	train	train	train	train	train	train
DB01395	C0020428	1	C19	train	train	test	valid	train	train	test	train	train	valid
DB01396	C0003811	1	C14	valid	test	train	valid	test	train	train	test	train	valid
DB01396	C0004238	1	C14	valid	test	train	valid	test	train	train	test	train	valid
DB01396	C0004239	1	C14	valid	test	train	valid	test	train	train	test	train	valid
DB01396	C0018801	1	C14	valid	test	train	valid	test	train	train	test	train	valid
DB01396	C0018802	1	C14	valid	test	train	valid	test	train	train	test	train	valid
DB01396	C0039240	1	C14	valid	test	train	valid	test	train	train	test	train	valid
DB01397	C0003862	1	C05	train	train	train	train	train	train	train	train	train	train
DB01397	C0003873	1	C05	train	train	train	train	train	train	train	train	train	train
DB01397	C0013390	1	C23	train	valid	train	test	train	train	train	valid	test	train
DB01397	C0015967	1	C23	train	valid	train	test	train	train	train	valid	test	train
DB01397	C0029408	1	C05	train	train	train	train	train	train	train	train	train	train
DB01397	C0030193	1	C23	train	valid	train	test	train	train	train	valid	test	train
DB01397	C0039103	1	C05	train	train	train	train	train	train	train	train	train	train
DB01399	C0003864	1	C05	train	train	train	train	train	train	train	train	train	train
DB01399	C0003873	1	C05	train	train	train	train	train	train	train	train	train	train
DB01399	C0029408	1	C05	train	train	train	train	train	train	train	train	train	train
DB01400	C0017601	1	C11	train	valid	valid	train	valid	train	train	train	train	test
DB01400	C0026896	1	C10	train	train	train	train	train	valid	valid	train	train	train
DB01400	C0080274	1	C12	train	train	train	train	train	train	train	train	train	train
DB01401	C0003864	1	C05	train	train	train	train	train	train	train	train	train	train
DB01403	C0005586	1	F03	train	train	test	train	train	train	train	valid	train	train
DB01403	C0027497	1	C23	train	valid	train	test	train	train	train	valid	test	train
DB01403	C0036341	1	F03	train	train	test	train	train	train	train	valid	train	train
DB01403	C0917801	1	C10	train	train	train	train	train	valid	valid	train	train	train
DB01404	C0242350	1	C12	train	train	train	train	train	train	train	train	train	train
DB01406	C0002994	1	C14	valid	test	train	valid	test	train	train	test	train	valid
DB01406	C0013604	1	C23	train	valid	train	test	train	train	train	valid	test	train
DB01406	C0014175	1	C12	train	train	train	train	train	train	train	train	train	train
DB01407	C0004096	1	C08	valid	train	test	train	valid	train	train	train	valid	train
DB01408	C0004096	1	C08	valid	train	test	train	valid	train	train	train	valid	train
DB01408	C0022876	1	C12	train	train	train	train	train	train	train	train	train	train
DB01408	C0034067	1	C23	train	valid	train	test	train	train	train	valid	test	train
DB01409	C0004096	1	C08	valid	train	test	train	valid	train	train	train	valid	train
DB01409	C0008677	1	C08	valid	train	test	train	valid	train	train	train	valid	train
DB01409	C0024117	1	C08	valid	train	test	train	valid	train	train	train	valid	train
DB01409	C0034067	1	C23	train	valid	train	test	train	train	train	valid	test	train
DB01410	C0004096	1	C08	valid	train	test	train	valid	train	train	train	valid	train
DB01410	C0018621	1	C08	valid	train	test	train	valid	train	train	train	valid	train
DB01410	C0020517	1	C20	train	train	train	train	train	train	train	train	valid	train
DB01410	C0035457	1	C08	valid	train	test	train	valid	train	train	train	valid	train
DB01411	C0004096	1	C08	valid	train	test	train	valid	train	train	train	valid	train
DB01412	C0004096	1	C08	valid	train	test	train	valid	train	train	train	valid	train
DB01418	C0040038	1	C14	valid	test	train	valid	test	train	train	test	train	valid
DB01418	C0040053	1	C14	valid	test	train	valid	test	train	train	test	train	valid
DB01420	C0010417	1	C12	train	train	train	train	train	train	train	train	train	train
DB01420	C0034012	1	C19	train	train	test	valid	train	train	test	train	train	valid
DB01425	C0027497	1	C23	train	valid	train	test	train	train	train	valid	test	train
DB01426	C0003811	1	C14	valid	test	train	valid	test	train	train	test	train	valid
DB01426	C0043202	1	C14	valid	test	train	valid	test	train	train	test	train	valid
DB01427	C0007193	1	C14	valid	test	train	valid	test	train	train	test	train	valid
DB01427	C0018802	1	C14	valid	test	train	valid	test	train	train	test	train	valid
DB01427	C0036980	1	C23	train	valid	train	test	train	train	train	valid	test	train
DB01429	C0003811	1	C14	valid	test	train	valid	test	train	train	test	train	valid
DB01430	C0024117	1	C08	valid	train	test	train	valid	train	train	train	valid	train
DB01430	C0235063	1	C08	valid	train	test	train	valid	train	train	train	valid	train
DB01431	C0000786	1	C12	train	train	train	train	train	train	train	train	train	train
DB01431	C0022876	1	C12	train	train	train	train	train	train	train	train	train	train
DB01435	C0029882	1	C09	train	train	test	train	train	train	test	valid	train	test
DB01436	C0020502	1	C19	train	train	test	valid	train	train	test	train	train	valid
DB01436	C0020626	1	C19	train	train	test	valid	train	train	test	train	train	valid
DB01436	C0042842	1	C18	train	train	train	train	train	test	train	train	train	train
DB01436	C0042870	1	C18	train	train	train	train	train	test	train	train	train	train
DB01437	C0021603	1	C10	train	train	train	train	train	valid	valid	train	train	train
DB01437	C0917801	1	C10	train	train	train	train	train	valid	valid	train	train	train
DB01438	C0013428	1	C23	train	valid	train	test	train	train	train	valid	test	train
DB01440	C0027404	1	C10	train	train	train	train	train	valid	valid	train	train	train
DB01440	C0751362	1	C10	train	train	train	train	train	valid	valid	train	train	train
DB01452	C0027051	1	C14	valid	test	train	valid	test	train	train	test	train	valid
DB01452	C0150055	1	C23	train	valid	train	test	train	train	train	valid	test	train
DB01483	C0036572	1	C10	train	train	train	train	train	valid	valid	train	train	train
DB01576	C0027404	1	C10	train	train	train	train	train	valid	valid	train	train	train
DB01577	C0027404	1	C10	train	train	train	train	train	valid	valid	train	train	train
DB01577	C0028754	1	C18	train	train	train	train	train	test	train	train	train	train
DB01579	C0028754	1	C18	train	train	train	train	train	test	train	train	train	train
DB01580	C0002962	1	C14	valid	test	train	valid	test	train	train	test	train	valid
DB01580	C0003467	1	F01	valid	train	train	train	train	valid	test	train	train	train
DB01580	C0003811	1	C14	valid	test	train	valid	test	train	train	test	train	valid
DB01580	C0020538	1	C14	valid	test	train	valid	test	train	train	test	train	valid
DB01586	C0008312	1	C06	test	train	train	test	train	test	train	train	train	train
DB01586	C0008350	1	C06	test	train	train	test	train	test	train	train	train	train
DB01586	C0023892	1	C06	test	train	train	test	train	test	train	train	train	train
DB01588	C0001957	1	C25	train	train	valid	train	valid	train	train	train	train	train
DB01588	C0003467	1	F01	valid	train	train	train	train	valid	test	train	train	train
DB01588	C0013295	1	C06	test	train	train	test	train	test	train	train	train	train
DB01588	C0917801	1	C10	train	train	train	train	train	valid	valid	train	train	train
DB01589	C0917801	1	C10	train	train	train	train	train	valid	valid	train	train	train
DB01590	C0007134	1	C12	train	train	train	train	train	train	train	train	train	train
DB01590	C0678222	1	C04	train	train	valid	train	train	train	test	train	train	test
DB01591	C0042024	1	C12	train	train	train	train	train	train	train	train	train	train
DB01593	C0042345	1	C14	valid	test	train	valid	test	train	train	test	train	valid
DB01595	C0014550	1	C10	train	train	train	train	train	valid	valid	train	train	train
DB01595	C0917801	1	C10	train	train	train	train	train	valid	valid	train	train	train
DB01599	C0020443	1	C18	train	train	train	train	train	test	train	train	train	train
DB01599	C0020473	1	C18	train	train	train	train	train	test	train	train	train	train
DB01599	C0020476	1	C18	train	train	train	train	train	test	train	train	train	train
DB01600	C0003873	1	C05	train	train	train	train	train	train	train	train	train	train
DB01600	C0029408	1	C05	train	train	train	train	train	train	train	train	train	train
DB01600	C0030193	1	C23	train	valid	train	test	train	train	train	valid	test	train
DB01609	C0005283	1	C15	train	train	train	train	train	train	train	train	test	train
DB01609	C0282193	1	C18	train	train	train	train	train	test	train	train	train	train
DB01611	C0003873	1	C05	train	train	train	train	train	train	train	train	train	train
DB01611	C0024138	1	C17	test	train	train	train	train	train	train	train	train	train
DB01611	C0024141	1	C17	test	train	train	train	train	train	train	train	train	train
DB01616	C0006142	1	C04	train	train	valid	train	train	train	test	train	train	test
DB01616	C0022104	1	C06	test	train	train	test	train	test	train	train	train	train
DB01618	C0036341	1	F03	train	train	test	train	train	train	train	valid	train	train
DB01619	C0015230	1	C17	test	train	train	train	train	train	train	train	train	train
DB01619	C0020517	1	C20	train	train	train	train	train	train	train	train	valid	train
DB01619	C0033774	1	C17	test	train	train	train	train	train	train	train	train	train
DB01619	C0042109	1	C17	test	train	train	train	train	train	train	train	train	train
DB01620	C0015967	1	C23	train	valid	train	test	train	train	train	valid	test	train
DB01620	C0018621	1	C08	valid	train	test	train	valid	train	train	train	valid	train
DB01620	C0020517	1	C20	train	train	train	train	train	train	train	train	valid	train
DB01620	C0033774	1	C17	test	train	train	train	train	train	train	train	train	train
DB01620	C0042109	1	C17	test	train	train	train	train	train	train	train	train	train
DB01621	C0036341	1	F03	train	train	test	train	train	train	train	valid	train	train
DB01622	C0036341	1	F03	train	train	test	train	train	train	train	valid	train	train
DB01623	C0036341	1	F03	train	train	test	train	train	train	train	valid	train	train
DB01624	C0005586	1	F03	train	train	test	train	train	train	train	valid	train	train
DB01624	C0036341	1	F03	train	train	test	train	train	train	train	valid	train	train
DB01625	C0008350	1	C06	test	train	train	test	train	test	train	train	train	train
DB01625	C0017152	1	C06	test	train	train	test	train	test	train	train	train	train
DB01625	C0022104	1	C06	test	train	train	test	train	test	train	train	train	train
DB01625	C0030920	1	C06	test	train	train	test	train	test	train	train	train	train
DB01626	C0020538	1	C14	valid	test	train	valid	test	train	train	test	train	valid
DB01628	C0003864	1	C05	train	train	train	train	train	train	train	train	train	train
DB01628	C0003872	1	C05	train	train	train	train	train	train	train	train	train	train
DB01628	C0003873	1	C05	train	train	train	train	train	train	train	train	train	train
DB01628	C0018099	1	C05	train	train	train	train	train	train	train	train	train	train
DB01628	C0038013	1	C05	train	train	train	train	train	train	train	train	train	train
DB01656	C0004096	1	C08	valid	train	test	train	valid	train	train	train	valid	train
DB01685	C0018099	1	C05	train	train	train	train	train	train	train	train	train	train
DB01685	C0740394	1	C23	train	valid	train	test	train	train	train	valid	test	train
DB01708	C0001623	1	C19	train	train	test	valid	train	train	test	train	train	valid
DB01708	C0024141	1	C17	test	train	train	train	train	train	train	train	train	train
DB01708	C0029453	1	C05	train	train	train	train	train	train	train	train	train	train
DB01708	C0029456	1	C05	train	train	train	train	train	train	train	train	train	train
DB01708	C0149745	1	C07	train	train	train	train	test	train	train	train	train	train
DB01708	C0242350	1	C12	train	train	train	train	train	train	train	train	train	train
DB01744	C0004604	1	C23	train	valid	train	test	train	train	train	valid	test	train
DB01839	C0022638	1	C18	train	train	train	train	train	test	train	train	train	train
DB01956	C0003467	1	F01	valid	train	train	train	train	valid	test	train	train	train
DB01956	C0917801	1	C10	train	train	train	train	train	valid	valid	train	train	train
DB02530	C0014544	1	C10	train	train	train	train	train	valid	valid	train	train	train
DB02638	C0020649	1	C14	valid	test	train	valid	test	train	train	test	train	valid
DB02659	C0005424	1	C06	test	train	train	test	train	test	train	train	train	train
DB02659	C0008350	1	C06	test	train	train	test	train	test	train	train	train	train
DB02659	C0009806	1	C23	train	valid	train	test	train	train	train	valid	test	train
DB02659	C0043459	1	C12	train	train	train	train	train	train	train	train	train	train
DB02659	C0238052	1	C18	train	train	train	train	train	test	train	train	train	train
DB02659	C0282528	1	C16	train	train	test	train	train	train	train	train	train	train
DB02701	C0020473	1	C18	train	train	train	train	train	test	train	train	train	train
DB02701	C0702166	1	C17	test	train	train	train	train	train	train	train	train	train
DB02709	C0596263	1	C04	train	train	valid	train	train	train	test	train	train	test
DB03017	C0014356	1	C06	test	train	train	test	train	test	train	train	train	train
DB03017	C0702166	1	C17	test	train	train	train	train	train	train	train	train	train
DB03085	C0022593	1	C17	test	train	train	train	train	train	train	train	train	train
DB03128	C0015672	1	C23	train	valid	train	test	train	train	train	valid	test	train
DB03128	C0017601	1	C11	train	valid	valid	train	valid	train	train	train	train	test
DB03128	C0018681	1	C23	train	valid	train	test	train	train	train	valid	test	train
DB03255	C0033774	1	C17	test	train	train	train	train	train	train	train	train	train
DB03255	C0038363	1	C07	train	train	train	train	test	train	train	train	train	train
DB03255	C0042345	1	C14	valid	test	train	valid	test	train	train	test	train	valid
DB03793	C0011633	1	C17	test	train	train	train	train	train	train	train	train	train
DB03793	C0030807	1	C17	test	train	train	train	train	train	train	train	train	train
DB03793	C0030848	1	C12	train	train	train	train	train	train	train	train	train	train
DB03793	C0220994	1	C23	train	valid	train	test	train	train	train	valid	test	train
DB03852	C0017574	1	C01	train	train	train	train	valid	valid	train	train	train	train
DB03904	C0011603	1	C17	test	train	train	train	train	train	train	train	train	train
DB03904	C0011616	1	C17	test	train	train	train	train	train	train	train	train	train
DB03904	C0015230	1	C17	test	train	train	train	train	train	train	train	train	train
DB03904	C0020757	1	C16	train	train	test	train	train	train	train	train	train	train
DB03904	C0022593	1	C17	test	train	train	train	train	train	train	train	train	train
DB03904	C0028840	1	C11	train	valid	valid	train	valid	train	train	train	train	test
DB03904	C0033860	1	C17	test	train	train	train	train	train	train	train	train	train
DB03904	C0036508	1	C17	test	train	train	train	train	train	train	train	train	train
DB03904	C0079584	1	C17	test	train	train	train	train	train	train	train	train	train
DB03904	C0151740	1	C10	train	train	train	train	train	valid	valid	train	train	train
DB04106	C0025202	1	C04	train	train	valid	train	train	train	test	train	train	test
DB04115	C0014356	1	C06	test	train	train	test	train	test	train	train	train	train
DB04115	C0042345	1	C14	valid	test	train	valid	test	train	train	test	train	valid
DB04216	C0015672	1	C23	train	valid	train	test	train	train	train	valid	test	train
DB04272	C0001126	1	C12	train	train	train	train	train	train	train	train	train	train
DB04272	C0020517	1	C20	train	train	train	train	train	train	train	train	valid	train
DB04272	C0042035	1	C12	train	train	train	train	train	train	train	train	train	train
DB04465	C0022951	1	C18	train	train	train	train	train	test	train	train	train	train
DB04519	C0014356	1	C06	test	train	train	test	train	test	train	train	train	train
DB04552	C0003862	1	C05	train	train	train	train	train	train	train	train	train	train
DB04552	C0003873	1	C05	train	train	train	train	train	train	train	train	train	train
DB04552	C0231528	1	C05	train	train	train	train	train	train	train	train	train	train
DB04572	C0001418	1	C04	train	train	valid	train	train	train	test	train	train	test
DB04572	C0005695	1	C12	train	train	train	train	train	train	train	train	train	train
DB04572	C0019829	1	C04	train	train	valid	train	train	train	test	train	train	test
DB04572	C0024299	1	C04	train	train	valid	train	train	train	test	train	train	test
DB04572	C0024305	1	C04	train	train	valid	train	train	train	test	train	train	test
DB04572	C1140680	1	C12	train	train	train	train	train	train	train	train	train	train
DB04572	C1261473	1	C04	train	train	valid	train	train	train	test	train	train	test
DB04575	C0376358	1	C12	train	train	train	train	train	train	train	train	train	train
DB04576	C0011991	1	C23	train	valid	train	test	train	train	train	valid	test	train
DB04576	C0014335	1	C06	test	train	train	test	train	test	train	train	train	train
DB04665	C0004096	1	C08	valid	train	test	train	valid	train	train	train	valid	train
DB04665	C0007570	1	C06	test	train	train	test	train	test	train	train	train	train
DB04665	C0009324	1	C06	test	train	train	test	train	test	train	train	train	train
DB04743	C0029408	1	C05	train	train	train	train	train	train	train	train	train	train
DB04837	C0035455	1	C08	valid	train	test	train	valid	train	train	train	valid	train
DB04838	C0003850	1	C14	valid	test	train	valid	test	train	train	test	train	valid
DB04838	C0034734	1	C14	valid	test	train	valid	test	train	train	test	train	valid
DB04840	C0020544	1	C12	train	train	train	train	train	train	train	train	train	train
DB04841	C0042571	1	C09	train	train	test	train	train	train	test	valid	train	test
DB04841	C1704436	1	C14	valid	test	train	valid	test	train	train	test	train	valid
DB04842	C0036341	1	F03	train	train	test	train	train	train	train	valid	train	train
DB04843	C0030920	1	C06	test	train	train	test	train	test	train	train	train	train
DB04843	C0038358	1	C06	test	train	train	test	train	test	train	train	train	train
DB04844	C0008489	1	C10	train	train	train	train	train	valid	valid	train	train	train
DB04844	C0020179	1	C10	train	train	train	train	train	valid	valid	train	train	train
DB04844	C0026650	1	C10	train	train	train	train	train	valid	valid	train	train	train
DB04845	C0006142	1	C04	train	train	valid	train	train	train	test	train	train	test
DB04845	C0007134	1	C12	train	train	train	train	train	train	train	train	train	train
DB04845	C0024305	1	C04	train	train	valid	train	train	train	test	train	train	test
DB04845	C0025202	1	C04	train	train	valid	train	train	train	test	train	train	test
DB04845	C0278996	1	C04	train	train	valid	train	train	train	test	train	train	test
DB04845	C0376358	1	C12	train	train	train	train	train	train	train	train	train	train
DB04845	C0678222	1	C04	train	train	valid	train	train	train	test	train	train	test
DB04846	C0003811	1	C14	valid	test	train	valid	test	train	train	test	train	valid
DB04846	C0013720	1	C17	test	train	train	train	train	train	train	train	train	train
DB04846	C0020538	1	C14	valid	test	train	valid	test	train	train	test	train	valid
DB04854	C0018099	1	C05	train	train	train	train	train	train	train	train	train	train
DB04854	C0740394	1	C23	train	valid	train	test	train	train	train	valid	test	train
DB04855	C0004238	1	C14	valid	test	train	valid	test	train	train	test	train	valid
DB04855	C0235480	1	C14	valid	test	train	valid	test	train	train	test	train	valid
DB04861	C0020538	1	C14	valid	test	train	valid	test	train	train	test	train	valid
DB04861	C0085580	1	C14	valid	test	train	valid	test	train	train	test	train	valid
DB04865	C0023467	1	C04	train	train	valid	train	train	train	test	train	train	test
DB04868	C0023418	1	C04	train	train	valid	train	train	train	test	train	train	test
DB04871	C0028754	1	C18	train	train	train	train	train	test	train	train	train	train
DB04876	C0011849	1	C18	train	train	train	train	train	test	train	train	train	train
DB04876	C0011860	1	C18	train	train	train	train	train	test	train	train	train	train
DB04876	C0020456	1	C18	train	train	train	train	train	test	train	train	train	train
DB04878	C0011849	1	C18	train	train	train	train	train	test	train	train	train	train
DB04878	C0011860	1	C18	train	train	train	train	train	test	train	train	train	train
DB04878	C0017205	1	C18	train	train	train	train	train	test	train	train	train	train
DB04878	C0020456	1	C18	train	train	train	train	train	test	train	train	train	train
DB04880	C0018802	1	C14	valid	test	train	valid	test	train	train	test	train	valid
DB04890	C0009763	1	C11	train	valid	valid	train	valid	train	train	train	train	test
DB04890	C0020517	1	C20	train	train	train	train	train	train	train	train	valid	train
DB04890	C0042109	1	C17	test	train	train	train	train	train	train	train	train	train
DB04894	C0023890	1	C06	test	train	train	test	train	test	train	train	train	train
DB04896	C0150055	1	C23	train	valid	train	test	train	train	train	valid	test	train
DB04898	C0040053	1	C14	valid	test	train	valid	test	train	train	test	train	valid
DB04899	C0013405	1	C08	valid	train	test	train	valid	train	train	train	valid	train
DB04924	C0003123	1	C23	train	valid	train	test	train	train	train	valid	test	train
DB04924	C0018834	1	C23	train	valid	train	test	train	train	train	valid	test	train
DB04924	C0027497	1	C23	train	valid	train	test	train	train	train	valid	test	train
DB04924	C0042963	1	C23	train	valid	train	test	train	train	train	valid	test	train
DB04924	C0152020	1	C06	test	train	train	test	train	test	train	train	train	train
DB04931	C0162568	1	C06	test	train	train	test	train	test	train	train	train	train
DB04931	C0596263	1	C04	train	train	valid	train	train	train	test	train	train	test
DB04932	C0019156	1	C06	test	train	train	test	train	test	train	train	train	train
DB04932	C0040053	1	C14	valid	test	train	valid	test	train	train	test	train	valid
DB04938	C0029456	1	C05	train	train	train	train	train	train	train	train	train	train
DB04938	C1384606	1	C12	train	train	train	train	train	train	train	train	train	train
DB04941	C0014356	1	C06	test	train	train	test	train	test	train	train	train	train
DB04942	C0023418	1	C04	train	train	valid	train	train	train	test	train	train	test
DB04942	C0023487	1	C04	train	train	valid	train	train	train	test	train	train	test
DB04946	C0036341	1	F03	train	train	test	train	train	train	train	valid	train	train
DB04951	C1800706	1	C08	valid	train	test	train	valid	train	train	train	valid	train
DB04953	C0014544	1	C10	train	train	train	train	train	valid	valid	train	train	train
DB04967	C0036323	1	C01	train	train	train	train	valid	valid	train	train	train	train
DB05016	C0010674	1	C16	train	train	test	train	train	train	train	train	train	train
DB05016	C0013264	1	C16	train	train	test	train	train	train	train	train	train	train
DB05039	C0008677	1	C08	valid	train	test	train	valid	train	train	train	valid	train
DB05039	C0024117	1	C08	valid	train	test	train	valid	train	train	train	valid	train
DB05039	C0034067	1	C23	train	valid	train	test	train	train	train	valid	test	train
DB05099	C0040053	1	C14	valid	test	train	valid	test	train	train	test	train	valid
DB05239	C0025202	1	C04	train	train	valid	train	train	train	test	train	train	test
DB05246	C0014544	1	C10	train	train	train	train	train	valid	valid	train	train	train
DB05246	C0036572	1	C10	train	train	train	train	train	valid	valid	train	train	train
DB05260	C0020437	1	C18	train	train	train	train	train	test	train	train	train	train
DB05265	C0013238	1	C11	train	valid	valid	train	valid	train	train	train	train	test
DB05265	C0017168	1	C06	test	train	train	test	train	test	train	train	train	train
DB05265	C0030920	1	C06	test	train	train	test	train	test	train	train	train	train
DB05265	C0041582	1	C23	train	valid	train	test	train	train	train	valid	test	train
DB05265	C0596263	1	C04	train	train	valid	train	train	train	test	train	train	test
DB05266	C0004096	1	C08	valid	train	test	train	valid	train	train	train	valid	train
DB05266	C0007820	1	C10	train	train	train	train	train	valid	valid	train	train	train
DB05266	C0026769	1	C10	train	train	train	train	train	valid	valid	train	train	train
DB05266	C0038454	1	C10	train	train	train	train	train	valid	valid	train	train	train
DB05271	C0030567	1	C10	train	train	train	train	train	valid	valid	train	train	train
DB05271	C0035258	1	C10	train	train	train	train	train	valid	valid	train	train	train
DB05294	C0007131	1	C08	valid	train	test	train	valid	train	train	train	valid	train
DB05311	C0019243	1	C20	train	train	train	train	train	train	train	train	valid	train
DB05332	C0019080	1	C23	train	valid	train	test	train	train	train	valid	test	train
DB05332	C0398650	1	C15	train	train	train	train	train	train	train	train	test	train
DB05351	C0017168	1	C06	test	train	train	test	train	test	train	train	train	train
DB05351	C0030920	1	C06	test	train	train	test	train	test	train	train	train	train
DB05389	C0037299	1	C17	test	train	train	train	train	train	train	train	train	train
DB05521	C0524910	1	C01	train	train	train	train	valid	valid	train	train	train	train
DB05541	C0014544	1	C10	train	train	train	train	train	valid	valid	train	train	train
DB05541	C0036572	1	C10	train	train	train	train	train	valid	valid	train	train	train
DB05541	C0270736	1	C10	train	train	train	train	train	valid	valid	train	train	train
DB05578	C0007131	1	C08	valid	train	test	train	valid	train	train	train	valid	train
DB05630	C0036323	1	C01	train	train	train	train	valid	valid	train	train	train	train
DB05676	C0003864	1	C05	train	train	train	train	train	train	train	train	train	train
DB05676	C0003872	1	C05	train	train	train	train	train	train	train	train	train	train
DB05676	C0004096	1	C08	valid	train	test	train	valid	train	train	train	valid	train
DB05676	C0033860	1	C17	test	train	train	train	train	train	train	train	train	train
DB05679	C0003872	1	C05	train	train	train	train	train	train	train	train	train	train
DB05679	C0033860	1	C17	test	train	train	train	train	train	train	train	train	train
DB05777	C0040053	1	C14	valid	test	train	valid	test	train	train	test	train	valid
DB05812	C0376358	1	C12	train	train	train	train	train	train	train	train	train	train
DB05829	C0020626	1	C19	train	train	test	valid	train	train	test	train	train	valid
DB05990	C0008312	1	C06	test	train	train	test	train	test	train	train	train	train
DB06016	C0036341	1	F03	train	train	test	train	train	train	train	valid	train	train
DB06144	C0036341	1	F03	train	train	test	train	train	train	train	valid	train	train
DB06148	C1269683	1	F03	train	train	test	train	train	train	train	valid	train	train
DB06151	C0002726	1	C18	train	train	train	train	train	test	train	train	train	train
DB06151	C0006267	1	C08	valid	train	test	train	valid	train	train	train	valid	train
DB06151	C0010674	1	C16	train	train	test	train	train	train	train	train	train	train
DB06151	C0032285	1	C08	valid	train	test	train	valid	train	train	train	valid	train
DB06151	C0034067	1	C23	train	valid	train	test	train	train	train	valid	test	train
DB06151	C0035222	1	C08	valid	train	test	train	valid	train	train	train	valid	train
DB06152	C0022876	1	C12	train	train	train	train	train	train	train	train	train	train
DB06152	C0034734	1	C14	valid	test	train	valid	test	train	train	test	train	valid
DB06153	C0149931	1	C10	train	train	train	train	train	valid	valid	train	train	train
DB06155	C0011860	1	C18	train	train	train	train	train	test	train	train	train	train
DB06155	C0028754	1	C18	train	train	train	train	train	test	train	train	train	train
DB06155	C0242339	1	C18	train	train	train	train	train	test	train	train	train	train
DB06168	C0003868	1	C05	train	train	train	train	train	train	train	train	train	train
DB06168	C0003873	1	C05	train	train	train	train	train	train	train	train	train	train
DB06168	C0031069	1	C16	train	train	test	train	train	train	train	train	train	train
DB06168	C0268390	1	C17	test	train	train	train	train	train	train	train	train	train
DB06168	C0342731	1	C16	train	train	test	train	train	train	train	train	train	train
DB06168	C2316212	1	C17	test	train	train	train	train	train	train	train	train	train
DB06193	C0024305	1	C04	train	train	valid	train	train	train	test	train	train	test
DB06196	C0002994	1	C14	valid	test	train	valid	test	train	train	test	train	valid
DB06196	C0019243	1	C20	train	train	train	train	train	train	train	train	valid	train
DB06201	C0036572	1	C10	train	train	train	train	train	valid	valid	train	train	train
DB06201	C0238111	1	C10	train	train	train	train	train	valid	valid	train	train	train
DB06203	C0011849	1	C18	train	train	train	train	train	test	train	train	train	train
DB06203	C0011860	1	C18	train	train	train	train	train	test	train	train	train	train
DB06203	C0020456	1	C18	train	train	train	train	train	test	train	train	train	train
DB06204	C0030193	1	C23	train	valid	train	test	train	train	train	valid	test	train
DB06204	C0231528	1	C05	train	train	train	train	train	train	train	train	train	train
DB06209	C0027051	1	C14	valid	test	train	valid	test	train	train	test	train	valid
DB06209	C0038454	1	C10	train	train	train	train	train	valid	valid	train	train	train
DB06209	C0040053	1	C14	valid	test	train	valid	test	train	train	test	train	valid
DB06209	C0948089	1	C14	valid	test	train	valid	test	train	train	test	train	valid
DB06209	C1956346	1	C14	valid	test	train	valid	test	train	train	test	train	valid
DB06210	C0002871	1	C15	train	train	train	train	train	train	train	train	test	train
DB06210	C0019080	1	C23	train	valid	train	test	train	train	train	valid	test	train
DB06210	C0040034	1	C15	train	train	train	train	train	train	train	train	test	train
DB06211	C0008325	1	C06	test	train	train	test	train	test	train	train	train	train
DB06211	C0034186	1	C12	train	train	train	train	train	train	train	train	train	train
DB06212	C0018802	1	C14	valid	test	train	valid	test	train	train	test	train	valid
DB06212	C0020625	1	C18	train	train	train	train	train	test	train	train	train	train
DB06212	C0021141	1	C10	train	train	train	train	train	valid	valid	train	train	train
DB06212	C0023890	1	C06	test	train	train	test	train	test	train	train	train	train
DB06212	C0085413	1	C12	train	train	train	train	train	train	train	train	train	train
DB06213	C0878544	1	C14	valid	test	train	valid	test	train	train	test	train	valid
DB06216	C0005586	1	F03	train	train	test	train	train	train	train	valid	train	train
DB06216	C0036341	1	F03	train	train	test	train	train	train	train	valid	train	train
DB06217	C0003811	1	C14	valid	test	train	valid	test	train	train	test	train	valid
DB06217	C0004238	1	C14	valid	test	train	valid	test	train	train	test	train	valid
DB06218	C0014544	1	C10	train	train	train	train	train	valid	valid	train	train	train
DB06218	C0036572	1	C10	train	train	train	train	train	valid	valid	train	train	train
DB06219	C0162627	1	C01	train	train	train	train	valid	valid	train	train	train	train
DB06228	C0004238	1	C14	valid	test	train	valid	test	train	train	test	train	valid
DB06228	C0034065	1	C08	valid	train	test	train	valid	train	train	train	valid	train
DB06228	C0038454	1	C10	train	train	train	train	train	valid	valid	train	train	train
DB06228	C0040053	1	C14	valid	test	train	valid	test	train	train	test	train	valid
DB06228	C1861172	1	C14	valid	test	train	valid	test	train	train	test	train	valid
DB06230	C0235063	1	C08	valid	train	test	train	valid	train	train	train	valid	train
DB06237	C0242350	1	C12	train	train	train	train	train	train	train	train	train	train
DB06243	C0020555	1	C17	test	train	train	train	train	train	train	train	train	train
DB06262	C0030567	1	C10	train	train	train	train	train	valid	valid	train	train	train
DB06262	C0206245	1	C18	train	train	train	train	train	test	train	train	train	train
DB06264	C0004153	1	C14	valid	test	train	valid	test	train	train	test	train	valid
DB06264	C0026769	1	C10	train	train	train	train	train	valid	valid	train	train	train
DB06264	C0034734	1	C14	valid	test	train	valid	test	train	train	test	train	valid
DB06264	C0038013	1	C05	train	train	train	train	train	train	train	train	train	train
DB06267	C0242350	1	C12	train	train	train	train	train	train	train	train	train	train
DB06268	C0018802	1	C14	valid	test	train	valid	test	train	train	test	train	valid
DB06268	C0020542	1	C08	valid	train	test	train	valid	train	train	train	valid	train
DB06268	C2973725	1	C08	valid	train	test	train	valid	train	train	train	valid	train
DB06271	C0011881	1	C12	train	train	train	train	train	train	train	train	train	train
DB06271	C0011882	1	C10	train	train	train	train	train	valid	valid	train	train	train
DB06271	C0040053	1	C14	valid	test	train	valid	test	train	train	test	train	valid
DB06272	C0020502	1	C19	train	train	test	valid	train	train	test	train	train	valid
DB06272	C0033860	1	C17	test	train	train	train	train	train	train	train	train	train
DB06272	C0042842	1	C18	train	train	train	train	train	test	train	train	train	train
DB06272	C0042870	1	C18	train	train	train	train	train	test	train	train	train	train
DB06272	C0596263	1	C04	train	train	valid	train	train	train	test	train	train	test
DB06273	C0003873	1	C05	train	train	train	train	train	train	train	train	train	train
DB06273	C0017531	1	C15	train	train	train	train	train	train	train	train	test	train
DB06282	C0018621	1	C08	valid	train	test	train	valid	train	train	train	valid	train
DB06282	C0042109	1	C17	test	train	train	train	train	train	train	train	train	train
DB06285	C0020626	1	C19	train	train	test	valid	train	train	test	train	train	valid
DB06285	C0029458	1	C05	train	train	train	train	train	train	train	train	train	train
DB06287	C0006142	1	C04	train	train	valid	train	train	train	test	train	train	test
DB06287	C0007134	1	C12	train	train	train	train	train	train	train	train	train	train
DB06287	C0024299	1	C04	train	train	valid	train	train	train	test	train	train	test
DB06288	C0005586	1	F03	train	train	test	train	train	train	train	valid	train	train
DB06288	C0036341	1	F03	train	train	test	train	train	train	train	valid	train	train
DB06292	C0011860	1	C18	train	train	train	train	train	test	train	train	train	train
DB06292	C0020456	1	C18	train	train	train	train	train	test	train	train	train	train
DB06317	C0026764	1	C15	train	train	train	train	train	train	train	train	test	train
DB06335	C0011849	1	C18	train	train	train	train	train	test	train	train	train	train
DB06335	C0011860	1	C18	train	train	train	train	train	test	train	train	train	train
DB06335	C0020456	1	C18	train	train	train	train	train	test	train	train	train	train
DB06335	C0524620	1	C18	train	train	train	train	train	test	train	train	train	train
DB06401	C0029458	1	C05	train	train	train	train	train	train	train	train	train	train
DB06403	C2973725	1	C08	valid	train	test	train	valid	train	train	train	valid	train
DB06410	C0020502	1	C19	train	train	test	valid	train	train	test	train	train	valid
DB06410	C0020503	1	C19	train	train	test	valid	train	train	test	train	train	valid
DB06410	C1561643	1	C12	train	train	train	train	train	train	train	train	train	train
DB06412	C0002871	1	C15	train	train	train	train	train	train	train	train	test	train
DB06412	C0002874	1	C15	train	train	train	train	train	train	train	train	test	train
DB06412	C0026987	1	C15	train	train	train	train	train	train	train	train	test	train
DB06412	C0178416	1	C15	train	train	train	train	train	train	train	train	test	train
DB06412	C1260899	1	C15	train	train	train	train	train	train	train	train	test	train
DB06413	C0027404	1	C10	train	train	train	train	train	valid	valid	train	train	train
DB06413	C0520679	1	C08	valid	train	test	train	valid	train	train	train	valid	train
DB06439	C0010674	1	C16	train	train	test	train	train	train	train	train	train	train
DB06439	C0035220	1	C08	valid	train	test	train	valid	train	train	train	valid	train
DB06441	C0040053	1	C14	valid	test	train	valid	test	train	train	test	train	valid
DB06470	C0030567	1	C10	train	train	train	train	train	valid	valid	train	train	train
DB06479	C0038454	1	C10	train	train	train	train	train	valid	valid	train	train	train
DB06589	C0007134	1	C12	train	train	train	train	train	train	train	train	train	train
DB06594	C1269683	1	F03	train	train	test	train	train	train	train	valid	train	train
DB06603	C0026764	1	C15	train	train	train	train	train	train	train	train	test	train
DB06605	C0034065	1	C08	valid	train	test	train	valid	train	train	train	valid	train
DB06605	C0038454	1	C10	train	train	train	train	train	valid	valid	train	train	train
DB06605	C0040053	1	C14	valid	test	train	valid	test	train	train	test	train	valid
DB06616	C0005699	1	C04	train	train	valid	train	train	train	test	train	train	test
DB06616	C0023472	1	C15	train	train	train	train	train	train	train	train	test	train
DB06637	C0026769	1	C10	train	train	train	train	train	valid	valid	train	train	train
DB06643	C0029456	1	C05	train	train	train	train	train	train	train	train	train	train
DB06643	C0029458	1	C05	train	train	train	train	train	train	train	train	train	train
DB06654	C0014544	1	C10	train	train	train	train	train	valid	valid	train	train	train
DB06654	C0030567	1	C10	train	train	train	train	train	valid	valid	train	train	train
DB06655	C0011849	1	C18	train	train	train	train	train	test	train	train	train	train
DB06655	C0011860	1	C18	train	train	train	train	train	test	train	train	train	train
DB06655	C0020456	1	C18	train	train	train	train	train	test	train	train	train	train
DB06655	C0028754	1	C18	train	train	train	train	train	test	train	train	train	train
DB06663	C0001206	1	C05	train	train	train	train	train	train	train	train	train	train
DB06663	C0010481	1	C19	train	train	test	valid	train	train	test	train	train	valid
DB06674	C0009324	1	C06	test	train	train	test	train	test	train	train	train	train
DB06684	C1269683	1	F03	train	train	test	train	train	train	train	valid	train	train
DB06689	C0042345	1	C14	valid	test	train	valid	test	train	train	test	train	valid
DB06691	C0013390	1	C23	train	valid	train	test	train	train	train	valid	test	train
DB06691	C0018621	1	C08	valid	train	test	train	valid	train	train	train	valid	train
DB06691	C0020517	1	C20	train	train	train	train	train	train	train	train	valid	train
DB06691	C0033774	1	C17	test	train	train	train	train	train	train	train	train	train
DB06691	C0035457	1	C08	valid	train	test	train	valid	train	train	train	valid	train
DB06691	C0042109	1	C17	test	train	train	train	train	train	train	train	train	train
DB06695	C0004238	1	C14	valid	test	train	valid	test	train	train	test	train	valid
DB06695	C0038454	1	C10	train	train	train	train	train	valid	valid	train	train	train
DB06695	C0040053	1	C14	valid	test	train	valid	test	train	train	test	train	valid
DB06695	C1861172	1	C14	valid	test	train	valid	test	train	train	test	train	valid
DB06697	C0036323	1	C01	train	train	train	train	valid	valid	train	train	train	train
DB06699	C0376358	1	C12	train	train	train	train	train	train	train	train	train	train
DB06700	C1269683	1	F03	train	train	test	train	train	train	train	valid	train	train
DB06702	C0042024	1	C12	train	train	train	train	train	train	train	train	train	train
DB06702	C0878773	1	C12	train	train	train	train	train	train	train	train	train	train
DB06706	C0018681	1	C23	train	valid	train	test	train	train	train	valid	test	train
DB06706	C0149931	1	C10	train	train	train	train	train	valid	valid	train	train	train
DB06707	C0019080	1	C23	train	valid	train	test	train	train	train	valid	test	train
DB06707	C0149745	1	C07	train	train	train	train	test	train	train	train	train	train
DB06709	C0017601	1	C11	train	valid	valid	train	valid	train	train	train	train	test
DB06709	C0085129	1	C08	valid	train	test	train	valid	train	train	train	valid	train
DB06710	C0006142	1	C04	train	train	valid	train	train	train	test	train	train	test
DB06710	C0020619	1	C19	train	train	test	valid	train	train	test	train	train	valid
DB06710	C0034012	1	C19	train	train	test	valid	train	train	test	train	train	valid
DB06710	C0242350	1	C12	train	train	train	train	train	train	train	train	train	train
DB06710	C1458155	1	C04	train	train	valid	train	train	train	test	train	train	test
DB06711	C0035455	1	C08	valid	train	test	train	valid	train	train	train	valid	train
DB06711	C0037199	1	C08	valid	train	test	train	valid	train	train	train	valid	train
DB06713	C0002453	1	C23	train	valid	train	test	train	train	train	valid	test	train
DB06714	C0028754	1	C18	train	train	train	train	train	test	train	train	train	train
DB06716	C0038220	1	C10	train	train	train	train	train	valid	valid	train	train	train
DB06717	C0027497	1	C23	train	valid	train	test	train	train	train	valid	test	train
DB06718	C0002871	1	C15	train	train	train	train	train	train	train	train	test	train
DB06718	C0019243	1	C20	train	train	train	train	train	train	train	train	valid	train
DB06720	C0017205	1	C18	train	train	train	train	train	test	train	train	train	train
DB06720	C1961835	1	C18	train	train	train	train	train	test	train	train	train	train
DB06725	C0003864	1	C05	train	train	train	train	train	train	train	train	train	train
DB06725	C0029408	1	C05	train	train	train	train	train	train	train	train	train	train
DB06725	C0030193	1	C23	train	valid	train	test	train	train	train	valid	test	train
DB06736	C0003873	1	C05	train	train	train	train	train	train	train	train	train	train
DB06736	C0024031	1	C23	train	valid	train	test	train	train	train	valid	test	train
DB06736	C0029408	1	C05	train	train	train	train	train	train	train	train	train	train
DB06736	C0038013	1	C05	train	train	train	train	train	train	train	train	train	train
DB06739	C0004096	1	C08	valid	train	test	train	valid	train	train	train	valid	train
DB06754	C0040053	1	C14	valid	test	train	valid	test	train	train	test	train	valid
DB06756	C0010692	1	C12	train	train	train	train	train	train	train	train	train	train
DB06756	C0019880	1	C18	train	train	train	train	train	test	train	train	train	train
DB06756	C0020473	1	C18	train	train	train	train	train	test	train	train	train	train
DB06764	C0020452	1	C14	valid	test	train	valid	test	train	train	test	train	valid
DB06764	C0037199	1	C08	valid	train	test	train	valid	train	train	train	valid	train
DB06766	C0020517	1	C20	train	train	train	train	train	train	train	train	valid	train
DB06774	C0003864	1	C05	train	train	train	train	train	train	train	train	train	train
DB06774	C0003873	1	C05	train	train	train	train	train	train	train	train	train	train
DB06774	C0004604	1	C23	train	valid	train	test	train	train	train	valid	test	train
DB06774	C0011882	1	C10	train	train	train	train	train	valid	valid	train	train	train
DB06774	C0027796	1	C10	train	train	train	train	train	valid	valid	train	train	train
DB06774	C0032768	1	C10	train	train	train	train	train	valid	valid	train	train	train
DB06774	C0231528	1	C05	train	train	train	train	train	train	train	train	train	train
DB06775	C0220994	1	C23	train	valid	train	test	train	train	train	valid	test	train
DB06777	C0008350	1	C06	test	train	train	test	train	test	train	train	train	train
DB06782	C0311375	1	C10	train	train	train	train	train	valid	valid	train	train	train
DB06785	C0085083	1	C12	train	train	train	train	train	train	train	train	train	train
DB06786	C0011615	1	C17	test	train	train	train	train	train	train	train	train	train
DB06786	C0011616	1	C17	test	train	train	train	train	train	train	train	train	train
DB06786	C0015230	1	C17	test	train	train	train	train	train	train	train	train	train
DB06786	C0015456	1	C17	test	train	train	train	train	train	train	train	train	train
DB06786	C0024138	1	C17	test	train	train	train	train	train	train	train	train	train
DB06788	C0034013	1	C19	train	train	test	valid	train	train	test	train	train	valid
DB06791	C0001206	1	C05	train	train	train	train	train	train	train	train	train	train
DB06800	C0009806	1	C23	train	valid	train	test	train	train	train	valid	test	train
DB06803	C0036323	1	C01	train	train	train	train	valid	valid	train	train	train	train
DB06809	C0024305	1	C04	train	train	valid	train	train	train	test	train	train	test
DB06809	C0026764	1	C15	train	train	train	train	train	train	train	train	test	train
DB06819	C0175683	1	C18	train	train	train	train	train	test	train	train	train	train
DB06819	C0751753	1	C18	train	train	train	train	train	test	train	train	train	train
DB06824	C0007134	1	C12	train	train	train	train	train	train	train	train	train	train
DB06824	C0019202	1	C10	train	train	train	train	train	valid	valid	train	train	train
DB06825	C0014175	1	C12	train	train	train	train	train	train	train	train	train	train
DB06825	C0034013	1	C19	train	train	test	valid	train	train	test	train	train	valid
DB07477	C0003873	1	C05	train	train	train	train	train	train	train	train	train	train
DB07477	C0231528	1	C05	train	train	train	train	train	train	train	train	train	train
DB07615	C0004096	1	C08	valid	train	test	train	valid	train	train	train	valid	train
DB07615	C0020517	1	C20	train	train	train	train	train	train	train	train	valid	train
DB07615	C0022548	1	A10	train	train	test	train	train	train	train	train	train	train
DB08604	C0702166	1	C17	test	train	train	train	train	train	train	train	train	train
DB08799	C0009763	1	C11	train	valid	valid	train	valid	train	train	train	train	test
DB08799	C0020517	1	C20	train	train	train	train	train	train	train	train	valid	train
DB08799	C0033774	1	C17	test	train	train	train	train	train	train	train	train	train
DB08799	C0042109	1	C17	test	train	train	train	train	train	train	train	train	train
DB08800	C0004096	1	C08	valid	train	test	train	valid	train	train	train	valid	train
DB08800	C0009763	1	C11	train	valid	valid	train	valid	train	train	train	train	test
DB08800	C0013604	1	C23	train	valid	train	test	train	train	train	valid	test	train
DB08801	C0013182	1	C25	train	train	valid	train	valid	train	train	train	train	train
DB08801	C0016470	1	C20	train	train	train	train	train	train	train	train	valid	train
DB08801	C0018621	1	C08	valid	train	test	train	valid	train	train	train	valid	train
DB08801	C0020517	1	C20	train	train	train	train	train	train	train	train	valid	train
DB08801	C0042109	1	C17	test	train	train	train	train	train	train	train	train	train
DB08801	C1527304	1	C20	train	train	train	train	train	train	train	train	valid	train
DB08802	C1527304	1	C20	train	train	train	train	train	train	train	train	valid	train
DB08804	C0002893	1	C15	train	train	train	train	train	train	train	train	test	train
DB08804	C0272375	1	C15	train	train	train	train	train	train	train	train	test	train
DB08804	C0678222	1	C04	train	train	valid	train	train	train	test	train	train	test
DB08804	C1565489	1	C12	train	train	train	train	train	train	train	train	train	train
DB08806	C0013295	1	C06	test	train	train	test	train	test	train	train	train	train
DB08806	C0017152	1	C06	test	train	train	test	train	test	train	train	train	train
DB08806	C0017168	1	C06	test	train	train	test	train	test	train	train	train	train
DB08806	C0030920	1	C06	test	train	train	test	train	test	train	train	train	train
DB08806	C0038358	1	C06	test	train	train	test	train	test	train	train	train	train
DB08807	C0013604	1	C23	train	valid	train	test	train	train	train	valid	test	train
DB08807	C0042514	1	C14	valid	test	train	valid	test	train	train	test	train	valid
DB08807	C1956346	1	C14	valid	test	train	valid	test	train	train	test	train	valid
DB08808	C0017601	1	C11	train	valid	valid	train	valid	train	train	train	train	test
DB08808	C0020538	1	C14	valid	test	train	valid	test	train	train	test	train	valid
DB08810	C0017168	1	C06	test	train	train	test	train	test	train	train	train	train
DB08811	C0003467	1	F01	valid	train	train	train	train	valid	test	train	train	train
DB08814	C0004238	1	C14	valid	test	train	valid	test	train	train	test	train	valid
DB08814	C0007785	1	C10	train	train	train	train	train	valid	valid	train	train	train
DB08814	C0027051	1	C14	valid	test	train	valid	test	train	train	test	train	valid
DB08814	C0038454	1	C10	train	train	train	train	train	valid	valid	train	train	train
DB08814	C0040053	1	C14	valid	test	train	valid	test	train	train	test	train	valid
DB08815	C0005587	1	F03	train	train	test	train	train	train	train	valid	train	train
DB08816	C0027051	1	C14	valid	test	train	valid	test	train	train	test	train	valid
DB08816	C0038454	1	C10	train	train	train	train	train	valid	valid	train	train	train
DB08816	C0040053	1	C14	valid	test	train	valid	test	train	train	test	train	valid
DB08816	C0085096	1	C14	valid	test	train	valid	test	train	train	test	train	valid
DB08818	C0003864	1	C05	train	train	train	train	train	train	train	train	train	train
DB08818	C0017601	1	C11	train	valid	valid	train	valid	train	train	train	train	test
DB08818	C0029408	1	C05	train	train	train	train	train	train	train	train	train	train
DB08818	C0037299	1	C17	test	train	train	train	train	train	train	train	train	train
DB08819	C0017601	1	C11	train	valid	valid	train	valid	train	train	train	train	test
DB08819	C0017612	1	C11	train	valid	valid	train	valid	train	train	train	train	test
DB08819	C0028840	1	C11	train	valid	valid	train	valid	train	train	train	train	test
DB08820	C0010674	1	C16	train	train	test	train	train	train	train	train	train	train
DB08822	C0020538	1	C14	valid	test	train	valid	test	train	train	test	train	valid
DB08826	C0005283	1	C15	train	train	train	train	train	train	train	train	test	train
DB08826	C0282193	1	C18	train	train	train	train	train	test	train	train	train	train
DB08827	C0020473	1	C18	train	train	train	train	train	test	train	train	train	train
DB08828	C0007117	1	C04	train	train	valid	train	train	train	test	train	train	test
DB08836	C0011881	1	C12	train	train	train	train	train	train	train	train	train	train
DB08836	C0018802	1	C14	valid	test	train	valid	test	train	train	test	train	valid
DB08836	C1956346	1	C14	valid	test	train	valid	test	train	train	test	train	valid
DB08839	C0003467	1	F01	valid	train	train	train	train	valid	test	train	train	train
DB08839	C0917801	1	C10	train	train	train	train	train	valid	valid	train	train	train
DB08860	C0020443	1	C18	train	train	train	train	train	test	train	train	train	train
DB08860	C0020473	1	C18	train	train	train	train	train	test	train	train	train	train
DB08860	C0020474	1	C18	train	train	train	train	train	test	train	train	train	train
DB08867	C0042133	1	C04	train	train	valid	train	train	train	test	train	train	test
DB08868	C0026769	1	C10	train	train	train	train	train	valid	valid	train	train	train
DB08868	C0751967	1	C10	train	train	train	train	train	valid	valid	train	train	train
DB08869	C0311277	1	C18	train	train	train	train	train	test	train	train	train	train
DB08870	C0019829	1	C04	train	train	valid	train	train	train	test	train	train	test
DB08870	C0376545	1	C04	train	train	valid	train	train	train	test	train	train	test
DB08871	C0023827	1	C04	train	train	valid	train	train	train	test	train	train	test
DB08872	C0014544	1	C10	train	train	train	train	train	valid	valid	train	train	train
DB08872	C0032768	1	C10	train	train	train	train	train	valid	valid	train	train	train
DB08872	C0035258	1	C10	train	train	train	train	train	valid	valid	train	train	train
DB08873	C0524910	1	C01	train	train	train	train	valid	valid	train	train	train	train
DB08875	C0007134	1	C12	train	train	train	train	train	train	train	train	train	train
DB08877	C0026987	1	C15	train	train	train	train	train	train	train	train	test	train
DB08877	C0032463	1	C15	train	train	train	train	train	train	train	train	test	train
DB08879	C0024141	1	C17	test	train	train	train	train	train	train	train	train	train
DB08880	C0003872	1	C05	train	train	train	train	train	train	train	train	train	train
DB08880	C0003873	1	C05	train	train	train	train	train	train	train	train	train	train
DB08880	C0026769	1	C10	train	train	train	train	train	valid	valid	train	train	train
DB08881	C0025202	1	C04	train	train	valid	train	train	train	test	train	train	test
DB08882	C0011849	1	C18	train	train	train	train	train	test	train	train	train	train
DB08883	C0014544	1	C10	train	train	train	train	train	valid	valid	train	train	train
DB08883	C0036572	1	C10	train	train	train	train	train	valid	valid	train	train	train
DB08888	C0040053	1	C14	valid	test	train	valid	test	train	train	test	train	valid
DB08889	C0026764	1	C15	train	train	train	train	train	train	train	train	test	train
DB08890	C0009806	1	C23	train	valid	train	test	train	train	train	valid	test	train
DB08890	C0022104	1	C06	test	train	train	test	train	test	train	train	train	train
DB08893	C0042024	1	C12	train	train	train	train	train	train	train	train	train	train
DB08893	C0878773	1	C12	train	train	train	train	train	train	train	train	train	train
DB08894	C0002871	1	C15	train	train	train	train	train	train	train	train	test	train
DB08895	C0003873	1	C05	train	train	train	train	train	train	train	train	train	train
DB08896	C0238198	1	C06	test	train	train	test	train	test	train	train	train	train
DB08896	C1527249	1	C06	test	train	train	test	train	test	train	train	train	train
DB08897	C0024117	1	C08	valid	train	test	train	valid	train	train	train	valid	train
DB08899	C0376358	1	C12	train	train	train	train	train	train	train	train	train	train
DB08904	C0003872	1	C05	train	train	train	train	train	train	train	train	train	train
DB08904	C0003873	1	C05	train	train	train	train	train	train	train	train	train	train
DB08904	C0010346	1	C06	test	train	train	test	train	test	train	train	train	train
DB08904	C0038013	1	C05	train	train	train	train	train	train	train	train	train	train
DB08906	C0004096	1	C08	valid	train	test	train	valid	train	train	train	valid	train
DB08906	C0024117	1	C08	valid	train	test	train	valid	train	train	train	valid	train
DB08907	C0011849	1	C18	train	train	train	train	train	test	train	train	train	train
DB08907	C0011860	1	C18	train	train	train	train	train	test	train	train	train	train
DB08907	C0020456	1	C18	train	train	train	train	train	test	train	train	train	train
DB08908	C0026769	1	C10	train	train	train	train	train	valid	valid	train	train	train
DB08908	C0033860	1	C17	test	train	train	train	train	train	train	train	train	train
DB08908	C0751967	1	C10	train	train	train	train	train	valid	valid	train	train	train
DB08910	C0026764	1	C15	train	train	train	train	train	train	train	train	test	train
DB08911	C0025202	1	C04	train	train	valid	train	train	train	test	train	train	test
DB08912	C0025202	1	C04	train	train	valid	train	train	train	test	train	train	test
DB08918	C1269683	1	F03	train	train	test	train	train	train	train	valid	train	train
DB08922	C0005586	1	F03	train	train	test	train	train	train	train	valid	train	train
DB08922	C0036341	1	F03	train	train	test	train	train	train	train	valid	train	train
DB08931	C0020542	1	C08	valid	train	test	train	valid	train	train	train	valid	train
DB08931	C2973725	1	C08	valid	train	test	train	valid	train	train	train	valid	train
DB08932	C1800706	1	C08	valid	train	test	train	valid	train	train	train	valid	train
DB08932	C2973725	1	C08	valid	train	test	train	valid	train	train	train	valid	train
DB08935	C0023434	1	C15	train	train	train	train	train	train	train	train	test	train
DB08935	C0024299	1	C04	train	train	valid	train	train	train	test	train	train	test
DB08936	C0018621	1	C08	valid	train	test	train	valid	train	train	train	valid	train
DB08936	C0035457	1	C08	valid	train	test	train	valid	train	train	train	valid	train
DB08941	C0007820	1	C10	train	train	train	train	train	valid	valid	train	train	train
DB08941	C0022876	1	C12	train	train	train	train	train	train	train	train	train	train
DB08941	C0034734	1	C14	valid	test	train	valid	test	train	train	test	train	valid
DB08941	C0042373	1	C14	valid	test	train	valid	test	train	train	test	train	valid
DB08955	C0015967	1	C23	train	valid	train	test	train	train	train	valid	test	train
DB08957	C0004096	1	C08	valid	train	test	train	valid	train	train	train	valid	train
DB08957	C0022876	1	C12	train	train	train	train	train	train	train	train	train	train
DB08961	C0013604	1	C23	train	valid	train	test	train	train	train	valid	test	train
DB08983	C0020443	1	C18	train	train	train	train	train	test	train	train	train	train
DB08983	C0020473	1	C18	train	train	train	train	train	test	train	train	train	train
DB08983	C0020557	1	C18	train	train	train	train	train	test	train	train	train	train
DB08984	C0003862	1	C05	train	train	train	train	train	train	train	train	train	train
DB08984	C0029408	1	C05	train	train	train	train	train	train	train	train	train	train
DB08984	C0231528	1	C05	train	train	train	train	train	train	train	train	train	train
DB08985	C0015967	1	C23	train	valid	train	test	train	train	train	valid	test	train
DB08985	C0018681	1	C23	train	valid	train	test	train	train	train	valid	test	train
DB08986	C0003467	1	F01	valid	train	train	train	train	valid	test	train	train	train
DB08992	C0002736	1	C10	train	train	train	train	train	valid	valid	train	train	train
DB08992	C0037763	1	C10	train	train	train	train	train	valid	valid	train	train	train
DB08995	C0013604	1	C23	train	valid	train	test	train	train	train	valid	test	train
DB09000	C0003467	1	F01	valid	train	train	train	train	valid	test	train	train	train
DB09000	C0036341	1	F03	train	train	test	train	train	train	train	valid	train	train
DB09006	C0020443	1	C18	train	train	train	train	train	test	train	train	train	train
DB09006	C0020473	1	C18	train	train	train	train	train	test	train	train	train	train
DB09006	C0020557	1	C18	train	train	train	train	train	test	train	train	train	train
DB09010	C1527249	1	C06	test	train	train	test	train	test	train	train	train	train
DB09014	C0003469	1	F03	train	train	test	train	train	train	train	valid	train	train
DB09015	C0013604	1	C23	train	valid	train	test	train	train	train	valid	test	train
DB09015	C0020428	1	C19	train	train	test	valid	train	train	test	train	train	valid
DB09016	C0011581	1	F03	train	train	test	train	train	train	train	valid	train	train
DB09018	C0017168	1	C06	test	train	train	test	train	test	train	train	train	train
DB09018	C0027497	1	C23	train	valid	train	test	train	train	train	valid	test	train
DB09018	C0042963	1	C23	train	valid	train	test	train	train	train	valid	test	train
DB09026	C0020538	1	C14	valid	test	train	valid	test	train	train	test	train	valid
DB09026	C0085580	1	C14	valid	test	train	valid	test	train	train	test	train	valid
DB09029	C0003873	1	C05	train	train	train	train	train	train	train	train	train	train
DB09029	C0033860	1	C17	test	train	train	train	train	train	train	train	train	train
DB09029	C0042164	1	C11	train	valid	valid	train	valid	train	train	train	train	test
DB09030	C0027051	1	C14	valid	test	train	valid	test	train	train	test	train	valid
DB09030	C0038454	1	C10	train	train	train	train	train	valid	valid	train	train	train
DB09030	C0040053	1	C14	valid	test	train	valid	test	train	train	test	train	valid
DB09030	C1704436	1	C14	valid	test	train	valid	test	train	train	test	train	valid
DB09033	C0009324	1	C06	test	train	train	test	train	test	train	train	train	train
DB09033	C0010346	1	C06	test	train	train	test	train	test	train	train	train	train
DB09034	C0917801	1	C10	train	train	train	train	train	valid	valid	train	train	train
DB09035	C0007131	1	C08	valid	train	test	train	valid	train	train	train	valid	train
DB09036	C0017531	1	C15	train	train	train	train	train	train	train	train	test	train
DB09037	C0007131	1	C08	valid	train	test	train	valid	train	train	train	valid	train
DB09038	C0011849	1	C18	train	train	train	train	train	test	train	train	train	train
DB09038	C0011860	1	C18	train	train	train	train	train	test	train	train	train	train
DB09038	C0020456	1	C18	train	train	train	train	train	test	train	train	train	train
DB09039	C0017205	1	C18	train	train	train	train	train	test	train	train	train	train
DB09040	C0040261	1	C01	train	train	train	train	valid	valid	train	train	train	train
DB09043	C0011860	1	C18	train	train	train	train	train	test	train	train	train	train
DB09043	C0020456	1	C18	train	train	train	train	train	test	train	train	train	train
DB09045	C0011860	1	C18	train	train	train	train	train	test	train	train	train	train
DB09045	C0020456	1	C18	train	train	train	train	train	test	train	train	train	train
DB09046	C0028754	1	C18	train	train	train	train	train	test	train	train	train	train
DB09047	C0010674	1	C16	train	train	test	train	train	train	train	train	train	train
DB09048	C0027497	1	C23	train	valid	train	test	train	train	train	valid	test	train
DB09048	C0042963	1	C23	train	valid	train	test	train	train	train	valid	test	train
DB09049	C0009806	1	C23	train	valid	train	test	train	train	train	valid	test	train
DB09053	C0023434	1	C15	train	train	train	train	train	train	train	train	test	train
DB09053	C0024419	1	C15	train	train	train	train	train	train	train	train	test	train
DB09053	C0079731	1	C04	train	train	valid	train	train	train	test	train	train	test
DB09054	C0023434	1	C15	train	train	train	train	train	train	train	train	test	train
DB09054	C0024301	1	C04	train	train	valid	train	train	train	test	train	train	test
DB09059	C0022876	1	C12	train	train	train	train	train	train	train	train	train	train
DB09064	C0020443	1	C18	train	train	train	train	train	test	train	train	train	train
DB09064	C0020473	1	C18	train	train	train	train	train	test	train	train	train	train
DB09064	C0020476	1	C18	train	train	train	train	train	test	train	train	train	train
DB09067	C0010481	1	C19	train	train	test	valid	train	train	test	train	train	valid
DB09067	C0405580	1	C19	train	train	test	valid	train	train	test	train	train	valid
DB09068	C1269683	1	F03	train	train	test	train	train	train	train	valid	train	train
DB09069	C0002962	1	C14	valid	test	train	valid	test	train	train	test	train	valid
DB09070	C0014175	1	C12	train	train	train	train	train	train	train	train	train	train
DB09074	C1140680	1	C12	train	train	train	train	train	train	train	train	train	train
DB09075	C0004238	1	C14	valid	test	train	valid	test	train	train	test	train	valid
DB09075	C0034065	1	C08	valid	train	test	train	valid	train	train	train	valid	train
DB09075	C0038454	1	C10	train	train	train	train	train	valid	valid	train	train	train
DB09075	C0040038	1	C14	valid	test	train	valid	test	train	train	test	train	valid
DB09075	C0040053	1	C14	valid	test	train	valid	test	train	train	test	train	valid
DB09076	C0024117	1	C08	valid	train	test	train	valid	train	train	train	valid	train
DB09078	C0206682	1	C04	train	train	valid	train	train	train	test	train	train	test
DB09078	C0238463	1	C04	train	train	valid	train	train	train	test	train	train	test
DB09079	C0007131	1	C08	valid	train	test	train	valid	train	train	train	valid	train
DB09079	C1800706	1	C08	valid	train	test	train	valid	train	train	train	valid	train
DB09080	C0024117	1	C08	valid	train	test	train	valid	train	train	train	valid	train
DB09082	C0004096	1	C08	valid	train	test	train	valid	train	train	train	valid	train
DB09082	C0008677	1	C08	valid	train	test	train	valid	train	train	train	valid	train
DB09082	C0024117	1	C08	valid	train	test	train	valid	train	train	train	valid	train
DB09082	C0034067	1	C23	train	valid	train	test	train	train	train	valid	test	train
DB09083	C0002962	1	C14	valid	test	train	valid	test	train	train	test	train	valid
DB09085	C0033774	1	C17	test	train	train	train	train	train	train	train	train	train
DB09089	C0022104	1	C06	test	train	train	test	train	test	train	train	train	train
DB09090	C0022104	1	C06	test	train	train	test	train	test	train	train	train	train
DB09091	C0014356	1	C06	test	train	train	test	train	test	train	train	train	train
DB09097	C0020514	1	C10	train	train	train	train	train	valid	valid	train	train	train
DB09099	C0019080	1	C23	train	valid	train	test	train	train	train	valid	test	train
DB09107	C0002871	1	C15	train	train	train	train	train	train	train	train	test	train
DB09108	C0019080	1	C23	train	valid	train	test	train	train	train	valid	test	train
DB09109	C0019069	1	C15	train	train	train	train	train	train	train	train	test	train
DB09109	C0019080	1	C23	train	valid	train	test	train	train	train	valid	test	train
DB09118	C0014544	1	C10	train	train	train	train	train	valid	valid	train	train	train
DB09118	C0014550	1	C10	train	train	train	train	train	valid	valid	train	train	train
DB09118	C0751122	1	C10	train	train	train	train	train	valid	valid	train	train	train
DB09119	C0014544	1	C10	train	train	train	train	train	valid	valid	train	train	train
DB09121	C0003872	1	C05	train	train	train	train	train	train	train	train	train	train
DB09121	C0003873	1	C05	train	train	train	train	train	train	train	train	train	train
DB09121	C0030807	1	C17	test	train	train	train	train	train	train	train	train	train
DB09123	C0014175	1	C12	train	train	train	train	train	train	train	train	train	train
DB09126	C0021361	1	C12	train	train	train	train	train	train	train	train	train	train
DB09128	C0036341	1	F03	train	train	test	train	train	train	train	valid	train	train
DB09128	C1269683	1	F03	train	train	test	train	train	train	train	valid	train	train
DB09140	C0017086	1	C23	train	valid	train	test	train	train	train	valid	test	train
DB09140	C0032285	1	C08	valid	train	test	train	valid	train	train	train	valid	train
DB09140	C0034069	1	C08	valid	train	test	train	valid	train	train	train	valid	train
DB09140	C0035229	1	C08	valid	train	test	train	valid	train	train	train	valid	train
DB09143	C0007117	1	C04	train	train	valid	train	train	train	test	train	train	test
DB09146	C0002871	1	C15	train	train	train	train	train	train	train	train	test	train
DB09146	C0085681	1	C18	train	train	train	train	train	test	train	train	train	train
DB09146	C0162316	1	C15	train	train	train	train	train	train	train	train	test	train
DB09166	C0003467	1	F01	valid	train	train	train	train	valid	test	train	train	train
DB09166	C0917801	1	C10	train	train	train	train	train	valid	valid	train	train	train
DB09167	C1269683	1	F03	train	train	test	train	train	train	train	valid	train	train
DB09185	C0751362	1	C10	train	train	train	train	train	valid	valid	train	train	train
DB09198	C0011860	1	C18	train	train	train	train	train	test	train	train	train	train
DB09204	C0040822	1	C10	train	train	train	train	train	valid	valid	train	train	train
DB09205	C0034734	1	C14	valid	test	train	valid	test	train	train	test	train	valid
DB09205	C0242350	1	C12	train	train	train	train	train	train	train	train	train	train
DB09212	C0003873	1	C05	train	train	train	train	train	train	train	train	train	train
DB09213	C0003873	1	C05	train	train	train	train	train	train	train	train	train	train
DB09213	C0013390	1	C23	train	valid	train	test	train	train	train	valid	test	train
DB09213	C0029408	1	C05	train	train	train	train	train	train	train	train	train	train
DB09213	C0030193	1	C23	train	valid	train	test	train	train	train	valid	test	train
DB09215	C0003873	1	C05	train	train	train	train	train	train	train	train	train	train
DB09215	C0029408	1	C05	train	train	train	train	train	train	train	train	train	train
DB09217	C0029408	1	C05	train	train	train	train	train	train	train	train	train	train
DB09220	C0002962	1	C14	valid	test	train	valid	test	train	train	test	train	valid
DB09220	C0003811	1	C14	valid	test	train	valid	test	train	train	test	train	valid
DB09221	C0017168	1	C06	test	train	train	test	train	test	train	train	train	train
DB09221	C0041582	1	C23	train	valid	train	test	train	train	train	valid	test	train
DB09223	C0036341	1	F03	train	train	test	train	train	train	train	valid	train	train
DB09228	C0019243	1	C20	train	train	train	train	train	train	train	train	valid	train
DB09229	C0020538	1	C14	valid	test	train	valid	test	train	train	test	train	valid
DB09230	C0020538	1	C14	valid	test	train	valid	test	train	train	test	train	valid
DB09235	C0020538	1	C14	valid	test	train	valid	test	train	train	test	train	valid
DB09241	C0023869	1	C23	train	valid	train	test	train	train	train	valid	test	train
DB09241	C0025637	1	C15	train	train	train	train	train	train	train	train	test	train
DB09244	C0011581	1	F03	train	train	test	train	train	train	train	valid	train	train
DB09245	C0011581	1	F03	train	train	test	train	train	train	train	valid	train	train
DB09258	C0034065	1	C08	valid	train	test	train	valid	train	train	train	valid	train
DB09262	C0037763	1	C10	train	train	train	train	train	valid	valid	train	train	train
DB09265	C0011860	1	C18	train	train	train	train	train	test	train	train	train	train
DB09265	C0020456	1	C18	train	train	train	train	train	test	train	train	train	train
DB09270	C0018802	1	C14	valid	test	train	valid	test	train	train	test	train	valid
DB09270	C0020179	1	C10	train	train	train	train	train	valid	valid	train	train	train
DB09270	C0020473	1	C18	train	train	train	train	train	test	train	train	train	train
DB09271	C0022104	1	C06	test	train	train	test	train	test	train	train	train	train
DB09272	C0014356	1	C06	test	train	train	test	train	test	train	train	train	train
DB09272	C0022104	1	C06	test	train	train	test	train	test	train	train	train	train
DB09273	C0004096	1	C08	valid	train	test	train	valid	train	train	train	valid	train
DB09279	C0018802	1	C14	valid	test	train	valid	test	train	train	test	train	valid
DB09279	C0020538	1	C14	valid	test	train	valid	test	train	train	test	train	valid
DB09280	C0010674	1	C16	train	train	test	train	train	train	train	train	train	train
DB09282	C1956346	1	C14	valid	test	train	valid	test	train	train	test	train	valid
DB09283	C1956346	1	C14	valid	test	train	valid	test	train	train	test	train	valid
DB09286	C0036341	1	F03	train	train	test	train	train	train	train	valid	train	train
DB09288	C0015967	1	C23	train	valid	train	test	train	train	train	valid	test	train
DB09289	C0004096	1	C08	valid	train	test	train	valid	train	train	train	valid	train
DB09289	C0022104	1	C06	test	train	train	test	train	test	train	train	train	train
DB09290	C0022104	1	C06	test	train	train	test	train	test	train	train	train	train
DB09290	C0027497	1	C23	train	valid	train	test	train	train	train	valid	test	train
DB09290	C0042963	1	C23	train	valid	train	test	train	train	train	valid	test	train
DB09292	C0018802	1	C14	valid	test	train	valid	test	train	train	test	train	valid
DB09301	C0029408	1	C05	train	train	train	train	train	train	train	train	train	train
DB09302	C0020443	1	C18	train	train	train	train	train	test	train	train	train	train
DB09302	C0020473	1	C18	train	train	train	train	train	test	train	train	train	train
DB09304	C0014544	1	C10	train	train	train	train	train	valid	valid	train	train	train
DB09310	C0019080	1	C23	train	valid	train	test	train	train	train	valid	test	train
DB09332	C0022354	1	C23	train	valid	train	test	train	train	train	valid	test	train
DB09343	C1527249	1	C06	test	train	train	test	train	test	train	train	train	train
DB09351	C0017612	1	C11	train	valid	valid	train	valid	train	train	train	train	test
DB09351	C0028840	1	C11	train	valid	valid	train	valid	train	train	train	train	test
DB09371	C0002453	1	C23	train	valid	train	test	train	train	train	valid	test	train
DB09371	C0014173	1	C12	train	train	train	train	train	train	train	train	train	train
DB09371	C0021361	1	C12	train	train	train	train	train	train	train	train	train	train
DB09389	C0025323	1	C12	train	train	train	train	train	train	train	train	train	train
DB09401	C0002962	1	C14	valid	test	train	valid	test	train	train	test	train	valid
DB09401	C0017168	1	C06	test	train	train	test	train	test	train	train	train	train
DB09401	C0017601	1	C11	train	valid	valid	train	valid	train	train	train	train	test
DB09401	C0018802	1	C14	valid	test	train	valid	test	train	train	test	train	valid
DB09401	C1956346	1	C14	valid	test	train	valid	test	train	train	test	train	valid
DB09418	C0020550	1	C19	train	train	test	valid	train	train	test	train	train	valid
DB09462	C0009806	1	C23	train	valid	train	test	train	train	train	valid	test	train
DB09477	C0003873	1	C05	train	train	train	train	train	train	train	train	train	train
DB09477	C0004775	1	C12	train	train	train	train	train	train	train	train	train	train
DB09477	C0013604	1	C23	train	valid	train	test	train	train	train	valid	test	train
DB09477	C0018802	1	C14	valid	test	train	valid	test	train	train	test	train	valid
DB09477	C0020538	1	C14	valid	test	train	valid	test	train	train	test	train	valid
DB09477	C0020540	1	C14	valid	test	train	valid	test	train	train	test	train	valid
DB09481	C0009806	1	C23	train	valid	train	test	train	train	train	valid	test	train
DB09481	C0017168	1	C06	test	train	train	test	train	test	train	train	train	train
DB09481	C0018834	1	C23	train	valid	train	test	train	train	train	valid	test	train
DB09481	C0030920	1	C06	test	train	train	test	train	test	train	train	train	train
DB09488	C0035457	1	C08	valid	train	test	train	valid	train	train	train	valid	train
DB09488	C0042109	1	C17	test	train	train	train	train	train	train	train	train	train
DB09516	C0162834	1	C17	test	train	train	train	train	train	train	train	train	train
DB09526	C0162834	1	C17	test	train	train	train	train	train	train	train	train	train
DB09555	C0018621	1	C08	valid	train	test	train	valid	train	train	train	valid	train
DB09555	C0042109	1	C17	test	train	train	train	train	train	train	train	train	train
DB09559	C0007131	1	C08	valid	train	test	train	valid	train	train	train	valid	train
DB09564	C0011849	1	C18	train	train	train	train	train	test	train	train	train	train
DB09568	C0020557	1	C18	train	train	train	train	train	test	train	train	train	train
DB11059	C0037299	1	C17	test	train	train	train	train	train	train	train	train	train
DB11071	C0282488	1	C12	train	train	train	train	train	train	train	train	train	train
DB11081	C0702166	1	C17	test	train	train	train	train	train	train	train	train	train
DB11085	C0033860	1	C17	test	train	train	train	train	train	train	train	train	train
DB11085	C0036508	1	C17	test	train	train	train	train	train	train	train	train	train
DB11085	C0702166	1	C17	test	train	train	train	train	train	train	train	train	train
DB11130	C0010346	1	C06	test	train	train	test	train	test	train	train	train	train
DB11130	C0014356	1	C06	test	train	train	test	train	test	train	train	train	train
DB11131	C0003864	1	C05	train	train	train	train	train	train	train	train	train	train
DB11136	C0028754	1	C18	train	train	train	train	train	test	train	train	train	train
DB11157	C0033860	1	C17	test	train	train	train	train	train	train	train	train	train
DB11166	C0040053	1	C14	valid	test	train	valid	test	train	train	test	train	valid
DB11181	C0026961	1	C11	train	valid	valid	train	valid	train	train	train	train	test
DB11273	C0149931	1	C10	train	train	train	train	train	valid	valid	train	train	train
DB11324	C0003873	1	C05	train	train	train	train	train	train	train	train	train	train
DB11362	C2973725	1	C08	valid	train	test	train	valid	train	train	train	valid	train
DB11363	C0007131	1	C08	valid	train	test	train	valid	train	train	train	valid	train
DB11560	C0018099	1	C05	train	train	train	train	train	train	train	train	train	train
DB11560	C0740394	1	C23	train	valid	train	test	train	train	train	valid	test	train
DB11571	C0019080	1	C23	train	valid	train	test	train	train	train	valid	test	train
DB11572	C0019080	1	C23	train	valid	train	test	train	train	train	valid	test	train
DB11581	C0023434	1	C15	train	train	train	train	train	train	train	train	test	train
DB11582	C0026838	1	C05	train	train	train	train	train	train	train	train	train	train
DB11591	C0009763	1	C11	train	valid	valid	train	valid	train	train	train	train	test
DB11595	C0007138	1	C04	train	train	valid	train	train	train	test	train	train	test
DB11598	C0012739	1	C15	train	train	train	train	train	train	train	train	test	train
DB11598	C0019156	1	C06	test	train	train	test	train	test	train	train	train	train
DB11598	C0040053	1	C14	valid	test	train	valid	test	train	train	test	train	valid
DB11598	C0272375	1	C15	train	train	train	train	train	train	train	train	test	train
DB11614	C0042109	1	C17	test	train	train	train	train	train	train	train	train	train
DB11619	C0014175	1	C12	train	train	train	train	train	train	train	train	train	train
DB11629	C0020443	1	C18	train	train	train	train	train	test	train	train	train	train
DB11629	C0020473	1	C18	train	train	train	train	train	test	train	train	train	train
DB11629	C0242339	1	C18	train	train	train	train	train	test	train	train	train	train
DB11632	C0030567	1	C10	train	train	train	train	train	valid	valid	train	train	train
DB11635	C0042875	1	C18	train	train	train	train	train	test	train	train	train	train
DB11656	C0017152	1	C06	test	train	train	test	train	test	train	train	train	train
DB11660	C0017601	1	C11	train	valid	valid	train	valid	train	train	train	train	test
DB11675	C0017168	1	C06	test	train	train	test	train	test	train	train	train	train
DB11675	C0022104	1	C06	test	train	train	test	train	test	train	train	train	train
DB11696	C0011991	1	C23	train	valid	train	test	train	train	train	valid	test	train
DB11699	C0027497	1	C23	train	valid	train	test	train	train	train	valid	test	train
DB11699	C0042963	1	C23	train	valid	train	test	train	train	train	valid	test	train
DB11712	C0010674	1	C16	train	train	test	train	train	train	train	train	train	train
DB11742	C0042109	1	C17	test	train	train	train	train	train	train	train	train	train
DB11748	C0024031	1	C23	train	valid	train	test	train	train	train	valid	test	train
DB11753	C0041296	1	C01	train	train	train	train	valid	valid	train	train	train	train
DB11757	C0030567	1	C10	train	train	train	train	train	valid	valid	train	train	train
DB11767	C0003873	1	C05	train	train	train	train	train	train	train	train	train	train
DB11767	C0038013	1	C05	train	train	train	train	train	train	train	train	train	train
DB11783	C0018802	1	C14	valid	test	train	valid	test	train	train	test	train	valid
DB11792	C0242350	1	C12	train	train	train	train	train	train	train	train	train	train
DB11817	C0003873	1	C05	train	train	train	train	train	train	train	train	train	train
DB11824	C0011849	1	C18	train	train	train	train	train	test	train	train	train	train
DB11827	C0011849	1	C18	train	train	train	train	train	test	train	train	train	train
DB11827	C0011860	1	C18	train	train	train	train	train	test	train	train	train	train
DB11834	C0033860	1	C17	test	train	train	train	train	train	train	train	train	train
DB11950	C0011849	1	C18	train	train	train	train	train	test	train	train	train	train
DB11988	C0003873	1	C05	train	train	train	train	train	train	train	train	train	train
DB11994	C0029408	1	C05	train	train	train	train	train	train	train	train	train	train
DB11995	C0019080	1	C23	train	valid	train	test	train	train	train	valid	test	train
DB11995	C0040034	1	C15	train	train	train	train	train	train	train	train	test	train
DB12010	C0003873	1	C05	train	train	train	train	train	train	train	train	train	train
DB12010	C0079731	1	C04	train	train	valid	train	train	train	test	train	train	test
DB12010	C0398650	1	C15	train	train	train	train	train	train	train	train	test	train
DB12023	C0004096	1	C08	valid	train	test	train	valid	train	train	train	valid	train
DB12082	C0018802	1	C14	valid	test	train	valid	test	train	train	test	train	valid
DB12095	C0024586	1	C04	train	train	valid	train	train	train	test	train	train	test
DB12153	C0002395	1	C10	train	train	train	train	train	valid	valid	train	train	train
DB12153	C0017601	1	C11	train	valid	valid	train	valid	train	train	train	train	test
DB12153	C0030567	1	C10	train	train	train	train	train	valid	valid	train	train	train
DB12159	C0011603	1	C17	test	train	train	train	train	train	train	train	train	train
DB12163	C0002962	1	C14	valid	test	train	valid	test	train	train	test	train	valid
DB12163	C0004153	1	C14	valid	test	train	valid	test	train	train	test	train	valid
DB12163	C0011849	1	C18	train	train	train	train	train	test	train	train	train	train
DB12163	C0034734	1	C14	valid	test	train	valid	test	train	train	test	train	valid
DB12230	C0017601	1	C11	train	valid	valid	train	valid	train	train	train	train	test
DB12233	C0003873	1	C05	train	train	train	train	train	train	train	train	train	train
DB12243	C0038454	1	C10	train	train	train	train	train	valid	valid	train	train	train
DB12248	C0004096	1	C08	valid	train	test	train	valid	train	train	train	valid	train
DB12278	C0042024	1	C12	train	train	train	train	train	train	train	train	train	train
DB12319	C0018099	1	C05	train	train	train	train	train	train	train	train	train	train
DB12401	C0036341	1	F03	train	train	test	train	train	train	train	valid	train	train
DB12417	C0011849	1	C18	train	train	train	train	train	test	train	train	train	train
DB12478	C0012833	1	C23	train	valid	train	test	train	train	train	valid	test	train
DB12478	C0030567	1	C10	train	train	train	train	train	valid	valid	train	train	train
DB12523	C0042109	1	C17	test	train	train	train	train	train	train	train	train	train
DB12545	C0040053	1	C14	valid	test	train	valid	test	train	train	test	train	valid
DB12831	C0030305	1	C06	test	train	train	test	train	test	train	train	train	train
DB12833	C0013415	1	F03	train	train	test	train	train	train	train	valid	train	train
DB12836	C0029408	1	C05	train	train	train	train	train	train	train	train	train	train
DB12865	C0020503	1	C19	train	train	test	valid	train	train	test	train	train	valid
DB12867	C0036341	1	F03	train	train	test	train	train	train	train	valid	train	train
DB12947	C1527249	1	C06	test	train	train	test	train	test	train	train	train	train
DB13036	C0004096	1	C08	valid	train	test	train	valid	train	train	train	valid	train
DB13036	C1956346	1	C14	valid	test	train	valid	test	train	train	test	train	valid
DB13152	C0008533	1	C15	train	train	train	train	train	train	train	train	test	train
DB13152	C0015503	1	C15	train	train	train	train	train	train	train	train	test	train
DB13152	C0015530	1	C15	train	train	train	train	train	train	train	train	test	train
DB13152	C0019069	1	C15	train	train	train	train	train	train	train	train	test	train
DB13152	C0019080	1	C23	train	valid	train	test	train	train	train	valid	test	train
DB13165	C0017601	1	C11	train	valid	valid	train	valid	train	train	train	train	test
DB13167	C0003873	1	C05	train	train	train	train	train	train	train	train	train	train
DB13169	C0002871	1	C15	train	train	train	train	train	train	train	train	test	train
DB13179	C0004096	1	C08	valid	train	test	train	valid	train	train	train	valid	train
DB13179	C0032285	1	C08	valid	train	test	train	valid	train	train	train	valid	train
DB13179	C0037199	1	C08	valid	train	test	train	valid	train	train	train	valid	train
DB13179	C0155862	1	C01	train	train	train	train	valid	valid	train	train	train	train
DB13217	C0003862	1	C05	train	train	train	train	train	train	train	train	train	train
DB13217	C0231528	1	C05	train	train	train	train	train	train	train	train	train	train
DB13345	C0149931	1	C10	train	train	train	train	train	valid	valid	train	train	train
DB13500	C0022104	1	C06	test	train	train	test	train	test	train	train	train	train
DB13689	C0033860	1	C17	test	train	train	train	train	train	train	train	train	train
DB13783	C0029408	1	C05	train	train	train	train	train	train	train	train	train	train
DB13873	C0020443	1	C18	train	train	train	train	train	test	train	train	train	train
DB13873	C0020473	1	C18	train	train	train	train	train	test	train	train	train	train
DB13873	C0242339	1	C18	train	train	train	train	train	test	train	train	train	train
DB13919	C0018802	1	C14	valid	test	train	valid	test	train	train	test	train	valid
DB13928	C0011860	1	C18	train	train	train	train	train	test	train	train	train	train
DB13933	C0019080	1	C23	train	valid	train	test	train	train	train	valid	test	train
DB13943	C0029191	1	C12	train	train	train	train	train	train	train	train	train	train
DB13943	C0271623	1	C19	train	train	test	valid	train	train	test	train	train	valid
DB13954	C0020619	1	C19	train	train	test	valid	train	train	test	train	train	valid
DB13996	C0024473	1	C18	train	train	train	train	train	test	train	train	train	train
DB13999	C0019080	1	C23	train	valid	train	test	train	train	train	valid	test	train
DB14006	C0003873	1	C05	train	train	train	train	train	train	train	train	train	train
DB14006	C0029408	1	C05	train	train	train	train	train	train	train	train	train	train
DB14061	C0036323	1	C01	train	train	train	train	valid	valid	train	train	train	train
L-Arginine	C0018802	1	C14	valid	test	train	valid	test	train	train	test	train	valid
L-Arginine	C0021359	1	C12	train	train	train	train	train	train	train	train	train	train
L-Arginine	C0242350	1	C12	train	train	train	train	train	train	train	train	train	train
L-Arginine	C1956346	1	C14	valid	test	train	valid	test	train	train	test	train	valid
L-Citrulline	C0242350	1	C12	train	train	train	train	train	train	train	train	train	train
SN-38	C1527249	1	C06	test	train	train	test	train	test	train	train	train	train
aceclidine	C0017601	1	C11	train	valid	valid	train	valid	train	train	train	train	test
acefylline	C0004096	1	C08	valid	train	test	train	valid	train	train	train	valid	train
adiphenine	C0037763	1	C10	train	train	train	train	train	valid	valid	train	train	train
adrenalone	C0019080	1	C23	train	valid	train	test	train	train	train	valid	test	train
aminopentamide	C0027497	1	C23	train	valid	train	test	train	train	train	valid	test	train
ammonium-lactate	C0079584	1	C17	test	train	train	train	train	train	train	train	train	train
amtolmetin-guacil	C0003873	1	C05	train	train	train	train	train	train	train	train	train	train
amtolmetin-guacil	C0029408	1	C05	train	train	train	train	train	train	train	train	train	train
arsenic-trioxide	C0011991	1	C23	train	valid	train	test	train	train	train	valid	test	train
azelaic-acid	C0035854	1	C17	test	train	train	train	train	train	train	train	train	train
bendazac	C0003862	1	C05	train	train	train	train	train	train	train	train	train	train
bendazac	C0231528	1	C05	train	train	train	train	train	train	train	train	train	train
benztropine-mesylate	C0030567	1	C10	train	train	train	train	train	valid	valid	train	train	train
bifemelane	C0017601	1	C11	train	valid	valid	train	valid	train	train	train	train	test
budipine	C0030567	1	C10	train	train	train	train	train	valid	valid	train	train	train
buflomedil	C1704436	1	C14	valid	test	train	valid	test	train	train	test	train	valid
butorphanol-(+)-tartrate	C0000737	1	C23	train	valid	train	test	train	train	train	valid	test	train
butorphanol-(+)-tartrate	C0018681	1	C23	train	valid	train	test	train	train	train	valid	test	train
butorphanol-(+)-tartrate	C0231528	1	C05	train	train	train	train	train	train	train	train	train	train
camostat-mesilate	C0030305	1	C06	test	train	train	test	train	test	train	train	train	train
caramiphen	C0030567	1	C10	train	train	train	train	train	valid	valid	train	train	train
carazolol	C0002962	1	C14	valid	test	train	valid	test	train	train	test	train	valid
carazolol	C0027051	1	C14	valid	test	train	valid	test	train	train	test	train	valid
chlormadinone-acetate	C0002453	1	C23	train	valid	train	test	train	train	train	valid	test	train
chlormadinone-acetate	C0028949	1	C23	train	valid	train	test	train	train	train	valid	test	train
chlorogenic-acid	C0018681	1	C23	train	valid	train	test	train	train	train	valid	test	train
clebopride	C0027497	1	C23	train	valid	train	test	train	train	train	valid	test	train
clobetasone-butyrate	C0011603	1	C17	test	train	train	train	train	train	train	train	train	train
clobetasone-butyrate	C0013595	1	C17	test	train	train	train	train	train	train	train	train	train
clobetasone-butyrate	C0033860	1	C17	test	train	train	train	train	train	train	train	train	train
clorprenaline	C0004096	1	C08	valid	train	test	train	valid	train	train	train	valid	train
cortisone	C0003873	1	C05	train	train	train	train	train	train	train	train	train	train
cortisone	C0009324	1	C06	test	train	train	test	train	test	train	train	train	train
cortisone	C0013595	1	C17	test	train	train	train	train	train	train	train	train	train
cycloserine-(d)	C0041296	1	C01	train	train	train	train	valid	valid	train	train	train	train
cyclosporin-a	C0033860	1	C17	test	train	train	train	train	train	train	train	train	train
dabigatran	C0034065	1	C08	valid	train	test	train	valid	train	train	train	valid	train
dabigatran	C0038454	1	C10	train	train	train	train	train	valid	valid	train	train	train
dabigatran-etexilate	C0034065	1	C08	valid	train	test	train	valid	train	train	train	valid	train
dabigatran-etexilate	C0038454	1	C10	train	train	train	train	train	valid	valid	train	train	train
deracoxib	C0029408	1	C05	train	train	train	train	train	train	train	train	train	train
desmopressin-acetate	C0687720	1	C12	train	train	train	train	train	train	train	train	train	train
desoxycorticosterone-pivalate	C0001403	1	C19	train	train	test	valid	train	train	test	train	train	valid
dexamethasone-sodium-phosphate	C0002871	1	C15	train	train	train	train	train	train	train	train	test	train
dexamethasone-sodium-phosphate	C0003872	1	C05	train	train	train	train	train	train	train	train	train	train
dexamethasone-sodium-phosphate	C0003873	1	C05	train	train	train	train	train	train	train	train	train	train
dexamethasone-sodium-phosphate	C0009324	1	C06	test	train	train	test	train	test	train	train	train	train
dexamethasone-sodium-phosphate	C0014335	1	C06	test	train	train	test	train	test	train	train	train	train
dexamethasone-sodium-phosphate	C0020437	1	C18	train	train	train	train	train	test	train	train	train	train
dexamethasone-sodium-phosphate	C0026769	1	C10	train	train	train	train	train	valid	valid	train	train	train
dexamethasone-sodium-phosphate	C0027726	1	C12	train	train	train	train	train	train	train	train	train	train
dexamethasone-sodium-phosphate	C0029408	1	C05	train	train	train	train	train	train	train	train	train	train
dexamethasone-sodium-phosphate	C0033860	1	C17	test	train	train	train	train	train	train	train	train	train
diphemanil	C0037763	1	C10	train	train	train	train	train	valid	valid	train	train	train
epalrestat	C0011881	1	C12	train	train	train	train	train	train	train	train	train	train
ephedrine-(racemic)	C0004096	1	C08	valid	train	test	train	valid	train	train	train	valid	train
ephedrine-(racemic)	C0020649	1	C14	valid	test	train	valid	test	train	train	test	train	valid
ephedrine-(racemic)	C0027404	1	C10	train	train	train	train	train	valid	valid	train	train	train
ephedrine-(racemic)	C0028754	1	C18	train	train	train	train	train	test	train	train	train	train
etofylline	C0004096	1	C08	valid	train	test	train	valid	train	train	train	valid	train
falecalcitriol	C0020502	1	C19	train	train	test	valid	train	train	test	train	train	valid
fenigam	C0003467	1	F01	valid	train	train	train	train	valid	test	train	train	train
flopropione	C0037763	1	C10	train	train	train	train	train	valid	valid	train	train	train
fludarabine-phosphate	C0023434	1	C15	train	train	train	train	train	train	train	train	test	train
fludrocortisone-acetate	C0001403	1	C19	train	train	test	valid	train	train	test	train	train	valid
fludrocortisone-acetate	C0302280	1	C12	train	train	train	train	train	train	train	train	train	train
fluphenazine-decanoate	C0036341	1	F03	train	train	test	train	train	train	train	valid	train	train
flurbiprofen-(S)-(+)	C0003873	1	C05	train	train	train	train	train	train	train	train	train	train
flurbiprofen-(S)-(+)	C0029408	1	C05	train	train	train	train	train	train	train	train	train	train
ftorafur	C1527249	1	C06	test	train	train	test	train	test	train	train	train	train
gentamycin	C0025289	1	C10	train	train	train	train	train	valid	valid	train	train	train
gentamycin	C0032285	1	C08	valid	train	test	train	valid	train	train	train	valid	train
haloperidol-decanoate	C0036341	1	F03	train	train	test	train	train	train	train	valid	train	train
hyaluronic-acid	C0029408	1	C05	train	train	train	train	train	train	train	train	train	train
hyaluronic-acid	C0282488	1	C12	train	train	train	train	train	train	train	train	train	train
hydrocortisone-butyrate	C0013595	1	C17	test	train	train	train	train	train	train	train	train	train
hydrocortisone-phosphate	C0004096	1	C08	valid	train	test	train	valid	train	train	train	valid	train
hydrocortisone-phosphate	C0009319	1	C06	test	train	train	test	train	test	train	train	train	train
hydrocortisone-phosphate	C0011616	1	C17	test	train	train	train	train	train	train	train	train	train
hydrocortisone-phosphate	C0014335	1	C06	test	train	train	test	train	test	train	train	train	train
hydrocortisone-phosphate	C0026764	1	C15	train	train	train	train	train	train	train	train	test	train
hydrocortisone-phosphate	C0027497	1	C23	train	valid	train	test	train	train	train	valid	test	train
hydrocortisone-phosphate	C0042963	1	C23	train	valid	train	test	train	train	train	valid	test	train
ibuprofen-lysine	C0013274	1	C14	valid	test	train	valid	test	train	train	test	train	valid
ipragliflozin-l-proline	C0011849	1	C18	train	train	train	train	train	test	train	train	train	train
maropitant	C0042963	1	C23	train	valid	train	test	train	train	train	valid	test	train
megestrol-acetate	C0006625	1	C23	train	valid	train	test	train	train	train	valid	test	train
meldonium	C1956346	1	C14	valid	test	train	valid	test	train	train	test	train	valid
melevodopa	C0030567	1	C10	train	train	train	train	train	valid	valid	train	train	train
methylene-blue	C0025637	1	C15	train	train	train	train	train	train	train	train	test	train
methylprednisolone-aceponate	C0001627	1	C12	train	train	train	train	train	train	train	train	train	train
methylprednisolone-aceponate	C0002871	1	C15	train	train	train	train	train	train	train	train	test	train
methylprednisolone-aceponate	C0003873	1	C05	train	train	train	train	train	train	train	train	train	train
methylprednisolone-aceponate	C0004096	1	C08	valid	train	test	train	valid	train	train	train	valid	train
methylprednisolone-aceponate	C0009324	1	C06	test	train	train	test	train	test	train	train	train	train
methylprednisolone-aceponate	C0014335	1	C06	test	train	train	test	train	test	train	train	train	train
methylprednisolone-aceponate	C0020437	1	C18	train	train	train	train	train	test	train	train	train	train
methylprednisolone-aceponate	C0026769	1	C10	train	train	train	train	train	valid	valid	train	train	train
methylprednisolone-aceponate	C0029408	1	C05	train	train	train	train	train	train	train	train	train	train
methylprednisolone-aceponate	C0033860	1	C17	test	train	train	train	train	train	train	train	train	train
methylprednisolone-aceponate	C0040147	1	C19	train	train	test	valid	train	train	test	train	train	valid
minodronic-acid	C0029456	1	C05	train	train	train	train	train	train	train	train	train	train
mofezolac	C0003873	1	C05	train	train	train	train	train	train	train	train	train	train
mofezolac	C0029456	1	C05	train	train	train	train	train	train	train	train	train	train
mozavaptan	C0020625	1	C18	train	train	train	train	train	test	train	train	train	train
nemonapride	C0036341	1	F03	train	train	test	train	train	train	train	valid	train	train
neridronic-acid	C0029434	1	C05	train	train	train	train	train	train	train	train	train	train
omeprazole-magnesium	C0017168	1	C06	test	train	train	test	train	test	train	train	train	train
omeprazole-magnesium	C0018834	1	C23	train	valid	train	test	train	train	train	valid	test	train
penfluridol	C0036341	1	F03	train	train	test	train	train	train	train	valid	train	train
phosphatidylcholine	C0013595	1	C17	test	train	train	train	train	train	train	train	train	train
picotamide	C0040053	1	C14	valid	test	train	valid	test	train	train	test	train	valid
pimobendan	C0018802	1	C14	valid	test	train	valid	test	train	train	test	train	valid
pipenzolate	C0037763	1	C10	train	train	train	train	train	valid	valid	train	train	train
piperidolate	C0037763	1	C10	train	train	train	train	train	valid	valid	train	train	train
pralidoxime-chloride	C0235063	1	C08	valid	train	test	train	valid	train	train	train	valid	train
prednisolone-acetate	C0009763	1	C11	train	valid	valid	train	valid	train	train	train	train	test
prednisolone-acetate	C0035854	1	C17	test	train	train	train	train	train	train	train	train	train
prednisolone-sodium-phosphate	C0001627	1	C12	train	train	train	train	train	train	train	train	train	train
prednisolone-sodium-phosphate	C0003872	1	C05	train	train	train	train	train	train	train	train	train	train
prednisolone-sodium-phosphate	C0003873	1	C05	train	train	train	train	train	train	train	train	train	train
prednisolone-sodium-phosphate	C0004096	1	C08	valid	train	test	train	valid	train	train	train	valid	train
prednisolone-sodium-phosphate	C0009324	1	C06	test	train	train	test	train	test	train	train	train	train
prednisolone-sodium-phosphate	C0011616	1	C17	test	train	train	train	train	train	train	train	train	train
prednisolone-sodium-phosphate	C0014335	1	C06	test	train	train	test	train	test	train	train	train	train
prednisolone-sodium-phosphate	C0020437	1	C18	train	train	train	train	train	test	train	train	train	train
prednisolone-sodium-phosphate	C0025289	1	C10	train	train	train	train	train	valid	valid	train	train	train
prednisolone-sodium-phosphate	C0026769	1	C10	train	train	train	train	train	valid	valid	train	train	train
prednisolone-sodium-phosphate	C0032285	1	C08	valid	train	test	train	valid	train	train	train	valid	train
prednisolone-sodium-phosphate	C0040147	1	C19	train	train	test	valid	train	train	test	train	train	valid
psoralen	C0013595	1	C17	test	train	train	train	train	train	train	train	train	train
psoralen	C0033860	1	C17	test	train	train	train	train	train	train	train	train	train
psoralen	C0042900	1	C17	test	train	train	train	train	train	train	train	train	train
quinaprilat	C0002994	1	C14	valid	test	train	valid	test	train	train	test	train	valid
r(-)-apomorphine	C0030567	1	C10	train	train	train	train	train	valid	valid	train	train	train
revaprazan	C0017152	1	C06	test	train	train	test	train	test	train	train	train	train
silibinin	C0023890	1	C06	test	train	train	test	train	test	train	train	train	train
sodium-monofluorophosphate	C0011334	1	C07	train	train	train	train	test	train	train	train	train	train
sodium-oxybate	C0027404	1	C10	train	train	train	train	train	valid	valid	train	train	train
sodium-salicylate	C0015967	1	C23	train	valid	train	test	train	train	train	valid	test	train
sodium-tetradecyl-sulfate	C0042345	1	C14	valid	test	train	valid	test	train	train	test	train	valid
spiperone	C0036341	1	F03	train	train	test	train	train	train	train	valid	train	train
strontium-ranelate	C0029408	1	C05	train	train	train	train	train	train	train	train	train	train
strontium-ranelate	C0029456	1	C05	train	train	train	train	train	train	train	train	train	train
taltirelin	C0087012	1	C10	train	train	train	train	train	valid	valid	train	train	train
telotristat-ethyl	C0011991	1	C23	train	valid	train	test	train	train	train	valid	test	train
tepoxalin	C0003873	1	C05	train	train	train	train	train	train	train	train	train	train
tepoxalin	C1328407	1	C26	train	train	test	train	train	valid	train	train	train	train
testosterone-enanthate	C0020619	1	C19	train	train	test	valid	train	train	test	train	train	valid
testosterone-undecanoate	C0020619	1	C19	train	train	test	valid	train	train	test	train	train	valid
thiostrepton	C0024894	1	C12	train	train	train	train	train	train	train	train	train	train
thiram	C0011616	1	C17	test	train	train	train	train	train	train	train	train	train
trepibutone	C0022104	1	C06	test	train	train	test	train	test	train	train	train	train
ufenamate	C0011603	1	C17	test	train	train	train	train	train	train	train	train	train
ufenamate	C0013595	1	C17	test	train	train	train	train	train	train	train	train	train
vinburnine	C0038454	1	C10	train	train	train	train	train	valid	valid	train	train	train
xipamide	C0013604	1	C23	train	valid	train	test	train	train	train	valid	test	train
zotarolimus	C0948480	1	C14	valid	test	train	valid	test	train	train	test	train	valid
5-hydroxytryptophan	C0003578	0	C08	valid	train	test	train	valid	train	train	train	valid	train
5-hydroxytryptophan	C0011606	0	C17	test	train	train	train	train	train	train	train	train	train
ACT-132577	C0022638	0	C18	train	train	train	train	train	test	train	train	train	train
ACT-132577	C0027661	0	C04	train	train	valid	train	train	train	test	train	train	test
ACT-132577	C0271623	0	C19	train	train	test	valid	train	train	test	train	train	valid
DB00001	C0023827	0	C04	train	train	valid	train	train	train	test	train	train	test
DB00001	C0282488	0	C12	train	train	train	train	train	train	train	train	train	train
DB00001	C0887833	0	C04	train	train	valid	train	train	train	test	train	train	test
DB00002	C0007785	0	C10	train	train	train	train	train	valid	valid	train	train	train
DB00002	C0022660	0	C12	train	train	train	train	train	train	train	train	train	train
DB00002	C0027686	0	C23	train	valid	train	test	train	train	train	valid	test	train
DB00004	C0013182	0	C25	train	train	valid	train	valid	train	train	train	train	train
DB00004	C0017605	0	C11	train	valid	valid	train	valid	train	train	train	train	test
DB00005	C0023890	0	C06	test	train	train	test	train	test	train	train	train	train
DB00005	C0032897	0	C16	train	train	test	train	train	train	train	train	train	train
DB00006	C0007193	0	C14	valid	test	train	valid	test	train	train	test	train	valid
DB00006	C0035222	0	C08	valid	train	test	train	valid	train	train	train	valid	train
DB00006	C1861172	0	C14	valid	test	train	valid	test	train	train	test	train	valid
DB00007	C0042875	0	C18	train	train	train	train	train	test	train	train	train	train
DB00008	C0027121	0	C05	train	train	train	train	train	train	train	train	train	train
DB00008	C0041296	0	C01	train	train	train	train	valid	valid	train	train	train	train
DB00009	C0007642	0	C01	train	train	train	train	valid	valid	train	train	train	train
DB00009	C0014733	0	C01	train	train	train	train	valid	valid	train	train	train	train
DB00010	C0001623	0	C19	train	train	test	valid	train	train	test	train	train	valid
DB00010	C0020545	0	C12	train	train	train	train	train	train	train	train	train	train
DB00010	C0037763	0	C10	train	train	train	train	train	valid	valid	train	train	train
DB00010	C0920350	0	C19	train	train	test	valid	train	train	test	train	train	valid
DB00012	C0005694	0	C12	train	train	train	train	train	train	train	train	train	train
DB00012	C0014121	0	C01	train	train	train	train	valid	valid	train	train	train	train
DB00012	C0016470	0	C20	train	train	train	train	train	train	train	train	valid	train
DB00012	C0039483	0	C14	valid	test	train	valid	test	train	train	test	train	valid
DB00012	C0751674	0	C04	train	train	valid	train	train	train	test	train	train	test
DB00013	C0021359	0	C12	train	train	train	train	train	train	train	train	train	train
DB00013	C0751122	0	C10	train	train	train	train	train	valid	valid	train	train	train
DB00014	C0010072	0	C14	valid	test	train	valid	test	train	train	test	train	valid
DB00015	C0014867	0	C06	test	train	train	test	train	test	train	train	train	train
DB00015	C0041948	0	C12	train	train	train	train	train	train	train	train	train	train
DB00015	C0234533	0	C10	train	train	train	train	train	valid	valid	train	train	train
DB00016	C0010692	0	C12	train	train	train	train	train	train	train	train	train	train
DB00016	C0034186	0	C12	train	train	train	train	train	train	train	train	train	train
DB00016	C0342881	0	C18	train	train	train	train	train	test	train	train	train	train
DB00020	C0019151	0	C06	test	train	train	test	train	test	train	train	train	train
DB00020	C0027404	0	C10	train	train	train	train	train	valid	valid	train	train	train
DB00020	C2930898	0	C11	train	valid	valid	train	valid	train	train	train	train	test
DB00022	C0003962	0	C23	train	valid	train	test	train	train	train	valid	test	train
DB00022	C0012739	0	C15	train	train	train	train	train	train	train	train	test	train
DB00022	C0149931	0	C10	train	train	train	train	train	valid	valid	train	train	train
DB00024	C0028734	0	C23	train	valid	train	test	train	train	train	valid	test	train
DB00024	C0039103	0	C05	train	train	train	train	train	train	train	train	train	train
DB00024	C0043202	0	C14	valid	test	train	valid	test	train	train	test	train	valid
DB00025	C0020649	0	C14	valid	test	train	valid	test	train	train	test	train	valid
DB00025	C0206686	0	C19	train	train	test	valid	train	train	test	train	train	valid
DB00025	C0917798	0	C10	train	train	train	train	train	valid	valid	train	train	train
DB00026	C0036920	0	C15	train	train	train	train	train	train	train	train	test	train
DB00026	C0085129	0	C08	valid	train	test	train	valid	train	train	train	valid	train
DB00028	C0007786	0	C10	train	train	train	train	train	valid	valid	train	train	train
DB00028	C0687720	0	C12	train	train	train	train	train	train	train	train	train	train
DB00029	C0002418	0	C10	train	train	train	train	train	valid	valid	train	train	train
DB00029	C0020456	0	C18	train	train	train	train	train	test	train	train	train	train
DB00031	C0000809	0	C12	train	train	train	train	train	train	train	train	train	train
DB00031	C0008350	0	C06	test	train	train	test	train	test	train	train	train	train
DB00031	C0014356	0	C06	test	train	train	test	train	test	train	train	train	train
DB00031	C0751362	0	C10	train	train	train	train	train	valid	valid	train	train	train
DB00031	C1527304	0	C20	train	train	train	train	train	train	train	train	valid	train
DB00032	C0011881	0	C12	train	train	train	train	train	train	train	train	train	train
DB00032	C0015371	0	C10	train	train	train	train	train	valid	valid	train	train	train
DB00032	C0022660	0	C12	train	train	train	train	train	train	train	train	train	train
DB00033	C0007138	0	C04	train	train	valid	train	train	train	test	train	train	test
DB00033	C0031046	0	C14	valid	test	train	valid	test	train	train	test	train	valid
DB00033	C0231528	0	C05	train	train	train	train	train	train	train	train	train	train
DB00034	C0022593	0	C17	test	train	train	train	train	train	train	train	train	train
DB00034	C0028840	0	C11	train	valid	valid	train	valid	train	train	train	train	test
DB00034	C0031154	0	C01	train	train	train	train	valid	valid	train	train	train	train
DB00035	C0024523	0	C06	test	train	train	test	train	test	train	train	train	train
DB00035	C0175683	0	C18	train	train	train	train	train	test	train	train	train	train
DB00036	C0005699	0	C04	train	train	valid	train	train	train	test	train	train	test
DB00036	C0151526	0	C12	train	train	train	train	train	train	train	train	train	train
DB00038	C0001623	0	C19	train	train	test	valid	train	train	test	train	train	valid
DB00038	C0020676	0	C19	train	train	test	valid	train	train	test	train	train	valid
DB00038	C0033975	0	F03	train	train	test	train	train	train	train	valid	train	train
DB00039	C0000809	0	C12	train	train	train	train	train	train	train	train	train	train
DB00039	C0015397	0	C11	train	valid	valid	train	valid	train	train	train	train	test
DB00040	C0596263	0	C04	train	train	valid	train	train	train	test	train	train	test
DB00040	C1260899	0	C15	train	train	train	train	train	train	train	train	test	train
DB00041	C0042133	0	C04	train	train	valid	train	train	train	test	train	train	test
DB00042	C0042870	0	C18	train	train	train	train	train	test	train	train	train	train
DB00042	C0206686	0	C19	train	train	test	valid	train	train	test	train	train	valid
DB00043	C0005697	0	C12	train	train	train	train	train	train	train	train	train	train
DB00043	C0017638	0	C04	train	train	valid	train	train	train	test	train	train	test
DB00043	C0018834	0	C23	train	valid	train	test	train	train	train	valid	test	train
DB00043	C0175683	0	C18	train	train	train	train	train	test	train	train	train	train
DB00043	C0242350	0	C12	train	train	train	train	train	train	train	train	train	train
DB00044	C0040479	0	C14	valid	test	train	valid	test	train	train	test	train	valid
DB00044	C0405580	0	C19	train	train	test	valid	train	train	test	train	train	valid
DB00046	C0020479	0	C18	train	train	train	train	train	test	train	train	train	train
DB00046	C0038362	0	C07	train	train	train	train	test	train	train	train	train	train
DB00047	C0002871	0	C15	train	train	train	train	train	train	train	train	test	train
DB00047	C0003469	0	F03	train	train	test	train	train	train	train	valid	train	train
DB00047	C0017636	0	C04	train	train	valid	train	train	train	test	train	train	test
DB00047	C0085681	0	C18	train	train	train	train	train	test	train	train	train	train
DB00047	C0751674	0	C04	train	train	valid	train	train	train	test	train	train	test
DB00048	C0001418	0	C04	train	train	valid	train	train	train	test	train	train	test
DB00048	C2936781	0	C10	train	train	train	train	train	valid	valid	train	train	train
DB00051	C0002726	0	C18	train	train	train	train	train	test	train	train	train	train
DB00051	C0013405	0	C08	valid	train	test	train	valid	train	train	train	valid	train
DB00051	C0013720	0	C17	test	train	train	train	train	train	train	train	train	train
DB00051	C0020625	0	C18	train	train	train	train	train	test	train	train	train	train
DB00051	C0040156	0	C19	train	train	test	valid	train	train	test	train	train	valid
DB00051	C0042842	0	C18	train	train	train	train	train	test	train	train	train	train
DB00051	C0162566	0	C06	test	train	train	test	train	test	train	train	train	train
DB00051	C1621958	0	C04	train	train	valid	train	train	train	test	train	train	test
DB00052	C0038379	0	C10	train	train	train	train	train	valid	valid	train	train	train
DB00054	C0011849	0	C18	train	train	train	train	train	test	train	train	train	train
DB00054	C0023434	0	C15	train	train	train	train	train	train	train	train	test	train
DB00054	C0031099	0	C07	train	train	train	train	test	train	train	train	train	train
DB00055	C0005587	0	F03	train	train	test	train	train	train	train	valid	train	train
DB00055	C0010481	0	C19	train	train	test	valid	train	train	test	train	train	valid
DB00055	C0026769	0	C10	train	train	train	train	train	valid	valid	train	train	train
DB00056	C0003578	0	C08	valid	train	test	train	valid	train	train	train	valid	train
DB00056	C0006118	0	C10	train	train	train	train	train	valid	valid	train	train	train
DB00056	C0014335	0	C06	test	train	train	test	train	test	train	train	train	train
DB00056	C0025202	0	C04	train	train	valid	train	train	train	test	train	train	test
DB00056	C0242383	0	C11	train	valid	valid	train	valid	train	train	train	train	test
DB00060	C0024899	0	C04	train	train	valid	train	train	train	test	train	train	test
DB00060	C0079731	0	C04	train	train	valid	train	train	train	test	train	train	test
DB00063	C0220756	0	C18	train	train	train	train	train	test	train	train	train	train
DB00065	C0013338	0	C05	train	train	train	train	train	train	train	train	train	train
DB00065	C0020626	0	C19	train	train	test	valid	train	train	test	train	train	valid
DB00065	C0026848	0	C05	train	train	train	train	train	train	train	train	train	train
DB00066	C0023518	0	C15	train	train	train	train	train	train	train	train	test	train
DB00067	C0025202	0	C04	train	train	valid	train	train	train	test	train	train	test
DB00068	C0009375	0	C06	test	train	train	test	train	test	train	train	train	train
DB00068	C0009763	0	C11	train	valid	valid	train	valid	train	train	train	train	test
DB00068	C0018798	0	C14	valid	test	train	valid	test	train	train	test	train	valid
DB00068	C0019151	0	C06	test	train	train	test	train	test	train	train	train	train
DB00068	C0036202	0	C15	train	train	train	train	train	train	train	train	test	train
DB00068	C0677607	0	C19	train	train	test	valid	train	train	test	train	train	valid
DB00069	C0031154	0	C01	train	train	train	train	valid	valid	train	train	train	train
DB00070	C0000737	0	C23	train	valid	train	test	train	train	train	valid	test	train
DB00070	C0002792	0	C20	train	train	train	train	train	train	train	train	valid	train
DB00070	C0027697	0	C12	train	train	train	train	train	train	train	train	train	train
DB00070	C0268596	0	C18	train	train	train	train	train	test	train	train	train	train
DB00070	C0700201	0	C10	train	train	train	train	train	valid	valid	train	train	train
DB00070	C0887833	0	C04	train	train	valid	train	train	train	test	train	train	test
DB00071	C0005587	0	F03	train	train	test	train	train	train	train	valid	train	train
DB00072	C0149925	0	C08	valid	train	test	train	valid	train	train	train	valid	train
DB00072	C0751434	0	C18	train	train	train	train	train	test	train	train	train	train
DB00073	C0038454	0	C10	train	train	train	train	train	valid	valid	train	train	train
DB00073	C0235063	0	C08	valid	train	test	train	valid	train	train	train	valid	train
DB00075	C0023434	0	C15	train	train	train	train	train	train	train	train	test	train
DB00075	C0238111	0	C10	train	train	train	train	train	valid	valid	train	train	train
DB00078	C0001627	0	C12	train	train	train	train	train	train	train	train	train	train
DB00078	C0006287	0	C08	valid	train	test	train	valid	train	train	train	valid	train
DB00078	C0009763	0	C11	train	valid	valid	train	valid	train	train	train	train	test
DB00078	C0013720	0	C17	test	train	train	train	train	train	train	train	train	train
DB00078	C0018021	0	C19	train	train	test	valid	train	train	test	train	train	valid
DB00081	C0019880	0	C18	train	train	train	train	train	test	train	train	train	train
DB00081	C0020557	0	C18	train	train	train	train	train	test	train	train	train	train
DB00081	C0751674	0	C04	train	train	valid	train	train	train	test	train	train	test
DB00082	C0002170	0	C17	test	train	train	train	train	train	train	train	train	train
DB00082	C0004096	0	C08	valid	train	test	train	valid	train	train	train	valid	train
DB00083	C0005967	0	C04	train	train	valid	train	train	train	test	train	train	test
DB00083	C0687720	0	C12	train	train	train	train	train	train	train	train	train	train
DB00086	C0035854	0	C17	test	train	train	train	train	train	train	train	train	train
DB00086	C0043515	0	C06	test	train	train	test	train	test	train	train	train	train
DB00086	C0740394	0	C23	train	valid	train	test	train	train	train	valid	test	train
DB00087	C1561643	0	C12	train	train	train	train	train	train	train	train	train	train
DB00091	C0006105	0	C01	train	train	train	train	valid	valid	train	train	train	train
DB00091	C0032027	0	C17	test	train	train	train	train	train	train	train	train	train
DB00091	C0042880	0	C15	train	train	train	train	train	train	train	train	test	train
DB00092	C0014556	0	C10	train	train	train	train	train	valid	valid	train	train	train
DB00092	C0948008	0	C10	train	train	train	train	train	valid	valid	train	train	train
DB00093	C0019243	0	C20	train	train	train	train	train	train	train	train	valid	train
DB00093	C0020437	0	C18	train	train	train	train	train	test	train	train	train	train
DB00093	C0085681	0	C18	train	train	train	train	train	test	train	train	train	train
DB00094	C0034012	0	C19	train	train	test	valid	train	train	test	train	train	valid
DB00094	C0085580	0	C14	valid	test	train	valid	test	train	train	test	train	valid
DB00094	C0270851	0	C10	train	train	train	train	train	valid	valid	train	train	train
DB00095	C0011581	0	F03	train	train	test	train	train	train	train	valid	train	train
DB00095	C0024299	0	C04	train	train	valid	train	train	train	test	train	train	test
DB00095	C0029443	0	C01	train	train	train	train	valid	valid	train	train	train	train
DB00095	C0042345	0	C14	valid	test	train	valid	test	train	train	test	train	valid
DB00095	C0162627	0	C01	train	train	train	train	valid	valid	train	train	train	train
DB00095	C0235480	0	C14	valid	test	train	valid	test	train	train	test	train	valid
DB00095	C1704417	0	C18	train	train	train	train	train	test	train	train	train	train
DB00097	C0018671	0	C04	train	train	valid	train	train	train	test	train	train	test
DB00097	C0020476	0	C18	train	train	train	train	train	test	train	train	train	train
DB00097	C0024141	0	C17	test	train	train	train	train	train	train	train	train	train
DB00097	C0740394	0	C23	train	valid	train	test	train	train	train	valid	test	train
DB00099	C0270851	0	C10	train	train	train	train	train	valid	valid	train	train	train
DB00100	C0011860	0	C18	train	train	train	train	train	test	train	train	train	train
DB00100	C0020538	0	C14	valid	test	train	valid	test	train	train	test	train	valid
DB00100	C0029927	0	C12	train	train	train	train	train	train	train	train	train	train
DB00100	C0034069	0	C08	valid	train	test	train	valid	train	train	train	valid	train
DB00100	C0042909	0	C11	train	valid	valid	train	valid	train	train	train	train	test
DB00100	C0456909	0	C10	train	train	train	train	train	valid	valid	train	train	train
DB00102	C0006413	0	C01	train	train	train	train	valid	valid	train	train	train	train
DB00102	C0019618	0	C15	train	train	train	train	train	train	train	train	test	train
DB00102	C0029442	0	C18	train	train	train	train	train	test	train	train	train	train
DB00104	C0005283	0	C15	train	train	train	train	train	train	train	train	test	train
DB00104	C0031154	0	C01	train	train	train	train	valid	valid	train	train	train	train
DB00105	C0021655	0	C18	train	train	train	train	train	test	train	train	train	train
DB00105	C0028734	0	C23	train	valid	train	test	train	train	train	valid	test	train
DB00105	C0030567	0	C10	train	train	train	train	train	valid	valid	train	train	train
DB00105	C0042510	0	C14	valid	test	train	valid	test	train	train	test	train	valid
DB00106	C0032914	0	C12	train	train	train	train	train	train	train	train	train	train
DB00106	C0038220	0	C10	train	train	train	train	train	valid	valid	train	train	train
DB00106	C0040147	0	C19	train	train	test	valid	train	train	test	train	train	valid
DB00106	C0162568	0	C06	test	train	train	test	train	test	train	train	train	train
DB00106	C0311277	0	C18	train	train	train	train	train	test	train	train	train	train
DB00107	C0017168	0	C06	test	train	train	test	train	test	train	train	train	train
DB00107	C0036341	0	F03	train	train	test	train	train	train	train	valid	train	train
DB00108	C0030567	0	C10	train	train	train	train	train	valid	valid	train	train	train
DB00108	C0242339	0	C18	train	train	train	train	train	test	train	train	train	train
DB00110	C0006114	0	C10	train	train	train	train	train	valid	valid	train	train	train
DB00110	C0008533	0	C15	train	train	train	train	train	train	train	train	test	train
DB00110	C0015967	0	C23	train	valid	train	test	train	train	train	valid	test	train
DB00110	C0024419	0	C15	train	train	train	train	train	train	train	train	test	train
DB00112	C0008325	0	C06	test	train	train	test	train	test	train	train	train	train
DB00112	C0010054	0	C14	valid	test	train	valid	test	train	train	test	train	valid
DB00112	C0017638	0	C04	train	train	valid	train	train	train	test	train	train	test
DB00112	C0409959	0	C05	train	train	train	train	train	train	train	train	train	train
DB00114	C0022660	0	C12	train	train	train	train	train	train	train	train	train	train
DB00114	C4048328	0	C12	train	train	train	train	train	train	train	train	train	train
DB00115	C0036337	0	F03	train	train	test	train	train	train	train	valid	train	train
DB00115	C0038325	0	C17	test	train	train	train	train	train	train	train	train	train
DB00117	C0003469	0	F03	train	train	test	train	train	train	train	valid	train	train
DB00117	C0014550	0	C10	train	train	train	train	train	valid	valid	train	train	train
DB00118	C0014173	0	C12	train	train	train	train	train	train	train	train	train	train
DB00119	C0002895	0	C15	train	train	train	train	train	train	train	train	test	train
DB00119	C0039841	0	C18	train	train	train	train	train	test	train	train	train	train
DB00120	C0002453	0	C23	train	valid	train	test	train	train	train	valid	test	train
DB00120	C0020476	0	C18	train	train	train	train	train	test	train	train	train	train
DB00120	C0751865	0	C25	train	train	valid	train	valid	train	train	train	train	train
DB00120	C1800706	0	C08	valid	train	test	train	valid	train	train	train	valid	train
DB00121	C0021141	0	C10	train	train	train	train	train	valid	valid	train	train	train
DB00121	C0175683	0	C18	train	train	train	train	train	test	train	train	train	train
DB00122	C0020437	0	C18	train	train	train	train	train	test	train	train	train	train
DB00122	C0023449	0	C15	train	train	train	train	train	train	train	train	test	train
DB00122	C0152020	0	C06	test	train	train	test	train	test	train	train	train	train
DB00123	C0002395	0	C10	train	train	train	train	train	valid	valid	train	train	train
DB00123	C0023434	0	C15	train	train	train	train	train	train	train	train	test	train
DB00123	C0026961	0	C11	train	valid	valid	train	valid	train	train	train	train	test
DB00125	C0027661	0	C04	train	train	valid	train	train	train	test	train	train	test
DB00126	C0020445	0	C18	train	train	train	train	train	test	train	train	train	train
DB00126	C0152020	0	C06	test	train	train	test	train	test	train	train	train	train
DB00126	C0206682	0	C04	train	train	valid	train	train	train	test	train	train	test
DB00126	C1704417	0	C18	train	train	train	train	train	test	train	train	train	train
DB00127	C0409959	0	C05	train	train	train	train	train	train	train	train	train	train
DB00128	C0010417	0	C12	train	train	train	train	train	train	train	train	train	train
DB00128	C0014356	0	C06	test	train	train	test	train	test	train	train	train	train
DB00128	C0042880	0	C15	train	train	train	train	train	train	train	train	test	train
DB00128	C0231528	0	C05	train	train	train	train	train	train	train	train	train	train
DB00129	C0175683	0	C18	train	train	train	train	train	test	train	train	train	train
DB00130	C0001206	0	C05	train	train	train	train	train	train	train	train	train	train
DB00130	C0009404	0	C06	test	train	train	test	train	test	train	train	train	train
DB00131	C0020621	0	C18	train	train	train	train	train	test	train	train	train	train
DB00131	C0027708	0	C12	train	train	train	train	train	train	train	train	train	train
DB00132	C0007194	0	C14	valid	test	train	valid	test	train	train	test	train	valid
DB00132	C0018213	0	C19	train	train	test	valid	train	train	test	train	train	valid
DB00132	C0020445	0	C18	train	train	train	train	train	test	train	train	train	train
DB00132	C0025289	0	C10	train	train	train	train	train	valid	valid	train	train	train
DB00133	C0004238	0	C14	valid	test	train	valid	test	train	train	test	train	valid
DB00133	C0006287	0	C08	valid	train	test	train	valid	train	train	train	valid	train
DB00133	C0020217	0	C04	train	train	valid	train	train	train	test	train	train	test
DB00133	C0039621	0	C10	train	train	train	train	train	valid	valid	train	train	train
DB00133	C0162316	0	C15	train	train	train	train	train	train	train	train	test	train
DB00133	C1527336	0	C05	train	train	train	train	train	train	train	train	train	train
DB00136	C0014544	0	C10	train	train	train	train	train	valid	valid	train	train	train
DB00136	C0027796	0	C10	train	train	train	train	train	valid	valid	train	train	train
DB00136	C0042384	0	C14	valid	test	train	valid	test	train	train	test	train	valid
DB00138	C0023443	0	C15	train	train	train	train	train	train	train	train	test	train
DB00138	C0023869	0	C23	train	valid	train	test	train	train	train	valid	test	train
DB00138	C0038363	0	C07	train	train	train	train	test	train	train	train	train	train
DB00139	C0000786	0	C12	train	train	train	train	train	train	train	train	train	train
DB00139	C3544321	0	F03	train	train	test	train	train	train	train	valid	train	train
DB00141	C0003469	0	F03	train	train	test	train	train	train	train	valid	train	train
DB00141	C0022661	0	C12	train	train	train	train	train	train	train	train	train	train
DB00142	C0000737	0	C23	train	valid	train	test	train	train	train	valid	test	train
DB00142	C0023052	0	C08	valid	train	test	train	valid	train	train	train	valid	train
DB00142	C0023890	0	C06	test	train	train	test	train	test	train	train	train	train
DB00142	C0043515	0	C06	test	train	train	test	train	test	train	train	train	train
DB00142	C0085605	0	C06	test	train	train	test	train	test	train	train	train	train
DB00143	C0035220	0	C08	valid	train	test	train	valid	train	train	train	valid	train
DB00143	C0751434	0	C18	train	train	train	train	train	test	train	train	train	train
DB00145	C0270736	0	C10	train	train	train	train	train	valid	valid	train	train	train
DB00146	C0021359	0	C12	train	train	train	train	train	train	train	train	train	train
DB00146	C0035585	0	C01	train	train	train	train	valid	valid	train	train	train	train
DB00147	C0014534	0	C12	train	train	train	train	train	train	train	train	train	train
DB00148	C0005695	0	C12	train	train	train	train	train	train	train	train	train	train
DB00148	C0022665	0	C12	train	train	train	train	train	train	train	train	train	train
DB00148	C0042109	0	C17	test	train	train	train	train	train	train	train	train	train
DB00148	C0271623	0	C19	train	train	test	valid	train	train	test	train	train	valid
DB00148	C1527249	0	C06	test	train	train	test	train	test	train	train	train	train
DB00150	C0008312	0	C06	test	train	train	test	train	test	train	train	train	train
DB00150	C0017605	0	C11	train	valid	valid	train	valid	train	train	train	train	test
DB00151	C0020540	0	C14	valid	test	train	valid	test	train	train	test	train	valid
DB00152	C0002171	0	C17	test	train	train	train	train	train	train	train	train	train
DB00152	C0206693	0	C04	train	train	valid	train	train	train	test	train	train	test
DB00154	C0030446	0	C06	test	train	train	test	train	test	train	train	train	train
DB00154	C0037299	0	C17	test	train	train	train	train	train	train	train	train	train
DB00154	C0405580	0	C19	train	train	test	valid	train	train	test	train	train	valid
DB00155	C0011603	0	C17	test	train	train	train	train	train	train	train	train	train
DB00155	C0023487	0	C04	train	train	valid	train	train	train	test	train	train	test
DB00155	C0028768	0	F03	train	train	test	train	train	train	train	valid	train	train
DB00155	C0036983	0	C23	train	valid	train	test	train	train	train	valid	test	train
DB00157	C0001883	0	C08	valid	train	test	train	valid	train	train	train	valid	train
DB00157	C0085129	0	C08	valid	train	test	train	valid	train	train	train	valid	train
DB00158	C0005694	0	C12	train	train	train	train	train	train	train	train	train	train
DB00159	C0524909	0	C01	train	train	train	train	valid	valid	train	train	train	train
DB00161	C0034951	0	C11	train	valid	valid	train	valid	train	train	train	train	test
DB00161	C0162565	0	C06	test	train	train	test	train	test	train	train	train	train
DB00161	C0235063	0	C08	valid	train	test	train	valid	train	train	train	valid	train
DB00163	C0024121	0	C08	valid	train	test	train	valid	train	train	train	valid	train
DB00163	C0038525	0	C10	train	train	train	train	train	valid	valid	train	train	train
DB00163	C0149931	0	C10	train	train	train	train	train	valid	valid	train	train	train
DB00165	C0003864	0	C05	train	train	train	train	train	train	train	train	train	train
DB00165	C0014335	0	C06	test	train	train	test	train	test	train	train	train	train
DB00165	C0028734	0	C23	train	valid	train	test	train	train	train	valid	test	train
DB00167	C0023467	0	C04	train	train	valid	train	train	train	test	train	train	test
DB00169	C0020545	0	C12	train	train	train	train	train	train	train	train	train	train
DB00169	C0041582	0	C23	train	valid	train	test	train	train	train	valid	test	train
DB00170	C0024299	0	C04	train	train	valid	train	train	train	test	train	train	test
DB00170	C1527311	0	C10	train	train	train	train	train	valid	valid	train	train	train
DB00173	C0007193	0	C14	valid	test	train	valid	test	train	train	test	train	valid
DB00173	C1328407	0	C26	train	train	test	train	train	valid	train	train	train	train
DB00173	C2973725	0	C08	valid	train	test	train	valid	train	train	train	valid	train
DB00174	C0002994	0	C14	valid	test	train	valid	test	train	train	test	train	valid
DB00174	C0003850	0	C14	valid	test	train	valid	test	train	train	test	train	valid
DB00175	C0004096	0	C08	valid	train	test	train	valid	train	train	train	valid	train
DB00175	C0020217	0	C04	train	train	valid	train	train	train	test	train	train	test
DB00175	C0020481	0	C18	train	train	train	train	train	test	train	train	train	train
DB00175	C0021051	0	C20	train	train	train	train	train	train	train	train	valid	train
DB00175	C0035457	0	C08	valid	train	test	train	valid	train	train	train	valid	train
DB00176	C0001627	0	C12	train	train	train	train	train	train	train	train	train	train
DB00176	C0007117	0	C04	train	train	valid	train	train	train	test	train	train	test
DB00176	C0019618	0	C15	train	train	train	train	train	train	train	train	test	train
DB00176	C0456909	0	C10	train	train	train	train	train	valid	valid	train	train	train
DB00177	C0005424	0	C06	test	train	train	test	train	test	train	train	train	train
DB00178	C0007642	0	C01	train	train	train	train	valid	valid	train	train	train	train
DB00178	C0020757	0	C16	train	train	test	train	train	train	train	train	train	train
DB00178	C0271568	0	C05	train	train	train	train	train	train	train	train	train	train
DB00179	C0020502	0	C19	train	train	test	valid	train	train	test	train	train	valid
DB00179	C0149745	0	C07	train	train	train	train	test	train	train	train	train	train
DB00180	C0005697	0	C12	train	train	train	train	train	train	train	train	train	train
DB00180	C0015624	0	C12	train	train	train	train	train	train	train	train	train	train
DB00180	C0026896	0	C10	train	train	train	train	train	valid	valid	train	train	train
DB00180	C0036337	0	F03	train	train	test	train	train	train	train	valid	train	train
DB00180	C0037299	0	C17	test	train	train	train	train	train	train	train	train	train
DB00180	C0836924	0	C15	train	train	train	train	train	train	train	train	test	train
DB00180	C1565489	0	C12	train	train	train	train	train	train	train	train	train	train
DB00181	C0002170	0	C17	test	train	train	train	train	train	train	train	train	train
DB00181	C0036202	0	C15	train	train	train	train	train	train	train	train	test	train
DB00182	C0008533	0	C15	train	train	train	train	train	train	train	train	test	train
DB00186	C0031190	0	C08	valid	train	test	train	valid	train	train	train	valid	train
DB00186	C0036983	0	C23	train	valid	train	test	train	train	train	valid	test	train
DB00187	C0011875	0	C14	valid	test	train	valid	test	train	train	test	train	valid
DB00187	C0017601	0	C11	train	valid	valid	train	valid	train	train	train	train	test
DB00187	C0029456	0	C05	train	train	train	train	train	train	train	train	train	train
DB00187	C0035078	0	C12	train	train	train	train	train	train	train	train	train	train
DB00187	C0036421	0	C17	test	train	train	train	train	train	train	train	train	train
DB00187	C0042024	0	C12	train	train	train	train	train	train	train	train	train	train
DB00188	C0013428	0	C23	train	valid	train	test	train	train	train	valid	test	train
DB00188	C0018802	0	C14	valid	test	train	valid	test	train	train	test	train	valid
DB00188	C0019080	0	C23	train	valid	train	test	train	train	train	valid	test	train
DB00188	C0028949	0	C23	train	valid	train	test	train	train	train	valid	test	train
DB00188	C0085580	0	C14	valid	test	train	valid	test	train	train	test	train	valid
DB00188	C1458155	0	C04	train	train	valid	train	train	train	test	train	train	test
DB00188	C1861172	0	C14	valid	test	train	valid	test	train	train	test	train	valid
DB00189	C0014474	0	C04	train	train	valid	train	train	train	test	train	train	test
DB00189	C0038160	0	C01	train	train	train	train	valid	valid	train	train	train	train
DB00189	C0936215	0	C18	train	train	train	train	train	test	train	train	train	train
DB00190	C0014170	0	C12	train	train	train	train	train	train	train	train	train	train
DB00190	C0014544	0	C10	train	train	train	train	train	valid	valid	train	train	train
DB00190	C0043202	0	C14	valid	test	train	valid	test	train	train	test	train	valid
DB00191	C0003811	0	C14	valid	test	train	valid	test	train	train	test	train	valid
DB00191	C0023890	0	C06	test	train	train	test	train	test	train	train	train	train
DB00191	C0206245	0	C18	train	train	train	train	train	test	train	train	train	train
DB00191	C0376545	0	C04	train	train	valid	train	train	train	test	train	train	test
DB00191	C1261473	0	C04	train	train	valid	train	train	train	test	train	train	test
DB00192	C0038160	0	C01	train	train	train	train	valid	valid	train	train	train	train
DB00193	C0751753	0	C18	train	train	train	train	train	test	train	train	train	train
DB00193	C0887833	0	C04	train	train	valid	train	train	train	test	train	train	test
DB00195	C0740394	0	C23	train	valid	train	test	train	train	train	valid	test	train
DB00196	C0021655	0	C18	train	train	train	train	train	test	train	train	train	train
DB00196	C0024117	0	C08	valid	train	test	train	valid	train	train	train	valid	train
DB00199	C0014859	0	C06	test	train	train	test	train	test	train	train	train	train
DB00199	C0030297	0	C04	train	train	valid	train	train	train	test	train	train	test
DB00199	C0032897	0	C16	train	train	test	train	train	train	train	train	train	train
DB00199	C1384606	0	C12	train	train	train	train	train	train	train	train	train	train
DB00201	C0029458	0	C05	train	train	train	train	train	train	train	train	train	train
DB00203	C0007785	0	C10	train	train	train	train	train	valid	valid	train	train	train
DB00203	C0036572	0	C10	train	train	train	train	train	valid	valid	train	train	train
DB00203	C0234974	0	C10	train	train	train	train	train	valid	valid	train	train	train
DB00203	C0235974	0	C04	train	train	valid	train	train	train	test	train	train	test
DB00204	C0023472	0	C15	train	train	train	train	train	train	train	train	test	train
DB00204	C0027662	0	C04	train	train	valid	train	train	train	test	train	train	test
DB00204	C0220756	0	C18	train	train	train	train	train	test	train	train	train	train
DB00204	C0242339	0	C18	train	train	train	train	train	test	train	train	train	train
DB00206	C0011849	0	C18	train	train	train	train	train	test	train	train	train	train
DB00206	C0040517	0	C10	train	train	train	train	train	valid	valid	train	train	train
DB00207	C0017531	0	C15	train	train	train	train	train	train	train	train	test	train
DB00207	C0042024	0	C12	train	train	train	train	train	train	train	train	train	train
DB00208	C0018801	0	C14	valid	test	train	valid	test	train	train	test	train	valid
DB00208	C0920350	0	C19	train	train	test	valid	train	train	test	train	train	valid
DB00209	C0019112	0	C06	test	train	train	test	train	test	train	train	train	train
DB00209	C0032027	0	C17	test	train	train	train	train	train	train	train	train	train
DB00209	C0162568	0	C06	test	train	train	test	train	test	train	train	train	train
DB00209	C0162627	0	C01	train	train	train	train	valid	valid	train	train	train	train
DB00209	C0268490	0	C18	train	train	train	train	train	test	train	train	train	train
DB00210	C0011875	0	C14	valid	test	train	valid	test	train	train	test	train	valid
DB00210	C0014877	0	C10	train	train	train	train	train	valid	valid	train	train	train
DB00210	C0020514	0	C10	train	train	train	train	train	valid	valid	train	train	train
DB00211	C0010674	0	C16	train	train	test	train	train	train	train	train	train	train
DB00211	C0036323	0	C01	train	train	train	train	valid	valid	train	train	train	train
DB00212	C0009952	0	C10	train	train	train	train	train	valid	valid	train	train	train
DB00212	C0011848	0	C12	train	train	train	train	train	train	train	train	train	train
DB00213	C0023518	0	C15	train	train	train	train	train	train	train	train	test	train
DB00213	C0024143	0	C12	train	train	train	train	train	train	train	train	train	train
DB00214	C0080274	0	C12	train	train	train	train	train	train	train	train	train	train
DB00214	C0220756	0	C18	train	train	train	train	train	test	train	train	train	train
DB00214	C0270851	0	C10	train	train	train	train	train	valid	valid	train	train	train
DB00214	C0376358	0	C12	train	train	train	train	train	train	train	train	train	train
DB00215	C0020676	0	C19	train	train	test	valid	train	train	test	train	train	valid
DB00215	C0035335	0	C04	train	train	valid	train	train	train	test	train	train	test
DB00215	C0221013	0	C04	train	train	valid	train	train	train	test	train	train	test
DB00216	C0002171	0	C17	test	train	train	train	train	train	train	train	train	train
DB00216	C0017638	0	C04	train	train	valid	train	train	train	test	train	train	test
DB00221	C0018273	0	C23	train	valid	train	test	train	train	train	valid	test	train
DB00221	C0035854	0	C17	test	train	train	train	train	train	train	train	train	train
DB00222	C0020649	0	C14	valid	test	train	valid	test	train	train	test	train	valid
DB00223	C0019087	0	C15	train	train	train	train	train	train	train	train	test	train
DB00223	C0026769	0	C10	train	train	train	train	train	valid	valid	train	train	train
DB00223	C0027697	0	C12	train	train	train	train	train	train	train	train	train	train
DB00226	C0085605	0	C06	test	train	train	test	train	test	train	train	train	train
DB00227	C0014121	0	C01	train	train	train	train	valid	valid	train	train	train	train
DB00227	C0042035	0	C12	train	train	train	train	train	train	train	train	train	train
DB00227	C0149931	0	C10	train	train	train	train	train	valid	valid	train	train	train
DB00227	C0497327	0	C10	train	train	train	train	train	valid	valid	train	train	train
DB00227	C1956346	0	C14	valid	test	train	valid	test	train	train	test	train	valid
DB00228	C0005697	0	C12	train	train	train	train	train	train	train	train	train	train
DB00228	C0005779	0	C15	train	train	train	train	train	train	train	train	test	train
DB00228	C0022593	0	C17	test	train	train	train	train	train	train	train	train	train
DB00228	C0023480	0	C15	train	train	train	train	train	train	train	train	test	train
DB00228	C0034063	0	C08	valid	train	test	train	valid	train	train	train	valid	train
DB00228	C0035228	0	C08	valid	train	test	train	valid	train	train	train	valid	train
DB00228	C0039621	0	C10	train	train	train	train	train	valid	valid	train	train	train
DB00230	C0020473	0	C18	train	train	train	train	train	test	train	train	train	train
DB00230	C0040015	0	C15	train	train	train	train	train	train	train	train	test	train
DB00231	C0017612	0	C11	train	valid	valid	train	valid	train	train	train	train	test
DB00231	C0029434	0	C05	train	train	train	train	train	train	train	train	train	train
DB00231	C0949116	0	C15	train	train	train	train	train	train	train	train	test	train
DB00232	C0013720	0	C17	test	train	train	train	train	train	train	train	train	train
DB00233	C0005694	0	C12	train	train	train	train	train	train	train	train	train	train
DB00233	C0011334	0	C07	train	train	train	train	test	train	train	train	train	train
DB00233	C0024591	0	C23	train	valid	train	test	train	train	train	valid	test	train
DB00233	C0024899	0	C04	train	train	valid	train	train	train	test	train	train	test
DB00234	C0015672	0	C23	train	valid	train	test	train	train	train	valid	test	train
DB00235	C0349464	0	C10	train	train	train	train	train	valid	valid	train	train	train
DB00237	C0022593	0	C17	test	train	train	train	train	train	train	train	train	train
DB00237	C0027819	0	C04	train	train	valid	train	train	train	test	train	train	test
DB00237	C0085129	0	C08	valid	train	test	train	valid	train	train	train	valid	train
DB00237	C0151636	0	C14	valid	test	train	valid	test	train	train	test	train	valid
DB00237	C0206682	0	C04	train	train	valid	train	train	train	test	train	train	test
DB00240	C0019069	0	C15	train	train	train	train	train	train	train	train	test	train
DB00240	C0024473	0	C18	train	train	train	train	train	test	train	train	train	train
DB00241	C0009375	0	C06	test	train	train	test	train	test	train	train	train	train
DB00241	C0033117	0	C12	train	train	train	train	train	train	train	train	train	train
DB00241	C0043352	0	C07	train	train	train	train	test	train	train	train	train	train
DB00241	C0268483	0	C18	train	train	train	train	train	test	train	train	train	train
DB00242	C0020615	0	C18	train	train	train	train	train	test	train	train	train	train
DB00242	C0022575	0	C11	train	valid	valid	train	valid	train	train	train	train	test
DB00242	C0220756	0	C18	train	train	train	train	train	test	train	train	train	train
DB00243	C0007137	0	C04	train	train	valid	train	train	train	test	train	train	test
DB00243	C0014173	0	C12	train	train	train	train	train	train	train	train	train	train
DB00243	C0022638	0	C18	train	train	train	train	train	test	train	train	train	train
DB00243	C0022650	0	C12	train	train	train	train	train	train	train	train	train	train
DB00243	C1260899	0	C15	train	train	train	train	train	train	train	train	test	train
DB00244	C0030305	0	C06	test	train	train	test	train	test	train	train	train	train
DB00245	C0024115	0	C08	valid	train	test	train	valid	train	train	train	valid	train
DB00245	C0476089	0	C12	train	train	train	train	train	train	train	train	train	train
DB00246	C0023443	0	C15	train	train	train	train	train	train	train	train	test	train
DB00248	C0002453	0	C23	train	valid	train	test	train	train	train	valid	test	train
DB00248	C0013595	0	C17	test	train	train	train	train	train	train	train	train	train
DB00248	C0014869	0	C06	test	train	train	test	train	test	train	train	train	train
DB00248	C0018916	0	C04	train	train	valid	train	train	train	test	train	train	test
DB00250	C0032987	0	C12	train	train	train	train	train	train	train	train	train	train
DB00250	C0428977	0	C14	valid	test	train	valid	test	train	train	test	train	valid
DB00252	C0013595	0	C17	test	train	train	train	train	train	train	train	train	train
DB00252	C0035220	0	C08	valid	train	test	train	valid	train	train	train	valid	train
DB00252	C0079731	0	C04	train	train	valid	train	train	train	test	train	train	test
DB00253	C0023448	0	C15	train	train	train	train	train	train	train	train	test	train
DB00253	C0025874	0	C12	train	train	train	train	train	train	train	train	train	train
DB00254	C0042384	0	C14	valid	test	train	valid	test	train	train	test	train	valid
DB00254	C0042514	0	C14	valid	test	train	valid	test	train	train	test	train	valid
DB00255	C0029401	0	C05	train	train	train	train	train	train	train	train	train	train
DB00261	C0004114	0	C04	train	train	valid	train	train	train	test	train	train	test
DB00261	C0017574	0	C01	train	train	train	train	valid	valid	train	train	train	train
DB00261	C1956346	0	C14	valid	test	train	valid	test	train	train	test	train	valid
DB00262	C0036341	0	F03	train	train	test	train	train	train	train	valid	train	train
DB00266	C0007789	0	C10	train	train	train	train	train	valid	valid	train	train	train
DB00266	C0010043	0	C11	train	valid	valid	train	valid	train	train	train	train	test
DB00270	C0017086	0	C23	train	valid	train	test	train	train	train	valid	test	train
DB00270	C0021141	0	C10	train	train	train	train	train	valid	valid	train	train	train
DB00270	C0028949	0	C23	train	valid	train	test	train	train	train	valid	test	train
DB00270	C0031154	0	C01	train	train	train	train	valid	valid	train	train	train	train
DB00273	C0020514	0	C10	train	train	train	train	train	valid	valid	train	train	train
DB00273	C0029191	0	C12	train	train	train	train	train	train	train	train	train	train
DB00273	C0042487	0	C14	valid	test	train	valid	test	train	train	test	train	valid
DB00275	C0006625	0	C23	train	valid	train	test	train	train	train	valid	test	train
DB00275	C0013264	0	C16	train	train	test	train	train	train	train	train	train	train
DB00275	C0020619	0	C19	train	train	test	valid	train	train	test	train	train	valid
DB00275	C0282488	0	C12	train	train	train	train	train	train	train	train	train	train
DB00276	C0013264	0	C16	train	train	test	train	train	train	train	train	train	train
DB00276	C1458155	0	C04	train	train	valid	train	train	train	test	train	train	test
DB00277	C0018995	0	C18	train	train	train	train	train	test	train	train	train	train
DB00279	C0007134	0	C12	train	train	train	train	train	train	train	train	train	train
DB00279	C0007785	0	C10	train	train	train	train	train	valid	valid	train	train	train
DB00279	C0014556	0	C10	train	train	train	train	train	valid	valid	train	train	train
DB00279	C0027726	0	C12	train	train	train	train	train	train	train	train	train	train
DB00279	C0035229	0	C08	valid	train	test	train	valid	train	train	train	valid	train
DB00279	C0151744	0	C14	valid	test	train	valid	test	train	train	test	train	valid
DB00280	C0002880	0	C15	train	train	train	train	train	train	train	train	test	train
DB00280	C0014733	0	C01	train	train	train	train	valid	valid	train	train	train	train
DB00281	C0004153	0	C14	valid	test	train	valid	test	train	train	test	train	valid
DB00281	C0014556	0	C10	train	train	train	train	train	valid	valid	train	train	train
DB00282	C0001627	0	C12	train	train	train	train	train	train	train	train	train	train
DB00282	C0002390	0	C08	valid	train	test	train	valid	train	train	train	valid	train
DB00282	C0272375	0	C15	train	train	train	train	train	train	train	train	test	train
DB00283	C0004604	0	C23	train	valid	train	test	train	train	train	valid	test	train
DB00283	C0007785	0	C10	train	train	train	train	train	valid	valid	train	train	train
DB00283	C0013274	0	C14	valid	test	train	valid	test	train	train	test	train	valid
DB00283	C0020651	0	C10	train	train	train	train	train	valid	valid	train	train	train
DB00283	C0268390	0	C17	test	train	train	train	train	train	train	train	train	train
DB00284	C0001126	0	C12	train	train	train	train	train	train	train	train	train	train
DB00284	C0020546	0	C14	valid	test	train	valid	test	train	train	test	train	valid
DB00284	C0031154	0	C01	train	train	train	train	valid	valid	train	train	train	train
DB00284	C0040479	0	C14	valid	test	train	valid	test	train	train	test	train	valid
DB00285	C0020476	0	C18	train	train	train	train	train	test	train	train	train	train
DB00286	C0030567	0	C10	train	train	train	train	train	valid	valid	train	train	train
DB00286	C0149745	0	C07	train	train	train	train	test	train	train	train	train	train
DB00286	C0740394	0	C23	train	valid	train	test	train	train	train	valid	test	train
DB00287	C0019080	0	C23	train	valid	train	test	train	train	train	valid	test	train
DB00287	C0026769	0	C10	train	train	train	train	train	valid	valid	train	train	train
DB00287	C0042880	0	C15	train	train	train	train	train	train	train	train	test	train
DB00288	C0014175	0	C12	train	train	train	train	train	train	train	train	train	train
DB00288	C0014549	0	C10	train	train	train	train	train	valid	valid	train	train	train
DB00288	C0162627	0	C01	train	train	train	train	valid	valid	train	train	train	train
DB00289	C0022104	0	C06	test	train	train	test	train	test	train	train	train	train
DB00289	C0034065	0	C08	valid	train	test	train	valid	train	train	train	valid	train
DB00290	C0006142	0	C04	train	train	valid	train	train	train	test	train	train	test
DB00290	C0014356	0	C06	test	train	train	test	train	test	train	train	train	train
DB00292	C0009763	0	C11	train	valid	valid	train	valid	train	train	train	train	test
DB00292	C0024138	0	C17	test	train	train	train	train	train	train	train	train	train
DB00292	C0043202	0	C14	valid	test	train	valid	test	train	train	test	train	valid
DB00292	C1961835	0	C18	train	train	train	train	train	test	train	train	train	train
DB00295	C0020179	0	C10	train	train	train	train	train	valid	valid	train	train	train
DB00295	C0029882	0	C09	train	train	test	train	train	train	test	valid	train	test
DB00295	C0032897	0	C16	train	train	test	train	train	train	train	train	train	train
DB00295	C0040038	0	C14	valid	test	train	valid	test	train	train	test	train	valid
DB00297	C0036983	0	C23	train	valid	train	test	train	train	train	valid	test	train
DB00298	C0023437	0	C04	train	train	valid	train	train	train	test	train	train	test
DB00298	C0023480	0	C15	train	train	train	train	train	train	train	train	test	train
DB00300	C0003492	0	C14	valid	test	train	valid	test	train	train	test	train	valid
DB00300	C0029453	0	C05	train	train	train	train	train	train	train	train	train	train
DB00300	C1956346	0	C14	valid	test	train	valid	test	train	train	test	train	valid
DB00302	C0020625	0	C18	train	train	train	train	train	test	train	train	train	train
DB00302	C0035220	0	C08	valid	train	test	train	valid	train	train	train	valid	train
DB00302	C0079731	0	C04	train	train	valid	train	train	train	test	train	train	test
DB00302	C1384606	0	C12	train	train	train	train	train	train	train	train	train	train
DB00304	C0007134	0	C12	train	train	train	train	train	train	train	train	train	train
DB00304	C0010072	0	C14	valid	test	train	valid	test	train	train	test	train	valid
DB00304	C0311277	0	C18	train	train	train	train	train	test	train	train	train	train
DB00304	C0687720	0	C12	train	train	train	train	train	train	train	train	train	train
DB00306	C0018790	0	C14	valid	test	train	valid	test	train	train	test	train	valid
DB00306	C0020544	0	C12	train	train	train	train	train	train	train	train	train	train
DB00306	C0040156	0	C19	train	train	test	valid	train	train	test	train	train	valid
DB00306	C0342881	0	C18	train	train	train	train	train	test	train	train	train	train
DB00307	C0006625	0	C23	train	valid	train	test	train	train	train	valid	test	train
DB00307	C0677607	0	C19	train	train	test	valid	train	train	test	train	train	valid
DB00307	C0948480	0	C14	valid	test	train	valid	test	train	train	test	train	valid
DB00308	C0014867	0	C06	test	train	train	test	train	test	train	train	train	train
DB00308	C0242339	0	C18	train	train	train	train	train	test	train	train	train	train
DB00308	C0278996	0	C04	train	train	valid	train	train	train	test	train	train	test
DB00309	C0023448	0	C15	train	train	train	train	train	train	train	train	test	train
DB00309	C0027051	0	C14	valid	test	train	valid	test	train	train	test	train	valid
DB00310	C0001627	0	C12	train	train	train	train	train	train	train	train	train	train
DB00310	C0013338	0	C05	train	train	train	train	train	train	train	train	train	train
DB00310	C0023470	0	C04	train	train	valid	train	train	train	test	train	train	test
DB00310	C0085682	0	C18	train	train	train	train	train	test	train	train	train	train
DB00312	C0003868	0	C05	train	train	train	train	train	train	train	train	train	train
DB00312	C0014549	0	C10	train	train	train	train	train	valid	valid	train	train	train
DB00312	C0022548	0	A10	train	train	test	train	train	train	train	train	train	train
DB00312	C0030569	0	C10	train	train	train	train	train	valid	valid	train	train	train
DB00313	C0005138	0	C08	valid	train	test	train	valid	train	train	train	valid	train
DB00313	C0342731	0	C16	train	train	test	train	train	train	train	train	train	train
DB00315	C0009375	0	C06	test	train	train	test	train	test	train	train	train	train
DB00315	C0011603	0	C17	test	train	train	train	train	train	train	train	train	train
DB00315	C0024115	0	C08	valid	train	test	train	valid	train	train	train	valid	train
DB00315	C0242422	0	C10	train	train	train	train	train	valid	valid	train	train	train
DB00316	C0009404	0	C06	test	train	train	test	train	test	train	train	train	train
DB00317	C0020459	0	C18	train	train	train	train	train	test	train	train	train	train
DB00320	C0079744	0	C04	train	train	valid	train	train	train	test	train	train	test
DB00320	C0162627	0	C01	train	train	train	train	valid	valid	train	train	train	train
DB00322	C0040136	0	C04	train	train	valid	train	train	train	test	train	train	test
DB00322	C0238111	0	C10	train	train	train	train	train	valid	valid	train	train	train
DB00323	C0022116	0	C23	train	valid	train	test	train	train	train	valid	test	train
DB00323	C0026709	0	C16	train	train	test	train	train	train	train	train	train	train
DB00323	C0149958	0	C10	train	train	train	train	train	valid	valid	train	train	train
DB00323	C0235480	0	C14	valid	test	train	valid	test	train	train	test	train	valid
DB00324	C0020523	0	C20	train	train	train	train	train	train	train	train	valid	train
DB00324	C0029443	0	C01	train	train	train	train	valid	valid	train	train	train	train
DB00325	C0151740	0	C10	train	train	train	train	train	valid	valid	train	train	train
DB00325	C0231528	0	C05	train	train	train	train	train	train	train	train	train	train
DB00327	C0018802	0	C14	valid	test	train	valid	test	train	train	test	train	valid
DB00327	C0149931	0	C10	train	train	train	train	train	valid	valid	train	train	train
DB00327	C2930898	0	C11	train	valid	valid	train	valid	train	train	train	train	test
DB00328	C0001618	0	C19	train	train	test	valid	train	train	test	train	train	valid
DB00331	C0022593	0	C17	test	train	train	train	train	train	train	train	train	train
DB00331	C0040136	0	C04	train	train	valid	train	train	train	test	train	train	test
DB00331	C0085681	0	C18	train	train	train	train	train	test	train	train	train	train
DB00331	C0451641	0	C12	train	train	train	train	train	train	train	train	train	train
DB00331	C0948008	0	C10	train	train	train	train	train	valid	valid	train	train	train
DB00332	C0028738	0	C10	train	train	train	train	train	valid	valid	train	train	train
DB00332	C0033975	0	F03	train	train	test	train	train	train	train	valid	train	train
DB00334	C0006118	0	C10	train	train	train	train	train	valid	valid	train	train	train
DB00334	C0022660	0	C12	train	train	train	train	train	train	train	train	train	train
DB00334	C0022876	0	C12	train	train	train	train	train	train	train	train	train	train
DB00334	C0028840	0	C11	train	valid	valid	train	valid	train	train	train	train	test
DB00334	C0028949	0	C23	train	valid	train	test	train	train	train	valid	test	train
DB00334	C0031117	0	C10	train	train	train	train	train	valid	valid	train	train	train
DB00334	C0040479	0	C14	valid	test	train	valid	test	train	train	test	train	valid
DB00334	C0520679	0	C08	valid	train	test	train	valid	train	train	train	valid	train
DB00335	C0025149	0	C04	train	train	valid	train	train	train	test	train	train	test
DB00335	C0038325	0	C17	test	train	train	train	train	train	train	train	train	train
DB00337	C0020481	0	C18	train	train	train	train	train	test	train	train	train	train
DB00337	C0022593	0	C17	test	train	train	train	train	train	train	train	train	train
DB00337	C0035220	0	C08	valid	train	test	train	valid	train	train	train	valid	train
DB00338	C0001883	0	C08	valid	train	test	train	valid	train	train	train	valid	train
DB00338	C0005741	0	C11	train	valid	valid	train	valid	train	train	train	train	test
DB00338	C0012833	0	C23	train	valid	train	test	train	train	train	valid	test	train
DB00339	C0029443	0	C01	train	train	train	train	valid	valid	train	train	train	train
DB00339	C0405580	0	C19	train	train	test	valid	train	train	test	train	train	valid
DB00339	C0745103	0	C18	train	train	train	train	train	test	train	train	train	train
DB00340	C0007131	0	C08	valid	train	test	train	valid	train	train	train	valid	train
DB00340	C0015944	0	C12	train	train	train	train	train	train	train	train	train	train
DB00340	C0085215	0	C12	train	train	train	train	train	train	train	train	train	train
DB00340	C0405580	0	C19	train	train	test	valid	train	train	test	train	train	valid
DB00341	C0020542	0	C08	valid	train	test	train	valid	train	train	train	valid	train
DB00341	C0020757	0	C16	train	train	test	train	train	train	train	train	train	train
DB00341	C0270851	0	C10	train	train	train	train	train	valid	valid	train	train	train
DB00342	C0002453	0	C23	train	valid	train	test	train	train	train	valid	test	train
DB00342	C0006287	0	C08	valid	train	test	train	valid	train	train	train	valid	train
DB00343	C0008149	0	C01	train	train	train	train	valid	valid	train	train	train	train
DB00343	C0017668	0	C12	train	train	train	train	train	train	train	train	train	train
DB00343	C0020555	0	C17	test	train	train	train	train	train	train	train	train	train
DB00343	C0020676	0	C19	train	train	test	valid	train	train	test	train	train	valid
DB00343	C0033860	0	C17	test	train	train	train	train	train	train	train	train	train
DB00347	C0026650	0	C10	train	train	train	train	train	valid	valid	train	train	train
DB00347	C0043515	0	C06	test	train	train	test	train	test	train	train	train	train
DB00348	C0005587	0	F03	train	train	test	train	train	train	train	valid	train	train
DB00349	C0013428	0	C23	train	valid	train	test	train	train	train	valid	test	train
DB00350	C0003469	0	F03	train	train	test	train	train	train	train	valid	train	train
DB00350	C0005586	0	F03	train	train	test	train	train	train	train	valid	train	train
DB00350	C0473527	0	C18	train	train	train	train	train	test	train	train	train	train
DB00351	C0019087	0	C15	train	train	train	train	train	train	train	train	test	train
DB00351	C0020544	0	C12	train	train	train	train	train	train	train	train	train	train
DB00352	C0011848	0	C12	train	train	train	train	train	train	train	train	train	train
DB00352	C0019112	0	C06	test	train	train	test	train	test	train	train	train	train
DB00352	C0019618	0	C15	train	train	train	train	train	train	train	train	test	train
DB00352	C0042510	0	C14	valid	test	train	valid	test	train	train	test	train	valid
DB00352	C0079731	0	C04	train	train	valid	train	train	train	test	train	train	test
DB00352	C0242350	0	C12	train	train	train	train	train	train	train	train	train	train
DB00352	C1561643	0	C12	train	train	train	train	train	train	train	train	train	train
DB00356	C0020635	0	C10	train	train	train	train	train	valid	valid	train	train	train
DB00356	C0024143	0	C12	train	train	train	train	train	train	train	train	train	train
DB00356	C0036572	0	C10	train	train	train	train	train	valid	valid	train	train	train
DB00356	C0041948	0	C12	train	train	train	train	train	train	train	train	train	train
DB00356	C1956346	0	C14	valid	test	train	valid	test	train	train	test	train	valid
DB00357	C0020615	0	C18	train	train	train	train	train	test	train	train	train	train
DB00357	C0022876	0	C12	train	train	train	train	train	train	train	train	train	train
DB00360	C0018213	0	C19	train	train	test	valid	train	train	test	train	train	valid
DB00361	C0023480	0	C15	train	train	train	train	train	train	train	train	test	train
DB00364	C0027404	0	C10	train	train	train	train	train	valid	valid	train	train	train
DB00364	C0033578	0	C12	train	train	train	train	train	train	train	train	train	train
DB00364	C1527336	0	C05	train	train	train	train	train	train	train	train	train	train
DB00366	C0000786	0	C12	train	train	train	train	train	train	train	train	train	train
DB00366	C0027662	0	C04	train	train	valid	train	train	train	test	train	train	test
DB00366	C0040015	0	C15	train	train	train	train	train	train	train	train	test	train
DB00366	C0042487	0	C14	valid	test	train	valid	test	train	train	test	train	valid
DB00367	C0005695	0	C12	train	train	train	train	train	train	train	train	train	train
DB00367	C0024790	0	C15	train	train	train	train	train	train	train	train	test	train
DB00367	C2973725	0	C08	valid	train	test	train	valid	train	train	train	valid	train
DB00370	C0740394	0	C23	train	valid	train	test	train	train	train	valid	test	train
DB00370	C0948008	0	C10	train	train	train	train	train	valid	valid	train	train	train
DB00371	C0036920	0	C15	train	train	train	train	train	train	train	train	test	train
DB00371	C0037199	0	C08	valid	train	test	train	valid	train	train	train	valid	train
DB00372	C0017601	0	C11	train	valid	valid	train	valid	train	train	train	train	test
DB00372	C0023890	0	C06	test	train	train	test	train	test	train	train	train	train
DB00373	C0022638	0	C18	train	train	train	train	train	test	train	train	train	train
DB00373	C0023465	0	C04	train	train	valid	train	train	train	test	train	train	test
DB00373	C0039240	0	C14	valid	test	train	valid	test	train	train	test	train	valid
DB00373	C0042847	0	C18	train	train	train	train	train	test	train	train	train	train
DB00373	C0242973	0	C14	valid	test	train	valid	test	train	train	test	train	valid
DB00374	C0010674	0	C16	train	train	test	train	train	train	train	train	train	train
DB00374	C0019880	0	C18	train	train	train	train	train	test	train	train	train	train
DB00374	C0027819	0	C04	train	train	valid	train	train	train	test	train	train	test
DB00376	C0023465	0	C04	train	train	valid	train	train	train	test	train	train	test
DB00376	C0042024	0	C12	train	train	train	train	train	train	train	train	train	train
DB00376	C0085681	0	C18	train	train	train	train	train	test	train	train	train	train
DB00376	C0162627	0	C01	train	train	train	train	valid	valid	train	train	train	train
DB00376	C2267227	0	F03	train	train	test	train	train	train	train	valid	train	train
DB00377	C0282488	0	C12	train	train	train	train	train	train	train	train	train	train
DB00378	C0006114	0	C10	train	train	train	train	train	valid	valid	train	train	train
DB00378	C0017636	0	C04	train	train	valid	train	train	train	test	train	train	test
DB00378	C0751122	0	C10	train	train	train	train	train	valid	valid	train	train	train
DB00379	C0007193	0	C14	valid	test	train	valid	test	train	train	test	train	valid
DB00379	C0040147	0	C19	train	train	test	valid	train	train	test	train	train	valid
DB00379	C0220756	0	C18	train	train	train	train	train	test	train	train	train	train
DB00380	C0001627	0	C12	train	train	train	train	train	train	train	train	train	train
DB00381	C0004096	0	C08	valid	train	test	train	valid	train	train	train	valid	train
DB00381	C0024121	0	C08	valid	train	test	train	valid	train	train	train	valid	train
DB00382	C0001973	0	C25	train	train	valid	train	valid	train	train	train	train	train
DB00382	C0013604	0	C23	train	valid	train	test	train	train	train	valid	test	train
DB00382	C0029443	0	C01	train	train	train	train	valid	valid	train	train	train	train
DB00382	C0242698	0	C14	valid	test	train	valid	test	train	train	test	train	valid
DB00383	C0039841	0	C18	train	train	train	train	train	test	train	train	train	train
DB00383	C0085580	0	C14	valid	test	train	valid	test	train	train	test	train	valid
DB00384	C0020433	0	C23	train	valid	train	test	train	train	train	valid	test	train
DB00385	C0038379	0	C10	train	train	train	train	train	valid	valid	train	train	train
DB00385	C0242339	0	C18	train	train	train	train	train	test	train	train	train	train
DB00387	C0010930	0	C11	train	valid	valid	train	valid	train	train	train	train	test
DB00387	C0014556	0	C10	train	train	train	train	train	valid	valid	train	train	train
DB00387	C0019069	0	C15	train	train	train	train	train	train	train	train	test	train
DB00387	C0020542	0	C08	valid	train	test	train	valid	train	train	train	valid	train
DB00387	C0032914	0	C12	train	train	train	train	train	train	train	train	train	train
DB00387	C0702166	0	C17	test	train	train	train	train	train	train	train	train	train
DB00387	C1861172	0	C14	valid	test	train	valid	test	train	train	test	train	valid
DB00388	C0020503	0	C19	train	train	test	valid	train	train	test	train	train	valid
DB00388	C0022660	0	C12	train	train	train	train	train	train	train	train	train	train
DB00388	C1704436	0	C14	valid	test	train	valid	test	train	train	test	train	valid
DB00389	C0026896	0	C10	train	train	train	train	train	valid	valid	train	train	train
DB00390	C0004604	0	C23	train	valid	train	test	train	train	train	valid	test	train
DB00390	C0020598	0	C18	train	train	train	train	train	test	train	train	train	train
DB00390	C0031099	0	C07	train	train	train	train	test	train	train	train	train	train
DB00390	C0033117	0	C12	train	train	train	train	train	train	train	train	train	train
DB00390	C0162565	0	C06	test	train	train	test	train	test	train	train	train	train
DB00391	C0001403	0	C19	train	train	test	valid	train	train	test	train	train	valid
DB00391	C0007137	0	C04	train	train	valid	train	train	train	test	train	train	test
DB00391	C0013404	0	C08	valid	train	test	train	valid	train	train	train	valid	train
DB00391	C0029408	0	C05	train	train	train	train	train	train	train	train	train	train
DB00392	C0011860	0	C18	train	train	train	train	train	test	train	train	train	train
DB00393	C0017636	0	C04	train	train	valid	train	train	train	test	train	train	test
DB00394	C0013720	0	C17	test	train	train	train	train	train	train	train	train	train
DB00394	C0015397	0	C11	train	valid	valid	train	valid	train	train	train	train	test
DB00395	C0023418	0	C04	train	train	valid	train	train	train	test	train	train	test
DB00395	C0027697	0	C12	train	train	train	train	train	train	train	train	train	train
DB00395	C1458155	0	C04	train	train	valid	train	train	train	test	train	train	test
DB00396	C0010930	0	C11	train	valid	valid	train	valid	train	train	train	train	test
DB00396	C0020540	0	C14	valid	test	train	valid	test	train	train	test	train	valid
DB00396	C0034150	0	C23	train	valid	train	test	train	train	train	valid	test	train
DB00396	C0149958	0	C10	train	train	train	train	train	valid	valid	train	train	train
DB00397	C0018203	0	C15	train	train	train	train	train	train	train	train	test	train
DB00397	C0036983	0	C23	train	valid	train	test	train	train	train	valid	test	train
DB00397	C0079744	0	C04	train	train	valid	train	train	train	test	train	train	test
DB00398	C0000809	0	C12	train	train	train	train	train	train	train	train	train	train
DB00398	C0023448	0	C15	train	train	train	train	train	train	train	train	test	train
DB00399	C0085682	0	C18	train	train	train	train	train	test	train	train	train	train
DB00400	C0007194	0	C14	valid	test	train	valid	test	train	train	test	train	valid
DB00400	C0014335	0	C06	test	train	train	test	train	test	train	train	train	train
DB00400	C0030193	0	C23	train	valid	train	test	train	train	train	valid	test	train
DB00401	C0010930	0	C11	train	valid	valid	train	valid	train	train	train	train	test
DB00401	C0023418	0	C04	train	train	valid	train	train	train	test	train	train	test
DB00401	C0030297	0	C04	train	train	valid	train	train	train	test	train	train	test
DB00401	C0920350	0	C19	train	train	test	valid	train	train	test	train	train	valid
DB00402	C0009319	0	C06	test	train	train	test	train	test	train	train	train	train
DB00402	C0020621	0	C18	train	train	train	train	train	test	train	train	train	train
DB00402	C0028840	0	C11	train	valid	valid	train	valid	train	train	train	train	test
DB00402	C0677607	0	C19	train	train	test	valid	train	train	test	train	train	valid
DB00403	C0004239	0	C14	valid	test	train	valid	test	train	train	test	train	valid
DB00404	C0005779	0	C15	train	train	train	train	train	train	train	train	test	train
DB00404	C0409959	0	C05	train	train	train	train	train	train	train	train	train	train
DB00405	C0003868	0	C05	train	train	train	train	train	train	train	train	train	train
DB00405	C0342731	0	C16	train	train	test	train	train	train	train	train	train	train
DB00405	C2973725	0	C08	valid	train	test	train	valid	train	train	train	valid	train
DB00408	C0017601	0	C11	train	valid	valid	train	valid	train	train	train	train	test
DB00411	C0020480	0	C18	train	train	train	train	train	test	train	train	train	train
DB00412	C0003850	0	C14	valid	test	train	valid	test	train	train	test	train	valid
DB00412	C0013595	0	C17	test	train	train	train	train	train	train	train	train	train
DB00412	C0017605	0	C11	train	valid	valid	train	valid	train	train	train	train	test
DB00413	C0014553	0	C10	train	train	train	train	train	valid	valid	train	train	train
DB00413	C0030569	0	C10	train	train	train	train	train	valid	valid	train	train	train
DB00413	C0175683	0	C18	train	train	train	train	train	test	train	train	train	train
DB00413	C1961099	0	C15	train	train	train	train	train	train	train	train	test	train
DB00414	C0002736	0	C10	train	train	train	train	train	valid	valid	train	train	train
DB00414	C0039621	0	C10	train	train	train	train	train	valid	valid	train	train	train
DB00414	C0268483	0	C18	train	train	train	train	train	test	train	train	train	train
DB00417	C0014836	0	C01	train	train	train	train	valid	valid	train	train	train	train
DB00417	C0036508	0	C17	test	train	train	train	train	train	train	train	train	train
DB00418	C0041408	0	C12	train	train	train	train	train	train	train	train	train	train
DB00418	C0042487	0	C14	valid	test	train	valid	test	train	train	test	train	valid
DB00419	C0002726	0	C18	train	train	train	train	train	test	train	train	train	train
DB00419	C0002880	0	C15	train	train	train	train	train	train	train	train	test	train
DB00419	C0040015	0	C15	train	train	train	train	train	train	train	train	test	train
DB00419	C1704436	0	C14	valid	test	train	valid	test	train	train	test	train	valid
DB00420	C0004352	0	F03	train	train	test	train	train	train	train	valid	train	train
DB00420	C0025322	0	C12	train	train	train	train	train	train	train	train	train	train
DB00420	C0085413	0	C12	train	train	train	train	train	train	train	train	train	train
DB00420	C0235063	0	C08	valid	train	test	train	valid	train	train	train	valid	train
DB00420	C0878773	0	C12	train	train	train	train	train	train	train	train	train	train
DB00421	C0021775	0	C14	valid	test	train	valid	test	train	train	test	train	valid
DB00421	C0023470	0	C04	train	train	valid	train	train	train	test	train	train	test
DB00421	C0027430	0	C08	valid	train	test	train	valid	train	train	train	valid	train
DB00422	C0011334	0	C07	train	train	train	train	test	train	train	train	train	train
DB00422	C0013390	0	C23	train	valid	train	test	train	train	train	valid	test	train
DB00422	C0014733	0	C01	train	train	train	train	valid	valid	train	train	train	train
DB00422	C0027661	0	C04	train	train	valid	train	train	train	test	train	train	test
DB00422	C0035220	0	C08	valid	train	test	train	valid	train	train	train	valid	train
DB00423	C0019156	0	C06	test	train	train	test	train	test	train	train	train	train
DB00423	C0020437	0	C18	train	train	train	train	train	test	train	train	train	train
DB00424	C0015503	0	C15	train	train	train	train	train	train	train	train	test	train
DB00424	C0524910	0	C01	train	train	train	train	valid	valid	train	train	train	train
DB00425	C0005967	0	C04	train	train	valid	train	train	train	test	train	train	test
DB00425	C0036508	0	C17	test	train	train	train	train	train	train	train	train	train
DB00427	C0021051	0	C20	train	train	train	train	train	train	train	train	valid	train
DB00427	C0029927	0	C12	train	train	train	train	train	train	train	train	train	train
DB00427	C0042133	0	C04	train	train	valid	train	train	train	test	train	train	test
DB00427	C0242350	0	C12	train	train	train	train	train	train	train	train	train	train
DB00428	C0035229	0	C08	valid	train	test	train	valid	train	train	train	valid	train
DB00428	C0751434	0	C18	train	train	train	train	train	test	train	train	train	train
DB00429	C0002874	0	C15	train	train	train	train	train	train	train	train	test	train
DB00429	C0018681	0	C23	train	valid	train	test	train	train	train	valid	test	train
DB00429	C0032285	0	C08	valid	train	test	train	valid	train	train	train	valid	train
DB00432	C0011991	0	C23	train	valid	train	test	train	train	train	valid	test	train
DB00432	C0014743	0	C17	test	train	train	train	train	train	train	train	train	train
DB00432	C0020443	0	C18	train	train	train	train	train	test	train	train	train	train
DB00432	C0034186	0	C12	train	train	train	train	train	train	train	train	train	train
DB00432	C0034951	0	C11	train	valid	valid	train	valid	train	train	train	train	test
DB00432	C2937421	0	C12	train	train	train	train	train	train	train	train	train	train
DB00433	C0011848	0	C12	train	train	train	train	train	train	train	train	train	train
DB00434	C0007789	0	C10	train	train	train	train	train	valid	valid	train	train	train
DB00435	C0014733	0	C01	train	train	train	train	valid	valid	train	train	train	train
DB00436	C0002871	0	C15	train	train	train	train	train	train	train	train	test	train
DB00436	C0014175	0	C12	train	train	train	train	train	train	train	train	train	train
DB00436	C0023827	0	C04	train	train	valid	train	train	train	test	train	train	test
DB00436	C0024899	0	C04	train	train	valid	train	train	train	test	train	train	test
DB00436	C0027819	0	C04	train	train	valid	train	train	train	test	train	train	test
DB00436	C1328407	0	C26	train	train	test	train	train	valid	train	train	train	train
DB00437	C0037199	0	C08	valid	train	test	train	valid	train	train	train	valid	train
DB00439	C0003123	0	C23	train	valid	train	test	train	train	train	valid	test	train
DB00439	C0034069	0	C08	valid	train	test	train	valid	train	train	train	valid	train
DB00439	C0038358	0	C06	test	train	train	test	train	test	train	train	train	train
DB00440	C0001957	0	C25	train	train	valid	train	valid	train	train	train	train	train
DB00440	C0020757	0	C16	train	train	test	train	train	train	train	train	train	train
DB00440	C0035455	0	C08	valid	train	test	train	valid	train	train	train	valid	train
DB00440	C0398650	0	C15	train	train	train	train	train	train	train	train	test	train
DB00441	C0007194	0	C14	valid	test	train	valid	test	train	train	test	train	valid
DB00441	C0033975	0	F03	train	train	test	train	train	train	train	valid	train	train
DB00441	C0039103	0	C05	train	train	train	train	train	train	train	train	train	train
DB00441	C0271093	0	C11	train	valid	valid	train	valid	train	train	train	train	test
DB00441	C1527249	0	C06	test	train	train	test	train	test	train	train	train	train
DB00443	C0031069	0	C16	train	train	test	train	train	train	train	train	train	train
DB00444	C0014549	0	C10	train	train	train	train	train	valid	valid	train	train	train
DB00444	C0020550	0	C19	train	train	test	valid	train	train	test	train	train	valid
DB00445	C0022593	0	C17	test	train	train	train	train	train	train	train	train	train
DB00445	C0026987	0	C15	train	train	train	train	train	train	train	train	test	train
DB00445	C0027686	0	C23	train	valid	train	test	train	train	train	valid	test	train
DB00445	C0178416	0	C15	train	train	train	train	train	train	train	train	test	train
DB00446	C0004352	0	F03	train	train	test	train	train	train	train	valid	train	train
DB00446	C0015503	0	C15	train	train	train	train	train	train	train	train	test	train
DB00446	C0043352	0	C07	train	train	train	train	test	train	train	train	train	train
DB00448	C0005283	0	C15	train	train	train	train	train	train	train	train	test	train
DB00448	C0020615	0	C18	train	train	train	train	train	test	train	train	train	train
DB00448	C0022568	0	C11	train	valid	valid	train	valid	train	train	train	train	test
DB00449	C0005424	0	C06	test	train	train	test	train	test	train	train	train	train
DB00449	C0007786	0	C10	train	train	train	train	train	valid	valid	train	train	train
DB00449	C0238198	0	C06	test	train	train	test	train	test	train	train	train	train
DB00449	C0271568	0	C05	train	train	train	train	train	train	train	train	train	train
DB00450	C0009806	0	C23	train	valid	train	test	train	train	train	valid	test	train
DB00451	C0014544	0	C10	train	train	train	train	train	valid	valid	train	train	train
DB00451	C0020445	0	C18	train	train	train	train	train	test	train	train	train	train
DB00451	C0030297	0	C04	train	train	valid	train	train	train	test	train	train	test
DB00451	C0520679	0	C08	valid	train	test	train	valid	train	train	train	valid	train
DB00451	C0948480	0	C14	valid	test	train	valid	test	train	train	test	train	valid
DB00452	C0009952	0	C10	train	train	train	train	train	valid	valid	train	train	train
DB00452	C0014121	0	C01	train	train	train	train	valid	valid	train	train	train	train
DB00452	C0027708	0	C12	train	train	train	train	train	train	train	train	train	train
DB00454	C0001418	0	C04	train	train	valid	train	train	train	test	train	train	test
DB00454	C0020459	0	C18	train	train	train	train	train	test	train	train	train	train
DB00454	C0040517	0	C10	train	train	train	train	train	valid	valid	train	train	train
DB00455	C0002893	0	C15	train	train	train	train	train	train	train	train	test	train
DB00455	C0020433	0	C23	train	valid	train	test	train	train	train	valid	test	train
DB00457	C0342881	0	C18	train	train	train	train	train	test	train	train	train	train
DB00457	C1704436	0	C14	valid	test	train	valid	test	train	train	test	train	valid
DB00458	C0020461	0	C18	train	train	train	train	train	test	train	train	train	train
DB00458	C0020507	0	C23	train	valid	train	test	train	train	train	valid	test	train
DB00458	C0162627	0	C01	train	train	train	train	valid	valid	train	train	train	train
DB00459	C0006267	0	C08	valid	train	test	train	valid	train	train	train	valid	train
DB00459	C0019112	0	C06	test	train	train	test	train	test	train	train	train	train
DB00459	C0022073	0	C11	train	valid	valid	train	valid	train	train	train	train	test
DB00459	C0026705	0	C16	train	train	test	train	train	train	train	train	train	train
DB00459	C0028949	0	C23	train	valid	train	test	train	train	train	valid	test	train
DB00459	C0949116	0	C15	train	train	train	train	train	train	train	train	test	train
DB00459	C1565489	0	C12	train	train	train	train	train	train	train	train	train	train
DB00461	C0042373	0	C14	valid	test	train	valid	test	train	train	test	train	valid
DB00462	C0001126	0	C12	train	train	train	train	train	train	train	train	train	train
DB00462	C0002792	0	C20	train	train	train	train	train	train	train	train	valid	train
DB00462	C0013405	0	C08	valid	train	test	train	valid	train	train	train	valid	train
DB00462	C0024115	0	C08	valid	train	test	train	valid	train	train	train	valid	train
DB00463	C0003578	0	C08	valid	train	test	train	valid	train	train	train	valid	train
DB00463	C0003962	0	C23	train	valid	train	test	train	train	train	valid	test	train
DB00463	C0018273	0	C23	train	valid	train	test	train	train	train	valid	test	train
DB00463	C0020544	0	C12	train	train	train	train	train	train	train	train	train	train
DB00463	C0021361	0	C12	train	train	train	train	train	train	train	train	train	train
DB00463	C0027726	0	C12	train	train	train	train	train	train	train	train	train	train
DB00464	C0004245	0	C14	valid	test	train	valid	test	train	train	test	train	valid
DB00464	C0015230	0	C17	test	train	train	train	train	train	train	train	train	train
DB00464	C0268390	0	C17	test	train	train	train	train	train	train	train	train	train
DB00464	C1961099	0	C15	train	train	train	train	train	train	train	train	test	train
DB00467	C4083212	0	C17	test	train	train	train	train	train	train	train	train	train
DB00469	C0014553	0	C10	train	train	train	train	train	valid	valid	train	train	train
DB00469	C0021308	0	C23	train	valid	train	test	train	train	train	valid	test	train
DB00469	C0034065	0	C08	valid	train	test	train	valid	train	train	train	valid	train
DB00469	C0242383	0	C11	train	valid	valid	train	valid	train	train	train	train	test
DB00469	C0398623	0	C15	train	train	train	train	train	train	train	train	test	train
DB00470	C0936215	0	C18	train	train	train	train	train	test	train	train	train	train
DB00471	C0003864	0	C05	train	train	train	train	train	train	train	train	train	train
DB00471	C0004604	0	C23	train	valid	train	test	train	train	train	valid	test	train
DB00471	C0018924	0	C05	train	train	train	train	train	train	train	train	train	train
DB00471	C0235974	0	C04	train	train	valid	train	train	train	test	train	train	test
DB00472	C0029456	0	C05	train	train	train	train	train	train	train	train	train	train
DB00475	C0000786	0	C12	train	train	train	train	train	train	train	train	train	train
DB00475	C0021051	0	C20	train	train	train	train	train	train	train	train	valid	train
DB00475	C0025637	0	C15	train	train	train	train	train	train	train	train	test	train
DB00475	C0029882	0	C09	train	train	test	train	train	train	test	valid	train	test
DB00476	C0014544	0	C10	train	train	train	train	train	valid	valid	train	train	train
DB00476	C0376545	0	C04	train	train	valid	train	train	train	test	train	train	test
DB00477	C0001418	0	C04	train	train	valid	train	train	train	test	train	train	test
DB00477	C0021051	0	C20	train	train	train	train	train	train	train	train	valid	train
DB00480	C0020635	0	C10	train	train	train	train	train	valid	valid	train	train	train
DB00480	C0276226	0	C01	train	train	train	train	valid	valid	train	train	train	train
DB00481	C0017563	0	C07	train	train	train	train	test	train	train	train	train	train
DB00482	C0024115	0	C08	valid	train	test	train	valid	train	train	train	valid	train
DB00482	C0085413	0	C12	train	train	train	train	train	train	train	train	train	train
DB00484	C0010692	0	C12	train	train	train	train	train	train	train	train	train	train
DB00484	C0376358	0	C12	train	train	train	train	train	train	train	train	train	train
DB00489	C0002170	0	C17	test	train	train	train	train	train	train	train	train	train
DB00489	C0029443	0	C01	train	train	train	train	valid	valid	train	train	train	train
DB00489	C0033117	0	C12	train	train	train	train	train	train	train	train	train	train
DB00491	C0018790	0	C14	valid	test	train	valid	test	train	train	test	train	valid
DB00491	C0162565	0	C06	test	train	train	test	train	test	train	train	train	train
DB00492	C0027697	0	C12	train	train	train	train	train	train	train	train	train	train
DB00492	C0085083	0	C12	train	train	train	train	train	train	train	train	train	train
DB00493	C0013405	0	C08	valid	train	test	train	valid	train	train	train	valid	train
DB00493	C0024419	0	C15	train	train	train	train	train	train	train	train	test	train
DB00493	C0936215	0	C18	train	train	train	train	train	test	train	train	train	train
DB00494	C0013604	0	C23	train	valid	train	test	train	train	train	valid	test	train
DB00497	C0024301	0	C04	train	train	valid	train	train	train	test	train	train	test
DB00497	C0398623	0	C15	train	train	train	train	train	train	train	train	test	train
DB00498	C0008533	0	C15	train	train	train	train	train	train	train	train	test	train
DB00498	C1861172	0	C14	valid	test	train	valid	test	train	train	test	train	valid
DB00499	C0007117	0	C04	train	train	valid	train	train	train	test	train	train	test
DB00499	C0030319	0	F03	train	train	test	train	train	train	train	valid	train	train
DB00499	C0035220	0	C08	valid	train	test	train	valid	train	train	train	valid	train
DB00499	C0039621	0	C10	train	train	train	train	train	valid	valid	train	train	train
DB00500	C0014859	0	C06	test	train	train	test	train	test	train	train	train	train
DB00500	C0019829	0	C04	train	train	valid	train	train	train	test	train	train	test
DB00500	C0038325	0	C17	test	train	train	train	train	train	train	train	train	train
DB00500	C0041341	0	C04	train	train	valid	train	train	train	test	train	train	test
DB00500	C1961835	0	C18	train	train	train	train	train	test	train	train	train	train
DB00501	C0035585	0	C01	train	train	train	train	valid	valid	train	train	train	train
DB00501	C0041341	0	C04	train	train	valid	train	train	train	test	train	train	test
DB00501	C0085417	0	C10	train	train	train	train	train	valid	valid	train	train	train
DB00502	C0014836	0	C01	train	train	train	train	valid	valid	train	train	train	train
DB00502	C0024894	0	C12	train	train	train	train	train	train	train	train	train	train
DB00502	C0027051	0	C14	valid	test	train	valid	test	train	train	test	train	valid
DB00502	C0428977	0	C14	valid	test	train	valid	test	train	train	test	train	valid
DB00503	C0020481	0	C18	train	train	train	train	train	test	train	train	train	train
DB00503	C0235974	0	C04	train	train	valid	train	train	train	test	train	train	test
DB00503	C0242339	0	C18	train	train	train	train	train	test	train	train	train	train
DB00504	C0027726	0	C12	train	train	train	train	train	train	train	train	train	train
DB00505	C0006114	0	C10	train	train	train	train	train	valid	valid	train	train	train
DB00505	C0024591	0	C23	train	valid	train	test	train	train	train	valid	test	train
DB00508	C0006267	0	C08	valid	train	test	train	valid	train	train	train	valid	train
DB00508	C0008533	0	C15	train	train	train	train	train	train	train	train	test	train
DB00508	C2973725	0	C08	valid	train	test	train	valid	train	train	train	valid	train
DB00513	C0030193	0	C23	train	valid	train	test	train	train	train	valid	test	train
DB00513	C0751362	0	C10	train	train	train	train	train	valid	valid	train	train	train
DB00514	C0014836	0	C01	train	train	train	train	valid	valid	train	train	train	train
DB00514	C0020757	0	C16	train	train	test	train	train	train	train	train	train	train
DB00515	C0010417	0	C12	train	train	train	train	train	train	train	train	train	train
DB00515	C0020649	0	C14	valid	test	train	valid	test	train	train	test	train	valid
DB00515	C0026896	0	C10	train	train	train	train	train	valid	valid	train	train	train
DB00515	C0029396	0	C23	train	valid	train	test	train	train	train	valid	test	train
DB00515	C0042514	0	C14	valid	test	train	valid	test	train	train	test	train	valid
DB00517	C0021051	0	C20	train	train	train	train	train	train	train	train	valid	train
DB00517	C0027697	0	C12	train	train	train	train	train	train	train	train	train	train
DB00517	C0038356	0	C06	test	train	train	test	train	test	train	train	train	train
DB00517	C0040147	0	C19	train	train	test	valid	train	train	test	train	train	valid
DB00517	C0040156	0	C19	train	train	test	valid	train	train	test	train	train	valid
DB00517	C0878773	0	C12	train	train	train	train	train	train	train	train	train	train
DB00517	C1527311	0	C10	train	train	train	train	train	valid	valid	train	train	train
DB00519	C0008311	0	C06	test	train	train	test	train	test	train	train	train	train
DB00519	C0011633	0	C17	test	train	train	train	train	train	train	train	train	train
DB00519	C0085413	0	C12	train	train	train	train	train	train	train	train	train	train
DB00521	C0006625	0	C23	train	valid	train	test	train	train	train	valid	test	train
DB00523	C0000809	0	C12	train	train	train	train	train	train	train	train	train	train
DB00524	C0242698	0	C14	valid	test	train	valid	test	train	train	test	train	valid
DB00527	C0031485	0	C18	train	train	train	train	train	test	train	train	train	train
DB00527	C0038160	0	C01	train	train	train	train	valid	valid	train	train	train	train
DB00527	C0038454	0	C10	train	train	train	train	train	valid	valid	train	train	train
DB00528	C0023467	0	C04	train	train	valid	train	train	train	test	train	train	test
DB00528	C0029453	0	C05	train	train	train	train	train	train	train	train	train	train
DB00528	C0221013	0	C04	train	train	valid	train	train	train	test	train	train	test
DB00530	C0020621	0	C18	train	train	train	train	train	test	train	train	train	train
DB00530	C0030590	0	C14	valid	test	train	valid	test	train	train	test	train	valid
DB00530	C0032000	0	C10	train	train	train	train	train	valid	valid	train	train	train
DB00531	C0005587	0	F03	train	train	test	train	train	train	train	valid	train	train
DB00531	C0022575	0	C11	train	valid	valid	train	valid	train	train	train	train	test
DB00531	C0027662	0	C04	train	train	valid	train	train	train	test	train	train	test
DB00531	C0027686	0	C23	train	valid	train	test	train	train	train	valid	test	train
DB00532	C0024115	0	C08	valid	train	test	train	valid	train	train	train	valid	train
DB00533	C0019618	0	C15	train	train	train	train	train	train	train	train	test	train
DB00533	C0020459	0	C18	train	train	train	train	train	test	train	train	train	train
DB00533	C0026987	0	C15	train	train	train	train	train	train	train	train	test	train
DB00533	C0040479	0	C14	valid	test	train	valid	test	train	train	test	train	valid
DB00533	C0042909	0	C11	train	valid	valid	train	valid	train	train	train	train	test
DB00535	C0005586	0	F03	train	train	test	train	train	train	train	valid	train	train
DB00535	C0006271	0	C08	valid	train	test	train	valid	train	train	train	valid	train
DB00535	C0020676	0	C19	train	train	test	valid	train	train	test	train	train	valid
DB00535	C0028734	0	C23	train	valid	train	test	train	train	train	valid	test	train
DB00535	C0342543	0	C19	train	train	test	valid	train	train	test	train	train	valid
DB00535	C3463824	0	C15	train	train	train	train	train	train	train	train	test	train
DB00537	C0014553	0	C10	train	train	train	train	train	valid	valid	train	train	train
DB00537	C3463824	0	C15	train	train	train	train	train	train	train	train	test	train
DB00539	C0001618	0	C19	train	train	test	valid	train	train	test	train	train	valid
DB00539	C0020461	0	C18	train	train	train	train	train	test	train	train	train	train
DB00539	C0020538	0	C14	valid	test	train	valid	test	train	train	test	train	valid
DB00539	C0024790	0	C15	train	train	train	train	train	train	train	train	test	train
DB00539	C0029882	0	C09	train	train	test	train	train	train	test	valid	train	test
DB00539	C0030193	0	C23	train	valid	train	test	train	train	train	valid	test	train
DB00539	C0087012	0	C10	train	train	train	train	train	valid	valid	train	train	train
DB00540	C0013295	0	C06	test	train	train	test	train	test	train	train	train	train
DB00540	C0014550	0	C10	train	train	train	train	train	valid	valid	train	train	train
DB00540	C0017168	0	C06	test	train	train	test	train	test	train	train	train	train
DB00541	C0017668	0	C12	train	train	train	train	train	train	train	train	train	train
DB00541	C0036202	0	C15	train	train	train	train	train	train	train	train	test	train
DB00541	C0040053	0	C14	valid	test	train	valid	test	train	train	test	train	valid
DB00541	C0162820	0	C17	test	train	train	train	train	train	train	train	train	train
DB00542	C0005283	0	C15	train	train	train	train	train	train	train	train	test	train
DB00543	C0031511	0	C04	train	train	valid	train	train	train	test	train	train	test
DB00543	C0042847	0	C18	train	train	train	train	train	test	train	train	train	train
DB00544	C0023465	0	C04	train	train	valid	train	train	train	test	train	train	test
DB00544	C0040034	0	C15	train	train	train	train	train	train	train	train	test	train
DB00545	C0005695	0	C12	train	train	train	train	train	train	train	train	train	train
DB00545	C0041408	0	C12	train	train	train	train	train	train	train	train	train	train
DB00546	C0011615	0	C17	test	train	train	train	train	train	train	train	train	train
DB00546	C0020635	0	C10	train	train	train	train	train	valid	valid	train	train	train
DB00546	C0027430	0	C08	valid	train	test	train	valid	train	train	train	valid	train
DB00546	C0032285	0	C08	valid	train	test	train	valid	train	train	train	valid	train
DB00546	C0456909	0	C10	train	train	train	train	train	valid	valid	train	train	train
DB00547	C0021308	0	C23	train	valid	train	test	train	train	train	valid	test	train
DB00547	C0022876	0	C12	train	train	train	train	train	train	train	train	train	train
DB00547	C0035229	0	C08	valid	train	test	train	valid	train	train	train	valid	train
DB00547	C0751674	0	C04	train	train	valid	train	train	train	test	train	train	test
DB00547	C0920350	0	C19	train	train	test	valid	train	train	test	train	train	valid
DB00548	C0022573	0	C11	train	valid	valid	train	valid	train	train	train	train	test
DB00548	C0023470	0	C04	train	train	valid	train	train	train	test	train	train	test
DB00548	C0238198	0	C06	test	train	train	test	train	test	train	train	train	train
DB00549	C0036983	0	C23	train	valid	train	test	train	train	train	valid	test	train
DB00549	C0271093	0	C11	train	valid	valid	train	valid	train	train	train	train	test
DB00550	C0029401	0	C05	train	train	train	train	train	train	train	train	train	train
DB00550	C0032285	0	C08	valid	train	test	train	valid	train	train	train	valid	train
DB00551	C0016412	0	C18	train	train	train	train	train	test	train	train	train	train
DB00551	C0018273	0	C23	train	valid	train	test	train	train	train	valid	test	train
DB00551	C0877792	0	C10	train	train	train	train	train	valid	valid	train	train	train
DB00553	C0020445	0	C18	train	train	train	train	train	test	train	train	train	train
DB00554	C0020635	0	C10	train	train	train	train	train	valid	valid	train	train	train
DB00554	C0037299	0	C17	test	train	train	train	train	train	train	train	train	train
DB00555	C0006271	0	C08	valid	train	test	train	valid	train	train	train	valid	train
DB00555	C0238052	0	C18	train	train	train	train	train	test	train	train	train	train
DB00557	C0149925	0	C08	valid	train	test	train	valid	train	train	train	valid	train
DB00561	C0012739	0	C15	train	train	train	train	train	train	train	train	test	train
DB00562	C0014556	0	C10	train	train	train	train	train	valid	valid	train	train	train
DB00562	C1527304	0	C20	train	train	train	train	train	train	train	train	valid	train
DB00563	C0018133	0	C20	train	train	train	train	train	train	train	train	valid	train
DB00563	C0242698	0	C14	valid	test	train	valid	test	train	train	test	train	valid
DB00563	C0268490	0	C18	train	train	train	train	train	test	train	train	train	train
DB00564	C0003864	0	C05	train	train	train	train	train	train	train	train	train	train
DB00564	C0005586	0	F03	train	train	test	train	train	train	train	valid	train	train
DB00564	C0015371	0	C10	train	train	train	train	train	valid	valid	train	train	train
DB00564	C0021141	0	C10	train	train	train	train	train	valid	valid	train	train	train
DB00564	C0022951	0	C18	train	train	train	train	train	test	train	train	train	train
DB00564	C0024523	0	C06	test	train	train	test	train	test	train	train	train	train
DB00564	C0031046	0	C14	valid	test	train	valid	test	train	train	test	train	valid
DB00564	C0242698	0	C14	valid	test	train	valid	test	train	train	test	train	valid
DB00568	C0011854	0	C18	train	train	train	train	train	test	train	train	train	train
DB00568	C0014868	0	C06	test	train	train	test	train	test	train	train	train	train
DB00568	C0242422	0	C10	train	train	train	train	train	valid	valid	train	train	train
DB00569	C0005699	0	C04	train	train	valid	train	train	train	test	train	train	test
DB00570	C0021359	0	C12	train	train	train	train	train	train	train	train	train	train
DB00571	C0003128	0	C12	train	train	train	train	train	train	train	train	train	train
DB00571	C0003850	0	C14	valid	test	train	valid	test	train	train	test	train	valid
DB00571	C0004943	0	C17	test	train	train	train	train	train	train	train	train	train
DB00572	C0031154	0	C01	train	train	train	train	valid	valid	train	train	train	train
DB00572	C0032019	0	C10	train	train	train	train	train	valid	valid	train	train	train
DB00573	C0003492	0	C14	valid	test	train	valid	test	train	train	test	train	valid
DB00573	C0008311	0	C06	test	train	train	test	train	test	train	train	train	train
DB00573	C0162566	0	C06	test	train	train	test	train	test	train	train	train	train
DB00575	C0003578	0	C08	valid	train	test	train	valid	train	train	train	valid	train
DB00575	C0003811	0	C14	valid	test	train	valid	test	train	train	test	train	valid
DB00575	C0015371	0	C10	train	train	train	train	train	valid	valid	train	train	train
DB00575	C0271568	0	C05	train	train	train	train	train	train	train	train	train	train
DB00579	C0018681	0	C23	train	valid	train	test	train	train	train	valid	test	train
DB00579	C1540912	0	C15	train	train	train	train	train	train	train	train	test	train
DB00580	C0001623	0	C19	train	train	test	valid	train	train	test	train	train	valid
DB00580	C0017668	0	C12	train	train	train	train	train	train	train	train	train	train
DB00580	C0022354	0	C23	train	valid	train	test	train	train	train	valid	test	train
DB00580	C0032580	0	C06	test	train	train	test	train	test	train	train	train	train
DB00583	C0024586	0	C04	train	train	valid	train	train	train	test	train	train	test
DB00583	C0029442	0	C18	train	train	train	train	train	test	train	train	train	train
DB00584	C0020757	0	C16	train	train	test	train	train	train	train	train	train	train
DB00584	C0031511	0	C04	train	train	valid	train	train	train	test	train	train	test
DB00584	C0035579	0	C18	train	train	train	train	train	test	train	train	train	train
DB00585	C0000809	0	C12	train	train	train	train	train	train	train	train	train	train
DB00585	C0040822	0	C10	train	train	train	train	train	valid	valid	train	train	train
DB00586	C0001957	0	C25	train	train	valid	train	valid	train	train	train	train	train
DB00586	C0008533	0	C15	train	train	train	train	train	train	train	train	test	train
DB00586	C0011882	0	C10	train	train	train	train	train	valid	valid	train	train	train
DB00586	C0021308	0	C23	train	valid	train	test	train	train	train	valid	test	train
DB00586	C0235480	0	C14	valid	test	train	valid	test	train	train	test	train	valid
DB00586	C0948008	0	C10	train	train	train	train	train	valid	valid	train	train	train
DB00587	C0020481	0	C18	train	train	train	train	train	test	train	train	train	train
DB00587	C0020523	0	C20	train	train	train	train	train	train	train	train	valid	train
DB00588	C0024591	0	C23	train	valid	train	test	train	train	train	valid	test	train
DB00588	C0026709	0	C16	train	train	test	train	train	train	train	train	train	train
DB00588	C0030297	0	C04	train	train	valid	train	train	train	test	train	train	test
DB00588	C0038356	0	C06	test	train	train	test	train	test	train	train	train	train
DB00589	C0085096	0	C14	valid	test	train	valid	test	train	train	test	train	valid
DB00589	C0751753	0	C18	train	train	train	train	train	test	train	train	train	train
DB00590	C0035229	0	C08	valid	train	test	train	valid	train	train	train	valid	train
DB00590	C0040147	0	C19	train	train	test	valid	train	train	test	train	train	valid
DB00591	C0018834	0	C23	train	valid	train	test	train	train	train	valid	test	train
DB00591	C0029191	0	C12	train	train	train	train	train	train	train	train	train	train
DB00591	C0035335	0	C04	train	train	valid	train	train	train	test	train	train	test
DB00591	C0919267	0	C12	train	train	train	train	train	train	train	train	train	train
DB00593	C0020757	0	C16	train	train	test	train	train	train	train	train	train	train
DB00596	C0002726	0	C18	train	train	train	train	train	test	train	train	train	train
DB00596	C0019202	0	C10	train	train	train	train	train	valid	valid	train	train	train
DB00598	C0015371	0	C10	train	train	train	train	train	valid	valid	train	train	train
DB00598	C0235063	0	C08	valid	train	test	train	valid	train	train	train	valid	train
DB00598	C0751674	0	C04	train	train	valid	train	train	train	test	train	train	test
DB00599	C0027404	0	C10	train	train	train	train	train	valid	valid	train	train	train
DB00599	C0034067	0	C23	train	valid	train	test	train	train	train	valid	test	train
DB00599	C0036983	0	C23	train	valid	train	test	train	train	train	valid	test	train
DB00599	C0409959	0	C05	train	train	train	train	train	train	train	train	train	train
DB00600	C0012833	0	C23	train	valid	train	test	train	train	train	valid	test	train
DB00600	C0014836	0	C01	train	train	train	train	valid	valid	train	train	train	train
DB00600	C0023440	0	C15	train	train	train	train	train	train	train	train	test	train
DB00600	C0024138	0	C17	test	train	train	train	train	train	train	train	train	train
DB00600	C0032463	0	C15	train	train	train	train	train	train	train	train	test	train
DB00600	C0042875	0	C18	train	train	train	train	train	test	train	train	train	train
DB00601	C0020676	0	C19	train	train	test	valid	train	train	test	train	train	valid
DB00601	C0038013	0	C05	train	train	train	train	train	train	train	train	train	train
DB00601	C0687720	0	C12	train	train	train	train	train	train	train	train	train	train
DB00601	C1458155	0	C04	train	train	valid	train	train	train	test	train	train	test
DB00603	C0020598	0	C18	train	train	train	train	train	test	train	train	train	train
DB00603	C0021359	0	C12	train	train	train	train	train	train	train	train	train	train
DB00603	C0042035	0	C12	train	train	train	train	train	train	train	train	train	train
DB00603	C0085096	0	C14	valid	test	train	valid	test	train	train	test	train	valid
DB00604	C0037763	0	C10	train	train	train	train	train	valid	valid	train	train	train
DB00604	C0042571	0	C09	train	train	test	train	train	train	test	valid	train	test
DB00604	C0745103	0	C18	train	train	train	train	train	test	train	train	train	train
DB00604	C2936781	0	C10	train	train	train	train	train	valid	valid	train	train	train
DB00605	C0026948	0	C04	train	train	valid	train	train	train	test	train	train	test
DB00605	C0042024	0	C12	train	train	train	train	train	train	train	train	train	train
DB00605	C0043515	0	C06	test	train	train	test	train	test	train	train	train	train
DB00605	C0079744	0	C04	train	train	valid	train	train	train	test	train	train	test
DB00606	C0024473	0	C18	train	train	train	train	train	test	train	train	train	train
DB00606	C0034063	0	C08	valid	train	test	train	valid	train	train	train	valid	train
DB00606	C0409959	0	C05	train	train	train	train	train	train	train	train	train	train
DB00607	C0018213	0	C19	train	train	test	valid	train	train	test	train	train	valid
DB00607	C0018924	0	C05	train	train	train	train	train	train	train	train	train	train
DB00610	C0004239	0	C14	valid	test	train	valid	test	train	train	test	train	valid
DB00610	C0010691	0	C12	train	train	train	train	train	train	train	train	train	train
DB00610	C0024141	0	C17	test	train	train	train	train	train	train	train	train	train
DB00610	C0028738	0	C10	train	train	train	train	train	valid	valid	train	train	train
DB00610	C0033860	0	C17	test	train	train	train	train	train	train	train	train	train
DB00610	C0041948	0	C12	train	train	train	train	train	train	train	train	train	train
DB00611	C0010043	0	C11	train	valid	valid	train	valid	train	train	train	train	test
DB00611	C0014170	0	C12	train	train	train	train	train	train	train	train	train	train
DB00611	C0017205	0	C18	train	train	train	train	train	test	train	train	train	train
DB00611	C0021051	0	C20	train	train	train	train	train	train	train	train	valid	train
DB00612	C0150055	0	C23	train	valid	train	test	train	train	train	valid	test	train
DB00612	C0751674	0	C04	train	train	valid	train	train	train	test	train	train	test
DB00612	C0920350	0	C19	train	train	test	valid	train	train	test	train	train	valid
DB00612	C1261473	0	C04	train	train	valid	train	train	train	test	train	train	test
DB00612	C1384606	0	C12	train	train	train	train	train	train	train	train	train	train
DB00615	C0020555	0	C17	test	train	train	train	train	train	train	train	train	train
DB00617	C0001418	0	C04	train	train	valid	train	train	train	test	train	train	test
DB00617	C0010674	0	C16	train	train	test	train	train	train	train	train	train	train
DB00617	C0023449	0	C15	train	train	train	train	train	train	train	train	test	train
DB00619	C0007785	0	C10	train	train	train	train	train	valid	valid	train	train	train
DB00619	C0017636	0	C04	train	train	valid	train	train	train	test	train	train	test
DB00619	C0745103	0	C18	train	train	train	train	train	test	train	train	train	train
DB00620	C1704436	0	C14	valid	test	train	valid	test	train	train	test	train	valid
DB00621	C0027662	0	C04	train	train	valid	train	train	train	test	train	train	test
DB00621	C0349464	0	C10	train	train	train	train	train	valid	valid	train	train	train
DB00621	C1458155	0	C04	train	train	valid	train	train	train	test	train	train	test
DB00622	C0033578	0	C12	train	train	train	train	train	train	train	train	train	train
DB00622	C0039685	0	C14	valid	test	train	valid	test	train	train	test	train	valid
DB00623	C0011603	0	C17	test	train	train	train	train	train	train	train	train	train
DB00623	C0017205	0	C18	train	train	train	train	train	test	train	train	train	train
DB00623	C0023448	0	C15	train	train	train	train	train	train	train	train	test	train
DB00623	C0038220	0	C10	train	train	train	train	train	valid	valid	train	train	train
DB00624	C0020428	0	C19	train	train	test	valid	train	train	test	train	train	valid
DB00624	C0020473	0	C18	train	train	train	train	train	test	train	train	train	train
DB00626	C0000737	0	C23	train	valid	train	test	train	train	train	valid	test	train
DB00626	C2239176	0	C04	train	train	valid	train	train	train	test	train	train	test
DB00627	C0026764	0	C15	train	train	train	train	train	train	train	train	test	train
DB00627	C0242488	0	C08	valid	train	test	train	valid	train	train	train	valid	train
DB00628	C0010346	0	C06	test	train	train	test	train	test	train	train	train	train
DB00628	C0087012	0	C10	train	train	train	train	train	valid	valid	train	train	train
DB00629	C0023052	0	C08	valid	train	test	train	valid	train	train	train	valid	train
DB00629	C0026691	0	C14	valid	test	train	valid	test	train	train	test	train	valid
DB00630	C0014556	0	C10	train	train	train	train	train	valid	valid	train	train	train
DB00630	C0027430	0	C08	valid	train	test	train	valid	train	train	train	valid	train
DB00630	C0030297	0	C04	train	train	valid	train	train	train	test	train	train	test
DB00630	C0030446	0	C06	test	train	train	test	train	test	train	train	train	train
DB00630	C0221013	0	C04	train	train	valid	train	train	train	test	train	train	test
DB00631	C0032019	0	C10	train	train	train	train	train	valid	valid	train	train	train
DB00631	C0085159	0	F03	train	train	test	train	train	train	train	valid	train	train
DB00635	C0006625	0	C23	train	valid	train	test	train	train	train	valid	test	train
DB00635	C0021308	0	C23	train	valid	train	test	train	train	train	valid	test	train
DB00635	C0037199	0	C08	valid	train	test	train	valid	train	train	train	valid	train
DB00635	C0919267	0	C12	train	train	train	train	train	train	train	train	train	train
DB00636	C0043352	0	C07	train	train	train	train	test	train	train	train	train	train
DB00636	C0268483	0	C18	train	train	train	train	train	test	train	train	train	train
DB00636	C0268579	0	C16	train	train	test	train	train	train	train	train	train	train
DB00636	C0334579	0	C04	train	train	valid	train	train	train	test	train	train	test
DB00636	C0877792	0	C10	train	train	train	train	train	valid	valid	train	train	train
DB00637	C0022596	0	C17	test	train	train	train	train	train	train	train	train	train
DB00637	C0023443	0	C15	train	train	train	train	train	train	train	train	test	train
DB00637	C0398623	0	C15	train	train	train	train	train	train	train	train	test	train
DB00640	C0010068	0	C14	valid	test	train	valid	test	train	train	test	train	valid
DB00640	C0473527	0	C18	train	train	train	train	train	test	train	train	train	train
DB00641	C0011882	0	C10	train	train	train	train	train	valid	valid	train	train	train
DB00642	C0024121	0	C08	valid	train	test	train	valid	train	train	train	valid	train
DB00642	C0040034	0	C15	train	train	train	train	train	train	train	train	test	train
DB00643	C0018802	0	C14	valid	test	train	valid	test	train	train	test	train	valid
DB00643	C0021141	0	C10	train	train	train	train	train	valid	valid	train	train	train
DB00644	C0002895	0	C15	train	train	train	train	train	train	train	train	test	train
DB00644	C0024419	0	C15	train	train	train	train	train	train	train	train	test	train
DB00645	C0014173	0	C12	train	train	train	train	train	train	train	train	train	train
DB00645	C0027430	0	C08	valid	train	test	train	valid	train	train	train	valid	train
DB00645	C0037286	0	C04	train	train	valid	train	train	train	test	train	train	test
DB00647	C0011849	0	C18	train	train	train	train	train	test	train	train	train	train
DB00647	C0020514	0	C10	train	train	train	train	train	valid	valid	train	train	train
DB00647	C0079584	0	C17	test	train	train	train	train	train	train	train	train	train
DB00648	C0025149	0	C04	train	train	valid	train	train	train	test	train	train	test
DB00650	C0029927	0	C12	train	train	train	train	train	train	train	train	train	train
DB00650	C0037299	0	C17	test	train	train	train	train	train	train	train	train	train
DB00650	C0042842	0	C18	train	train	train	train	train	test	train	train	train	train
DB00651	C0008325	0	C06	test	train	train	test	train	test	train	train	train	train
DB00651	C0030446	0	C06	test	train	train	test	train	test	train	train	train	train
DB00651	C0038358	0	C06	test	train	train	test	train	test	train	train	train	train
DB00651	C0042900	0	C17	test	train	train	train	train	train	train	train	train	train
DB00651	C1458155	0	C04	train	train	valid	train	train	train	test	train	train	test
DB00651	C4048328	0	C12	train	train	train	train	train	train	train	train	train	train
DB00652	C0002994	0	C14	valid	test	train	valid	test	train	train	test	train	valid
DB00652	C0003578	0	C08	valid	train	test	train	valid	train	train	train	valid	train
DB00653	C0007786	0	C10	train	train	train	train	train	valid	valid	train	train	train
DB00653	C0014742	0	C17	test	train	train	train	train	train	train	train	train	train
DB00653	C0018995	0	C18	train	train	train	train	train	test	train	train	train	train
DB00653	C0027819	0	C04	train	train	valid	train	train	train	test	train	train	test
DB00653	C0085417	0	C10	train	train	train	train	train	valid	valid	train	train	train
DB00654	C0015672	0	C23	train	valid	train	test	train	train	train	valid	test	train
DB00654	C0020452	0	C14	valid	test	train	valid	test	train	train	test	train	valid
DB00654	C0024894	0	C12	train	train	train	train	train	train	train	train	train	train
DB00654	C0025149	0	C04	train	train	valid	train	train	train	test	train	train	test
DB00654	C0030319	0	F03	train	train	test	train	train	train	train	valid	train	train
DB00654	C0034951	0	C11	train	valid	valid	train	valid	train	train	train	train	test
DB00654	C0238463	0	C04	train	train	valid	train	train	train	test	train	train	test
DB00654	C0268596	0	C18	train	train	train	train	train	test	train	train	train	train
DB00655	C0008325	0	C06	test	train	train	test	train	test	train	train	train	train
DB00656	C0025202	0	C04	train	train	valid	train	train	train	test	train	train	test
DB00657	C0015530	0	C15	train	train	train	train	train	train	train	train	test	train
DB00657	C0020437	0	C18	train	train	train	train	train	test	train	train	train	train
DB00657	C0020649	0	C14	valid	test	train	valid	test	train	train	test	train	valid
DB00659	C0149958	0	C10	train	train	train	train	train	valid	valid	train	train	train
DB00661	C2937421	0	C12	train	train	train	train	train	train	train	train	train	train
DB00662	C0016057	0	C04	train	train	valid	train	train	train	test	train	train	test
DB00663	C0002895	0	C15	train	train	train	train	train	train	train	train	test	train
DB00663	C0007789	0	C10	train	train	train	train	train	valid	valid	train	train	train
DB00663	C1269683	0	F03	train	train	test	train	train	train	train	valid	train	train
DB00663	C1961099	0	C15	train	train	train	train	train	train	train	train	test	train
DB00665	C0242698	0	C14	valid	test	train	valid	test	train	train	test	train	valid
DB00666	C0015624	0	C12	train	train	train	train	train	train	train	train	train	train
DB00666	C0032987	0	C12	train	train	train	train	train	train	train	train	train	train
DB00666	C1458155	0	C04	train	train	valid	train	train	train	test	train	train	test
DB00668	C0003850	0	C14	valid	test	train	valid	test	train	train	test	train	valid
DB00668	C0020503	0	C19	train	train	test	valid	train	train	test	train	train	valid
DB00668	C0029453	0	C05	train	train	train	train	train	train	train	train	train	train
DB00668	C1261473	0	C04	train	train	valid	train	train	train	test	train	train	test
DB00669	C0015371	0	C10	train	train	train	train	train	valid	valid	train	train	train
DB00669	C0030848	0	C12	train	train	train	train	train	train	train	train	train	train
DB00669	C0040136	0	C04	train	train	valid	train	train	train	test	train	train	test
DB00669	C0242422	0	C10	train	train	train	train	train	valid	valid	train	train	train
DB00669	C0948089	0	C14	valid	test	train	valid	test	train	train	test	train	valid
DB00670	C0043515	0	C06	test	train	train	test	train	test	train	train	train	train
DB00670	C0206686	0	C19	train	train	test	valid	train	train	test	train	train	valid
DB00672	C0018213	0	C19	train	train	test	valid	train	train	test	train	train	valid
DB00672	C0149931	0	C10	train	train	train	train	train	valid	valid	train	train	train
DB00672	C0520679	0	C08	valid	train	test	train	valid	train	train	train	valid	train
DB00672	C0700201	0	C10	train	train	train	train	train	valid	valid	train	train	train
DB00673	C0007117	0	C04	train	train	valid	train	train	train	test	train	train	test
DB00674	C0001122	0	C18	train	train	train	train	train	test	train	train	train	train
DB00674	C0015624	0	C12	train	train	train	train	train	train	train	train	train	train
DB00674	C0020443	0	C18	train	train	train	train	train	test	train	train	train	train
DB00674	C3463824	0	C15	train	train	train	train	train	train	train	train	test	train
DB00677	C0020437	0	C18	train	train	train	train	train	test	train	train	train	train
DB00677	C0035228	0	C08	valid	train	test	train	valid	train	train	train	valid	train
DB00677	C0079744	0	C04	train	train	valid	train	train	train	test	train	train	test
DB00678	C0030446	0	C06	test	train	train	test	train	test	train	train	train	train
DB00678	C0238111	0	C10	train	train	train	train	train	valid	valid	train	train	train
DB00678	C0271623	0	C19	train	train	test	valid	train	train	test	train	train	valid
DB00679	C0001403	0	C19	train	train	test	valid	train	train	test	train	train	valid
DB00679	C0023437	0	C04	train	train	valid	train	train	train	test	train	train	test
DB00679	C0206682	0	C04	train	train	valid	train	train	train	test	train	train	test
DB00680	C0001618	0	C19	train	train	test	valid	train	train	test	train	train	valid
DB00680	C0242973	0	C14	valid	test	train	valid	test	train	train	test	train	valid
DB00682	C0003873	0	C05	train	train	train	train	train	train	train	train	train	train
DB00682	C0005697	0	C12	train	train	train	train	train	train	train	train	train	train
DB00683	C0007570	0	C06	test	train	train	test	train	test	train	train	train	train
DB00683	C0019151	0	C06	test	train	train	test	train	test	train	train	train	train
DB00683	C0020550	0	C19	train	train	test	valid	train	train	test	train	train	valid
DB00683	C0025323	0	C12	train	train	train	train	train	train	train	train	train	train
DB00683	C0029882	0	C09	train	train	test	train	train	train	test	valid	train	test
DB00683	C0080274	0	C12	train	train	train	train	train	train	train	train	train	train
DB00683	C1565489	0	C12	train	train	train	train	train	train	train	train	train	train
DB00685	C0014868	0	C06	test	train	train	test	train	test	train	train	train	train
DB00685	C0021655	0	C18	train	train	train	train	train	test	train	train	train	train
DB00685	C0024299	0	C04	train	train	valid	train	train	train	test	train	train	test
DB00685	C0030848	0	C12	train	train	train	train	train	train	train	train	train	train
DB00685	C0262584	0	C04	train	train	valid	train	train	train	test	train	train	test
DB00685	C0948089	0	C14	valid	test	train	valid	test	train	train	test	train	valid
DB00686	C0013415	0	F03	train	train	test	train	train	train	train	valid	train	train
DB00686	C0014733	0	C01	train	train	train	train	valid	valid	train	train	train	train
DB00686	C0021775	0	C14	valid	test	train	valid	test	train	train	test	train	valid
DB00686	C0271650	0	C18	train	train	train	train	train	test	train	train	train	train
DB00687	C0027430	0	C08	valid	train	test	train	valid	train	train	train	valid	train
DB00687	C0242350	0	C12	train	train	train	train	train	train	train	train	train	train
DB00688	C0033375	0	C04	train	train	valid	train	train	train	test	train	train	test
DB00688	C0751434	0	C18	train	train	train	train	train	test	train	train	train	train
DB00690	C0002390	0	C08	valid	train	test	train	valid	train	train	train	valid	train
DB00690	C0006287	0	C08	valid	train	test	train	valid	train	train	train	valid	train
DB00691	C0011606	0	C17	test	train	train	train	train	train	train	train	train	train
DB00691	C0011875	0	C14	valid	test	train	valid	test	train	train	test	train	valid
DB00691	C0023449	0	C15	train	train	train	train	train	train	train	train	test	train
DB00691	C0042880	0	C15	train	train	train	train	train	train	train	train	test	train
DB00692	C0013274	0	C14	valid	test	train	valid	test	train	train	test	train	valid
DB00692	C0014743	0	C17	test	train	train	train	train	train	train	train	train	train
DB00692	C0018021	0	C19	train	train	test	valid	train	train	test	train	train	valid
DB00692	C0020514	0	C10	train	train	train	train	train	valid	valid	train	train	train
DB00694	C0006287	0	C08	valid	train	test	train	valid	train	train	train	valid	train
DB00694	C0031117	0	C10	train	train	train	train	train	valid	valid	train	train	train
DB00694	C0272375	0	C15	train	train	train	train	train	train	train	train	test	train
DB00695	C0024523	0	C06	test	train	train	test	train	test	train	train	train	train
DB00695	C0027796	0	C10	train	train	train	train	train	valid	valid	train	train	train
DB00697	C0038013	0	C05	train	train	train	train	train	train	train	train	train	train
DB00697	C0040479	0	C14	valid	test	train	valid	test	train	train	test	train	valid
DB00697	C0079584	0	C17	test	train	train	train	train	train	train	train	train	train
DB00697	C0917798	0	C10	train	train	train	train	train	valid	valid	train	train	train
DB00699	C0024299	0	C04	train	train	valid	train	train	train	test	train	train	test
DB00699	C0042138	0	C12	train	train	train	train	train	train	train	train	train	train
DB00700	C0027726	0	C12	train	train	train	train	train	train	train	train	train	train
DB00703	C0006114	0	C10	train	train	train	train	train	valid	valid	train	train	train
DB00703	C0014549	0	C10	train	train	train	train	train	valid	valid	train	train	train
DB00703	C0030446	0	C06	test	train	train	test	train	test	train	train	train	train
DB00703	C0376358	0	C12	train	train	train	train	train	train	train	train	train	train
DB00704	C0022638	0	C18	train	train	train	train	train	test	train	train	train	train
DB00704	C0311375	0	C10	train	train	train	train	train	valid	valid	train	train	train
DB00706	C0025637	0	C15	train	train	train	train	train	train	train	train	test	train
DB00710	C0011581	0	F03	train	train	test	train	train	train	train	valid	train	train
DB00710	C0013405	0	C08	valid	train	test	train	valid	train	train	train	valid	train
DB00710	C0014534	0	C12	train	train	train	train	train	train	train	train	train	train
DB00710	C0022073	0	C11	train	valid	valid	train	valid	train	train	train	train	test
DB00710	C1956346	0	C14	valid	test	train	valid	test	train	train	test	train	valid
DB00712	C0040053	0	C14	valid	test	train	valid	test	train	train	test	train	valid
DB00712	C0751967	0	C10	train	train	train	train	train	valid	valid	train	train	train
DB00712	C0936215	0	C18	train	train	train	train	train	test	train	train	train	train
DB00713	C0010930	0	C11	train	valid	valid	train	valid	train	train	train	train	test
DB00713	C0149958	0	C10	train	train	train	train	train	valid	valid	train	train	train
DB00714	C0003123	0	C23	train	valid	train	test	train	train	train	valid	test	train
DB00714	C0035258	0	C10	train	train	train	train	train	valid	valid	train	train	train
DB00714	C0151744	0	C14	valid	test	train	valid	test	train	train	test	train	valid
DB00715	C0023267	0	C04	train	train	valid	train	train	train	test	train	train	test
DB00715	C0034063	0	C08	valid	train	test	train	valid	train	train	train	valid	train
DB00715	C0178416	0	C15	train	train	train	train	train	train	train	train	test	train
DB00715	C0268390	0	C17	test	train	train	train	train	train	train	train	train	train
DB00716	C0017531	0	C15	train	train	train	train	train	train	train	train	test	train
DB00716	C0268490	0	C18	train	train	train	train	train	test	train	train	train	train
DB00716	C0751865	0	C25	train	train	valid	train	valid	train	train	train	train	train
DB00717	C0002871	0	C15	train	train	train	train	train	train	train	train	test	train
DB00717	C0013238	0	C11	train	valid	valid	train	valid	train	train	train	train	test
DB00717	C0231528	0	C05	train	train	train	train	train	train	train	train	train	train
DB00717	C1704417	0	C18	train	train	train	train	train	test	train	train	train	train
DB00717	C2937421	0	C12	train	train	train	train	train	train	train	train	train	train
DB00719	C0011991	0	C23	train	valid	train	test	train	train	train	valid	test	train
DB00719	C0027726	0	C12	train	train	train	train	train	train	train	train	train	train
DB00720	C0006271	0	C08	valid	train	test	train	valid	train	train	train	valid	train
DB00720	C0013604	0	C23	train	valid	train	test	train	train	train	valid	test	train
DB00720	C0019151	0	C06	test	train	train	test	train	test	train	train	train	train
DB00720	C0023437	0	C04	train	train	valid	train	train	train	test	train	train	test
DB00720	C0024143	0	C12	train	train	train	train	train	train	train	train	train	train
DB00720	C0034067	0	C23	train	valid	train	test	train	train	train	valid	test	train
DB00720	C0702166	0	C17	test	train	train	train	train	train	train	train	train	train
DB00722	C0001618	0	C19	train	train	test	valid	train	train	test	train	train	valid
DB00722	C0035078	0	C12	train	train	train	train	train	train	train	train	train	train
DB00723	C0001206	0	C05	train	train	train	train	train	train	train	train	train	train
DB00724	C0004239	0	C14	valid	test	train	valid	test	train	train	test	train	valid
DB00724	C0005967	0	C04	train	train	valid	train	train	train	test	train	train	test
DB00724	C0014836	0	C01	train	train	train	train	valid	valid	train	train	train	train
DB00724	C0024437	0	C11	train	valid	valid	train	valid	train	train	train	train	test
DB00724	C0029442	0	C18	train	train	train	train	train	test	train	train	train	train
DB00724	C0040997	0	C07	train	train	train	train	test	train	train	train	train	train
DB00724	C1961099	0	C15	train	train	train	train	train	train	train	train	test	train
DB00725	C0020503	0	C19	train	train	test	valid	train	train	test	train	train	valid
DB00725	C0024301	0	C04	train	train	valid	train	train	train	test	train	train	test
DB00725	C0409959	0	C05	train	train	train	train	train	train	train	train	train	train
DB00725	C1961099	0	C15	train	train	train	train	train	train	train	train	test	train
DB00726	C0007785	0	C10	train	train	train	train	train	valid	valid	train	train	train
DB00726	C0017152	0	C06	test	train	train	test	train	test	train	train	train	train
DB00726	C0025500	0	C04	train	train	valid	train	train	train	test	train	train	test
DB00729	C0018621	0	C08	valid	train	test	train	valid	train	train	train	valid	train
DB00729	C0272375	0	C15	train	train	train	train	train	train	train	train	test	train
DB00729	C0917805	0	C10	train	train	train	train	train	valid	valid	train	train	train
DB00731	C0003492	0	C14	valid	test	train	valid	test	train	train	test	train	valid
DB00731	C0014356	0	C06	test	train	train	test	train	test	train	train	train	train
DB00733	C0003492	0	C14	valid	test	train	valid	test	train	train	test	train	valid
DB00733	C0020479	0	C18	train	train	train	train	train	test	train	train	train	train
DB00734	C0001122	0	C18	train	train	train	train	train	test	train	train	train	train
DB00734	C0010930	0	C11	train	valid	valid	train	valid	train	train	train	train	test
DB00734	C0021141	0	C10	train	train	train	train	train	valid	valid	train	train	train
DB00734	C0024138	0	C17	test	train	train	train	train	train	train	train	train	train
DB00734	C0029191	0	C12	train	train	train	train	train	train	train	train	train	train
DB00734	C0032787	0	C23	train	valid	train	test	train	train	train	valid	test	train
DB00734	C0039103	0	C05	train	train	train	train	train	train	train	train	train	train
DB00734	C0042870	0	C18	train	train	train	train	train	test	train	train	train	train
DB00736	C0038379	0	C10	train	train	train	train	train	valid	valid	train	train	train
DB00737	C0026691	0	C14	valid	test	train	valid	test	train	train	test	train	valid
DB00737	C0028754	0	C18	train	train	train	train	train	test	train	train	train	train
DB00737	C0262584	0	C04	train	train	valid	train	train	train	test	train	train	test
DB00738	C0019202	0	C10	train	train	train	train	train	valid	valid	train	train	train
DB00738	C0039590	0	C12	train	train	train	train	train	train	train	train	train	train
DB00738	C0178416	0	C15	train	train	train	train	train	train	train	train	test	train
DB00740	C0008149	0	C01	train	train	train	train	valid	valid	train	train	train	train
DB00740	C0022660	0	C12	train	train	train	train	train	train	train	train	train	train
DB00740	C0033806	0	C18	train	train	train	train	train	test	train	train	train	train
DB00740	C0262584	0	C04	train	train	valid	train	train	train	test	train	train	test
DB00740	C0497327	0	C10	train	train	train	train	train	valid	valid	train	train	train
DB00741	C0013182	0	C25	train	train	valid	train	valid	train	train	train	train	train
DB00741	C0041408	0	C12	train	train	train	train	train	train	train	train	train	train
DB00744	C0000809	0	C12	train	train	train	train	train	train	train	train	train	train
DB00744	C0034885	0	C06	test	train	train	test	train	test	train	train	train	train
DB00744	C0236964	0	F03	train	train	test	train	train	train	train	valid	train	train
DB00745	C0001883	0	C08	valid	train	test	train	valid	train	train	train	valid	train
DB00745	C0206682	0	C04	train	train	valid	train	train	train	test	train	train	test
DB00745	C0268579	0	C16	train	train	test	train	train	train	train	train	train	train
DB00745	C0342881	0	C18	train	train	train	train	train	test	train	train	train	train
DB00746	C0007095	0	C04	train	train	valid	train	train	train	test	train	train	test
DB00746	C0014867	0	C06	test	train	train	test	train	test	train	train	train	train
DB00746	C0015469	0	C07	train	train	train	train	test	train	train	train	train	train
DB00746	C0751753	0	C18	train	train	train	train	train	test	train	train	train	train
DB00747	C0011615	0	C17	test	train	train	train	train	train	train	train	train	train
DB00747	C0015371	0	C10	train	train	train	train	train	valid	valid	train	train	train
DB00747	C0020615	0	C18	train	train	train	train	train	test	train	train	train	train
DB00747	C0022650	0	C12	train	train	train	train	train	train	train	train	train	train
DB00747	C0023890	0	C06	test	train	train	test	train	test	train	train	train	train
DB00747	C0037299	0	C17	test	train	train	train	train	train	train	train	train	train
DB00748	C0017531	0	C15	train	train	train	train	train	train	train	train	test	train
DB00748	C0017574	0	C01	train	train	train	train	valid	valid	train	train	train	train
DB00748	C0020433	0	C23	train	valid	train	test	train	train	train	valid	test	train
DB00748	C0026691	0	C14	valid	test	train	valid	test	train	train	test	train	valid
DB00749	C0007570	0	C06	test	train	train	test	train	test	train	train	train	train
DB00749	C0018273	0	C23	train	valid	train	test	train	train	train	valid	test	train
DB00749	C0020507	0	C23	train	valid	train	test	train	train	train	valid	test	train
DB00751	C0011849	0	C18	train	train	train	train	train	test	train	train	train	train
DB00751	C0020461	0	C18	train	train	train	train	train	test	train	train	train	train
DB00751	C0030590	0	C14	valid	test	train	valid	test	train	train	test	train	valid
DB00751	C0038363	0	C07	train	train	train	train	test	train	train	train	train	train
DB00751	C0242422	0	C10	train	train	train	train	train	valid	valid	train	train	train
DB00752	C0014583	0	C11	train	valid	valid	train	valid	train	train	train	train	test
DB00757	C0005283	0	C15	train	train	train	train	train	train	train	train	test	train
DB00757	C0030446	0	C06	test	train	train	test	train	test	train	train	train	train
DB00757	C0037930	0	C10	train	train	train	train	train	valid	valid	train	train	train
DB00758	C0002395	0	C10	train	train	train	train	train	valid	valid	train	train	train
DB00758	C0020546	0	C14	valid	test	train	valid	test	train	train	test	train	valid
DB00758	C0043352	0	C07	train	train	train	train	test	train	train	train	train	train
DB00758	C0162316	0	C15	train	train	train	train	train	train	train	train	test	train
DB00761	C0004364	0	C20	train	train	train	train	train	train	train	train	valid	train
DB00761	C0007134	0	C12	train	train	train	train	train	train	train	train	train	train
DB00761	C0021141	0	C10	train	train	train	train	train	valid	valid	train	train	train
DB00762	C0030446	0	C06	test	train	train	test	train	test	train	train	train	train
DB00762	C0033581	0	C12	train	train	train	train	train	train	train	train	train	train
DB00762	C1800706	0	C08	valid	train	test	train	valid	train	train	train	valid	train
DB00763	C0004943	0	C17	test	train	train	train	train	train	train	train	train	train
DB00763	C0022951	0	C18	train	train	train	train	train	test	train	train	train	train
DB00763	C0836924	0	C15	train	train	train	train	train	train	train	train	test	train
DB00765	C0009952	0	C10	train	train	train	train	train	valid	valid	train	train	train
DB00765	C0020507	0	C23	train	valid	train	test	train	train	train	valid	test	train
DB00765	C0178416	0	C15	train	train	train	train	train	train	train	train	test	train
DB00768	C0002792	0	C20	train	train	train	train	train	train	train	train	valid	train
DB00768	C0015456	0	C17	test	train	train	train	train	train	train	train	train	train
DB00768	C0029408	0	C05	train	train	train	train	train	train	train	train	train	train
DB00768	C0085580	0	C14	valid	test	train	valid	test	train	train	test	train	valid
DB00770	C0020517	0	C20	train	train	train	train	train	train	train	train	valid	train
DB00770	C0025500	0	C04	train	train	valid	train	train	train	test	train	train	test
DB00770	C0032027	0	C17	test	train	train	train	train	train	train	train	train	train
DB00770	C0036983	0	C23	train	valid	train	test	train	train	train	valid	test	train
DB00771	C0242698	0	C14	valid	test	train	valid	test	train	train	test	train	valid
DB00771	C0745103	0	C18	train	train	train	train	train	test	train	train	train	train
DB00773	C0003864	0	C05	train	train	train	train	train	train	train	train	train	train
DB00773	C0004364	0	C20	train	train	train	train	train	train	train	train	valid	train
DB00773	C0029396	0	C23	train	valid	train	test	train	train	train	valid	test	train
DB00773	C0040028	0	C15	train	train	train	train	train	train	train	train	test	train
DB00773	C2239176	0	C04	train	train	valid	train	train	train	test	train	train	test
DB00774	C0002875	0	C15	train	train	train	train	train	train	train	train	test	train
DB00774	C0020474	0	C18	train	train	train	train	train	test	train	train	train	train
DB00774	C0020480	0	C18	train	train	train	train	train	test	train	train	train	train
DB00774	C0039483	0	C14	valid	test	train	valid	test	train	train	test	train	valid
DB00774	C3544321	0	F03	train	train	test	train	train	train	train	valid	train	train
DB00775	C0010930	0	C11	train	valid	valid	train	valid	train	train	train	train	test
DB00775	C0270736	0	C10	train	train	train	train	train	valid	valid	train	train	train
DB00775	C0936215	0	C18	train	train	train	train	train	test	train	train	train	train
DB00776	C0001883	0	C08	valid	train	test	train	valid	train	train	train	valid	train
DB00776	C0004943	0	C17	test	train	train	train	train	train	train	train	train	train
DB00776	C0011603	0	C17	test	train	train	train	train	train	train	train	train	train
DB00776	C0036980	0	C23	train	valid	train	test	train	train	train	valid	test	train
DB00776	C0040822	0	C10	train	train	train	train	train	valid	valid	train	train	train
DB00777	C0018621	0	C08	valid	train	test	train	valid	train	train	train	valid	train
DB00777	C0027686	0	C23	train	valid	train	test	train	train	train	valid	test	train
DB00777	C0917801	0	C10	train	train	train	train	train	valid	valid	train	train	train
DB00777	C1261473	0	C04	train	train	valid	train	train	train	test	train	train	test
DB00780	C0004245	0	C14	valid	test	train	valid	test	train	train	test	train	valid
DB00780	C0025289	0	C10	train	train	train	train	train	valid	valid	train	train	train
DB00780	C0027497	0	C23	train	valid	train	test	train	train	train	valid	test	train
DB00780	C0028738	0	C10	train	train	train	train	train	valid	valid	train	train	train
DB00780	C0030193	0	C23	train	valid	train	test	train	train	train	valid	test	train
DB00780	C0042024	0	C12	train	train	train	train	train	train	train	train	train	train
DB00782	C0003123	0	C23	train	valid	train	test	train	train	train	valid	test	train
DB00782	C0022665	0	C12	train	train	train	train	train	train	train	train	train	train
DB00783	C0010674	0	C16	train	train	test	train	train	train	train	train	train	train
DB00783	C0020480	0	C18	train	train	train	train	train	test	train	train	train	train
DB00783	C0023470	0	C04	train	train	valid	train	train	train	test	train	train	test
DB00783	C0034013	0	C19	train	train	test	valid	train	train	test	train	train	valid
DB00783	C0036341	0	F03	train	train	test	train	train	train	train	valid	train	train
DB00783	C0038325	0	C17	test	train	train	train	train	train	train	train	train	train
DB00783	C0038525	0	C10	train	train	train	train	train	valid	valid	train	train	train
DB00784	C0010691	0	C12	train	train	train	train	train	train	train	train	train	train
DB00784	C0013238	0	C11	train	valid	valid	train	valid	train	train	train	train	test
DB00784	C0032914	0	C12	train	train	train	train	train	train	train	train	train	train
DB00787	C0004096	0	C08	valid	train	test	train	valid	train	train	train	valid	train
DB00787	C0007137	0	C04	train	train	valid	train	train	train	test	train	train	test
DB00787	C0020545	0	C12	train	train	train	train	train	train	train	train	train	train
DB00787	C0032768	0	C10	train	train	train	train	train	valid	valid	train	train	train
DB00787	C0079584	0	C17	test	train	train	train	train	train	train	train	train	train
DB00790	C0027661	0	C04	train	train	valid	train	train	train	test	train	train	test
DB00792	C0005694	0	C12	train	train	train	train	train	train	train	train	train	train
DB00792	C0030297	0	C04	train	train	valid	train	train	train	test	train	train	test
DB00792	C0085215	0	C12	train	train	train	train	train	train	train	train	train	train
DB00792	C1458155	0	C04	train	train	valid	train	train	train	test	train	train	test
DB00794	C1269683	0	F03	train	train	test	train	train	train	train	valid	train	train
DB00795	C0025874	0	C12	train	train	train	train	train	train	train	train	train	train
DB00795	C0032914	0	C12	train	train	train	train	train	train	train	train	train	train
DB00795	C2936781	0	C10	train	train	train	train	train	valid	valid	train	train	train
DB00796	C0020507	0	C23	train	valid	train	test	train	train	train	valid	test	train
DB00796	C0023479	0	C04	train	train	valid	train	train	train	test	train	train	test
DB00796	C0038358	0	C06	test	train	train	test	train	test	train	train	train	train
DB00796	C0702166	0	C17	test	train	train	train	train	train	train	train	train	train
DB00797	C0005586	0	F03	train	train	test	train	train	train	train	valid	train	train
DB00797	C0010674	0	C16	train	train	test	train	train	train	train	train	train	train
DB00797	C0024591	0	C23	train	valid	train	test	train	train	train	valid	test	train
DB00797	C0025323	0	C12	train	train	train	train	train	train	train	train	train	train
DB00798	C0011882	0	C10	train	train	train	train	train	valid	valid	train	train	train
DB00798	C0020217	0	C04	train	train	valid	train	train	train	test	train	train	test
DB00798	C0029458	0	C05	train	train	train	train	train	train	train	train	train	train
DB00798	C0031190	0	C08	valid	train	test	train	valid	train	train	train	valid	train
DB00799	C0042880	0	C15	train	train	train	train	train	train	train	train	test	train
DB00799	C1527304	0	C20	train	train	train	train	train	train	train	train	valid	train
DB00800	C0008533	0	C15	train	train	train	train	train	train	train	train	test	train
DB00800	C0021670	0	C04	train	train	valid	train	train	train	test	train	train	test
DB00800	C0035228	0	C08	valid	train	test	train	valid	train	train	train	valid	train
DB00801	C0011606	0	C17	test	train	train	train	train	train	train	train	train	train
DB00801	C0019880	0	C18	train	train	train	train	train	test	train	train	train	train
DB00801	C0221013	0	C04	train	train	valid	train	train	train	test	train	train	test
DB00801	C0236964	0	F03	train	train	test	train	train	train	train	valid	train	train
DB00804	C0011860	0	C18	train	train	train	train	train	test	train	train	train	train
DB00804	C0032463	0	C15	train	train	train	train	train	train	train	train	test	train
DB00804	C0039841	0	C18	train	train	train	train	train	test	train	train	train	train
DB00805	C0005967	0	C04	train	train	valid	train	train	train	test	train	train	test
DB00805	C0034885	0	C06	test	train	train	test	train	test	train	train	train	train
DB00805	C0079744	0	C04	train	train	valid	train	train	train	test	train	train	test
DB00805	C0740394	0	C23	train	valid	train	test	train	train	train	valid	test	train
DB00806	C0014836	0	C01	train	train	train	train	valid	valid	train	train	train	train
DB00806	C0015469	0	C07	train	train	train	train	test	train	train	train	train	train
DB00806	C0021670	0	C04	train	train	valid	train	train	train	test	train	train	test
DB00806	C0027708	0	C12	train	train	train	train	train	train	train	train	train	train
DB00806	C0028734	0	C23	train	valid	train	test	train	train	train	valid	test	train
DB00806	C0035222	0	C08	valid	train	test	train	valid	train	train	train	valid	train
DB00806	C0087012	0	C10	train	train	train	train	train	valid	valid	train	train	train
DB00808	C0002893	0	C15	train	train	train	train	train	train	train	train	test	train
DB00808	C0020555	0	C17	test	train	train	train	train	train	train	train	train	train
DB00808	C2936781	0	C10	train	train	train	train	train	valid	valid	train	train	train
DB00809	C0006142	0	C04	train	train	valid	train	train	train	test	train	train	test
DB00809	C0014877	0	C10	train	train	train	train	train	valid	valid	train	train	train
DB00809	C0017160	0	C06	test	train	train	test	train	test	train	train	train	train
DB00809	C0020461	0	C18	train	train	train	train	train	test	train	train	train	train
DB00809	C0023440	0	C15	train	train	train	train	train	train	train	train	test	train
DB00809	C0043352	0	C07	train	train	train	train	test	train	train	train	train	train
DB00809	C3495559	0	C05	train	train	train	train	train	train	train	train	train	train
DB00809	C3544321	0	F03	train	train	test	train	train	train	train	valid	train	train
DB00810	C0019829	0	C04	train	train	valid	train	train	train	test	train	train	test
DB00810	C0029463	0	C04	train	train	valid	train	train	train	test	train	train	test
DB00810	C0030446	0	C06	test	train	train	test	train	test	train	train	train	train
DB00810	C0030807	0	C17	test	train	train	train	train	train	train	train	train	train
DB00811	C0001418	0	C04	train	train	valid	train	train	train	test	train	train	test
DB00811	C0021051	0	C20	train	train	train	train	train	train	train	train	valid	train
DB00811	C0033375	0	C04	train	train	valid	train	train	train	test	train	train	test
DB00811	C0887833	0	C04	train	train	valid	train	train	train	test	train	train	test
DB00812	C0019087	0	C15	train	train	train	train	train	train	train	train	test	train
DB00812	C0023827	0	C04	train	train	valid	train	train	train	test	train	train	test
DB00812	C0024115	0	C08	valid	train	test	train	valid	train	train	train	valid	train
DB00812	C0029456	0	C05	train	train	train	train	train	train	train	train	train	train
DB00812	C0030807	0	C17	test	train	train	train	train	train	train	train	train	train
DB00812	C0234974	0	C10	train	train	train	train	train	valid	valid	train	train	train
DB00812	C0751753	0	C18	train	train	train	train	train	test	train	train	train	train
DB00812	C1961835	0	C18	train	train	train	train	train	test	train	train	train	train
DB00813	C0003864	0	C05	train	train	train	train	train	train	train	train	train	train
DB00813	C0022661	0	C12	train	train	train	train	train	train	train	train	train	train
DB00813	C0428977	0	C14	valid	test	train	valid	test	train	train	test	train	valid
DB00813	C0596263	0	C04	train	train	valid	train	train	train	test	train	train	test
DB00813	C0917798	0	C10	train	train	train	train	train	valid	valid	train	train	train
DB00813	C4083212	0	C17	test	train	train	train	train	train	train	train	train	train
DB00814	C0007131	0	C08	valid	train	test	train	valid	train	train	train	valid	train
DB00814	C0032460	0	C12	train	train	train	train	train	train	train	train	train	train
DB00814	C1565489	0	C12	train	train	train	train	train	train	train	train	train	train
DB00816	C0006142	0	C04	train	train	valid	train	train	train	test	train	train	test
DB00816	C0014173	0	C12	train	train	train	train	train	train	train	train	train	train
DB00818	C0003811	0	C14	valid	test	train	valid	test	train	train	test	train	valid
DB00818	C0013720	0	C17	test	train	train	train	train	train	train	train	train	train
DB00818	C0018133	0	C20	train	train	train	train	train	train	train	train	valid	train
DB00819	C0023479	0	C04	train	train	valid	train	train	train	test	train	train	test
DB00820	C0023052	0	C08	valid	train	test	train	valid	train	train	train	valid	train
DB00820	C0235974	0	C04	train	train	valid	train	train	train	test	train	train	test
DB00820	C0456909	0	C10	train	train	train	train	train	valid	valid	train	train	train
DB00821	C0085605	0	C06	test	train	train	test	train	test	train	train	train	train
DB00822	C0022073	0	C11	train	valid	valid	train	valid	train	train	train	train	test
DB00822	C0022951	0	C18	train	train	train	train	train	test	train	train	train	train
DB00822	C0040046	0	C14	valid	test	train	valid	test	train	train	test	train	valid
DB00823	C0028768	0	F03	train	train	test	train	train	train	train	valid	train	train
DB00823	C0524620	0	C18	train	train	train	train	train	test	train	train	train	train
DB00824	C0004364	0	C20	train	train	train	train	train	train	train	train	valid	train
DB00824	C0085413	0	C12	train	train	train	train	train	train	train	train	train	train
DB00824	C0302280	0	C12	train	train	train	train	train	train	train	train	train	train
DB00825	C0002792	0	C20	train	train	train	train	train	train	train	train	valid	train
DB00825	C0014583	0	C11	train	valid	valid	train	valid	train	train	train	train	test
DB00825	C0014877	0	C10	train	train	train	train	train	valid	valid	train	train	train
DB00825	C0022650	0	C12	train	train	train	train	train	train	train	train	train	train
DB00825	C0936215	0	C18	train	train	train	train	train	test	train	train	train	train
DB00829	C0004943	0	C17	test	train	train	train	train	train	train	train	train	train
DB00829	C0014121	0	C01	train	train	train	train	valid	valid	train	train	train	train
DB00829	C0033581	0	C12	train	train	train	train	train	train	train	train	train	train
DB00829	C0740394	0	C23	train	valid	train	test	train	train	train	valid	test	train
DB00830	C0002962	0	C14	valid	test	train	valid	test	train	train	test	train	valid
DB00830	C0022876	0	C12	train	train	train	train	train	train	train	train	train	train
DB00831	C0010930	0	C11	train	valid	valid	train	valid	train	train	train	train	test
DB00831	C0012833	0	C23	train	valid	train	test	train	train	train	valid	test	train
DB00831	C0041408	0	C12	train	train	train	train	train	train	train	train	train	train
DB00832	C0022638	0	C18	train	train	train	train	train	test	train	train	train	train
DB00832	C0028326	0	C14	valid	test	train	valid	test	train	train	test	train	valid
DB00832	C0035222	0	C08	valid	train	test	train	valid	train	train	train	valid	train
DB00832	C0220756	0	C18	train	train	train	train	train	test	train	train	train	train
DB00832	C0948089	0	C14	valid	test	train	valid	test	train	train	test	train	valid
DB00834	C0007193	0	C14	valid	test	train	valid	test	train	train	test	train	valid
DB00834	C0282528	0	C16	train	train	test	train	train	train	train	train	train	train
DB00835	C0017205	0	C18	train	train	train	train	train	test	train	train	train	train
DB00836	C0020542	0	C08	valid	train	test	train	valid	train	train	train	valid	train
DB00836	C0040038	0	C14	valid	test	train	valid	test	train	train	test	train	valid
DB00836	C1561643	0	C12	train	train	train	train	train	train	train	train	train	train
DB00837	C0020615	0	C18	train	train	train	train	train	test	train	train	train	train
DB00837	C0033806	0	C18	train	train	train	train	train	test	train	train	train	train
DB00838	C0019880	0	C18	train	train	train	train	train	test	train	train	train	train
DB00838	C0033774	0	C17	test	train	train	train	train	train	train	train	train	train
DB00839	C0004114	0	C04	train	train	valid	train	train	train	test	train	train	test
DB00839	C0007820	0	C10	train	train	train	train	train	valid	valid	train	train	train
DB00841	C0005586	0	F03	train	train	test	train	train	train	train	valid	train	train
DB00841	C0005587	0	F03	train	train	test	train	train	train	train	valid	train	train
DB00841	C0006142	0	C04	train	train	valid	train	train	train	test	train	train	test
DB00841	C0008325	0	C06	test	train	train	test	train	test	train	train	train	train
DB00841	C0013720	0	C17	test	train	train	train	train	train	train	train	train	train
DB00841	C0020433	0	C23	train	valid	train	test	train	train	train	valid	test	train
DB00842	C0004096	0	C08	valid	train	test	train	valid	train	train	train	valid	train
DB00842	C0007786	0	C10	train	train	train	train	train	valid	valid	train	train	train
DB00842	C0238198	0	C06	test	train	train	test	train	test	train	train	train	train
DB00843	C0016057	0	C04	train	train	valid	train	train	train	test	train	train	test
DB00843	C0020557	0	C18	train	train	train	train	train	test	train	train	train	train
DB00843	C0035854	0	C17	test	train	train	train	train	train	train	train	train	train
DB00843	C0231528	0	C05	train	train	train	train	train	train	train	train	train	train
DB00843	C0700201	0	C10	train	train	train	train	train	valid	valid	train	train	train
DB00844	C0029453	0	C05	train	train	train	train	train	train	train	train	train	train
DB00846	C0009952	0	C10	train	train	train	train	train	valid	valid	train	train	train
DB00846	C0015503	0	C15	train	train	train	train	train	train	train	train	test	train
DB00847	C0014550	0	C10	train	train	train	train	train	valid	valid	train	train	train
DB00847	C0027726	0	C12	train	train	train	train	train	train	train	train	train	train
DB00847	C0027796	0	C10	train	train	train	train	train	valid	valid	train	train	train
DB00847	C0042875	0	C18	train	train	train	train	train	test	train	train	train	train
DB00847	C0917798	0	C10	train	train	train	train	train	valid	valid	train	train	train
DB00848	C0019069	0	C15	train	train	train	train	train	train	train	train	test	train
DB00848	C0029434	0	C05	train	train	train	train	train	train	train	train	train	train
DB00848	C0334579	0	C04	train	train	valid	train	train	train	test	train	train	test
DB00849	C0013238	0	C11	train	valid	valid	train	valid	train	train	train	train	test
DB00849	C0036830	0	C17	test	train	train	train	train	train	train	train	train	train
DB00849	C0040028	0	C15	train	train	train	train	train	train	train	train	test	train
DB00850	C0020523	0	C20	train	train	train	train	train	train	train	train	valid	train
DB00850	C0029408	0	C05	train	train	train	train	train	train	train	train	train	train
DB00850	C0042900	0	C17	test	train	train	train	train	train	train	train	train	train
DB00851	C0032027	0	C17	test	train	train	train	train	train	train	train	train	train
DB00851	C0042035	0	C12	train	train	train	train	train	train	train	train	train	train
DB00851	C0162836	0	C01	train	train	train	train	valid	valid	train	train	train	train
DB00853	C0007117	0	C04	train	train	valid	train	train	train	test	train	train	test
DB00853	C0011849	0	C18	train	train	train	train	train	test	train	train	train	train
DB00853	C0022951	0	C18	train	train	train	train	train	test	train	train	train	train
DB00853	C0040997	0	C07	train	train	train	train	test	train	train	train	train	train
DB00853	C0242350	0	C12	train	train	train	train	train	train	train	train	train	train
DB00854	C0009952	0	C10	train	train	train	train	train	valid	valid	train	train	train
DB00854	C0011581	0	F03	train	train	test	train	train	train	train	valid	train	train
DB00854	C0013264	0	C16	train	train	test	train	train	train	train	train	train	train
DB00854	C0020517	0	C20	train	train	train	train	train	train	train	train	valid	train
DB00858	C0002888	0	C15	train	train	train	train	train	train	train	train	test	train
DB00858	C0015371	0	C10	train	train	train	train	train	valid	valid	train	train	train
DB00860	C0003962	0	C23	train	valid	train	test	train	train	train	valid	test	train
DB00860	C0020757	0	C16	train	train	test	train	train	train	train	train	train	train
DB00861	C0014877	0	C10	train	train	train	train	train	valid	valid	train	train	train
DB00861	C0030848	0	C12	train	train	train	train	train	train	train	train	train	train
DB00861	C0456909	0	C10	train	train	train	train	train	valid	valid	train	train	train
DB00862	C0018213	0	C19	train	train	test	valid	train	train	test	train	train	valid
DB00862	C0027404	0	C10	train	train	train	train	train	valid	valid	train	train	train
DB00862	C1861172	0	C14	valid	test	train	valid	test	train	train	test	train	valid
DB00863	C0001883	0	C08	valid	train	test	train	valid	train	train	train	valid	train
DB00863	C0039483	0	C14	valid	test	train	valid	test	train	train	test	train	valid
DB00863	C0162316	0	C15	train	train	train	train	train	train	train	train	test	train
DB00864	C0017638	0	C04	train	train	valid	train	train	train	test	train	train	test
DB00864	C0020538	0	C14	valid	test	train	valid	test	train	train	test	train	valid
DB00864	C0025500	0	C04	train	train	valid	train	train	train	test	train	train	test
DB00864	C0029456	0	C05	train	train	train	train	train	train	train	train	train	train
DB00865	C0010072	0	C14	valid	test	train	valid	test	train	train	test	train	valid
DB00865	C0011884	0	C11	train	valid	valid	train	valid	train	train	train	train	test
DB00865	C0018671	0	C04	train	train	valid	train	train	train	test	train	train	test
DB00865	C0024115	0	C08	valid	train	test	train	valid	train	train	train	valid	train
DB00865	C0036983	0	C23	train	valid	train	test	train	train	train	valid	test	train
DB00865	C0917805	0	C10	train	train	train	train	train	valid	valid	train	train	train
DB00865	C1260899	0	C15	train	train	train	train	train	train	train	train	test	train
DB00866	C0010054	0	C14	valid	test	train	valid	test	train	train	test	train	valid
DB00866	C0087012	0	C10	train	train	train	train	train	valid	valid	train	train	train
DB00866	C0221013	0	C04	train	train	valid	train	train	train	test	train	train	test
DB00867	C0020474	0	C18	train	train	train	train	train	test	train	train	train	train
DB00867	C0020503	0	C19	train	train	test	valid	train	train	test	train	train	valid
DB00868	C0012739	0	C15	train	train	train	train	train	train	train	train	test	train
DB00868	C0020626	0	C19	train	train	test	valid	train	train	test	train	train	valid
DB00868	C0022595	0	C17	test	train	train	train	train	train	train	train	train	train
DB00869	C0311375	0	C10	train	train	train	train	train	valid	valid	train	train	train
DB00871	C0015371	0	C10	train	train	train	train	train	valid	valid	train	train	train
DB00871	C0034951	0	C11	train	valid	valid	train	valid	train	train	train	train	test
DB00872	C0002874	0	C15	train	train	train	train	train	train	train	train	test	train
DB00872	C0040034	0	C15	train	train	train	train	train	train	train	train	test	train
DB00873	C0018099	0	C05	train	train	train	train	train	train	train	train	train	train
DB00875	C0002874	0	C15	train	train	train	train	train	train	train	train	test	train
DB00875	C0036980	0	C23	train	valid	train	test	train	train	train	valid	test	train
DB00875	C0162316	0	C15	train	train	train	train	train	train	train	train	test	train
DB00876	C0034951	0	C11	train	valid	valid	train	valid	train	train	train	train	test
DB00876	C0035222	0	C08	valid	train	test	train	valid	train	train	train	valid	train
DB00877	C0014175	0	C12	train	train	train	train	train	train	train	train	train	train
DB00877	C0036508	0	C17	test	train	train	train	train	train	train	train	train	train
DB00880	C0014867	0	C06	test	train	train	test	train	test	train	train	train	train
DB00880	C0031046	0	C14	valid	test	train	valid	test	train	train	test	train	valid
DB00880	C0033774	0	C17	test	train	train	train	train	train	train	train	train	train
DB00881	C0023443	0	C15	train	train	train	train	train	train	train	train	test	train
DB00881	C0042909	0	C11	train	valid	valid	train	valid	train	train	train	train	test
DB00882	C0007138	0	C04	train	train	valid	train	train	train	test	train	train	test
DB00882	C0027726	0	C12	train	train	train	train	train	train	train	train	train	train
DB00882	C0032019	0	C10	train	train	train	train	train	valid	valid	train	train	train
DB00882	C0282193	0	C18	train	train	train	train	train	test	train	train	train	train
DB00883	C0002880	0	C15	train	train	train	train	train	train	train	train	test	train
DB00883	C1961835	0	C18	train	train	train	train	train	test	train	train	train	train
DB00884	C0016412	0	C18	train	train	train	train	train	test	train	train	train	train
DB00885	C0042870	0	C18	train	train	train	train	train	test	train	train	train	train
DB00885	C0524620	0	C18	train	train	train	train	train	test	train	train	train	train
DB00887	C0020473	0	C18	train	train	train	train	train	test	train	train	train	train
DB00889	C0020523	0	C20	train	train	train	train	train	train	train	train	valid	train
DB00889	C0022573	0	C11	train	valid	valid	train	valid	train	train	train	train	test
DB00889	C0342731	0	C16	train	train	test	train	train	train	train	train	train	train
DB00889	C0409818	0	C17	test	train	train	train	train	train	train	train	train	train
DB00889	C1261473	0	C04	train	train	valid	train	train	train	test	train	train	test
DB00890	C0027661	0	C04	train	train	valid	train	train	train	test	train	train	test
DB00890	C0751362	0	C10	train	train	train	train	train	valid	valid	train	train	train
DB00890	C2937421	0	C12	train	train	train	train	train	train	train	train	train	train
DB00893	C0020626	0	C19	train	train	test	valid	train	train	test	train	train	valid
DB00894	C0009324	0	C06	test	train	train	test	train	test	train	train	train	train
DB00894	C0024437	0	C11	train	valid	valid	train	valid	train	train	train	train	test
DB00894	C0027430	0	C08	valid	train	test	train	valid	train	train	train	valid	train
DB00894	C0038379	0	C10	train	train	train	train	train	valid	valid	train	train	train
DB00896	C0019243	0	C20	train	train	train	train	train	train	train	train	valid	train
DB00896	C0035258	0	C10	train	train	train	train	train	valid	valid	train	train	train
DB00896	C0342881	0	C18	train	train	train	train	train	test	train	train	train	train
DB00897	C0020461	0	C18	train	train	train	train	train	test	train	train	train	train
DB00897	C0024117	0	C08	valid	train	test	train	valid	train	train	train	valid	train
DB00898	C0038454	0	C10	train	train	train	train	train	valid	valid	train	train	train
DB00902	C0018203	0	C15	train	train	train	train	train	train	train	train	test	train
DB00902	C0026691	0	C14	valid	test	train	valid	test	train	train	test	train	valid
DB00902	C1561643	0	C12	train	train	train	train	train	train	train	train	train	train
DB00903	C0029191	0	C12	train	train	train	train	train	train	train	train	train	train
DB00903	C0029442	0	C18	train	train	train	train	train	test	train	train	train	train
DB00903	C0040046	0	C14	valid	test	train	valid	test	train	train	test	train	valid
DB00903	C0745103	0	C18	train	train	train	train	train	test	train	train	train	train
DB00903	C3495559	0	C05	train	train	train	train	train	train	train	train	train	train
DB00904	C0005779	0	C15	train	train	train	train	train	train	train	train	test	train
DB00904	C0022661	0	C12	train	train	train	train	train	train	train	train	train	train
DB00904	C0040136	0	C04	train	train	valid	train	train	train	test	train	train	test
DB00904	C0155862	0	C01	train	train	train	train	valid	valid	train	train	train	train
DB00905	C0024117	0	C08	valid	train	test	train	valid	train	train	train	valid	train
DB00906	C0002418	0	C10	train	train	train	train	train	valid	valid	train	train	train
DB00906	C0031046	0	C14	valid	test	train	valid	test	train	train	test	train	valid
DB00908	C0020621	0	C18	train	train	train	train	train	test	train	train	train	train
DB00908	C0023480	0	C15	train	train	train	train	train	train	train	train	test	train
DB00909	C0002874	0	C15	train	train	train	train	train	train	train	train	test	train
DB00909	C0018798	0	C14	valid	test	train	valid	test	train	train	test	train	valid
DB00909	C0020544	0	C12	train	train	train	train	train	train	train	train	train	train
DB00909	C0037188	0	C14	valid	test	train	valid	test	train	train	test	train	valid
DB00910	C0040822	0	C10	train	train	train	train	train	valid	valid	train	train	train
DB00912	C0003811	0	C14	valid	test	train	valid	test	train	train	test	train	valid
DB00914	C0018790	0	C14	valid	test	train	valid	test	train	train	test	train	valid
DB00914	C0022354	0	C23	train	valid	train	test	train	train	train	valid	test	train
DB00915	C0677607	0	C19	train	train	test	valid	train	train	test	train	train	valid
DB00916	C0020480	0	C18	train	train	train	train	train	test	train	train	train	train
DB00917	C0036341	0	F03	train	train	test	train	train	train	train	valid	train	train
DB00917	C0162566	0	C06	test	train	train	test	train	test	train	train	train	train
DB00918	C0014583	0	C11	train	valid	valid	train	valid	train	train	train	train	test
DB00918	C0079731	0	C04	train	train	valid	train	train	train	test	train	train	test
DB00920	C0029401	0	C05	train	train	train	train	train	train	train	train	train	train
DB00920	C0038525	0	C10	train	train	train	train	train	valid	valid	train	train	train
DB00920	C0236964	0	F03	train	train	test	train	train	train	train	valid	train	train
DB00921	C0005587	0	F03	train	train	test	train	train	train	train	valid	train	train
DB00921	C0014743	0	C17	test	train	train	train	train	train	train	train	train	train
DB00921	C0023470	0	C04	train	train	valid	train	train	train	test	train	train	test
DB00921	C0030305	0	C06	test	train	train	test	train	test	train	train	train	train
DB00921	C0037274	0	C17	test	train	train	train	train	train	train	train	train	train
DB00922	C0017612	0	C11	train	valid	valid	train	valid	train	train	train	train	test
DB00922	C0020555	0	C17	test	train	train	train	train	train	train	train	train	train
DB00924	C0035579	0	C18	train	train	train	train	train	test	train	train	train	train
DB00924	C0920350	0	C19	train	train	test	valid	train	train	test	train	train	valid
DB00925	C0032768	0	C10	train	train	train	train	train	valid	valid	train	train	train
DB00925	C0085681	0	C18	train	train	train	train	train	test	train	train	train	train
DB00925	C0149925	0	C08	valid	train	test	train	valid	train	train	train	valid	train
DB00927	C0020481	0	C18	train	train	train	train	train	test	train	train	train	train
DB00927	C0033975	0	F03	train	train	test	train	train	train	train	valid	train	train
DB00927	C1956346	0	C14	valid	test	train	valid	test	train	train	test	train	valid
DB00927	C2937421	0	C12	train	train	train	train	train	train	train	train	train	train
DB00928	C0042138	0	C12	train	train	train	train	train	train	train	train	train	train
DB00929	C0006114	0	C10	train	train	train	train	train	valid	valid	train	train	train
DB00929	C0042035	0	C12	train	train	train	train	train	train	train	train	train	train
DB00933	C0002962	0	C14	valid	test	train	valid	test	train	train	test	train	valid
DB00933	C0006267	0	C08	valid	train	test	train	valid	train	train	train	valid	train
DB00933	C0035222	0	C08	valid	train	test	train	valid	train	train	train	valid	train
DB00933	C0036337	0	F03	train	train	test	train	train	train	train	valid	train	train
DB00934	C0006105	0	C01	train	train	train	train	valid	valid	train	train	train	train
DB00934	C0023443	0	C15	train	train	train	train	train	train	train	train	test	train
DB00934	C0079744	0	C04	train	train	valid	train	train	train	test	train	train	test
DB00935	C0014550	0	C10	train	train	train	train	train	valid	valid	train	train	train
DB00935	C0023472	0	C15	train	train	train	train	train	train	train	train	test	train
DB00935	C0036980	0	C23	train	valid	train	test	train	train	train	valid	test	train
DB00936	C0042909	0	C11	train	valid	valid	train	valid	train	train	train	train	test
DB00937	C0004352	0	F03	train	train	test	train	train	train	train	valid	train	train
DB00938	C0010930	0	C11	train	valid	valid	train	valid	train	train	train	train	test
DB00938	C0020555	0	C17	test	train	train	train	train	train	train	train	train	train
DB00938	C1269683	0	F03	train	train	test	train	train	train	train	valid	train	train
DB00939	C0003469	0	F03	train	train	test	train	train	train	train	valid	train	train
DB00939	C0020619	0	C19	train	train	test	valid	train	train	test	train	train	valid
DB00940	C0019880	0	C18	train	train	train	train	train	test	train	train	train	train
DB00940	C0029456	0	C05	train	train	train	train	train	train	train	train	train	train
DB00940	C0039621	0	C10	train	train	train	train	train	valid	valid	train	train	train
DB00942	C0456909	0	C10	train	train	train	train	train	valid	valid	train	train	train
DB00944	C0001883	0	C08	valid	train	test	train	valid	train	train	train	valid	train
DB00944	C0012833	0	C23	train	valid	train	test	train	train	train	valid	test	train
DB00944	C0026764	0	C15	train	train	train	train	train	train	train	train	test	train
DB00944	C0473527	0	C18	train	train	train	train	train	test	train	train	train	train
DB00944	C1261473	0	C04	train	train	valid	train	train	train	test	train	train	test
DB00945	C0024523	0	C06	test	train	train	test	train	test	train	train	train	train
DB00945	C0027686	0	C23	train	valid	train	test	train	train	train	valid	test	train
DB00945	C0029434	0	C05	train	train	train	train	train	train	train	train	train	train
DB00946	C0017160	0	C06	test	train	train	test	train	test	train	train	train	train
DB00946	C0751122	0	C10	train	train	train	train	train	valid	valid	train	train	train
DB00947	C0024419	0	C15	train	train	train	train	train	train	train	train	test	train
DB00947	C0032027	0	C17	test	train	train	train	train	train	train	train	train	train
DB00949	C0002726	0	C18	train	train	train	train	train	test	train	train	train	train
DB00949	C0009404	0	C06	test	train	train	test	train	test	train	train	train	train
DB00949	C0024305	0	C04	train	train	valid	train	train	train	test	train	train	test
DB00949	C0025322	0	C12	train	train	train	train	train	train	train	train	train	train
DB00949	C0042510	0	C14	valid	test	train	valid	test	train	train	test	train	valid
DB00949	C0043352	0	C07	train	train	train	train	test	train	train	train	train	train
DB00949	C0271623	0	C19	train	train	test	valid	train	train	test	train	train	valid
DB00950	C0025637	0	C15	train	train	train	train	train	train	train	train	test	train
DB00950	C0025874	0	C12	train	train	train	train	train	train	train	train	train	train
DB00950	C0949116	0	C15	train	train	train	train	train	train	train	train	test	train
DB00951	C0020428	0	C19	train	train	test	valid	train	train	test	train	train	valid
DB00951	C0024117	0	C08	valid	train	test	train	valid	train	train	train	valid	train
DB00951	C0026838	0	C05	train	train	train	train	train	train	train	train	train	train
DB00951	C0032787	0	C23	train	valid	train	test	train	train	train	valid	test	train
DB00951	C0043352	0	C07	train	train	train	train	test	train	train	train	train	train
DB00952	C0017160	0	C06	test	train	train	test	train	test	train	train	train	train
DB00952	C0024586	0	C04	train	train	valid	train	train	train	test	train	train	test
DB00953	C0039103	0	C05	train	train	train	train	train	train	train	train	train	train
DB00953	C0242350	0	C12	train	train	train	train	train	train	train	train	train	train
DB00953	C1956346	0	C14	valid	test	train	valid	test	train	train	test	train	valid
DB00956	C0020517	0	C20	train	train	train	train	train	train	train	train	valid	train
DB00956	C0023467	0	C04	train	train	valid	train	train	train	test	train	train	test
DB00957	C0011606	0	C17	test	train	train	train	train	train	train	train	train	train
DB00957	C0029882	0	C09	train	train	test	train	train	train	test	valid	train	test
DB00959	C0009375	0	C06	test	train	train	test	train	test	train	train	train	train
DB00959	C0025289	0	C10	train	train	train	train	train	valid	valid	train	train	train
DB00959	C0524910	0	C01	train	train	train	train	valid	valid	train	train	train	train
DB00960	C0013390	0	C23	train	valid	train	test	train	train	train	valid	test	train
DB00960	C0023518	0	C15	train	train	train	train	train	train	train	train	test	train
DB00962	C0013264	0	C16	train	train	test	train	train	train	train	train	train	train
DB00962	C0014170	0	C12	train	train	train	train	train	train	train	train	train	train
DB00962	C0024523	0	C06	test	train	train	test	train	test	train	train	train	train
DB00962	C0042164	0	C11	train	valid	valid	train	valid	train	train	train	train	test
DB00963	C0021051	0	C20	train	train	train	train	train	train	train	train	valid	train
DB00963	C0022596	0	C17	test	train	train	train	train	train	train	train	train	train
DB00963	C0206245	0	C18	train	train	train	train	train	test	train	train	train	train
DB00963	C0497327	0	C10	train	train	train	train	train	valid	valid	train	train	train
DB00964	C0002395	0	C10	train	train	train	train	train	valid	valid	train	train	train
DB00964	C0020545	0	C12	train	train	train	train	train	train	train	train	train	train
DB00964	C0022104	0	C06	test	train	train	test	train	test	train	train	train	train
DB00964	C0149931	0	C10	train	train	train	train	train	valid	valid	train	train	train
DB00964	C0220756	0	C18	train	train	train	train	train	test	train	train	train	train
DB00964	C1621958	0	C04	train	train	valid	train	train	train	test	train	train	test
DB00966	C0019829	0	C04	train	train	valid	train	train	train	test	train	train	test
DB00966	C0027697	0	C12	train	train	train	train	train	train	train	train	train	train
DB00966	C0029882	0	C09	train	train	test	train	train	train	test	valid	train	test
DB00967	C0175683	0	C18	train	train	train	train	train	test	train	train	train	train
DB00968	C0002874	0	C15	train	train	train	train	train	train	train	train	test	train
DB00968	C0014867	0	C06	test	train	train	test	train	test	train	train	train	train
DB00968	C0028754	0	C18	train	train	train	train	train	test	train	train	train	train
DB00969	C0019618	0	C15	train	train	train	train	train	train	train	train	test	train
DB00970	C0524910	0	C01	train	train	train	train	valid	valid	train	train	train	train
DB00972	C0017668	0	C12	train	train	train	train	train	train	train	train	train	train
DB00972	C0038358	0	C06	test	train	train	test	train	test	train	train	train	train
DB00973	C0011860	0	C18	train	train	train	train	train	test	train	train	train	train
DB00973	C0020459	0	C18	train	train	train	train	train	test	train	train	train	train
DB00973	C0149931	0	C10	train	train	train	train	train	valid	valid	train	train	train
DB00975	C0014868	0	C06	test	train	train	test	train	test	train	train	train	train
DB00975	C0151526	0	C12	train	train	train	train	train	train	train	train	train	train
DB00976	C0035457	0	C08	valid	train	test	train	valid	train	train	train	valid	train
DB00977	C0013274	0	C14	valid	test	train	valid	test	train	train	test	train	valid
DB00977	C0015469	0	C07	train	train	train	train	test	train	train	train	train	train
DB00977	C0020635	0	C10	train	train	train	train	train	valid	valid	train	train	train
DB00977	C0021670	0	C04	train	train	valid	train	train	train	test	train	train	test
DB00977	C0268490	0	C18	train	train	train	train	train	test	train	train	train	train
DB00978	C0948008	0	C10	train	train	train	train	train	valid	valid	train	train	train
DB00979	C0018681	0	C23	train	valid	train	test	train	train	train	valid	test	train
DB00979	C0033860	0	C17	test	train	train	train	train	train	train	train	train	train
DB00980	C0033774	0	C17	test	train	train	train	train	train	train	train	train	train
DB00981	C0007138	0	C04	train	train	valid	train	train	train	test	train	train	test
DB00981	C0024586	0	C04	train	train	valid	train	train	train	test	train	train	test
DB00982	C0013386	0	C10	train	train	train	train	train	valid	valid	train	train	train
DB00982	C0014877	0	C10	train	train	train	train	train	valid	valid	train	train	train
DB00982	C0018273	0	C23	train	valid	train	test	train	train	train	valid	test	train
DB00982	C0042024	0	C12	train	train	train	train	train	train	train	train	train	train
DB00983	C0262584	0	C04	train	train	valid	train	train	train	test	train	train	test
DB00984	C0022568	0	C11	train	valid	valid	train	valid	train	train	train	train	test
DB00985	C0013405	0	C08	valid	train	test	train	valid	train	train	train	valid	train
DB00985	C0020503	0	C19	train	train	test	valid	train	train	test	train	train	valid
DB00985	C0020615	0	C18	train	train	train	train	train	test	train	train	train	train
DB00985	C0085083	0	C12	train	train	train	train	train	train	train	train	train	train
DB00985	C0242973	0	C14	valid	test	train	valid	test	train	train	test	train	valid
DB00985	C1861172	0	C14	valid	test	train	valid	test	train	train	test	train	valid
DB00986	C0027430	0	C08	valid	train	test	train	valid	train	train	train	valid	train
DB00986	C0033774	0	C17	test	train	train	train	train	train	train	train	train	train
DB00987	C0006114	0	C10	train	train	train	train	train	valid	valid	train	train	train
DB00987	C0032460	0	C12	train	train	train	train	train	train	train	train	train	train
DB00987	C0032580	0	C06	test	train	train	test	train	test	train	train	train	train
DB00987	C0038525	0	C10	train	train	train	train	train	valid	valid	train	train	train
DB00987	C0409959	0	C05	train	train	train	train	train	train	train	train	train	train
DB00988	C0042900	0	C17	test	train	train	train	train	train	train	train	train	train
DB00991	C0002965	0	C14	valid	test	train	valid	test	train	train	test	train	valid
DB00991	C0003962	0	C23	train	valid	train	test	train	train	train	valid	test	train
DB00991	C0006271	0	C08	valid	train	test	train	valid	train	train	train	valid	train
DB00991	C0010481	0	C19	train	train	test	valid	train	train	test	train	train	valid
DB00991	C0015469	0	C07	train	train	train	train	test	train	train	train	train	train
DB00991	C0020437	0	C18	train	train	train	train	train	test	train	train	train	train
DB00991	C0036920	0	C15	train	train	train	train	train	train	train	train	test	train
DB00991	C0038018	0	C05	train	train	train	train	train	train	train	train	train	train
DB00991	C0042571	0	C09	train	train	test	train	train	train	test	valid	train	test
DB00991	C0231528	0	C05	train	train	train	train	train	train	train	train	train	train
DB00991	C2239176	0	C04	train	train	valid	train	train	train	test	train	train	test
DB00993	C0013295	0	C06	test	train	train	test	train	test	train	train	train	train
DB00993	C0085083	0	C12	train	train	train	train	train	train	train	train	train	train
DB00993	C0311277	0	C18	train	train	train	train	train	test	train	train	train	train
DB00994	C0001206	0	C05	train	train	train	train	train	train	train	train	train	train
DB00994	C0029458	0	C05	train	train	train	train	train	train	train	train	train	train
DB00994	C0035579	0	C18	train	train	train	train	train	test	train	train	train	train
DB00995	C0023470	0	C04	train	train	valid	train	train	train	test	train	train	test
DB00995	C0042133	0	C04	train	train	valid	train	train	train	test	train	train	test
DB00995	C0206686	0	C19	train	train	test	valid	train	train	test	train	train	valid
DB00995	C0520679	0	C08	valid	train	test	train	valid	train	train	train	valid	train
DB00996	C0017574	0	C01	train	train	train	train	valid	valid	train	train	train	train
DB00996	C0151740	0	C10	train	train	train	train	train	valid	valid	train	train	train
DB00996	C0409818	0	C17	test	train	train	train	train	train	train	train	train	train
DB00996	C1527304	0	C20	train	train	train	train	train	train	train	train	valid	train
DB00997	C0019880	0	C18	train	train	train	train	train	test	train	train	train	train
DB00997	C0878544	0	C14	valid	test	train	valid	test	train	train	test	train	valid
DB00998	C0005967	0	C04	train	train	valid	train	train	train	test	train	train	test
DB00998	C0014175	0	C12	train	train	train	train	train	train	train	train	train	train
DB00998	C0038220	0	C10	train	train	train	train	train	valid	valid	train	train	train
DB00998	C0042138	0	C12	train	train	train	train	train	train	train	train	train	train
DB00999	C0006118	0	C10	train	train	train	train	train	valid	valid	train	train	train
DB00999	C0018995	0	C18	train	train	train	train	train	test	train	train	train	train
DB00999	C0040028	0	C15	train	train	train	train	train	train	train	train	test	train
DB01001	C0011881	0	C12	train	train	train	train	train	train	train	train	train	train
DB01001	C0020545	0	C12	train	train	train	train	train	train	train	train	train	train
DB01003	C0002994	0	C14	valid	test	train	valid	test	train	train	test	train	valid
DB01003	C0004245	0	C14	valid	test	train	valid	test	train	train	test	train	valid
DB01003	C0015503	0	C15	train	train	train	train	train	train	train	train	test	train
DB01003	C0020217	0	C04	train	train	valid	train	train	train	test	train	train	test
DB01005	C0002888	0	C15	train	train	train	train	train	train	train	train	test	train
DB01005	C0022548	0	A10	train	train	test	train	train	train	train	train	train	train
DB01005	C0023465	0	C04	train	train	valid	train	train	train	test	train	train	test
DB01005	C0282193	0	C18	train	train	train	train	train	test	train	train	train	train
DB01005	C0702166	0	C17	test	train	train	train	train	train	train	train	train	train
DB01006	C0020625	0	C18	train	train	train	train	train	test	train	train	train	train
DB01006	C0949116	0	C15	train	train	train	train	train	train	train	train	test	train
DB01009	C0042109	0	C17	test	train	train	train	train	train	train	train	train	train
DB01009	C0042909	0	C11	train	valid	valid	train	valid	train	train	train	train	test
DB01009	C0162316	0	C15	train	train	train	train	train	train	train	train	test	train
DB01011	C0007820	0	C10	train	train	train	train	train	valid	valid	train	train	train
DB01011	C0023890	0	C06	test	train	train	test	train	test	train	train	train	train
DB01011	C0262584	0	C04	train	train	valid	train	train	train	test	train	train	test
DB01011	C2316212	0	C17	test	train	train	train	train	train	train	train	train	train
DB01012	C0015230	0	C17	test	train	train	train	train	train	train	train	train	train
DB01012	C0017168	0	C06	test	train	train	test	train	test	train	train	train	train
DB01012	C0027404	0	C10	train	train	train	train	train	valid	valid	train	train	train
DB01012	C0085159	0	F03	train	train	test	train	train	train	train	valid	train	train
DB01012	C0235480	0	C14	valid	test	train	valid	test	train	train	test	train	valid
DB01013	C0013386	0	C10	train	train	train	train	train	valid	valid	train	train	train
DB01014	C0020615	0	C18	train	train	train	train	train	test	train	train	train	train
DB01014	C0023465	0	C04	train	train	valid	train	train	train	test	train	train	test
DB01014	C0152020	0	C06	test	train	train	test	train	test	train	train	train	train
DB01014	C0206693	0	C04	train	train	valid	train	train	train	test	train	train	test
DB01014	C0949116	0	C15	train	train	train	train	train	train	train	train	test	train
DB01015	C0016057	0	C04	train	train	valid	train	train	train	test	train	train	test
DB01015	C0085129	0	C08	valid	train	test	train	valid	train	train	train	valid	train
DB01015	C0751753	0	C18	train	train	train	train	train	test	train	train	train	train
DB01016	C0002792	0	C20	train	train	train	train	train	train	train	train	valid	train
DB01016	C0024138	0	C17	test	train	train	train	train	train	train	train	train	train
DB01016	C0029442	0	C18	train	train	train	train	train	test	train	train	train	train
DB01017	C0041296	0	C01	train	train	train	train	valid	valid	train	train	train	train
DB01018	C0000744	0	C18	train	train	train	train	train	test	train	train	train	train
DB01018	C0003862	0	C05	train	train	train	train	train	train	train	train	train	train
DB01018	C0013295	0	C06	test	train	train	test	train	test	train	train	train	train
DB01018	C0027697	0	C12	train	train	train	train	train	train	train	train	train	train
DB01018	C0029396	0	C23	train	valid	train	test	train	train	train	valid	test	train
DB01019	C0022661	0	C12	train	train	train	train	train	train	train	train	train	train
DB01019	C0026769	0	C10	train	train	train	train	train	valid	valid	train	train	train
DB01020	C0005741	0	C11	train	valid	valid	train	valid	train	train	train	train	test
DB01020	C0015672	0	C23	train	valid	train	test	train	train	train	valid	test	train
DB01020	C0405580	0	C19	train	train	test	valid	train	train	test	train	train	valid
DB01021	C0020433	0	C23	train	valid	train	test	train	train	train	valid	test	train
DB01021	C0033581	0	C12	train	train	train	train	train	train	train	train	train	train
DB01021	C0085129	0	C08	valid	train	test	train	valid	train	train	train	valid	train
DB01021	C0917798	0	C10	train	train	train	train	train	valid	valid	train	train	train
DB01022	C0001403	0	C19	train	train	test	valid	train	train	test	train	train	valid
DB01022	C0012739	0	C15	train	train	train	train	train	train	train	train	test	train
DB01022	C0029442	0	C18	train	train	train	train	train	test	train	train	train	train
DB01022	C0032460	0	C12	train	train	train	train	train	train	train	train	train	train
DB01022	C0178416	0	C15	train	train	train	train	train	train	train	train	test	train
DB01022	C0936215	0	C18	train	train	train	train	train	test	train	train	train	train
DB01023	C0003864	0	C05	train	train	train	train	train	train	train	train	train	train
DB01023	C0678222	0	C04	train	train	valid	train	train	train	test	train	train	test
DB01023	C0936215	0	C18	train	train	train	train	train	test	train	train	train	train
DB01024	C0017086	0	C23	train	valid	train	test	train	train	train	valid	test	train
DB01024	C0020474	0	C18	train	train	train	train	train	test	train	train	train	train
DB01024	C0877792	0	C10	train	train	train	train	train	valid	valid	train	train	train
DB01026	C0023518	0	C15	train	train	train	train	train	train	train	train	test	train
DB01026	C0032285	0	C08	valid	train	test	train	valid	train	train	train	valid	train
DB01026	C0149931	0	C10	train	train	train	train	train	valid	valid	train	train	train
DB01029	C0001418	0	C04	train	train	valid	train	train	train	test	train	train	test
DB01029	C0002871	0	C15	train	train	train	train	train	train	train	train	test	train
DB01029	C0343755	0	C01	train	train	train	train	valid	valid	train	train	train	train
DB01031	C0032897	0	C16	train	train	test	train	train	train	train	train	train	train
DB01031	C0206686	0	C19	train	train	test	valid	train	train	test	train	train	valid
DB01031	C0220994	0	C23	train	valid	train	test	train	train	train	valid	test	train
DB01032	C0020443	0	C18	train	train	train	train	train	test	train	train	train	train
DB01032	C0032914	0	C12	train	train	train	train	train	train	train	train	train	train
DB01033	C0017638	0	C04	train	train	valid	train	train	train	test	train	train	test
DB01033	C0023869	0	C23	train	valid	train	test	train	train	train	valid	test	train
DB01033	C0030807	0	C17	test	train	train	train	train	train	train	train	train	train
DB01034	C0020514	0	C10	train	train	train	train	train	valid	valid	train	train	train
DB01034	C0034734	0	C14	valid	test	train	valid	test	train	train	test	train	valid
DB01034	C0162836	0	C01	train	train	train	train	valid	valid	train	train	train	train
DB01034	C1527336	0	C05	train	train	train	train	train	train	train	train	train	train
DB01034	C2973725	0	C08	valid	train	test	train	valid	train	train	train	valid	train
DB01035	C0001623	0	C19	train	train	test	valid	train	train	test	train	train	valid
DB01035	C0024301	0	C04	train	train	valid	train	train	train	test	train	train	test
DB01035	C0034063	0	C08	valid	train	test	train	valid	train	train	train	valid	train
DB01035	C0042870	0	C18	train	train	train	train	train	test	train	train	train	train
DB01035	C0242339	0	C18	train	train	train	train	train	test	train	train	train	train
DB01036	C0001957	0	C25	train	train	valid	train	valid	train	train	train	train	train
DB01036	C0020428	0	C19	train	train	test	valid	train	train	test	train	train	valid
DB01036	C0020459	0	C18	train	train	train	train	train	test	train	train	train	train
DB01036	C0020649	0	C14	valid	test	train	valid	test	train	train	test	train	valid
DB01036	C0021364	0	C12	train	train	train	train	train	train	train	train	train	train
DB01036	C0917798	0	C10	train	train	train	train	train	valid	valid	train	train	train
DB01037	C0020635	0	C10	train	train	train	train	train	valid	valid	train	train	train
DB01037	C0038454	0	C10	train	train	train	train	train	valid	valid	train	train	train
DB01037	C0456909	0	C10	train	train	train	train	train	valid	valid	train	train	train
DB01039	C0024790	0	C15	train	train	train	train	train	train	train	train	test	train
DB01039	C0030305	0	C06	test	train	train	test	train	test	train	train	train	train
DB01041	C0015944	0	C12	train	train	train	train	train	train	train	train	train	train
DB01041	C0021655	0	C18	train	train	train	train	train	test	train	train	train	train
DB01041	C0029401	0	C05	train	train	train	train	train	train	train	train	train	train
DB01043	C0020555	0	C17	test	train	train	train	train	train	train	train	train	train
DB01043	C0022665	0	C12	train	train	train	train	train	train	train	train	train	train
DB01043	C0031154	0	C01	train	train	train	train	valid	valid	train	train	train	train
DB01043	C0037930	0	C10	train	train	train	train	train	valid	valid	train	train	train
DB01045	C0000809	0	C12	train	train	train	train	train	train	train	train	train	train
DB01045	C0001126	0	C12	train	train	train	train	train	train	train	train	train	train
DB01045	C0002453	0	C23	train	valid	train	test	train	train	train	valid	test	train
DB01045	C0014868	0	C06	test	train	train	test	train	test	train	train	train	train
DB01045	C0020523	0	C20	train	train	train	train	train	train	train	train	valid	train
DB01046	C0001122	0	C18	train	train	train	train	train	test	train	train	train	train
DB01046	C0242339	0	C18	train	train	train	train	train	test	train	train	train	train
DB01047	C0000744	0	C18	train	train	train	train	train	test	train	train	train	train
DB01047	C0011860	0	C18	train	train	train	train	train	test	train	train	train	train
DB01047	C0014173	0	C12	train	train	train	train	train	train	train	train	train	train
DB01047	C2936781	0	C10	train	train	train	train	train	valid	valid	train	train	train
DB01049	C0022595	0	C17	test	train	train	train	train	train	train	train	train	train
DB01049	C0042133	0	C04	train	train	valid	train	train	train	test	train	train	test
DB01049	C0349464	0	C10	train	train	train	train	train	valid	valid	train	train	train
DB01050	C0020428	0	C19	train	train	test	valid	train	train	test	train	train	valid
DB01053	C0349464	0	C10	train	train	train	train	train	valid	valid	train	train	train
DB01056	C0013404	0	C08	valid	train	test	train	valid	train	train	train	valid	train
DB01057	C0008325	0	C06	test	train	train	test	train	test	train	train	train	train
DB01057	C0014544	0	C10	train	train	train	train	train	valid	valid	train	train	train
DB01059	C0004245	0	C14	valid	test	train	valid	test	train	train	test	train	valid
DB01059	C0006625	0	C23	train	valid	train	test	train	train	train	valid	test	train
DB01059	C0010417	0	C12	train	train	train	train	train	train	train	train	train	train
DB01059	C0012739	0	C15	train	train	train	train	train	train	train	train	test	train
DB01059	C0024790	0	C15	train	train	train	train	train	train	train	train	test	train
DB01060	C0011884	0	C11	train	valid	valid	train	valid	train	train	train	train	test
DB01060	C0017152	0	C06	test	train	train	test	train	test	train	train	train	train
DB01060	C0038018	0	C05	train	train	train	train	train	train	train	train	train	train
DB01060	C0456909	0	C10	train	train	train	train	train	valid	valid	train	train	train
DB01062	C0002726	0	C18	train	train	train	train	train	test	train	train	train	train
DB01062	C0002895	0	C15	train	train	train	train	train	train	train	train	test	train
DB01062	C0005587	0	F03	train	train	test	train	train	train	train	valid	train	train
DB01062	C0015944	0	C12	train	train	train	train	train	train	train	train	train	train
DB01062	C0020433	0	C23	train	valid	train	test	train	train	train	valid	test	train
DB01062	C0175683	0	C18	train	train	train	train	train	test	train	train	train	train
DB01063	C0005695	0	C12	train	train	train	train	train	train	train	train	train	train
DB01063	C0007134	0	C12	train	train	train	train	train	train	train	train	train	train
DB01063	C0013238	0	C11	train	valid	valid	train	valid	train	train	train	train	test
DB01063	C0017181	0	C06	test	train	train	test	train	test	train	train	train	train
DB01063	C0018802	0	C14	valid	test	train	valid	test	train	train	test	train	valid
DB01063	C0033117	0	C12	train	train	train	train	train	train	train	train	train	train
DB01063	C0035222	0	C08	valid	train	test	train	valid	train	train	train	valid	train
DB01064	C0013421	0	C10	train	train	train	train	train	valid	valid	train	train	train
DB01065	C0020557	0	C18	train	train	train	train	train	test	train	train	train	train
DB01065	C0022573	0	C11	train	valid	valid	train	valid	train	train	train	train	test
DB01065	C0409959	0	C05	train	train	train	train	train	train	train	train	train	train
DB01067	C0004775	0	C12	train	train	train	train	train	train	train	train	train	train
DB01067	C0020538	0	C14	valid	test	train	valid	test	train	train	test	train	valid
DB01068	C0014556	0	C10	train	train	train	train	train	valid	valid	train	train	train
DB01068	C0015371	0	C10	train	train	train	train	train	valid	valid	train	train	train
DB01068	C0079744	0	C04	train	train	valid	train	train	train	test	train	train	test
DB01069	C0008533	0	C15	train	train	train	train	train	train	train	train	test	train
DB01069	C0023827	0	C04	train	train	valid	train	train	train	test	train	train	test
DB01070	C0005586	0	F03	train	train	test	train	train	train	train	valid	train	train
DB01070	C0030578	0	C17	test	train	train	train	train	train	train	train	train	train
DB01070	C0031099	0	C07	train	train	train	train	test	train	train	train	train	train
DB01070	C0042109	0	C17	test	train	train	train	train	train	train	train	train	train
DB01071	C0011603	0	C17	test	train	train	train	train	train	train	train	train	train
DB01071	C0020540	0	C14	valid	test	train	valid	test	train	train	test	train	valid
DB01071	C0268596	0	C18	train	train	train	train	train	test	train	train	train	train
DB01073	C0028768	0	F03	train	train	test	train	train	train	train	valid	train	train
DB01073	C0221013	0	C04	train	train	valid	train	train	train	test	train	train	test
DB01074	C0003873	0	C05	train	train	train	train	train	train	train	train	train	train
DB01074	C0021308	0	C23	train	valid	train	test	train	train	train	valid	test	train
DB01074	C0042870	0	C18	train	train	train	train	train	test	train	train	train	train
DB01074	C0238463	0	C04	train	train	valid	train	train	train	test	train	train	test
DB01075	C0011881	0	C12	train	train	train	train	train	train	train	train	train	train
DB01075	C0036830	0	C17	test	train	train	train	train	train	train	train	train	train
DB01075	C0038358	0	C06	test	train	train	test	train	test	train	train	train	train
DB01076	C0030446	0	C06	test	train	train	test	train	test	train	train	train	train
DB01077	C0042900	0	C17	test	train	train	train	train	train	train	train	train	train
DB01077	C0085682	0	C18	train	train	train	train	train	test	train	train	train	train
DB01078	C0030807	0	C17	test	train	train	train	train	train	train	train	train	train
DB01078	C0032000	0	C10	train	train	train	train	train	valid	valid	train	train	train
DB01078	C0040156	0	C19	train	train	test	valid	train	train	test	train	train	valid
DB01078	C0085215	0	C12	train	train	train	train	train	train	train	train	train	train
DB01079	C0017152	0	C06	test	train	train	test	train	test	train	train	train	train
DB01079	C0018798	0	C14	valid	test	train	valid	test	train	train	test	train	valid
DB01080	C0023479	0	C04	train	train	valid	train	train	train	test	train	train	test
DB01080	C0035258	0	C10	train	train	train	train	train	valid	valid	train	train	train
DB01080	C0242339	0	C18	train	train	train	train	train	test	train	train	train	train
DB01081	C0020217	0	C04	train	train	valid	train	train	train	test	train	train	test
DB01081	C0234974	0	C10	train	train	train	train	train	valid	valid	train	train	train
DB01082	C0010043	0	C11	train	valid	valid	train	valid	train	train	train	train	test
DB01082	C0010417	0	C12	train	train	train	train	train	train	train	train	train	train
DB01082	C0011882	0	C10	train	train	train	train	train	valid	valid	train	train	train
DB01082	C0037199	0	C08	valid	train	test	train	valid	train	train	train	valid	train
DB01083	C0020476	0	C18	train	train	train	train	train	test	train	train	train	train
DB01083	C0038358	0	C06	test	train	train	test	train	test	train	train	train	train
DB01083	C0040822	0	C10	train	train	train	train	train	valid	valid	train	train	train
DB01084	C0006142	0	C04	train	train	valid	train	train	train	test	train	train	test
DB01084	C0006271	0	C08	valid	train	test	train	valid	train	train	train	valid	train
DB01085	C0887833	0	C04	train	train	valid	train	train	train	test	train	train	test
DB01086	C0002395	0	C10	train	train	train	train	train	valid	valid	train	train	train
DB01086	C0019829	0	C04	train	train	valid	train	train	train	test	train	train	test
DB01086	C0040034	0	C15	train	train	train	train	train	train	train	train	test	train
DB01088	C0006114	0	C10	train	train	train	train	train	valid	valid	train	train	train
DB01088	C0022116	0	C23	train	valid	train	test	train	train	train	valid	test	train
DB01088	C0022596	0	C17	test	train	train	train	train	train	train	train	train	train
DB01088	C0282528	0	C16	train	train	test	train	train	train	train	train	train	train
DB01089	C0015371	0	C10	train	train	train	train	train	valid	valid	train	train	train
DB01089	C0020507	0	C23	train	valid	train	test	train	train	train	valid	test	train
DB01089	C0029882	0	C09	train	train	test	train	train	train	test	valid	train	test
DB01089	C0042029	0	C12	train	train	train	train	train	train	train	train	train	train
DB01090	C0007131	0	C08	valid	train	test	train	valid	train	train	train	valid	train
DB01090	C0038379	0	C10	train	train	train	train	train	valid	valid	train	train	train
DB01090	C0878544	0	C14	valid	test	train	valid	test	train	train	test	train	valid
DB01092	C0017168	0	C06	test	train	train	test	train	test	train	train	train	train
DB01094	C0005587	0	F03	train	train	test	train	train	train	train	valid	train	train
DB01094	C0040034	0	C15	train	train	train	train	train	train	train	train	test	train
DB01094	C2267227	0	F03	train	train	test	train	train	train	train	valid	train	train
DB01095	C0011633	0	C17	test	train	train	train	train	train	train	train	train	train
DB01095	C0027497	0	C23	train	valid	train	test	train	train	train	valid	test	train
DB01095	C1561643	0	C12	train	train	train	train	train	train	train	train	train	train
DB01097	C0031117	0	C10	train	train	train	train	train	valid	valid	train	train	train
DB01098	C0014549	0	C10	train	train	train	train	train	valid	valid	train	train	train
DB01098	C0034013	0	C19	train	train	test	valid	train	train	test	train	train	valid
DB01098	C0034951	0	C11	train	valid	valid	train	valid	train	train	train	train	test
DB01098	C0035579	0	C18	train	train	train	train	train	test	train	train	train	train
DB01098	C0745103	0	C18	train	train	train	train	train	test	train	train	train	train
DB01098	C1956346	0	C14	valid	test	train	valid	test	train	train	test	train	valid
DB01099	C0006413	0	C01	train	train	train	train	valid	valid	train	train	train	train
DB01099	C0039621	0	C10	train	train	train	train	train	valid	valid	train	train	train
DB01101	C0017160	0	C06	test	train	train	test	train	test	train	train	train	train
DB01101	C0028738	0	C10	train	train	train	train	train	valid	valid	train	train	train
DB01101	C0162566	0	C06	test	train	train	test	train	test	train	train	train	train
DB01101	C0282488	0	C12	train	train	train	train	train	train	train	train	train	train
DB01102	C0005699	0	C04	train	train	valid	train	train	train	test	train	train	test
DB01102	C0023440	0	C15	train	train	train	train	train	train	train	train	test	train
DB01102	C0040997	0	C07	train	train	train	train	test	train	train	train	train	train
DB01105	C0000744	0	C18	train	train	train	train	train	test	train	train	train	train
DB01105	C0017636	0	C04	train	train	valid	train	train	train	test	train	train	test
DB01105	C0018794	0	C14	valid	test	train	valid	test	train	train	test	train	valid
DB01106	C0009952	0	C10	train	train	train	train	train	valid	valid	train	train	train
DB01106	C0014550	0	C10	train	train	train	train	train	valid	valid	train	train	train
DB01106	C0017152	0	C06	test	train	train	test	train	test	train	train	train	train
DB01106	C0028768	0	F03	train	train	test	train	train	train	train	valid	train	train
DB01106	C0030590	0	C14	valid	test	train	valid	test	train	train	test	train	valid
DB01106	C0268390	0	C17	test	train	train	train	train	train	train	train	train	train
DB01107	C0002871	0	C15	train	train	train	train	train	train	train	train	test	train
DB01107	C0085605	0	C06	test	train	train	test	train	test	train	train	train	train
DB01108	C0028326	0	C14	valid	test	train	valid	test	train	train	test	train	valid
DB01108	C0043459	0	C12	train	train	train	train	train	train	train	train	train	train
DB01109	C0011603	0	C17	test	train	train	train	train	train	train	train	train	train
DB01109	C0018790	0	C14	valid	test	train	valid	test	train	train	test	train	valid
DB01110	C0004096	0	C08	valid	train	test	train	valid	train	train	train	valid	train
DB01110	C0005779	0	C15	train	train	train	train	train	train	train	train	test	train
DB01110	C0008677	0	C08	valid	train	test	train	valid	train	train	train	valid	train
DB01110	C0027819	0	C04	train	train	valid	train	train	train	test	train	train	test
DB01113	C0007134	0	C12	train	train	train	train	train	train	train	train	train	train
DB01113	C0009324	0	C06	test	train	train	test	train	test	train	train	train	train
DB01113	C0020557	0	C18	train	train	train	train	train	test	train	train	train	train
DB01113	C0030569	0	C10	train	train	train	train	train	valid	valid	train	train	train
DB01114	C0008677	0	C08	valid	train	test	train	valid	train	train	train	valid	train
DB01114	C0024899	0	C04	train	train	valid	train	train	train	test	train	train	test
DB01114	C0036830	0	C17	test	train	train	train	train	train	train	train	train	train
DB01114	C0038362	0	C07	train	train	train	train	test	train	train	train	train	train
DB01114	C0042024	0	C12	train	train	train	train	train	train	train	train	train	train
DB01114	C0042373	0	C14	valid	test	train	valid	test	train	train	test	train	valid
DB01115	C0014869	0	C06	test	train	train	test	train	test	train	train	train	train
DB01115	C0026764	0	C15	train	train	train	train	train	train	train	train	test	train
DB01115	C0031154	0	C01	train	train	train	train	valid	valid	train	train	train	train
DB01117	C0005586	0	F03	train	train	test	train	train	train	train	valid	train	train
DB01118	C0014356	0	C06	test	train	train	test	train	test	train	train	train	train
DB01118	C0016470	0	C20	train	train	train	train	train	train	train	train	valid	train
DB01118	C0020757	0	C16	train	train	test	train	train	train	train	train	train	train
DB01118	C0023443	0	C15	train	train	train	train	train	train	train	train	test	train
DB01118	C0023890	0	C06	test	train	train	test	train	test	train	train	train	train
DB01118	C0034013	0	C19	train	train	test	valid	train	train	test	train	train	valid
DB01118	C0175683	0	C18	train	train	train	train	train	test	train	train	train	train
DB01118	C0268596	0	C18	train	train	train	train	train	test	train	train	train	train
DB01118	C2267227	0	F03	train	train	test	train	train	train	train	valid	train	train
DB01119	C0007131	0	C08	valid	train	test	train	valid	train	train	train	valid	train
DB01120	C0268390	0	C17	test	train	train	train	train	train	train	train	train	train
DB01121	C0023481	0	C15	train	train	train	train	train	train	train	train	test	train
DB01121	C0024591	0	C23	train	valid	train	test	train	train	train	valid	test	train
DB01121	C0149958	0	C10	train	train	train	train	train	valid	valid	train	train	train
DB01121	C2937421	0	C12	train	train	train	train	train	train	train	train	train	train
DB01124	C0015944	0	C12	train	train	train	train	train	train	train	train	train	train
DB01125	C0023479	0	C04	train	train	valid	train	train	train	test	train	train	test
DB01125	C0034012	0	C19	train	train	test	valid	train	train	test	train	train	valid
DB01126	C0027627	0	C04	train	train	valid	train	train	train	test	train	train	test
DB01126	C0033117	0	C12	train	train	train	train	train	train	train	train	train	train
DB01126	C0221013	0	C04	train	train	valid	train	train	train	test	train	train	test
DB01128	C0004352	0	F03	train	train	test	train	train	train	train	valid	train	train
DB01128	C0023052	0	C08	valid	train	test	train	valid	train	train	train	valid	train
DB01128	C0024473	0	C18	train	train	train	train	train	test	train	train	train	train
DB01129	C0013182	0	C25	train	train	valid	train	valid	train	train	train	train	train
DB01129	C0017563	0	C07	train	train	train	train	test	train	train	train	train	train
DB01129	C0238111	0	C10	train	train	train	train	train	valid	valid	train	train	train
DB01130	C0042963	0	C23	train	valid	train	test	train	train	train	valid	test	train
DB01130	C0043459	0	C12	train	train	train	train	train	train	train	train	train	train
DB01130	C0270736	0	C10	train	train	train	train	train	valid	valid	train	train	train
DB01130	C0740394	0	C23	train	valid	train	test	train	train	train	valid	test	train
DB01130	C1861172	0	C14	valid	test	train	valid	test	train	train	test	train	valid
DB01132	C0015530	0	C15	train	train	train	train	train	train	train	train	test	train
DB01132	C0040997	0	C07	train	train	train	train	test	train	train	train	train	train
DB01133	C0003868	0	C05	train	train	train	train	train	train	train	train	train	train
DB01133	C0003962	0	C23	train	valid	train	test	train	train	train	valid	test	train
DB01133	C0023827	0	C04	train	train	valid	train	train	train	test	train	train	test
DB01133	C0038160	0	C01	train	train	train	train	valid	valid	train	train	train	train
DB01137	C0003492	0	C14	valid	test	train	valid	test	train	train	test	train	valid
DB01137	C0007117	0	C04	train	train	valid	train	train	train	test	train	train	test
DB01137	C0020649	0	C14	valid	test	train	valid	test	train	train	test	train	valid
DB01137	C0023212	0	C14	valid	test	train	valid	test	train	train	test	train	valid
DB01138	C0034951	0	C11	train	valid	valid	train	valid	train	train	train	train	test
DB01142	C0027661	0	C04	train	train	valid	train	train	train	test	train	train	test
DB01142	C0270851	0	C10	train	train	train	train	train	valid	valid	train	train	train
DB01143	C0004238	0	C14	valid	test	train	valid	test	train	train	test	train	valid
DB01143	C0009763	0	C11	train	valid	valid	train	valid	train	train	train	train	test
DB01143	C0010674	0	C16	train	train	test	train	train	train	train	train	train	train
DB01143	C0030578	0	C17	test	train	train	train	train	train	train	train	train	train
DB01143	C0036337	0	F03	train	train	test	train	train	train	train	valid	train	train
DB01143	C0037763	0	C10	train	train	train	train	train	valid	valid	train	train	train
DB01143	C0162566	0	C06	test	train	train	test	train	test	train	train	train	train
DB01144	C0018133	0	C20	train	train	train	train	train	train	train	train	valid	train
DB01144	C0262584	0	C04	train	train	valid	train	train	train	test	train	train	test
DB01144	C0596263	0	C04	train	train	valid	train	train	train	test	train	train	test
DB01146	C0034734	0	C14	valid	test	train	valid	test	train	train	test	train	valid
DB01146	C0334579	0	C04	train	train	valid	train	train	train	test	train	train	test
DB01148	C0002875	0	C15	train	train	train	train	train	train	train	train	test	train
DB01148	C0031511	0	C04	train	train	valid	train	train	train	test	train	train	test
DB01148	C0278996	0	C04	train	train	valid	train	train	train	test	train	train	test
DB01149	C0025500	0	C04	train	train	valid	train	train	train	test	train	train	test
DB01149	C0027051	0	C14	valid	test	train	valid	test	train	train	test	train	valid
DB01151	C0005587	0	F03	train	train	test	train	train	train	train	valid	train	train
DB01151	C0019112	0	C06	test	train	train	test	train	test	train	train	train	train
DB01151	C0021051	0	C20	train	train	train	train	train	train	train	train	valid	train
DB01151	C0022638	0	C18	train	train	train	train	train	test	train	train	train	train
DB01156	C0034065	0	C08	valid	train	test	train	valid	train	train	train	valid	train
DB01156	C0220756	0	C18	train	train	train	train	train	test	train	train	train	train
DB01157	C0017205	0	C18	train	train	train	train	train	test	train	train	train	train
DB01157	C0268490	0	C18	train	train	train	train	train	test	train	train	train	train
DB01158	C0009806	0	C23	train	valid	train	test	train	train	train	valid	test	train
DB01158	C1961835	0	C18	train	train	train	train	train	test	train	train	train	train
DB01162	C0002395	0	C10	train	train	train	train	train	valid	valid	train	train	train
DB01162	C0020546	0	C14	valid	test	train	valid	test	train	train	test	train	valid
DB01162	C0020626	0	C19	train	train	test	valid	train	train	test	train	train	valid
DB01165	C0022876	0	C12	train	train	train	train	train	train	train	train	train	train
DB01165	C0029396	0	C23	train	valid	train	test	train	train	train	valid	test	train
DB01165	C0948089	0	C14	valid	test	train	valid	test	train	train	test	train	valid
DB01166	C0024473	0	C18	train	train	train	train	train	test	train	train	train	train
DB01166	C0042373	0	C14	valid	test	train	valid	test	train	train	test	train	valid
DB01167	C0018790	0	C14	valid	test	train	valid	test	train	train	test	train	valid
DB01168	C0031099	0	C07	train	train	train	train	test	train	train	train	train	train
DB01168	C0034069	0	C08	valid	train	test	train	valid	train	train	train	valid	train
DB01168	C0042384	0	C14	valid	test	train	valid	test	train	train	test	train	valid
DB01170	C0006114	0	C10	train	train	train	train	train	valid	valid	train	train	train
DB01170	C0024591	0	C23	train	valid	train	test	train	train	train	valid	test	train
DB01170	C0028738	0	C10	train	train	train	train	train	valid	valid	train	train	train
DB01170	C0151740	0	C10	train	train	train	train	train	valid	valid	train	train	train
DB01170	C0524909	0	C01	train	train	train	train	valid	valid	train	train	train	train
DB01171	C0019243	0	C20	train	train	train	train	train	train	train	train	valid	train
DB01171	C0234533	0	C10	train	train	train	train	train	valid	valid	train	train	train
DB01171	C0751865	0	C25	train	train	valid	train	valid	train	train	train	train	train
DB01173	C0027796	0	C10	train	train	train	train	train	valid	valid	train	train	train
DB01174	C0000744	0	C18	train	train	train	train	train	test	train	train	train	train
DB01174	C0007134	0	C12	train	train	train	train	train	train	train	train	train	train
DB01174	C0017168	0	C06	test	train	train	test	train	test	train	train	train	train
DB01174	C0029434	0	C05	train	train	train	train	train	train	train	train	train	train
DB01174	C0242339	0	C18	train	train	train	train	train	test	train	train	train	train
DB01175	C0031511	0	C04	train	train	valid	train	train	train	test	train	train	test
DB01175	C0036690	0	C01	train	train	train	train	valid	valid	train	train	train	train
DB01176	C0014038	0	C10	train	train	train	train	train	valid	valid	train	train	train
DB01176	C0014742	0	C17	test	train	train	train	train	train	train	train	train	train
DB01176	C0027661	0	C04	train	train	valid	train	train	train	test	train	train	test
DB01176	C0030446	0	C06	test	train	train	test	train	test	train	train	train	train
DB01176	C0038525	0	C10	train	train	train	train	train	valid	valid	train	train	train
DB01177	C0024591	0	C23	train	valid	train	test	train	train	train	valid	test	train
DB01177	C0026961	0	C11	train	valid	valid	train	valid	train	train	train	train	test
DB01177	C0035220	0	C08	valid	train	test	train	valid	train	train	train	valid	train
DB01177	C0035455	0	C08	valid	train	test	train	valid	train	train	train	valid	train
DB01179	C0035854	0	C17	test	train	train	train	train	train	train	train	train	train
DB01179	C0085417	0	C10	train	train	train	train	train	valid	valid	train	train	train
DB01179	C0236964	0	F03	train	train	test	train	train	train	train	valid	train	train
DB01181	C0021670	0	C04	train	train	valid	train	train	train	test	train	train	test
DB01181	C1384606	0	C12	train	train	train	train	train	train	train	train	train	train
DB01183	C0242383	0	C11	train	valid	valid	train	valid	train	train	train	train	test
DB01184	C0029401	0	C05	train	train	train	train	train	train	train	train	train	train
DB01185	C0021359	0	C12	train	train	train	train	train	train	train	train	train	train
DB01185	C0150055	0	C23	train	valid	train	test	train	train	train	valid	test	train
DB01186	C0242698	0	C14	valid	test	train	valid	test	train	train	test	train	valid
DB01186	C2239176	0	C04	train	train	valid	train	train	train	test	train	train	test
DB01188	C0013604	0	C23	train	valid	train	test	train	train	train	valid	test	train
DB01188	C0018794	0	C14	valid	test	train	valid	test	train	train	test	train	valid
DB01188	C0025323	0	C12	train	train	train	train	train	train	train	train	train	train
DB01188	C0039621	0	C10	train	train	train	train	train	valid	valid	train	train	train
DB01191	C0038018	0	C05	train	train	train	train	train	train	train	train	train	train
DB01191	C0268490	0	C18	train	train	train	train	train	test	train	train	train	train
DB01191	C0282488	0	C12	train	train	train	train	train	train	train	train	train	train
DB01192	C0012739	0	C15	train	train	train	train	train	train	train	train	test	train
DB01192	C0235974	0	C04	train	train	valid	train	train	train	test	train	train	test
DB01192	C0948480	0	C14	valid	test	train	valid	test	train	train	test	train	valid
DB01194	C0022575	0	C11	train	valid	valid	train	valid	train	train	train	train	test
DB01194	C0022593	0	C17	test	train	train	train	train	train	train	train	train	train
DB01194	C0023481	0	C15	train	train	train	train	train	train	train	train	test	train
DB01194	C0038018	0	C05	train	train	train	train	train	train	train	train	train	train
DB01194	C1561643	0	C12	train	train	train	train	train	train	train	train	train	train
DB01195	C0029396	0	C23	train	valid	train	test	train	train	train	valid	test	train
DB01195	C0030567	0	C10	train	train	train	train	train	valid	valid	train	train	train
DB01195	C0031190	0	C08	valid	train	test	train	valid	train	train	train	valid	train
DB01195	C0032019	0	C10	train	train	train	train	train	valid	valid	train	train	train
DB01195	C0236964	0	F03	train	train	test	train	train	train	train	valid	train	train
DB01195	C0242422	0	C10	train	train	train	train	train	valid	valid	train	train	train
DB01196	C0003492	0	C14	valid	test	train	valid	test	train	train	test	train	valid
DB01196	C0017612	0	C11	train	valid	valid	train	valid	train	train	train	train	test
DB01196	C0023869	0	C23	train	valid	train	test	train	train	train	valid	test	train
DB01196	C0032987	0	C12	train	train	train	train	train	train	train	train	train	train
DB01197	C0000809	0	C12	train	train	train	train	train	train	train	train	train	train
DB01197	C0008350	0	C06	test	train	train	test	train	test	train	train	train	train
DB01197	C0013595	0	C17	test	train	train	train	train	train	train	train	train	train
DB01197	C0018021	0	C19	train	train	test	valid	train	train	test	train	train	valid
DB01198	C0014356	0	C06	test	train	train	test	train	test	train	train	train	train
DB01198	C0018681	0	C23	train	valid	train	test	train	train	train	valid	test	train
DB01198	C0020459	0	C18	train	train	train	train	train	test	train	train	train	train
DB01198	C4048328	0	C12	train	train	train	train	train	train	train	train	train	train
DB01199	C1328407	0	C26	train	train	test	train	train	valid	train	train	train	train
DB01199	C3544321	0	F03	train	train	test	train	train	train	train	valid	train	train
DB01200	C0003467	0	F01	valid	train	train	train	train	valid	test	train	train	train
DB01200	C0024790	0	C15	train	train	train	train	train	train	train	train	test	train
DB01201	C0023481	0	C15	train	train	train	train	train	train	train	train	test	train
DB01202	C0003128	0	C12	train	train	train	train	train	train	train	train	train	train
DB01202	C0271568	0	C05	train	train	train	train	train	train	train	train	train	train
DB01203	C0009952	0	C10	train	train	train	train	train	valid	valid	train	train	train
DB01203	C0023487	0	C04	train	train	valid	train	train	train	test	train	train	test
DB01204	C0003864	0	C05	train	train	train	train	train	train	train	train	train	train
DB01204	C0026961	0	C11	train	valid	valid	train	valid	train	train	train	train	test
DB01204	C0029434	0	C05	train	train	train	train	train	train	train	train	train	train
DB01207	C0013405	0	C08	valid	train	test	train	valid	train	train	train	valid	train
DB01207	C0019618	0	C15	train	train	train	train	train	train	train	train	test	train
DB01207	C1961099	0	C15	train	train	train	train	train	train	train	train	test	train
DB01208	C0023465	0	C04	train	train	valid	train	train	train	test	train	train	test
DB01208	C0751434	0	C18	train	train	train	train	train	test	train	train	train	train
DB01209	C0019880	0	C18	train	train	train	train	train	test	train	train	train	train
DB01209	C0021655	0	C18	train	train	train	train	train	test	train	train	train	train
DB01210	C0008489	0	C10	train	train	train	train	train	valid	valid	train	train	train
DB01210	C0014869	0	C06	test	train	train	test	train	test	train	train	train	train
DB01210	C0085681	0	C18	train	train	train	train	train	test	train	train	train	train
DB01210	C0206693	0	C04	train	train	valid	train	train	train	test	train	train	test
DB01210	C0282528	0	C16	train	train	test	train	train	train	train	train	train	train
DB01210	C1956346	0	C14	valid	test	train	valid	test	train	train	test	train	valid
DB01211	C0004245	0	C14	valid	test	train	valid	test	train	train	test	train	valid
DB01211	C0020542	0	C08	valid	train	test	train	valid	train	train	train	valid	train
DB01211	C0028734	0	C23	train	valid	train	test	train	train	train	valid	test	train
DB01211	C0034013	0	C19	train	train	test	valid	train	train	test	train	train	valid
DB01211	C0041582	0	C23	train	valid	train	test	train	train	train	valid	test	train
DB01211	C1540912	0	C15	train	train	train	train	train	train	train	train	test	train
DB01212	C0003467	0	F01	valid	train	train	train	train	valid	test	train	train	train
DB01212	C0038525	0	C10	train	train	train	train	train	valid	valid	train	train	train
DB01214	C0010072	0	C14	valid	test	train	valid	test	train	train	test	train	valid
DB01214	C0012739	0	C15	train	train	train	train	train	train	train	train	test	train
DB01214	C0020481	0	C18	train	train	train	train	train	test	train	train	train	train
DB01214	C0085417	0	C10	train	train	train	train	train	valid	valid	train	train	train
DB01214	C0162834	0	C17	test	train	train	train	train	train	train	train	train	train
DB01215	C0242422	0	C10	train	train	train	train	train	valid	valid	train	train	train
DB01216	C0002994	0	C14	valid	test	train	valid	test	train	train	test	train	valid
DB01216	C0021308	0	C23	train	valid	train	test	train	train	train	valid	test	train
DB01217	C0017181	0	C06	test	train	train	test	train	test	train	train	train	train
DB01217	C0034067	0	C23	train	valid	train	test	train	train	train	valid	test	train
DB01217	C0038013	0	C05	train	train	train	train	train	train	train	train	train	train
DB01219	C0003492	0	C14	valid	test	train	valid	test	train	train	test	train	valid
DB01219	C0028840	0	C11	train	valid	valid	train	valid	train	train	train	train	test
DB01219	C0040517	0	C10	train	train	train	train	train	valid	valid	train	train	train
DB01219	C0042963	0	C23	train	valid	train	test	train	train	train	valid	test	train
DB01220	C0021364	0	C12	train	train	train	train	train	train	train	train	train	train
DB01222	C0034013	0	C19	train	train	test	valid	train	train	test	train	train	valid
DB01222	C0035220	0	C08	valid	train	test	train	valid	train	train	train	valid	train
DB01222	C0037188	0	C14	valid	test	train	valid	test	train	train	test	train	valid
DB01223	C0003868	0	C05	train	train	train	train	train	train	train	train	train	train
DB01224	C0007193	0	C14	valid	test	train	valid	test	train	train	test	train	valid
DB01224	C0015230	0	C17	test	train	train	train	train	train	train	train	train	train
DB01224	C0032987	0	C12	train	train	train	train	train	train	train	train	train	train
DB01224	C0271623	0	C19	train	train	test	valid	train	train	test	train	train	valid
DB01224	C0451641	0	C12	train	train	train	train	train	train	train	train	train	train
DB01225	C0005283	0	C15	train	train	train	train	train	train	train	train	test	train
DB01225	C0034069	0	C08	valid	train	test	train	valid	train	train	train	valid	train
DB01225	C0042373	0	C14	valid	test	train	valid	test	train	train	test	train	valid
DB01225	C0877792	0	C10	train	train	train	train	train	valid	valid	train	train	train
DB01225	C2936781	0	C10	train	train	train	train	train	valid	valid	train	train	train
DB01228	C0016057	0	C04	train	train	valid	train	train	train	test	train	train	test
DB01231	C0398623	0	C15	train	train	train	train	train	train	train	train	test	train
DB01232	C0042900	0	C17	test	train	train	train	train	train	train	train	train	train
DB01233	C0026948	0	C04	train	train	valid	train	train	train	test	train	train	test
DB01233	C0042345	0	C14	valid	test	train	valid	test	train	train	test	train	valid
DB01233	C1527249	0	C06	test	train	train	test	train	test	train	train	train	train
DB01234	C0014743	0	C17	test	train	train	train	train	train	train	train	train	train
DB01234	C0018794	0	C14	valid	test	train	valid	test	train	train	test	train	valid
DB01235	C0003123	0	C23	train	valid	train	test	train	train	train	valid	test	train
DB01235	C0003868	0	C05	train	train	train	train	train	train	train	train	train	train
DB01235	C0009375	0	C06	test	train	train	test	train	test	train	train	train	train
DB01235	C0032787	0	C23	train	valid	train	test	train	train	train	valid	test	train
DB01235	C0036508	0	C17	test	train	train	train	train	train	train	train	train	train
DB01237	C0026764	0	C15	train	train	train	train	train	train	train	train	test	train
DB01238	C0024299	0	C04	train	train	valid	train	train	train	test	train	train	test
DB01239	C0011881	0	C12	train	train	train	train	train	train	train	train	train	train
DB01239	C0014170	0	C12	train	train	train	train	train	train	train	train	train	train
DB01239	C0021390	0	C06	test	train	train	test	train	test	train	train	train	train
DB01239	C0031046	0	C14	valid	test	train	valid	test	train	train	test	train	valid
DB01239	C0032897	0	C16	train	train	test	train	train	train	train	train	train	train
DB01240	C0014583	0	C11	train	valid	valid	train	valid	train	train	train	train	test
DB01240	C0162429	0	C18	train	train	train	train	train	test	train	train	train	train
DB01241	C0012833	0	C23	train	valid	train	test	train	train	train	valid	test	train
DB01241	C0017601	0	C11	train	valid	valid	train	valid	train	train	train	train	test
DB01241	C0018099	0	C05	train	train	train	train	train	train	train	train	train	train
DB01242	C0020433	0	C23	train	valid	train	test	train	train	train	valid	test	train
DB01242	C0036920	0	C15	train	train	train	train	train	train	train	train	test	train
DB01242	C1527311	0	C10	train	train	train	train	train	valid	valid	train	train	train
DB01243	C0001973	0	C25	train	train	valid	train	valid	train	train	train	train	train
DB01243	C0022116	0	C23	train	valid	train	test	train	train	train	valid	test	train
DB01243	C0025202	0	C04	train	train	valid	train	train	train	test	train	train	test
DB01243	C0036920	0	C15	train	train	train	train	train	train	train	train	test	train
DB01243	C0270851	0	C10	train	train	train	train	train	valid	valid	train	train	train
DB01244	C0024121	0	C08	valid	train	test	train	valid	train	train	train	valid	train
DB01244	C0027708	0	C12	train	train	train	train	train	train	train	train	train	train
DB01244	C0038525	0	C10	train	train	train	train	train	valid	valid	train	train	train
DB01247	C0014556	0	C10	train	train	train	train	train	valid	valid	train	train	train
DB01247	C0206682	0	C04	train	train	valid	train	train	train	test	train	train	test
DB01248	C0011849	0	C18	train	train	train	train	train	test	train	train	train	train
DB01250	C0014038	0	C10	train	train	train	train	train	valid	valid	train	train	train
DB01250	C0026691	0	C14	valid	test	train	valid	test	train	train	test	train	valid
DB01250	C0042133	0	C04	train	train	valid	train	train	train	test	train	train	test
DB01251	C0206245	0	C18	train	train	train	train	train	test	train	train	train	train
DB01252	C0021603	0	C10	train	train	train	train	train	valid	valid	train	train	train
DB01252	C0029927	0	C12	train	train	train	train	train	train	train	train	train	train
DB01253	C0013274	0	C14	valid	test	train	valid	test	train	train	test	train	valid
DB01253	C0020550	0	C19	train	train	test	valid	train	train	test	train	train	valid
DB01253	C0035258	0	C10	train	train	train	train	train	valid	valid	train	train	train
DB01254	C0037286	0	C04	train	train	valid	train	train	train	test	train	train	test
DB01254	C0242383	0	C11	train	valid	valid	train	valid	train	train	train	train	test
DB01255	C0039841	0	C18	train	train	train	train	train	test	train	train	train	train
DB01257	C0021670	0	C04	train	train	valid	train	train	train	test	train	train	test
DB01257	C0024138	0	C17	test	train	train	train	train	train	train	train	train	train
DB01257	C0029443	0	C01	train	train	train	train	valid	valid	train	train	train	train
DB01257	C1384606	0	C12	train	train	train	train	train	train	train	train	train	train
DB01260	C0027051	0	C14	valid	test	train	valid	test	train	train	test	train	valid
DB01260	C0220756	0	C18	train	train	train	train	train	test	train	train	train	train
DB01261	C0021364	0	C12	train	train	train	train	train	train	train	train	train	train
DB01261	C0042875	0	C18	train	train	train	train	train	test	train	train	train	train
DB01261	C0221013	0	C04	train	train	valid	train	train	train	test	train	train	test
DB01262	C0015944	0	C12	train	train	train	train	train	train	train	train	train	train
DB01262	C0017563	0	C07	train	train	train	train	test	train	train	train	train	train
DB01263	C0342543	0	C19	train	train	test	valid	train	train	test	train	train	valid
DB01265	C0023827	0	C04	train	train	valid	train	train	train	test	train	train	test
DB01265	C0031154	0	C01	train	train	train	train	valid	valid	train	train	train	train
DB01267	C0043352	0	C07	train	train	train	train	test	train	train	train	train	train
DB01268	C0001418	0	C04	train	train	valid	train	train	train	test	train	train	test
DB01268	C0017612	0	C11	train	valid	valid	train	valid	train	train	train	train	test
DB01268	C0025637	0	C15	train	train	train	train	train	train	train	train	test	train
DB01270	C0020433	0	C23	train	valid	train	test	train	train	train	valid	test	train
DB01270	C0032768	0	C10	train	train	train	train	train	valid	valid	train	train	train
DB01270	C0343755	0	C01	train	train	train	train	valid	valid	train	train	train	train
DB01271	C0001883	0	C08	valid	train	test	train	valid	train	train	train	valid	train
DB01271	C0520679	0	C08	valid	train	test	train	valid	train	train	train	valid	train
DB01274	C0024115	0	C08	valid	train	test	train	valid	train	train	train	valid	train
DB01274	C0028768	0	F03	train	train	test	train	train	train	train	valid	train	train
DB01274	C0036980	0	C23	train	valid	train	test	train	train	train	valid	test	train
DB01275	C0022876	0	C12	train	train	train	train	train	train	train	train	train	train
DB01276	C0022593	0	C17	test	train	train	train	train	train	train	train	train	train
DB01276	C0043202	0	C14	valid	test	train	valid	test	train	train	test	train	valid
DB01276	C0162820	0	C17	test	train	train	train	train	train	train	train	train	train
DB01277	C0028326	0	C14	valid	test	train	valid	test	train	train	test	train	valid
DB01277	C0334579	0	C04	train	train	valid	train	train	train	test	train	train	test
DB01278	C0034012	0	C19	train	train	test	valid	train	train	test	train	train	valid
DB01278	C0038356	0	C06	test	train	train	test	train	test	train	train	train	train
DB01279	C0018213	0	C19	train	train	test	valid	train	train	test	train	train	valid
DB01279	C0022951	0	C18	train	train	train	train	train	test	train	train	train	train
DB01279	C0039841	0	C18	train	train	train	train	train	test	train	train	train	train
DB01280	C0003864	0	C05	train	train	train	train	train	train	train	train	train	train
DB01280	C0014170	0	C12	train	train	train	train	train	train	train	train	train	train
DB01280	C0022548	0	A10	train	train	test	train	train	train	train	train	train	train
DB01281	C0014553	0	C10	train	train	train	train	train	valid	valid	train	train	train
DB01281	C0242698	0	C14	valid	test	train	valid	test	train	train	test	train	valid
DB01282	C0020443	0	C18	train	train	train	train	train	test	train	train	train	train
DB01282	C0751362	0	C10	train	train	train	train	train	valid	valid	train	train	train
DB01282	C0751674	0	C04	train	train	valid	train	train	train	test	train	train	test
DB01283	C0003873	0	C05	train	train	train	train	train	train	train	train	train	train
DB01283	C0014175	0	C12	train	train	train	train	train	train	train	train	train	train
DB01283	C0020621	0	C18	train	train	train	train	train	test	train	train	train	train
DB01283	C0021364	0	C12	train	train	train	train	train	train	train	train	train	train
DB01283	C0029396	0	C23	train	valid	train	test	train	train	train	valid	test	train
DB01283	C0302280	0	C12	train	train	train	train	train	train	train	train	train	train
DB01284	C0949116	0	C15	train	train	train	train	train	train	train	train	test	train
DB01285	C0003873	0	C05	train	train	train	train	train	train	train	train	train	train
DB01285	C0019618	0	C15	train	train	train	train	train	train	train	train	test	train
DB01288	C0025323	0	C12	train	train	train	train	train	train	train	train	train	train
DB01288	C0231528	0	C05	train	train	train	train	train	train	train	train	train	train
DB01291	C0009324	0	C06	test	train	train	test	train	test	train	train	train	train
DB01291	C0017152	0	C06	test	train	train	test	train	test	train	train	train	train
DB01291	C0021141	0	C10	train	train	train	train	train	valid	valid	train	train	train
DB01291	C0302280	0	C12	train	train	train	train	train	train	train	train	train	train
DB01291	C1527336	0	C05	train	train	train	train	train	train	train	train	train	train
DB01295	C0002888	0	C15	train	train	train	train	train	train	train	train	test	train
DB01295	C0014173	0	C12	train	train	train	train	train	train	train	train	train	train
DB01296	C0021670	0	C04	train	train	valid	train	train	train	test	train	train	test
DB01296	C0022595	0	C17	test	train	train	train	train	train	train	train	train	train
DB01296	C0022638	0	C18	train	train	train	train	train	test	train	train	train	train
DB01296	C0038325	0	C17	test	train	train	train	train	train	train	train	train	train
DB01297	C0003492	0	C14	valid	test	train	valid	test	train	train	test	train	valid
DB01297	C0019243	0	C20	train	train	train	train	train	train	train	train	valid	train
DB01297	C0022548	0	A10	train	train	test	train	train	train	train	train	train	train
DB01297	C0023443	0	C15	train	train	train	train	train	train	train	train	test	train
DB01297	C0036508	0	C17	test	train	train	train	train	train	train	train	train	train
DB01297	C0242383	0	C11	train	valid	valid	train	valid	train	train	train	train	test
DB01303	C0007570	0	C06	test	train	train	test	train	test	train	train	train	train
DB01303	C0678222	0	C04	train	train	valid	train	train	train	test	train	train	test
DB01306	C0005424	0	C06	test	train	train	test	train	test	train	train	train	train
DB01306	C0018798	0	C14	valid	test	train	valid	test	train	train	test	train	valid
DB01306	C0031099	0	C07	train	train	train	train	test	train	train	train	train	train
DB01306	C0085096	0	C14	valid	test	train	valid	test	train	train	test	train	valid
DB01307	C0005697	0	C12	train	train	train	train	train	train	train	train	train	train
DB01307	C0010692	0	C12	train	train	train	train	train	train	train	train	train	train
DB01307	C0024473	0	C18	train	train	train	train	train	test	train	train	train	train
DB01309	C0030305	0	C06	test	train	train	test	train	test	train	train	train	train
DB01309	C0235480	0	C14	valid	test	train	valid	test	train	train	test	train	valid
DB01320	C0020621	0	C18	train	train	train	train	train	test	train	train	train	train
DB01320	C0035229	0	C08	valid	train	test	train	valid	train	train	train	valid	train
DB01324	C0000737	0	C23	train	valid	train	test	train	train	train	valid	test	train
DB01324	C0010068	0	C14	valid	test	train	valid	test	train	train	test	train	valid
DB01325	C0002875	0	C15	train	train	train	train	train	train	train	train	test	train
DB01325	C0031190	0	C08	valid	train	test	train	valid	train	train	train	valid	train
DB01327	C0004239	0	C14	valid	test	train	valid	test	train	train	test	train	valid
DB01327	C0020433	0	C23	train	valid	train	test	train	train	train	valid	test	train
DB01327	C0035457	0	C08	valid	train	test	train	valid	train	train	train	valid	train
DB01340	C0013720	0	C17	test	train	train	train	train	train	train	train	train	train
DB01340	C0023892	0	C06	test	train	train	test	train	test	train	train	train	train
DB01340	C0278996	0	C04	train	train	valid	train	train	train	test	train	train	test
DB01348	C0001623	0	C19	train	train	test	valid	train	train	test	train	train	valid
DB01348	C0017086	0	C23	train	valid	train	test	train	train	train	valid	test	train
DB01349	C0040479	0	C14	valid	test	train	valid	test	train	train	test	train	valid
DB01349	C0042487	0	C14	valid	test	train	valid	test	train	train	test	train	valid
DB01349	C0271623	0	C19	train	train	test	valid	train	train	test	train	train	valid
DB01351	C0005138	0	C08	valid	train	test	train	valid	train	train	train	valid	train
DB01351	C0009375	0	C06	test	train	train	test	train	test	train	train	train	train
DB01351	C0030848	0	C12	train	train	train	train	train	train	train	train	train	train
DB01351	C0152020	0	C06	test	train	train	test	train	test	train	train	train	train
DB01351	C0751674	0	C04	train	train	valid	train	train	train	test	train	train	test
DB01352	C0013428	0	C23	train	valid	train	test	train	train	train	valid	test	train
DB01352	C0020480	0	C18	train	train	train	train	train	test	train	train	train	train
DB01352	C0268483	0	C18	train	train	train	train	train	test	train	train	train	train
DB01352	C1540912	0	C15	train	train	train	train	train	train	train	train	test	train
DB01353	C0010043	0	C11	train	valid	valid	train	valid	train	train	train	train	test
DB01353	C0035229	0	C08	valid	train	test	train	valid	train	train	train	valid	train
DB01353	C0079731	0	C04	train	train	valid	train	train	train	test	train	train	test
DB01353	C0085083	0	C12	train	train	train	train	train	train	train	train	train	train
DB01356	C0010674	0	C16	train	train	test	train	train	train	train	train	train	train
DB01356	C0038362	0	C07	train	train	train	train	test	train	train	train	train	train
DB01357	C0020517	0	C20	train	train	train	train	train	train	train	train	valid	train
DB01357	C0036830	0	C17	test	train	train	train	train	train	train	train	train	train
DB01359	C0020598	0	C18	train	train	train	train	train	test	train	train	train	train
DB01359	C0029396	0	C23	train	valid	train	test	train	train	train	valid	test	train
DB01359	C0030305	0	C06	test	train	train	test	train	test	train	train	train	train
DB01359	C0041296	0	C01	train	train	train	train	valid	valid	train	train	train	train
DB01359	C0041408	0	C12	train	train	train	train	train	train	train	train	train	train
DB01364	C0020480	0	C18	train	train	train	train	train	test	train	train	train	train
DB01364	C0149931	0	C10	train	train	train	train	train	valid	valid	train	train	train
DB01364	C0687720	0	C12	train	train	train	train	train	train	train	train	train	train
DB01365	C0006271	0	C08	valid	train	test	train	valid	train	train	train	valid	train
DB01366	C0030297	0	C04	train	train	valid	train	train	train	test	train	train	test
DB01367	C0008677	0	C08	valid	train	test	train	valid	train	train	train	valid	train
DB01367	C0020626	0	C19	train	train	test	valid	train	train	test	train	train	valid
DB01367	C0037274	0	C17	test	train	train	train	train	train	train	train	train	train
DB01378	C0018681	0	C23	train	valid	train	test	train	train	train	valid	test	train
DB01378	C0019156	0	C06	test	train	train	test	train	test	train	train	train	train
DB01378	C0020445	0	C18	train	train	train	train	train	test	train	train	train	train
DB01378	C0020452	0	C14	valid	test	train	valid	test	train	train	test	train	valid
DB01378	C0428977	0	C14	valid	test	train	valid	test	train	train	test	train	valid
DB01380	C0018213	0	C19	train	train	test	valid	train	train	test	train	train	valid
DB01380	C0042487	0	C14	valid	test	train	valid	test	train	train	test	train	valid
DB01382	C0017601	0	C11	train	valid	valid	train	valid	train	train	train	train	test
DB01392	C0002875	0	C15	train	train	train	train	train	train	train	train	test	train
DB01392	C0007820	0	C10	train	train	train	train	train	valid	valid	train	train	train
DB01392	C0039483	0	C14	valid	test	train	valid	test	train	train	test	train	valid
DB01392	C0042345	0	C14	valid	test	train	valid	test	train	train	test	train	valid
DB01393	C0013182	0	C25	train	train	valid	train	valid	train	train	train	train	train
DB01393	C0030305	0	C06	test	train	train	test	train	test	train	train	train	train
DB01393	C0030848	0	C12	train	train	train	train	train	train	train	train	train	train
DB01393	C0877792	0	C10	train	train	train	train	train	valid	valid	train	train	train
DB01394	C0032768	0	C10	train	train	train	train	train	valid	valid	train	train	train
DB01394	C0917805	0	C10	train	train	train	train	train	valid	valid	train	train	train
DB01395	C0025323	0	C12	train	train	train	train	train	train	train	train	train	train
DB01395	C0026987	0	C15	train	train	train	train	train	train	train	train	test	train
DB01395	C0027121	0	C05	train	train	train	train	train	train	train	train	train	train
DB01396	C0036572	0	C10	train	train	train	train	train	valid	valid	train	train	train
DB01396	C0700201	0	C10	train	train	train	train	train	valid	valid	train	train	train
DB01397	C0002895	0	C15	train	train	train	train	train	train	train	train	test	train
DB01397	C0003578	0	C08	valid	train	test	train	valid	train	train	train	valid	train
DB01399	C0011334	0	C07	train	train	train	train	test	train	train	train	train	train
DB01399	C0024523	0	C06	test	train	train	test	train	test	train	train	train	train
DB01399	C1527336	0	C05	train	train	train	train	train	train	train	train	train	train
DB01400	C0836924	0	C15	train	train	train	train	train	train	train	train	test	train
DB01401	C0017605	0	C11	train	valid	valid	train	valid	train	train	train	train	test
DB01401	C0031046	0	C14	valid	test	train	valid	test	train	train	test	train	valid
DB01403	C0002895	0	C15	train	train	train	train	train	train	train	train	test	train
DB01403	C0029134	0	C10	train	train	train	train	train	valid	valid	train	train	train
DB01406	C0015624	0	C12	train	train	train	train	train	train	train	train	train	train
DB01406	C0027796	0	C10	train	train	train	train	train	valid	valid	train	train	train
DB01406	C0031511	0	C04	train	train	valid	train	train	train	test	train	train	test
DB01406	C0032285	0	C08	valid	train	test	train	valid	train	train	train	valid	train
DB01406	C0036980	0	C23	train	valid	train	test	train	train	train	valid	test	train
DB01406	C1704417	0	C18	train	train	train	train	train	test	train	train	train	train
DB01407	C0017605	0	C11	train	valid	valid	train	valid	train	train	train	train	test
DB01407	C0025874	0	C12	train	train	train	train	train	train	train	train	train	train
DB01407	C0029134	0	C10	train	train	train	train	train	valid	valid	train	train	train
DB01408	C0002871	0	C15	train	train	train	train	train	train	train	train	test	train
DB01408	C0007194	0	C14	valid	test	train	valid	test	train	train	test	train	valid
DB01408	C0022665	0	C12	train	train	train	train	train	train	train	train	train	train
DB01408	C0027627	0	C04	train	train	valid	train	train	train	test	train	train	test
DB01409	C0040136	0	C04	train	train	valid	train	train	train	test	train	train	test
DB01410	C0002875	0	C15	train	train	train	train	train	train	train	train	test	train
DB01410	C0004604	0	C23	train	valid	train	test	train	train	train	valid	test	train
DB01410	C0014877	0	C10	train	train	train	train	train	valid	valid	train	train	train
DB01410	C0030578	0	C17	test	train	train	train	train	train	train	train	train	train
DB01410	C0035228	0	C08	valid	train	test	train	valid	train	train	train	valid	train
DB01411	C0010691	0	C12	train	train	train	train	train	train	train	train	train	train
DB01411	C0021308	0	C23	train	valid	train	test	train	train	train	valid	test	train
DB01411	C0037769	0	C10	train	train	train	train	train	valid	valid	train	train	train
DB01411	C0042875	0	C18	train	train	train	train	train	test	train	train	train	train
DB01412	C0015456	0	C17	test	train	train	train	train	train	train	train	train	train
DB01412	C0020481	0	C18	train	train	train	train	train	test	train	train	train	train
DB01412	C1961835	0	C18	train	train	train	train	train	test	train	train	train	train
DB01418	C0002895	0	C15	train	train	train	train	train	train	train	train	test	train
DB01418	C0013338	0	C05	train	train	train	train	train	train	train	train	train	train
DB01418	C0024894	0	C12	train	train	train	train	train	train	train	train	train	train
DB01420	C0003962	0	C23	train	valid	train	test	train	train	train	valid	test	train
DB01420	C0030578	0	C17	test	train	train	train	train	train	train	train	train	train
DB01420	C0037299	0	C17	test	train	train	train	train	train	train	train	train	train
DB01420	C0238111	0	C10	train	train	train	train	train	valid	valid	train	train	train
DB01420	C1260899	0	C15	train	train	train	train	train	train	train	train	test	train
DB01425	C0013182	0	C25	train	train	valid	train	valid	train	train	train	train	train
DB01425	C0021308	0	C23	train	valid	train	test	train	train	train	valid	test	train
DB01425	C0023212	0	C14	valid	test	train	valid	test	train	train	test	train	valid
DB01426	C0042842	0	C18	train	train	train	train	train	test	train	train	train	train
DB01426	C0242698	0	C14	valid	test	train	valid	test	train	train	test	train	valid
DB01429	C0004352	0	F03	train	train	test	train	train	train	train	valid	train	train
DB01429	C0037299	0	C17	test	train	train	train	train	train	train	train	train	train
DB01430	C0035412	0	C04	train	train	valid	train	train	train	test	train	train	test
DB01430	C2239176	0	C04	train	train	valid	train	train	train	test	train	train	test
DB01431	C0014550	0	C10	train	train	train	train	train	valid	valid	train	train	train
DB01431	C0024523	0	C06	test	train	train	test	train	test	train	train	train	train
DB01431	C0027430	0	C08	valid	train	test	train	valid	train	train	train	valid	train
DB01435	C0033578	0	C12	train	train	train	train	train	train	train	train	train	train
DB01435	C0231528	0	C05	train	train	train	train	train	train	train	train	train	train
DB01435	C0268596	0	C18	train	train	train	train	train	test	train	train	train	train
DB01435	C0334579	0	C04	train	train	valid	train	train	train	test	train	train	test
DB01436	C0007194	0	C14	valid	test	train	valid	test	train	train	test	train	valid
DB01436	C0011615	0	C17	test	train	train	train	train	train	train	train	train	train
DB01436	C0026961	0	C11	train	valid	valid	train	valid	train	train	train	train	test
DB01436	C0031154	0	C01	train	train	train	train	valid	valid	train	train	train	train
DB01437	C0013604	0	C23	train	valid	train	test	train	train	train	valid	test	train
DB01437	C0018801	0	C14	valid	test	train	valid	test	train	train	test	train	valid
DB01438	C0001430	0	C04	train	train	valid	train	train	train	test	train	train	test
DB01438	C0002880	0	C15	train	train	train	train	train	train	train	train	test	train
DB01438	C0023052	0	C08	valid	train	test	train	valid	train	train	train	valid	train
DB01438	C0041408	0	C12	train	train	train	train	train	train	train	train	train	train
DB01438	C0162566	0	C06	test	train	train	test	train	test	train	train	train	train
DB01440	C0020456	0	C18	train	train	train	train	train	test	train	train	train	train
DB01440	C0030305	0	C06	test	train	train	test	train	test	train	train	train	train
DB01440	C0030569	0	C10	train	train	train	train	train	valid	valid	train	train	train
DB01440	C0036983	0	C23	train	valid	train	test	train	train	train	valid	test	train
DB01440	C2930898	0	C11	train	valid	valid	train	valid	train	train	train	train	test
DB01452	C0007820	0	C10	train	train	train	train	train	valid	valid	train	train	train
DB01452	C0206245	0	C18	train	train	train	train	train	test	train	train	train	train
DB01452	C0236964	0	F03	train	train	test	train	train	train	train	valid	train	train
DB01452	C0268579	0	C16	train	train	test	train	train	train	train	train	train	train
DB01483	C0004364	0	C20	train	train	train	train	train	train	train	train	valid	train
DB01483	C3544321	0	F03	train	train	test	train	train	train	train	valid	train	train
DB01558	C0030590	0	C14	valid	test	train	valid	test	train	train	test	train	valid
DB01558	C0037188	0	C14	valid	test	train	valid	test	train	train	test	train	valid
DB01576	C0014356	0	C06	test	train	train	test	train	test	train	train	train	train
DB01576	C0033375	0	C04	train	train	valid	train	train	train	test	train	train	test
DB01576	C0042571	0	C09	train	train	test	train	train	train	test	valid	train	test
DB01576	C0920350	0	C19	train	train	test	valid	train	train	test	train	train	valid
DB01577	C0014743	0	C17	test	train	train	train	train	train	train	train	train	train
DB01577	C0023487	0	C04	train	train	valid	train	train	train	test	train	train	test
DB01577	C0027686	0	C23	train	valid	train	test	train	train	train	valid	test	train
DB01577	C0238111	0	C10	train	train	train	train	train	valid	valid	train	train	train
DB01579	C0270851	0	C10	train	train	train	train	train	valid	valid	train	train	train
DB01580	C0042109	0	C17	test	train	train	train	train	train	train	train	train	train
DB01588	C0034013	0	C19	train	train	test	valid	train	train	test	train	train	valid
DB01589	C0005779	0	C15	train	train	train	train	train	train	train	train	test	train
DB01589	C0032787	0	C23	train	valid	train	test	train	train	train	valid	test	train
DB01590	C0020626	0	C19	train	train	test	valid	train	train	test	train	train	valid
DB01590	C0022573	0	C11	train	valid	valid	train	valid	train	train	train	train	test
DB01590	C0028738	0	C10	train	train	train	train	train	valid	valid	train	train	train
DB01590	C0040136	0	C04	train	train	valid	train	train	train	test	train	train	test
DB01590	C0085417	0	C10	train	train	train	train	train	valid	valid	train	train	train
DB01590	C0948480	0	C14	valid	test	train	valid	test	train	train	test	train	valid
DB01591	C0007786	0	C10	train	train	train	train	train	valid	valid	train	train	train
DB01591	C0019618	0	C15	train	train	train	train	train	train	train	train	test	train
DB01591	C0024473	0	C18	train	train	train	train	train	test	train	train	train	train
DB01591	C0031154	0	C01	train	train	train	train	valid	valid	train	train	train	train
DB01591	C0242383	0	C11	train	valid	valid	train	valid	train	train	train	train	test
DB01591	C0272375	0	C15	train	train	train	train	train	train	train	train	test	train
DB01592	C0206693	0	C04	train	train	valid	train	train	train	test	train	train	test
DB01593	C0005138	0	C08	valid	train	test	train	valid	train	train	train	valid	train
DB01595	C0003811	0	C14	valid	test	train	valid	test	train	train	test	train	valid
DB01595	C0015530	0	C15	train	train	train	train	train	train	train	train	test	train
DB01595	C0020542	0	C08	valid	train	test	train	valid	train	train	train	valid	train
DB01595	C2973725	0	C08	valid	train	test	train	valid	train	train	train	valid	train
DB01597	C2267227	0	F03	train	train	test	train	train	train	train	valid	train	train
DB01599	C0020540	0	C14	valid	test	train	valid	test	train	train	test	train	valid
DB01600	C0002792	0	C20	train	train	train	train	train	train	train	train	valid	train
DB01600	C0027627	0	C04	train	train	valid	train	train	train	test	train	train	test
DB01600	C0040147	0	C19	train	train	test	valid	train	train	test	train	train	valid
DB01600	C0162627	0	C01	train	train	train	train	valid	valid	train	train	train	train
DB01600	C0917805	0	C10	train	train	train	train	train	valid	valid	train	train	train
DB01609	C0016470	0	C20	train	train	train	train	train	train	train	train	valid	train
DB01609	C0021775	0	C14	valid	test	train	valid	test	train	train	test	train	valid
DB01611	C0006625	0	C23	train	valid	train	test	train	train	train	valid	test	train
DB01611	C0008149	0	C01	train	train	train	train	valid	valid	train	train	train	train
DB01611	C0015530	0	C15	train	train	train	train	train	train	train	train	test	train
DB01615	C0022876	0	C12	train	train	train	train	train	train	train	train	train	train
DB01615	C0025202	0	C04	train	train	valid	train	train	train	test	train	train	test
DB01615	C1861172	0	C14	valid	test	train	valid	test	train	train	test	train	valid
DB01616	C0000744	0	C18	train	train	train	train	train	test	train	train	train	train
DB01616	C0026838	0	C05	train	train	train	train	train	train	train	train	train	train
DB01616	C0029191	0	C12	train	train	train	train	train	train	train	train	train	train
DB01616	C0152020	0	C06	test	train	train	test	train	test	train	train	train	train
DB01618	C0001627	0	C12	train	train	train	train	train	train	train	train	train	train
DB01619	C0007786	0	C10	train	train	train	train	train	valid	valid	train	train	train
DB01619	C0035455	0	C08	valid	train	test	train	valid	train	train	train	valid	train
DB01619	C0040053	0	C14	valid	test	train	valid	test	train	train	test	train	valid
DB01619	C0151740	0	C10	train	train	train	train	train	valid	valid	train	train	train
DB01620	C0002418	0	C10	train	train	train	train	train	valid	valid	train	train	train
DB01621	C0018798	0	C14	valid	test	train	valid	test	train	train	test	train	valid
DB01621	C0020540	0	C14	valid	test	train	valid	test	train	train	test	train	valid
DB01621	C0037199	0	C08	valid	train	test	train	valid	train	train	train	valid	train
DB01621	C0151744	0	C14	valid	test	train	valid	test	train	train	test	train	valid
DB01621	C0409818	0	C17	test	train	train	train	train	train	train	train	train	train
DB01621	C0700201	0	C10	train	train	train	train	train	valid	valid	train	train	train
DB01622	C0005697	0	C12	train	train	train	train	train	train	train	train	train	train
DB01622	C0011860	0	C18	train	train	train	train	train	test	train	train	train	train
DB01622	C0017152	0	C06	test	train	train	test	train	test	train	train	train	train
DB01622	C0027662	0	C04	train	train	valid	train	train	train	test	train	train	test
DB01623	C0020540	0	C14	valid	test	train	valid	test	train	train	test	train	valid
DB01623	C0026650	0	C10	train	train	train	train	train	valid	valid	train	train	train
DB01623	C0032768	0	C10	train	train	train	train	train	valid	valid	train	train	train
DB01624	C0030193	0	C23	train	valid	train	test	train	train	train	valid	test	train
DB01625	C0003862	0	C05	train	train	train	train	train	train	train	train	train	train
DB01625	C0014742	0	C17	test	train	train	train	train	train	train	train	train	train
DB01625	C0242350	0	C12	train	train	train	train	train	train	train	train	train	train
DB01626	C0004114	0	C04	train	train	valid	train	train	train	test	train	train	test
DB01626	C0020615	0	C18	train	train	train	train	train	test	train	train	train	train
DB01626	C0520679	0	C08	valid	train	test	train	valid	train	train	train	valid	train
DB01628	C0024894	0	C12	train	train	train	train	train	train	train	train	train	train
DB01656	C0013182	0	C25	train	train	valid	train	valid	train	train	train	train	train
DB01656	C0015624	0	C12	train	train	train	train	train	train	train	train	train	train
DB01656	C0015967	0	C23	train	valid	train	test	train	train	train	valid	test	train
DB01656	C0019243	0	C20	train	train	train	train	train	train	train	train	valid	train
DB01656	C0079731	0	C04	train	train	valid	train	train	train	test	train	train	test
DB01656	C0751362	0	C10	train	train	train	train	train	valid	valid	train	train	train
DB01685	C0021051	0	C20	train	train	train	train	train	train	train	train	valid	train
DB01698	C0043459	0	C12	train	train	train	train	train	train	train	train	train	train
DB01698	C0948089	0	C14	valid	test	train	valid	test	train	train	test	train	valid
DB01708	C0019880	0	C18	train	train	train	train	train	test	train	train	train	train
DB01708	C0042571	0	C09	train	train	test	train	train	train	test	valid	train	test
DB01744	C0003811	0	C14	valid	test	train	valid	test	train	train	test	train	valid
DB01744	C0162836	0	C01	train	train	train	train	valid	valid	train	train	train	train
DB01839	C0687720	0	C12	train	train	train	train	train	train	train	train	train	train
DB01956	C0026691	0	C14	valid	test	train	valid	test	train	train	test	train	valid
DB01956	C0085580	0	C14	valid	test	train	valid	test	train	train	test	train	valid
DB02300	C0002875	0	C15	train	train	train	train	train	train	train	train	test	train
DB02300	C0011854	0	C18	train	train	train	train	train	test	train	train	train	train
DB02300	C0456909	0	C10	train	train	train	train	train	valid	valid	train	train	train
DB02530	C0014742	0	C17	test	train	train	train	train	train	train	train	train	train
DB02530	C0023479	0	C04	train	train	valid	train	train	train	test	train	train	test
DB02530	C0036202	0	C15	train	train	train	train	train	train	train	train	test	train
DB02546	C0016470	0	C20	train	train	train	train	train	train	train	train	valid	train
DB02546	C0027686	0	C23	train	valid	train	test	train	train	train	valid	test	train
DB02546	C0029882	0	C09	train	train	test	train	train	train	test	valid	train	test
DB02546	C0033975	0	F03	train	train	test	train	train	train	train	valid	train	train
DB02546	C0039483	0	C14	valid	test	train	valid	test	train	train	test	train	valid
DB02638	C0005741	0	C11	train	valid	valid	train	valid	train	train	train	train	test
DB02638	C0006413	0	C01	train	train	train	train	valid	valid	train	train	train	train
DB02638	C0007095	0	C04	train	train	valid	train	train	train	test	train	train	test
DB02638	C0013182	0	C25	train	train	valid	train	valid	train	train	train	train	train
DB02638	C0021775	0	C14	valid	test	train	valid	test	train	train	test	train	valid
DB02638	C0040038	0	C14	valid	test	train	valid	test	train	train	test	train	valid
DB02638	C0162568	0	C06	test	train	train	test	train	test	train	train	train	train
DB02638	C0700201	0	C10	train	train	train	train	train	valid	valid	train	train	train
DB02638	C0948480	0	C14	valid	test	train	valid	test	train	train	test	train	valid
DB02659	C0002390	0	C08	valid	train	test	train	valid	train	train	train	valid	train
DB02659	C0020635	0	C10	train	train	train	train	train	valid	valid	train	train	train
DB02659	C0023437	0	C04	train	train	valid	train	train	train	test	train	train	test
DB02659	C0040038	0	C14	valid	test	train	valid	test	train	train	test	train	valid
DB02701	C0020555	0	C17	test	train	train	train	train	train	train	train	train	train
DB02701	C0038160	0	C01	train	train	train	train	valid	valid	train	train	train	train
DB02701	C0042138	0	C12	train	train	train	train	train	train	train	train	train	train
DB02701	C0282488	0	C12	train	train	train	train	train	train	train	train	train	train
DB02701	C4083212	0	C17	test	train	train	train	train	train	train	train	train	train
DB02709	C0042510	0	C14	valid	test	train	valid	test	train	train	test	train	valid
DB02709	C0751753	0	C18	train	train	train	train	train	test	train	train	train	train
DB02772	C0002895	0	C15	train	train	train	train	train	train	train	train	test	train
DB02772	C0004775	0	C12	train	train	train	train	train	train	train	train	train	train
DB02901	C0000737	0	C23	train	valid	train	test	train	train	train	valid	test	train
DB02901	C0041408	0	C12	train	train	train	train	train	train	train	train	train	train
DB02901	C0042029	0	C12	train	train	train	train	train	train	train	train	train	train
DB02925	C0009952	0	C10	train	train	train	train	train	valid	valid	train	train	train
DB02925	C0018794	0	C14	valid	test	train	valid	test	train	train	test	train	valid
DB03017	C0009324	0	C06	test	train	train	test	train	test	train	train	train	train
DB03017	C1261473	0	C04	train	train	valid	train	train	train	test	train	train	test
DB03085	C0024419	0	C15	train	train	train	train	train	train	train	train	test	train
DB03085	C0038356	0	C06	test	train	train	test	train	test	train	train	train	train
DB03085	C0040156	0	C19	train	train	test	valid	train	train	test	train	train	valid
DB03085	C0042514	0	C14	valid	test	train	valid	test	train	train	test	train	valid
DB03085	C0451641	0	C12	train	train	train	train	train	train	train	train	train	train
DB03085	C2239176	0	C04	train	train	valid	train	train	train	test	train	train	test
DB03128	C0001623	0	C19	train	train	test	valid	train	train	test	train	train	valid
DB03128	C0010043	0	C11	train	valid	valid	train	valid	train	train	train	train	test
DB03128	C0023481	0	C15	train	train	train	train	train	train	train	train	test	train
DB03128	C0024117	0	C08	valid	train	test	train	valid	train	train	train	valid	train
DB03128	C0376358	0	C12	train	train	train	train	train	train	train	train	train	train
DB03255	C0000786	0	C12	train	train	train	train	train	train	train	train	train	train
DB03619	C0085413	0	C12	train	train	train	train	train	train	train	train	train	train
DB03619	C0242339	0	C18	train	train	train	train	train	test	train	train	train	train
DB03754	C0002880	0	C15	train	train	train	train	train	train	train	train	test	train
DB03754	C0018021	0	C19	train	train	test	valid	train	train	test	train	train	valid
DB03754	C0025874	0	C12	train	train	train	train	train	train	train	train	train	train
DB03754	C0026948	0	C04	train	train	valid	train	train	train	test	train	train	test
DB03754	C0031511	0	C04	train	train	valid	train	train	train	test	train	train	test
DB03754	C0268490	0	C18	train	train	train	train	train	test	train	train	train	train
DB03793	C0040038	0	C14	valid	test	train	valid	test	train	train	test	train	valid
DB03793	C0238111	0	C10	train	train	train	train	train	valid	valid	train	train	train
DB03852	C0010930	0	C11	train	valid	valid	train	valid	train	train	train	train	test
DB03852	C0349464	0	C10	train	train	train	train	train	valid	valid	train	train	train
DB03904	C0026961	0	C11	train	valid	valid	train	valid	train	train	train	train	test
DB03904	C0027121	0	C05	train	train	train	train	train	train	train	train	train	train
DB03904	C0276226	0	C01	train	train	train	train	valid	valid	train	train	train	train
DB04106	C0010930	0	C11	train	valid	valid	train	valid	train	train	train	train	test
DB04106	C0029443	0	C01	train	train	train	train	valid	valid	train	train	train	train
DB04106	C0033581	0	C12	train	train	train	train	train	train	train	train	train	train
DB04106	C0034013	0	C19	train	train	test	valid	train	train	test	train	train	valid
DB04115	C0022548	0	A10	train	train	test	train	train	train	train	train	train	train
DB04115	C2267227	0	F03	train	train	test	train	train	train	train	valid	train	train
DB04216	C0520679	0	C08	valid	train	test	train	valid	train	train	train	valid	train
DB04272	C0000809	0	C12	train	train	train	train	train	train	train	train	train	train
DB04272	C0007131	0	C08	valid	train	test	train	valid	train	train	train	valid	train
DB04519	C0017612	0	C11	train	valid	valid	train	valid	train	train	train	train	test
DB04519	C0018418	0	C17	test	train	train	train	train	train	train	train	train	train
DB04552	C0007193	0	C14	valid	test	train	valid	test	train	train	test	train	valid
DB04552	C0029456	0	C05	train	train	train	train	train	train	train	train	train	train
DB04572	C0002453	0	C23	train	valid	train	test	train	train	train	valid	test	train
DB04572	C0020635	0	C10	train	train	train	train	train	valid	valid	train	train	train
DB04572	C0021359	0	C12	train	train	train	train	train	train	train	train	train	train
DB04575	C0029927	0	C12	train	train	train	train	train	train	train	train	train	train
DB04576	C0006142	0	C04	train	train	valid	train	train	train	test	train	train	test
DB04576	C0006413	0	C01	train	train	train	train	valid	valid	train	train	train	train
DB04576	C0271568	0	C05	train	train	train	train	train	train	train	train	train	train
DB04576	C0276226	0	C01	train	train	train	train	valid	valid	train	train	train	train
DB04665	C0006142	0	C04	train	train	valid	train	train	train	test	train	train	test
DB04665	C0024115	0	C08	valid	train	test	train	valid	train	train	train	valid	train
DB04665	C0042109	0	C17	test	train	train	train	train	train	train	train	train	train
DB04665	C0234974	0	C10	train	train	train	train	train	valid	valid	train	train	train
DB04665	C1540912	0	C15	train	train	train	train	train	train	train	train	test	train
DB04743	C0002888	0	C15	train	train	train	train	train	train	train	train	test	train
DB04743	C0020456	0	C18	train	train	train	train	train	test	train	train	train	train
DB04743	C0031069	0	C16	train	train	test	train	train	train	train	train	train	train
DB04837	C0010692	0	C12	train	train	train	train	train	train	train	train	train	train
DB04838	C0025289	0	C10	train	train	train	train	train	valid	valid	train	train	train
DB04838	C0079744	0	C04	train	train	valid	train	train	train	test	train	train	test
DB04840	C0003123	0	C23	train	valid	train	test	train	train	train	valid	test	train
DB04840	C0035579	0	C18	train	train	train	train	train	test	train	train	train	train
DB04840	C0948480	0	C14	valid	test	train	valid	test	train	train	test	train	valid
DB04841	C0011616	0	C17	test	train	train	train	train	train	train	train	train	train
DB04841	C0018681	0	C23	train	valid	train	test	train	train	train	valid	test	train
DB04842	C0004943	0	C17	test	train	train	train	train	train	train	train	train	train
DB04842	C0034885	0	C06	test	train	train	test	train	test	train	train	train	train
DB04843	C0017086	0	C23	train	valid	train	test	train	train	train	valid	test	train
DB04843	C0027819	0	C04	train	train	valid	train	train	train	test	train	train	test
DB04844	C0001430	0	C04	train	train	valid	train	train	train	test	train	train	test
DB04844	C0011581	0	F03	train	train	test	train	train	train	train	valid	train	train
DB04844	C0042875	0	C18	train	train	train	train	train	test	train	train	train	train
DB04844	C0235063	0	C08	valid	train	test	train	valid	train	train	train	valid	train
DB04845	C0004943	0	C17	test	train	train	train	train	train	train	train	train	train
DB04845	C0014877	0	C10	train	train	train	train	train	valid	valid	train	train	train
DB04845	C0029401	0	C05	train	train	train	train	train	train	train	train	train	train
DB04845	C0033860	0	C17	test	train	train	train	train	train	train	train	train	train
DB04845	C0473527	0	C18	train	train	train	train	train	test	train	train	train	train
DB04846	C0751967	0	C10	train	train	train	train	train	valid	valid	train	train	train
DB04846	C1540912	0	C15	train	train	train	train	train	train	train	train	test	train
DB04854	C0002453	0	C23	train	valid	train	test	train	train	train	valid	test	train
DB04854	C0024138	0	C17	test	train	train	train	train	train	train	train	train	train
DB04854	C0027796	0	C10	train	train	train	train	train	valid	valid	train	train	train
DB04854	C0030590	0	C14	valid	test	train	valid	test	train	train	test	train	valid
DB04855	C0013274	0	C14	valid	test	train	valid	test	train	train	test	train	valid
DB04855	C0014742	0	C17	test	train	train	train	train	train	train	train	train	train
DB04855	C0023472	0	C15	train	train	train	train	train	train	train	train	test	train
DB04855	C0024117	0	C08	valid	train	test	train	valid	train	train	train	valid	train
DB04861	C0020445	0	C18	train	train	train	train	train	test	train	train	train	train
DB04865	C0008533	0	C15	train	train	train	train	train	train	train	train	test	train
DB04865	C0010043	0	C11	train	valid	valid	train	valid	train	train	train	train	test
DB04865	C0020676	0	C19	train	train	test	valid	train	train	test	train	train	valid
DB04865	C0025289	0	C10	train	train	train	train	train	valid	valid	train	train	train
DB04865	C0031190	0	C08	valid	train	test	train	valid	train	train	train	valid	train
DB04868	C0025874	0	C12	train	train	train	train	train	train	train	train	train	train
DB04868	C0042345	0	C14	valid	test	train	valid	test	train	train	test	train	valid
DB04868	C0242339	0	C18	train	train	train	train	train	test	train	train	train	train
DB04868	C1328407	0	C26	train	train	test	train	train	valid	train	train	train	train
DB04871	C0011882	0	C10	train	train	train	train	train	valid	valid	train	train	train
DB04871	C0017563	0	C07	train	train	train	train	test	train	train	train	train	train
DB04871	C0745103	0	C18	train	train	train	train	train	test	train	train	train	train
DB04876	C0038363	0	C07	train	train	train	train	test	train	train	train	train	train
DB04876	C0042909	0	C11	train	valid	valid	train	valid	train	train	train	train	test
DB04876	C0155862	0	C01	train	train	train	train	valid	valid	train	train	train	train
DB04876	C0270736	0	C10	train	train	train	train	train	valid	valid	train	train	train
DB04878	C0162568	0	C06	test	train	train	test	train	test	train	train	train	train
DB04878	C0206682	0	C04	train	train	valid	train	train	train	test	train	train	test
DB04878	C0270851	0	C10	train	train	train	train	train	valid	valid	train	train	train
DB04880	C0014170	0	C12	train	train	train	train	train	train	train	train	train	train
DB04880	C0023443	0	C15	train	train	train	train	train	train	train	train	test	train
DB04880	C0242973	0	C14	valid	test	train	valid	test	train	train	test	train	valid
DB04880	C0342881	0	C18	train	train	train	train	train	test	train	train	train	train
DB04890	C0003872	0	C05	train	train	train	train	train	train	train	train	train	train
DB04890	C0342881	0	C18	train	train	train	train	train	test	train	train	train	train
DB04894	C0017668	0	C12	train	train	train	train	train	train	train	train	train	train
DB04894	C0035412	0	C04	train	train	valid	train	train	train	test	train	train	test
DB04894	C0409818	0	C17	test	train	train	train	train	train	train	train	train	train
DB04894	C1269683	0	F03	train	train	test	train	train	train	train	valid	train	train
DB04895	C0019156	0	C06	test	train	train	test	train	test	train	train	train	train
DB04896	C0022665	0	C12	train	train	train	train	train	train	train	train	train	train
DB04896	C0034885	0	C06	test	train	train	test	train	test	train	train	train	train
DB04899	C0014868	0	C06	test	train	train	test	train	test	train	train	train	train
DB04899	C0027686	0	C23	train	valid	train	test	train	train	train	valid	test	train
DB04899	C0036323	0	C01	train	train	train	train	valid	valid	train	train	train	train
DB04899	C0038220	0	C10	train	train	train	train	train	valid	valid	train	train	train
DB04924	C0162834	0	C17	test	train	train	train	train	train	train	train	train	train
DB04924	C0221013	0	C04	train	train	valid	train	train	train	test	train	train	test
DB04924	C4083212	0	C17	test	train	train	train	train	train	train	train	train	train
DB04931	C0005699	0	C04	train	train	valid	train	train	train	test	train	train	test
DB04931	C0020545	0	C12	train	train	train	train	train	train	train	train	train	train
DB04932	C0020443	0	C18	train	train	train	train	train	test	train	train	train	train
DB04938	C0005741	0	C11	train	valid	valid	train	valid	train	train	train	train	test
DB04938	C0009319	0	C06	test	train	train	test	train	test	train	train	train	train
DB04938	C0020550	0	C19	train	train	test	valid	train	train	test	train	train	valid
DB04938	C1621958	0	C04	train	train	valid	train	train	train	test	train	train	test
DB04942	C0018802	0	C14	valid	test	train	valid	test	train	train	test	train	valid
DB04942	C0311375	0	C10	train	train	train	train	train	valid	valid	train	train	train
DB04946	C0002965	0	C14	valid	test	train	valid	test	train	train	test	train	valid
DB04946	C0018418	0	C17	test	train	train	train	train	train	train	train	train	train
DB04946	C2930898	0	C11	train	valid	valid	train	valid	train	train	train	train	test
DB04951	C0013264	0	C16	train	train	test	train	train	train	train	train	train	train
DB04951	C0022573	0	C11	train	valid	valid	train	valid	train	train	train	train	test
DB04951	C0041341	0	C04	train	train	valid	train	train	train	test	train	train	test
DB04951	C0405580	0	C19	train	train	test	valid	train	train	test	train	train	valid
DB04953	C0015672	0	C23	train	valid	train	test	train	train	train	valid	test	train
DB04953	C0023434	0	C15	train	train	train	train	train	train	train	train	test	train
DB04953	C0027796	0	C10	train	train	train	train	train	valid	valid	train	train	train
DB04953	C0037274	0	C17	test	train	train	train	train	train	train	train	train	train
DB04953	C2937421	0	C12	train	train	train	train	train	train	train	train	train	train
DB04967	C0010308	0	C05	train	train	train	train	train	train	train	train	train	train
DB04967	C0020545	0	C12	train	train	train	train	train	train	train	train	train	train
DB04967	C0027796	0	C10	train	train	train	train	train	valid	valid	train	train	train
DB04967	C0042510	0	C14	valid	test	train	valid	test	train	train	test	train	valid
DB04967	C0677607	0	C19	train	train	test	valid	train	train	test	train	train	valid
DB05015	C0006267	0	C08	valid	train	test	train	valid	train	train	train	valid	train
DB05015	C0012739	0	C15	train	train	train	train	train	train	train	train	test	train
DB05015	C0017612	0	C11	train	valid	valid	train	valid	train	train	train	train	test
DB05015	C0039483	0	C14	valid	test	train	valid	test	train	train	test	train	valid
DB05015	C0041296	0	C01	train	train	train	train	valid	valid	train	train	train	train
DB05016	C0024301	0	C04	train	train	valid	train	train	train	test	train	train	test
DB05016	C0039483	0	C14	valid	test	train	valid	test	train	train	test	train	valid
DB05039	C0032463	0	C15	train	train	train	train	train	train	train	train	test	train
DB05099	C0001430	0	C04	train	train	valid	train	train	train	test	train	train	test
DB05099	C0021603	0	C10	train	train	train	train	train	valid	valid	train	train	train
DB05099	C0042842	0	C18	train	train	train	train	train	test	train	train	train	train
DB05239	C0026691	0	C14	valid	test	train	valid	test	train	train	test	train	valid
DB05246	C0011854	0	C18	train	train	train	train	train	test	train	train	train	train
DB05246	C0877792	0	C10	train	train	train	train	train	valid	valid	train	train	train
DB05265	C0405580	0	C19	train	train	test	valid	train	train	test	train	train	valid
DB05265	C0917805	0	C10	train	train	train	train	train	valid	valid	train	train	train
DB05266	C0085083	0	C12	train	train	train	train	train	train	train	train	train	train
DB05266	C0751434	0	C18	train	train	train	train	train	test	train	train	train	train
DB05271	C0019151	0	C06	test	train	train	test	train	test	train	train	train	train
DB05271	C3463824	0	C15	train	train	train	train	train	train	train	train	test	train
DB05294	C0019829	0	C04	train	train	valid	train	train	train	test	train	train	test
DB05294	C0035412	0	C04	train	train	valid	train	train	train	test	train	train	test
DB05294	C0878544	0	C14	valid	test	train	valid	test	train	train	test	train	valid
DB05332	C0162834	0	C17	test	train	train	train	train	train	train	train	train	train
DB05332	C0948480	0	C14	valid	test	train	valid	test	train	train	test	train	valid
DB05351	C0014175	0	C12	train	train	train	train	train	train	train	train	train	train
DB05351	C0024121	0	C08	valid	train	test	train	valid	train	train	train	valid	train
DB05351	C0162565	0	C06	test	train	train	test	train	test	train	train	train	train
DB05389	C0016470	0	C20	train	train	train	train	train	train	train	train	valid	train
DB05389	C0031099	0	C07	train	train	train	train	test	train	train	train	train	train
DB05389	C0456909	0	C10	train	train	train	train	train	valid	valid	train	train	train
DB05521	C0011616	0	C17	test	train	train	train	train	train	train	train	train	train
DB05521	C0015397	0	C11	train	valid	valid	train	valid	train	train	train	train	test
DB05521	C0031099	0	C07	train	train	train	train	test	train	train	train	train	train
DB05521	C1800706	0	C08	valid	train	test	train	valid	train	train	train	valid	train
DB05541	C0011603	0	C17	test	train	train	train	train	train	train	train	train	train
DB05541	C0015672	0	C23	train	valid	train	test	train	train	train	valid	test	train
DB05541	C0162568	0	C06	test	train	train	test	train	test	train	train	train	train
DB05541	C0311375	0	C10	train	train	train	train	train	valid	valid	train	train	train
DB05578	C0014859	0	C06	test	train	train	test	train	test	train	train	train	train
DB05578	C0033860	0	C17	test	train	train	train	train	train	train	train	train	train
DB05578	C0085681	0	C18	train	train	train	train	train	test	train	train	train	train
DB05630	C0034013	0	C19	train	train	test	valid	train	train	test	train	train	valid
DB05630	C0751865	0	C25	train	train	valid	train	valid	train	train	train	train	train
DB05676	C0023481	0	C15	train	train	train	train	train	train	train	train	test	train
DB05676	C0040822	0	C10	train	train	train	train	train	valid	valid	train	train	train
DB05676	C0231528	0	C05	train	train	train	train	train	train	train	train	train	train
DB05679	C0002994	0	C14	valid	test	train	valid	test	train	train	test	train	valid
DB05777	C0006267	0	C08	valid	train	test	train	valid	train	train	train	valid	train
DB05777	C0017531	0	C15	train	train	train	train	train	train	train	train	test	train
DB05777	C0028734	0	C23	train	valid	train	test	train	train	train	valid	test	train
DB05777	C0030193	0	C23	train	valid	train	test	train	train	train	valid	test	train
DB05777	C0039841	0	C18	train	train	train	train	train	test	train	train	train	train
DB05777	C1621958	0	C04	train	train	valid	train	train	train	test	train	train	test
DB05812	C0007131	0	C08	valid	train	test	train	valid	train	train	train	valid	train
DB05812	C0020480	0	C18	train	train	train	train	train	test	train	train	train	train
DB05812	C0038220	0	C10	train	train	train	train	train	valid	valid	train	train	train
DB05829	C0005586	0	F03	train	train	test	train	train	train	train	valid	train	train
DB05829	C0006271	0	C08	valid	train	test	train	valid	train	train	train	valid	train
DB05990	C0007138	0	C04	train	train	valid	train	train	train	test	train	train	test
DB05990	C0009952	0	C10	train	train	train	train	train	valid	valid	train	train	train
DB05990	C0011860	0	C18	train	train	train	train	train	test	train	train	train	train
DB05990	C0018213	0	C19	train	train	test	valid	train	train	test	train	train	valid
DB06016	C0026961	0	C11	train	valid	valid	train	valid	train	train	train	train	test
DB06144	C0031190	0	C08	valid	train	test	train	valid	train	train	train	valid	train
DB06144	C2316212	0	C17	test	train	train	train	train	train	train	train	train	train
DB06148	C0036337	0	F03	train	train	test	train	train	train	train	valid	train	train
DB06151	C0025149	0	C04	train	train	valid	train	train	train	test	train	train	test
DB06151	C2316212	0	C17	test	train	train	train	train	train	train	train	train	train
DB06152	C0007642	0	C01	train	train	train	train	valid	valid	train	train	train	train
DB06152	C0010481	0	C19	train	train	test	valid	train	train	test	train	train	valid
DB06152	C0017601	0	C11	train	valid	valid	train	valid	train	train	train	train	test
DB06152	C0342731	0	C16	train	train	test	train	train	train	train	train	train	train
DB06153	C0019156	0	C06	test	train	train	test	train	test	train	train	train	train
DB06153	C0023487	0	C04	train	train	valid	train	train	train	test	train	train	test
DB06153	C0085215	0	C12	train	train	train	train	train	train	train	train	train	train
DB06155	C0011334	0	C07	train	train	train	train	test	train	train	train	train	train
DB06155	C0282193	0	C18	train	train	train	train	train	test	train	train	train	train
DB06155	C0702166	0	C17	test	train	train	train	train	train	train	train	train	train
DB06155	C0917801	0	C10	train	train	train	train	train	valid	valid	train	train	train
DB06168	C0017160	0	C06	test	train	train	test	train	test	train	train	train	train
DB06168	C0025874	0	C12	train	train	train	train	train	train	train	train	train	train
DB06168	C0034734	0	C14	valid	test	train	valid	test	train	train	test	train	valid
DB06176	C0006142	0	C04	train	train	valid	train	train	train	test	train	train	test
DB06176	C0006625	0	C23	train	valid	train	test	train	train	train	valid	test	train
DB06176	C0018418	0	C17	test	train	train	train	train	train	train	train	train	train
DB06176	C0018801	0	C14	valid	test	train	valid	test	train	train	test	train	valid
DB06176	C0022951	0	C18	train	train	train	train	train	test	train	train	train	train
DB06176	C0023518	0	C15	train	train	train	train	train	train	train	train	test	train
DB06193	C0032460	0	C12	train	train	train	train	train	train	train	train	train	train
DB06193	C0238463	0	C04	train	train	valid	train	train	train	test	train	train	test
DB06196	C0023480	0	C15	train	train	train	train	train	train	train	train	test	train
DB06196	C0026961	0	C11	train	valid	valid	train	valid	train	train	train	train	test
DB06196	C0029882	0	C09	train	train	test	train	train	train	test	valid	train	test
DB06201	C0004943	0	C17	test	train	train	train	train	train	train	train	train	train
DB06201	C0035412	0	C04	train	train	valid	train	train	train	test	train	train	test
DB06202	C0000809	0	C12	train	train	train	train	train	train	train	train	train	train
DB06202	C0023267	0	C04	train	train	valid	train	train	train	test	train	train	test
DB06202	C0024305	0	C04	train	train	valid	train	train	train	test	train	train	test
DB06202	C0034067	0	C23	train	valid	train	test	train	train	train	valid	test	train
DB06202	C0155862	0	C01	train	train	train	train	valid	valid	train	train	train	train
DB06202	C0678222	0	C04	train	train	valid	train	train	train	test	train	train	test
DB06204	C0003868	0	C05	train	train	train	train	train	train	train	train	train	train
DB06204	C0008325	0	C06	test	train	train	test	train	test	train	train	train	train
DB06204	C0029456	0	C05	train	train	train	train	train	train	train	train	train	train
DB06204	C0042164	0	C11	train	valid	valid	train	valid	train	train	train	train	test
DB06204	C0238052	0	C18	train	train	train	train	train	test	train	train	train	train
DB06204	C0398650	0	C15	train	train	train	train	train	train	train	train	test	train
DB06209	C0002390	0	C08	valid	train	test	train	valid	train	train	train	valid	train
DB06209	C0002726	0	C18	train	train	train	train	train	test	train	train	train	train
DB06209	C0005779	0	C15	train	train	train	train	train	train	train	train	test	train
DB06209	C0008350	0	C06	test	train	train	test	train	test	train	train	train	train
DB06209	C0041948	0	C12	train	train	train	train	train	train	train	train	train	train
DB06210	C0010691	0	C12	train	train	train	train	train	train	train	train	train	train
DB06210	C0524620	0	C18	train	train	train	train	train	test	train	train	train	train
DB06211	C0006625	0	C23	train	valid	train	test	train	train	train	valid	test	train
DB06211	C0013238	0	C11	train	valid	valid	train	valid	train	train	train	train	test
DB06211	C0022876	0	C12	train	train	train	train	train	train	train	train	train	train
DB06211	C0034013	0	C19	train	train	test	valid	train	train	test	train	train	valid
DB06211	C0836924	0	C15	train	train	train	train	train	train	train	train	test	train
DB06212	C0011334	0	C07	train	train	train	train	test	train	train	train	train	train
DB06212	C0031154	0	C01	train	train	train	train	valid	valid	train	train	train	train
DB06212	C0042164	0	C11	train	valid	valid	train	valid	train	train	train	train	test
DB06212	C0087012	0	C10	train	train	train	train	train	valid	valid	train	train	train
DB06213	C0007131	0	C08	valid	train	test	train	valid	train	train	train	valid	train
DB06213	C0040046	0	C14	valid	test	train	valid	test	train	train	test	train	valid
DB06213	C0887833	0	C04	train	train	valid	train	train	train	test	train	train	test
DB06216	C0011848	0	C12	train	train	train	train	train	train	train	train	train	train
DB06216	C0025149	0	C04	train	train	valid	train	train	train	test	train	train	test
DB06217	C0002888	0	C15	train	train	train	train	train	train	train	train	test	train
DB06217	C0038362	0	C07	train	train	train	train	test	train	train	train	train	train
DB06217	C0080274	0	C12	train	train	train	train	train	train	train	train	train	train
DB06217	C0920350	0	C19	train	train	test	valid	train	train	test	train	train	valid
DB06218	C0007194	0	C14	valid	test	train	valid	test	train	train	test	train	valid
DB06218	C0007785	0	C10	train	train	train	train	train	valid	valid	train	train	train
DB06218	C0014356	0	C06	test	train	train	test	train	test	train	train	train	train
DB06218	C0040015	0	C15	train	train	train	train	train	train	train	train	test	train
DB06218	C0042109	0	C17	test	train	train	train	train	train	train	train	train	train
DB06218	C0235063	0	C08	valid	train	test	train	valid	train	train	train	valid	train
DB06219	C0038220	0	C10	train	train	train	train	train	valid	valid	train	train	train
DB06219	C0042138	0	C12	train	train	train	train	train	train	train	train	train	train
DB06219	C0242339	0	C18	train	train	train	train	train	test	train	train	train	train
DB06219	C0242422	0	C10	train	train	train	train	train	valid	valid	train	train	train
DB06228	C0007138	0	C04	train	train	valid	train	train	train	test	train	train	test
DB06230	C0013405	0	C08	valid	train	test	train	valid	train	train	train	valid	train
DB06237	C0014549	0	C10	train	train	train	train	train	valid	valid	train	train	train
DB06237	C0023465	0	C04	train	train	valid	train	train	train	test	train	train	test
DB06237	C0024894	0	C12	train	train	train	train	train	train	train	train	train	train
DB06237	C0033375	0	C04	train	train	valid	train	train	train	test	train	train	test
DB06237	C0920350	0	C19	train	train	test	valid	train	train	test	train	train	valid
DB06243	C0006271	0	C08	valid	train	test	train	valid	train	train	train	valid	train
DB06262	C0040479	0	C14	valid	test	train	valid	test	train	train	test	train	valid
DB06264	C0001122	0	C18	train	train	train	train	train	test	train	train	train	train
DB06264	C0010692	0	C12	train	train	train	train	train	train	train	train	train	train
DB06264	C0032000	0	C10	train	train	train	train	train	valid	valid	train	train	train
DB06267	C0162566	0	C06	test	train	train	test	train	test	train	train	train	train
DB06268	C0010072	0	C14	valid	test	train	valid	test	train	train	test	train	valid
DB06268	C0042510	0	C14	valid	test	train	valid	test	train	train	test	train	valid
DB06268	C0043202	0	C14	valid	test	train	valid	test	train	train	test	train	valid
DB06271	C0001618	0	C19	train	train	test	valid	train	train	test	train	train	valid
DB06271	C0013428	0	C23	train	valid	train	test	train	train	train	valid	test	train
DB06271	C0016470	0	C20	train	train	train	train	train	train	train	train	valid	train
DB06271	C0020452	0	C14	valid	test	train	valid	test	train	train	test	train	valid
DB06271	C0022650	0	C12	train	train	train	train	train	train	train	train	train	train
DB06271	C0023890	0	C06	test	train	train	test	train	test	train	train	train	train
DB06271	C0033375	0	C04	train	train	valid	train	train	train	test	train	train	test
DB06272	C1961835	0	C18	train	train	train	train	train	test	train	train	train	train
DB06273	C0006625	0	C23	train	valid	train	test	train	train	train	valid	test	train
DB06273	C0008350	0	C06	test	train	train	test	train	test	train	train	train	train
DB06273	C0010072	0	C14	valid	test	train	valid	test	train	train	test	train	valid
DB06282	C0014583	0	C11	train	valid	valid	train	valid	train	train	train	train	test
DB06282	C0021670	0	C04	train	train	valid	train	train	train	test	train	train	test
DB06282	C0451641	0	C12	train	train	train	train	train	train	train	train	train	train
DB06285	C0023890	0	C06	test	train	train	test	train	test	train	train	train	train
DB06287	C0014733	0	C01	train	train	train	train	valid	valid	train	train	train	train
DB06287	C0019243	0	C20	train	train	train	train	train	train	train	train	valid	train
DB06287	C0238111	0	C10	train	train	train	train	train	valid	valid	train	train	train
DB06288	C0007642	0	C01	train	train	train	train	valid	valid	train	train	train	train
DB06288	C0013421	0	C10	train	train	train	train	train	valid	valid	train	train	train
DB06290	C0007117	0	C04	train	train	valid	train	train	train	test	train	train	test
DB06290	C0021364	0	C12	train	train	train	train	train	train	train	train	train	train
DB06290	C0024419	0	C15	train	train	train	train	train	train	train	train	test	train
DB06290	C0678222	0	C04	train	train	valid	train	train	train	test	train	train	test
DB06292	C0018099	0	C05	train	train	train	train	train	train	train	train	train	train
DB06292	C0023212	0	C14	valid	test	train	valid	test	train	train	test	train	valid
DB06292	C0398650	0	C15	train	train	train	train	train	train	train	train	test	train
DB06335	C0014553	0	C10	train	train	train	train	train	valid	valid	train	train	train
DB06335	C0025500	0	C04	train	train	valid	train	train	train	test	train	train	test
DB06335	C0342881	0	C18	train	train	train	train	train	test	train	train	train	train
DB06401	C0011848	0	C12	train	train	train	train	train	train	train	train	train	train
DB06401	C0018801	0	C14	valid	test	train	valid	test	train	train	test	train	valid
DB06401	C0206686	0	C19	train	train	test	valid	train	train	test	train	train	valid
DB06401	C0920350	0	C19	train	train	test	valid	train	train	test	train	train	valid
DB06401	C1861172	0	C14	valid	test	train	valid	test	train	train	test	train	valid
DB06403	C0023479	0	C04	train	train	valid	train	train	train	test	train	train	test
DB06410	C0002888	0	C15	train	train	train	train	train	train	train	train	test	train
DB06410	C0010346	0	C06	test	train	train	test	train	test	train	train	train	train
DB06410	C0031190	0	C08	valid	train	test	train	valid	train	train	train	valid	train
DB06412	C0011603	0	C17	test	train	train	train	train	train	train	train	train	train
DB06413	C0018621	0	C08	valid	train	test	train	valid	train	train	train	valid	train
DB06413	C0034012	0	C19	train	train	test	valid	train	train	test	train	train	valid
DB06413	C0162627	0	C01	train	train	train	train	valid	valid	train	train	train	train
DB06439	C0017612	0	C11	train	valid	valid	train	valid	train	train	train	train	test
DB06439	C0020538	0	C14	valid	test	train	valid	test	train	train	test	train	valid
DB06439	C0034150	0	C23	train	valid	train	test	train	train	train	valid	test	train
DB06441	C0009763	0	C11	train	valid	valid	train	valid	train	train	train	train	test
DB06470	C0003811	0	C14	valid	test	train	valid	test	train	train	test	train	valid
DB06470	C0017668	0	C12	train	train	train	train	train	train	train	train	train	train
DB06470	C0085681	0	C18	train	train	train	train	train	test	train	train	train	train
DB06470	C0242488	0	C08	valid	train	test	train	valid	train	train	train	valid	train
DB06479	C0022104	0	C06	test	train	train	test	train	test	train	train	train	train
DB06479	C4048328	0	C12	train	train	train	train	train	train	train	train	train	train
DB06480	C0022665	0	C12	train	train	train	train	train	train	train	train	train	train
DB06480	C0032914	0	C12	train	train	train	train	train	train	train	train	train	train
DB06480	C0270736	0	C10	train	train	train	train	train	valid	valid	train	train	train
DB06480	C0476089	0	C12	train	train	train	train	train	train	train	train	train	train
DB06589	C0002880	0	C15	train	train	train	train	train	train	train	train	test	train
DB06589	C0151744	0	C14	valid	test	train	valid	test	train	train	test	train	valid
DB06594	C0023472	0	C15	train	train	train	train	train	train	train	train	test	train
DB06594	C0030569	0	C10	train	train	train	train	train	valid	valid	train	train	train
DB06594	C0085580	0	C14	valid	test	train	valid	test	train	train	test	train	valid
DB06603	C0020476	0	C18	train	train	train	train	train	test	train	train	train	train
DB06603	C0029434	0	C05	train	train	train	train	train	train	train	train	train	train
DB06605	C0014549	0	C10	train	train	train	train	train	valid	valid	train	train	train
DB06605	C0020625	0	C18	train	train	train	train	train	test	train	train	train	train
DB06605	C0029882	0	C09	train	train	test	train	train	train	test	valid	train	test
DB06605	C0036220	0	C04	train	train	valid	train	train	train	test	train	train	test
DB06605	C0085159	0	F03	train	train	test	train	train	train	train	valid	train	train
DB06605	C0085605	0	C06	test	train	train	test	train	test	train	train	train	train
DB06616	C0005697	0	C12	train	train	train	train	train	train	train	train	train	train
DB06616	C0016412	0	C18	train	train	train	train	train	test	train	train	train	train
DB06616	C0023440	0	C15	train	train	train	train	train	train	train	train	test	train
DB06616	C0023827	0	C04	train	train	valid	train	train	train	test	train	train	test
DB06616	C0032987	0	C12	train	train	train	train	train	train	train	train	train	train
DB06616	C0206682	0	C04	train	train	valid	train	train	train	test	train	train	test
DB06626	C0003578	0	C08	valid	train	test	train	valid	train	train	train	valid	train
DB06626	C0005424	0	C06	test	train	train	test	train	test	train	train	train	train
DB06626	C0022573	0	C11	train	valid	valid	train	valid	train	train	train	train	test
DB06626	C0024299	0	C04	train	train	valid	train	train	train	test	train	train	test
DB06626	C0242422	0	C10	train	train	train	train	train	valid	valid	train	train	train
DB06637	C0014474	0	C04	train	train	valid	train	train	train	test	train	train	test
DB06637	C0040046	0	C14	valid	test	train	valid	test	train	train	test	train	valid
DB06637	C0040261	0	C01	train	train	train	train	valid	valid	train	train	train	train
DB06643	C0037188	0	C14	valid	test	train	valid	test	train	train	test	train	valid
DB06650	C0010346	0	C06	test	train	train	test	train	test	train	train	train	train
DB06650	C0011848	0	C12	train	train	train	train	train	train	train	train	train	train
DB06650	C0026769	0	C10	train	train	train	train	train	valid	valid	train	train	train
DB06650	C0034013	0	C19	train	train	test	valid	train	train	test	train	train	valid
DB06650	C0085215	0	C12	train	train	train	train	train	train	train	train	train	train
DB06654	C0014877	0	C10	train	train	train	train	train	valid	valid	train	train	train
DB06654	C0024121	0	C08	valid	train	test	train	valid	train	train	train	valid	train
DB06654	C0030848	0	C12	train	train	train	train	train	train	train	train	train	train
DB06654	C0035335	0	C04	train	train	valid	train	train	train	test	train	train	test
DB06654	C1527336	0	C05	train	train	train	train	train	train	train	train	train	train
DB06655	C0020461	0	C18	train	train	train	train	train	test	train	train	train	train
DB06663	C0152020	0	C06	test	train	train	test	train	test	train	train	train	train
DB06663	C0220994	0	C23	train	valid	train	test	train	train	train	valid	test	train
DB06663	C0751865	0	C25	train	train	valid	train	valid	train	train	train	train	train
DB06674	C0008677	0	C08	valid	train	test	train	valid	train	train	train	valid	train
DB06674	C0023437	0	C04	train	train	valid	train	train	train	test	train	train	test
DB06674	C0029453	0	C05	train	train	train	train	train	train	train	train	train	train
DB06674	C0409818	0	C17	test	train	train	train	train	train	train	train	train	train
DB06684	C0004352	0	F03	train	train	test	train	train	train	train	valid	train	train
DB06684	C0006287	0	C08	valid	train	test	train	valid	train	train	train	valid	train
DB06684	C0011882	0	C10	train	train	train	train	train	valid	valid	train	train	train
DB06684	C0014356	0	C06	test	train	train	test	train	test	train	train	train	train
DB06684	C0024121	0	C08	valid	train	test	train	valid	train	train	train	valid	train
DB06684	C0162820	0	C17	test	train	train	train	train	train	train	train	train	train
DB06688	C0014544	0	C10	train	train	train	train	train	valid	valid	train	train	train
DB06688	C0740394	0	C23	train	valid	train	test	train	train	train	valid	test	train
DB06691	C0012833	0	C23	train	valid	train	test	train	train	train	valid	test	train
DB06692	C0004239	0	C14	valid	test	train	valid	test	train	train	test	train	valid
DB06692	C0005586	0	F03	train	train	test	train	train	train	train	valid	train	train
DB06692	C0007134	0	C12	train	train	train	train	train	train	train	train	train	train
DB06692	C0011854	0	C18	train	train	train	train	train	test	train	train	train	train
DB06692	C0025289	0	C10	train	train	train	train	train	valid	valid	train	train	train
DB06692	C0497327	0	C10	train	train	train	train	train	valid	valid	train	train	train
DB06694	C0005587	0	F03	train	train	test	train	train	train	train	valid	train	train
DB06694	C0041582	0	C23	train	valid	train	test	train	train	train	valid	test	train
DB06694	C0085681	0	C18	train	train	train	train	train	test	train	train	train	train
DB06694	C1269683	0	F03	train	train	test	train	train	train	train	valid	train	train
DB06695	C0015503	0	C15	train	train	train	train	train	train	train	train	test	train
DB06697	C0017152	0	C06	test	train	train	test	train	test	train	train	train	train
DB06697	C0029396	0	C23	train	valid	train	test	train	train	train	valid	test	train
DB06697	C0037763	0	C10	train	train	train	train	train	valid	valid	train	train	train
DB06699	C0007785	0	C10	train	train	train	train	train	valid	valid	train	train	train
DB06699	C0017574	0	C01	train	train	train	train	valid	valid	train	train	train	train
DB06699	C2973725	0	C08	valid	train	test	train	valid	train	train	train	valid	train
DB06700	C0020621	0	C18	train	train	train	train	train	test	train	train	train	train
DB06700	C0029882	0	C09	train	train	test	train	train	train	test	valid	train	test
DB06700	C0041408	0	C12	train	train	train	train	train	train	train	train	train	train
DB06701	C0376358	0	C12	train	train	train	train	train	train	train	train	train	train
DB06702	C0032285	0	C08	valid	train	test	train	valid	train	train	train	valid	train
DB06702	C0085215	0	C12	train	train	train	train	train	train	train	train	train	train
DB06702	C0334579	0	C04	train	train	valid	train	train	train	test	train	train	test
DB06706	C0020517	0	C20	train	train	train	train	train	train	train	train	valid	train
DB06706	C0206693	0	C04	train	train	valid	train	train	train	test	train	train	test
DB06706	C0920350	0	C19	train	train	test	valid	train	train	test	train	train	valid
DB06707	C0010674	0	C16	train	train	test	train	train	train	train	train	train	train
DB06707	C0014550	0	C10	train	train	train	train	train	valid	valid	train	train	train
DB06707	C0242339	0	C18	train	train	train	train	train	test	train	train	train	train
DB06710	C0008489	0	C10	train	train	train	train	train	valid	valid	train	train	train
DB06711	C0020651	0	C10	train	train	train	train	train	valid	valid	train	train	train
DB06713	C0020459	0	C18	train	train	train	train	train	test	train	train	train	train
DB06714	C0026948	0	C04	train	train	valid	train	train	train	test	train	train	test
DB06714	C0085580	0	C14	valid	test	train	valid	test	train	train	test	train	valid
DB06716	C0242422	0	C10	train	train	train	train	train	valid	valid	train	train	train
DB06716	C1140680	0	C12	train	train	train	train	train	train	train	train	train	train
DB06718	C0011581	0	F03	train	train	test	train	train	train	train	valid	train	train
DB06718	C0020474	0	C18	train	train	train	train	train	test	train	train	train	train
DB06718	C0162565	0	C06	test	train	train	test	train	test	train	train	train	train
DB06718	C0751362	0	C10	train	train	train	train	train	valid	valid	train	train	train
DB06719	C0004364	0	C20	train	train	train	train	train	train	train	train	valid	train
DB06719	C0020476	0	C18	train	train	train	train	train	test	train	train	train	train
DB06719	C0026705	0	C16	train	train	test	train	train	train	train	train	train	train
DB06719	C0206693	0	C04	train	train	valid	train	train	train	test	train	train	test
DB06720	C0015469	0	C07	train	train	train	train	test	train	train	train	train	train
DB06720	C0024437	0	C11	train	valid	valid	train	valid	train	train	train	train	test
DB06720	C0028768	0	F03	train	train	test	train	train	train	train	valid	train	train
DB06720	C0085681	0	C18	train	train	train	train	train	test	train	train	train	train
DB06720	C0745103	0	C18	train	train	train	train	train	test	train	train	train	train
DB06720	C3495559	0	C05	train	train	train	train	train	train	train	train	train	train
DB06725	C0007138	0	C04	train	train	valid	train	train	train	test	train	train	test
DB06725	C0007786	0	C10	train	train	train	train	train	valid	valid	train	train	train
DB06725	C0009375	0	C06	test	train	train	test	train	test	train	train	train	train
DB06725	C0033375	0	C04	train	train	valid	train	train	train	test	train	train	test
DB06725	C0035078	0	C12	train	train	train	train	train	train	train	train	train	train
DB06725	C0042029	0	C12	train	train	train	train	train	train	train	train	train	train
DB06725	C0235063	0	C08	valid	train	test	train	valid	train	train	train	valid	train
DB06736	C0018924	0	C05	train	train	train	train	train	train	train	train	train	train
DB06736	C0023869	0	C23	train	valid	train	test	train	train	train	valid	test	train
DB06736	C0178416	0	C15	train	train	train	train	train	train	train	train	test	train
DB06739	C0011854	0	C18	train	train	train	train	train	test	train	train	train	train
DB06739	C0036572	0	C10	train	train	train	train	train	valid	valid	train	train	train
DB06764	C0035579	0	C18	train	train	train	train	train	test	train	train	train	train
DB06764	C0221013	0	C04	train	train	valid	train	train	train	test	train	train	test
DB06764	C0235974	0	C04	train	train	valid	train	train	train	test	train	train	test
DB06766	C4083212	0	C17	test	train	train	train	train	train	train	train	train	train
DB06774	C0002888	0	C15	train	train	train	train	train	train	train	train	test	train
DB06774	C0023437	0	C04	train	train	valid	train	train	train	test	train	train	test
DB06774	C0034065	0	C08	valid	train	test	train	valid	train	train	train	valid	train
DB06774	C0282193	0	C18	train	train	train	train	train	test	train	train	train	train
DB06775	C0010417	0	C12	train	train	train	train	train	train	train	train	train	train
DB06775	C0398650	0	C15	train	train	train	train	train	train	train	train	test	train
DB06777	C0002453	0	C23	train	valid	train	test	train	train	train	valid	test	train
DB06777	C0020598	0	C18	train	train	train	train	train	test	train	train	train	train
DB06777	C0036220	0	C04	train	train	valid	train	train	train	test	train	train	test
DB06782	C0271623	0	C19	train	train	test	valid	train	train	test	train	train	valid
DB06785	C0024138	0	C17	test	train	train	train	train	train	train	train	train	train
DB06785	C0025637	0	C15	train	train	train	train	train	train	train	train	test	train
DB06785	C0042487	0	C14	valid	test	train	valid	test	train	train	test	train	valid
DB06786	C0009806	0	C23	train	valid	train	test	train	train	train	valid	test	train
DB06786	C0035585	0	C01	train	train	train	train	valid	valid	train	train	train	train
DB06788	C0014556	0	C10	train	train	train	train	train	valid	valid	train	train	train
DB06788	C0014868	0	C06	test	train	train	test	train	test	train	train	train	train
DB06788	C0035585	0	C01	train	train	train	train	valid	valid	train	train	train	train
DB06791	C0009375	0	C06	test	train	train	test	train	test	train	train	train	train
DB06791	C0015503	0	C15	train	train	train	train	train	train	train	train	test	train
DB06800	C0015469	0	C07	train	train	train	train	test	train	train	train	train	train
DB06800	C0026848	0	C05	train	train	train	train	train	train	train	train	train	train
DB06803	C0024523	0	C06	test	train	train	test	train	test	train	train	train	train
DB06803	C0036220	0	C04	train	train	valid	train	train	train	test	train	train	test
DB06803	C0178416	0	C15	train	train	train	train	train	train	train	train	test	train
DB06809	C0019087	0	C15	train	train	train	train	train	train	train	train	test	train
DB06809	C0020626	0	C19	train	train	test	valid	train	train	test	train	train	valid
DB06809	C0042847	0	C18	train	train	train	train	train	test	train	train	train	train
DB06819	C0018021	0	C19	train	train	test	valid	train	train	test	train	train	valid
DB06819	C0024437	0	C11	train	valid	valid	train	valid	train	train	train	train	test
DB06819	C0034063	0	C08	valid	train	test	train	valid	train	train	train	valid	train
DB06819	C0036337	0	F03	train	train	test	train	train	train	train	valid	train	train
DB06824	C0040053	0	C14	valid	test	train	valid	test	train	train	test	train	valid
DB06824	C0553580	0	C04	train	train	valid	train	train	train	test	train	train	test
DB06825	C0008489	0	C10	train	train	train	train	train	valid	valid	train	train	train
DB06825	C0020456	0	C18	train	train	train	train	train	test	train	train	train	train
DB07477	C0029882	0	C09	train	train	test	train	train	train	test	valid	train	test
DB07477	C0030920	0	C06	test	train	train	test	train	test	train	train	train	train
DB07615	C0013238	0	C11	train	valid	valid	train	valid	train	train	train	train	test
DB07615	C0020461	0	C18	train	train	train	train	train	test	train	train	train	train
DB07615	C1704436	0	C14	valid	test	train	valid	test	train	train	test	train	valid
DB08604	C0006287	0	C08	valid	train	test	train	valid	train	train	train	valid	train
DB08604	C0031099	0	C07	train	train	train	train	test	train	train	train	train	train
DB08604	C0042138	0	C12	train	train	train	train	train	train	train	train	train	train
DB08799	C0005697	0	C12	train	train	train	train	train	train	train	train	train	train
DB08799	C0234974	0	C10	train	train	train	train	train	valid	valid	train	train	train
DB08799	C0268490	0	C18	train	train	train	train	train	test	train	train	train	train
DB08800	C0001623	0	C19	train	train	test	valid	train	train	test	train	train	valid
DB08800	C1260899	0	C15	train	train	train	train	train	train	train	train	test	train
DB08801	C0008489	0	C10	train	train	train	train	train	valid	valid	train	train	train
DB08801	C0040261	0	C01	train	train	train	train	valid	valid	train	train	train	train
DB08801	C0041296	0	C01	train	train	train	train	valid	valid	train	train	train	train
DB08801	C0042133	0	C04	train	train	valid	train	train	train	test	train	train	test
DB08802	C0018924	0	C05	train	train	train	train	train	train	train	train	train	train
DB08802	C0024790	0	C15	train	train	train	train	train	train	train	train	test	train
DB08802	C0042510	0	C14	valid	test	train	valid	test	train	train	test	train	valid
DB08804	C0030569	0	C10	train	train	train	train	train	valid	valid	train	train	train
DB08804	C0038358	0	C06	test	train	train	test	train	test	train	train	train	train
DB08804	C0040479	0	C14	valid	test	train	valid	test	train	train	test	train	valid
DB08804	C0041341	0	C04	train	train	valid	train	train	train	test	train	train	test
DB08804	C0235480	0	C14	valid	test	train	valid	test	train	train	test	train	valid
DB08806	C0011875	0	C14	valid	test	train	valid	test	train	train	test	train	valid
DB08806	C0026961	0	C11	train	valid	valid	train	valid	train	train	train	train	test
DB08807	C0221013	0	C04	train	train	valid	train	train	train	test	train	train	test
DB08807	C1961099	0	C15	train	train	train	train	train	train	train	train	test	train
DB08808	C0042384	0	C14	valid	test	train	valid	test	train	train	test	train	valid
DB08810	C0023437	0	C04	train	train	valid	train	train	train	test	train	train	test
DB08810	C0040261	0	C01	train	train	train	train	valid	valid	train	train	train	train
DB08811	C0041341	0	C04	train	train	valid	train	train	train	test	train	train	test
DB08811	C0268596	0	C18	train	train	train	train	train	test	train	train	train	train
DB08814	C0023467	0	C04	train	train	valid	train	train	train	test	train	train	test
DB08814	C0242383	0	C11	train	valid	valid	train	valid	train	train	train	train	test
DB08814	C0740394	0	C23	train	valid	train	test	train	train	train	valid	test	train
DB08814	C2316212	0	C17	test	train	train	train	train	train	train	train	train	train
DB08815	C0006105	0	C01	train	train	train	train	valid	valid	train	train	train	train
DB08815	C0031069	0	C16	train	train	test	train	train	train	train	train	train	train
DB08816	C0022354	0	C23	train	valid	train	test	train	train	train	valid	test	train
DB08816	C0037286	0	C04	train	train	valid	train	train	train	test	train	train	test
DB08816	C0041408	0	C12	train	train	train	train	train	train	train	train	train	train
DB08816	C0751122	0	C10	train	train	train	train	train	valid	valid	train	train	train
DB08819	C0011581	0	F03	train	train	test	train	train	train	train	valid	train	train
DB08819	C0018099	0	C05	train	train	train	train	train	train	train	train	train	train
DB08819	C0023267	0	C04	train	train	valid	train	train	train	test	train	train	test
DB08819	C0023472	0	C15	train	train	train	train	train	train	train	train	test	train
DB08819	C0751865	0	C25	train	train	valid	train	valid	train	train	train	train	train
DB08820	C0023267	0	C04	train	train	valid	train	train	train	test	train	train	test
DB08820	C0023869	0	C23	train	valid	train	test	train	train	train	valid	test	train
DB08820	C0272375	0	C15	train	train	train	train	train	train	train	train	test	train
DB08822	C0020452	0	C14	valid	test	train	valid	test	train	train	test	train	valid
DB08826	C0019151	0	C06	test	train	train	test	train	test	train	train	train	train
DB08826	C0020473	0	C18	train	train	train	train	train	test	train	train	train	train
DB08826	C0022595	0	C17	test	train	train	train	train	train	train	train	train	train
DB08826	C0079744	0	C04	train	train	valid	train	train	train	test	train	train	test
DB08826	C0085413	0	C12	train	train	train	train	train	train	train	train	train	train
DB08827	C0029443	0	C01	train	train	train	train	valid	valid	train	train	train	train
DB08827	C0032285	0	C08	valid	train	test	train	valid	train	train	train	valid	train
DB08827	C0038325	0	C17	test	train	train	train	train	train	train	train	train	train
DB08827	C0040156	0	C19	train	train	test	valid	train	train	test	train	train	valid
DB08827	C0206686	0	C19	train	train	test	valid	train	train	test	train	train	valid
DB08828	C0011849	0	C18	train	train	train	train	train	test	train	train	train	train
DB08828	C0311277	0	C18	train	train	train	train	train	test	train	train	train	train
DB08828	C3544321	0	F03	train	train	test	train	train	train	train	valid	train	train
DB08835	C0042847	0	C18	train	train	train	train	train	test	train	train	train	train
DB08836	C0005694	0	C12	train	train	train	train	train	train	train	train	train	train
DB08836	C0007131	0	C08	valid	train	test	train	valid	train	train	train	valid	train
DB08836	C0024141	0	C17	test	train	train	train	train	train	train	train	train	train
DB08839	C0006118	0	C10	train	train	train	train	train	valid	valid	train	train	train
DB08839	C0010930	0	C11	train	valid	valid	train	valid	train	train	train	train	test
DB08839	C0020619	0	C19	train	train	test	valid	train	train	test	train	train	valid
DB08860	C0010691	0	C12	train	train	train	train	train	train	train	train	train	train
DB08860	C0020523	0	C20	train	train	train	train	train	train	train	train	valid	train
DB08860	C0024790	0	C15	train	train	train	train	train	train	train	train	test	train
DB08860	C0040038	0	C14	valid	test	train	valid	test	train	train	test	train	valid
DB08860	C0085417	0	C10	train	train	train	train	train	valid	valid	train	train	train
DB08867	C0010692	0	C12	train	train	train	train	train	train	train	train	train	train
DB08867	C0013274	0	C14	valid	test	train	valid	test	train	train	test	train	valid
DB08867	C1260899	0	C15	train	train	train	train	train	train	train	train	test	train
DB08868	C0040015	0	C15	train	train	train	train	train	train	train	train	test	train
DB08868	C0040028	0	C15	train	train	train	train	train	train	train	train	test	train
DB08868	C0270851	0	C10	train	train	train	train	train	valid	valid	train	train	train
DB08869	C0031069	0	C16	train	train	test	train	train	train	train	train	train	train
DB08869	C0040015	0	C15	train	train	train	train	train	train	train	train	test	train
DB08869	C0456909	0	C10	train	train	train	train	train	valid	valid	train	train	train
DB08870	C0001403	0	C19	train	train	test	valid	train	train	test	train	train	valid
DB08870	C0025637	0	C15	train	train	train	train	train	train	train	train	test	train
DB08871	C0162627	0	C01	train	train	train	train	valid	valid	train	train	train	train
DB08871	C0398623	0	C15	train	train	train	train	train	train	train	train	test	train
DB08872	C0006105	0	C01	train	train	train	train	valid	valid	train	train	train	train
DB08872	C0042963	0	C23	train	valid	train	test	train	train	train	valid	test	train
DB08872	C0085605	0	C06	test	train	train	test	train	test	train	train	train	train
DB08873	C0026838	0	C05	train	train	train	train	train	train	train	train	train	train
DB08873	C0037769	0	C10	train	train	train	train	train	valid	valid	train	train	train
DB08873	C0040038	0	C14	valid	test	train	valid	test	train	train	test	train	valid
DB08873	C0041341	0	C04	train	train	valid	train	train	train	test	train	train	test
DB08873	C0235974	0	C04	train	train	valid	train	train	train	test	train	train	test
DB08873	C0342731	0	C16	train	train	test	train	train	train	train	train	train	train
DB08875	C0030569	0	C10	train	train	train	train	train	valid	valid	train	train	train
DB08875	C0085681	0	C18	train	train	train	train	train	test	train	train	train	train
DB08877	C0003123	0	C23	train	valid	train	test	train	train	train	valid	test	train
DB08877	C0010054	0	C14	valid	test	train	valid	test	train	train	test	train	valid
DB08877	C0031154	0	C01	train	train	train	train	valid	valid	train	train	train	train
DB08879	C0005697	0	C12	train	train	train	train	train	train	train	train	train	train
DB08879	C0034150	0	C23	train	valid	train	test	train	train	train	valid	test	train
DB08879	C0041582	0	C23	train	valid	train	test	train	train	train	valid	test	train
DB08879	C0751362	0	C10	train	train	train	train	train	valid	valid	train	train	train
DB08880	C0009806	0	C23	train	valid	train	test	train	train	train	valid	test	train
DB08880	C0011875	0	C14	valid	test	train	valid	test	train	train	test	train	valid
DB08880	C0029463	0	C04	train	train	valid	train	train	train	test	train	train	test
DB08880	C0687720	0	C12	train	train	train	train	train	train	train	train	train	train
DB08881	C0009763	0	C11	train	valid	valid	train	valid	train	train	train	train	test
DB08881	C0221013	0	C04	train	train	valid	train	train	train	test	train	train	test
DB08882	C0004153	0	C14	valid	test	train	valid	test	train	train	test	train	valid
DB08882	C0009806	0	C23	train	valid	train	test	train	train	train	valid	test	train
DB08882	C0020649	0	C14	valid	test	train	valid	test	train	train	test	train	valid
DB08882	C0080274	0	C12	train	train	train	train	train	train	train	train	train	train
DB08882	C0524910	0	C01	train	train	train	train	valid	valid	train	train	train	train
DB08883	C0013720	0	C17	test	train	train	train	train	train	train	train	train	train
DB08883	C0029408	0	C05	train	train	train	train	train	train	train	train	train	train
DB08885	C0014836	0	C01	train	train	train	train	valid	valid	train	train	train	train
DB08885	C0042373	0	C14	valid	test	train	valid	test	train	train	test	train	valid
DB08888	C0000786	0	C12	train	train	train	train	train	train	train	train	train	train
DB08888	C0002170	0	C17	test	train	train	train	train	train	train	train	train	train
DB08888	C0020179	0	C10	train	train	train	train	train	valid	valid	train	train	train
DB08888	C0024115	0	C08	valid	train	test	train	valid	train	train	train	valid	train
DB08889	C0024790	0	C15	train	train	train	train	train	train	train	train	test	train
DB08889	C0155862	0	C01	train	train	train	train	valid	valid	train	train	train	train
DB08890	C0004943	0	C17	test	train	train	train	train	train	train	train	train	train
DB08890	C0015456	0	C17	test	train	train	train	train	train	train	train	train	train
DB08890	C0018924	0	C05	train	train	train	train	train	train	train	train	train	train
DB08890	C0020757	0	C16	train	train	test	train	train	train	train	train	train	train
DB08893	C0004096	0	C08	valid	train	test	train	valid	train	train	train	valid	train
DB08896	C0030590	0	C14	valid	test	train	valid	test	train	train	test	train	valid
DB08896	C0152020	0	C06	test	train	train	test	train	test	train	train	train	train
DB08896	C0242973	0	C14	valid	test	train	valid	test	train	train	test	train	valid
DB08897	C0000809	0	C12	train	train	train	train	train	train	train	train	train	train
DB08897	C0014742	0	C17	test	train	train	train	train	train	train	train	train	train
DB08897	C0021603	0	C10	train	train	train	train	train	valid	valid	train	train	train
DB08897	C0162836	0	C01	train	train	train	train	valid	valid	train	train	train	train
DB08897	C0206682	0	C04	train	train	valid	train	train	train	test	train	train	test
DB08899	C0015456	0	C17	test	train	train	train	train	train	train	train	train	train
DB08899	C0018681	0	C23	train	valid	train	test	train	train	train	valid	test	train
DB08899	C0026769	0	C10	train	train	train	train	train	valid	valid	train	train	train
DB08899	C1328407	0	C26	train	train	test	train	train	valid	train	train	train	train
DB08901	C0023440	0	C15	train	train	train	train	train	train	train	train	test	train
DB08901	C0034951	0	C11	train	valid	valid	train	valid	train	train	train	train	test
DB08904	C0020545	0	C12	train	train	train	train	train	train	train	train	train	train
DB08904	C0024305	0	C04	train	train	valid	train	train	train	test	train	train	test
DB08904	C0041408	0	C12	train	train	train	train	train	train	train	train	train	train
DB08904	C2937421	0	C12	train	train	train	train	train	train	train	train	train	train
DB08906	C0004114	0	C04	train	train	valid	train	train	train	test	train	train	test
DB08906	C0018273	0	C23	train	valid	train	test	train	train	train	valid	test	train
DB08906	C0027819	0	C04	train	train	valid	train	train	train	test	train	train	test
DB08906	C0042109	0	C17	test	train	train	train	train	train	train	train	train	train
DB08906	C1800706	0	C08	valid	train	test	train	valid	train	train	train	valid	train
DB08907	C0014173	0	C12	train	train	train	train	train	train	train	train	train	train
DB08907	C0020437	0	C18	train	train	train	train	train	test	train	train	train	train
DB08907	C0023470	0	C04	train	train	valid	train	train	train	test	train	train	test
DB08907	C0029927	0	C12	train	train	train	train	train	train	train	train	train	train
DB08907	C0035585	0	C01	train	train	train	train	valid	valid	train	train	train	train
DB08908	C0007117	0	C04	train	train	valid	train	train	train	test	train	train	test
DB08908	C0042164	0	C11	train	valid	valid	train	valid	train	train	train	train	test
DB08908	C0162627	0	C01	train	train	train	train	valid	valid	train	train	train	train
DB08908	C0342731	0	C16	train	train	test	train	train	train	train	train	train	train
DB08910	C0003469	0	F03	train	train	test	train	train	train	train	valid	train	train
DB08910	C0042900	0	C17	test	train	train	train	train	train	train	train	train	train
DB08911	C0011334	0	C07	train	train	train	train	test	train	train	train	train	train
DB08911	C0162566	0	C06	test	train	train	test	train	test	train	train	train	train
DB08911	C0751865	0	C25	train	train	valid	train	valid	train	train	train	train	train
DB08912	C0004239	0	C14	valid	test	train	valid	test	train	train	test	train	valid
DB08918	C0014534	0	C12	train	train	train	train	train	train	train	train	train	train
DB08918	C0018834	0	C23	train	valid	train	test	train	train	train	valid	test	train
DB08918	C0020179	0	C10	train	train	train	train	train	valid	valid	train	train	train
DB08918	C0036341	0	F03	train	train	test	train	train	train	train	valid	train	train
DB08918	C0041582	0	C23	train	valid	train	test	train	train	train	valid	test	train
DB08918	C0376545	0	C04	train	train	valid	train	train	train	test	train	train	test
DB08918	C1261473	0	C04	train	train	valid	train	train	train	test	train	train	test
DB08932	C0004096	0	C08	valid	train	test	train	valid	train	train	train	valid	train
DB08932	C0011334	0	C07	train	train	train	train	test	train	train	train	train	train
DB08932	C0035335	0	C04	train	train	valid	train	train	train	test	train	train	test
DB08932	C0039483	0	C14	valid	test	train	valid	test	train	train	test	train	valid
DB08932	C0206693	0	C04	train	train	valid	train	train	train	test	train	train	test
DB08935	C0005695	0	C12	train	train	train	train	train	train	train	train	train	train
DB08935	C0178416	0	C15	train	train	train	train	train	train	train	train	test	train
DB08935	C0751674	0	C04	train	train	valid	train	train	train	test	train	train	test
DB08936	C0003872	0	C05	train	train	train	train	train	train	train	train	train	train
DB08936	C0013390	0	C23	train	valid	train	test	train	train	train	valid	test	train
DB08936	C0020445	0	C18	train	train	train	train	train	test	train	train	train	train
DB08941	C0020443	0	C18	train	train	train	train	train	test	train	train	train	train
DB08941	C1961099	0	C15	train	train	train	train	train	train	train	train	test	train
DB08955	C0000786	0	C12	train	train	train	train	train	train	train	train	train	train
DB08955	C0023890	0	C06	test	train	train	test	train	test	train	train	train	train
DB08955	C0024586	0	C04	train	train	valid	train	train	train	test	train	train	test
DB08957	C0013405	0	C08	valid	train	test	train	valid	train	train	train	valid	train
DB08957	C0033860	0	C17	test	train	train	train	train	train	train	train	train	train
DB08961	C0007642	0	C01	train	train	train	train	valid	valid	train	train	train	train
DB08961	C0751362	0	C10	train	train	train	train	train	valid	valid	train	train	train
DB08984	C0007820	0	C10	train	train	train	train	train	valid	valid	train	train	train
DB08985	C0030319	0	F03	train	train	test	train	train	train	train	valid	train	train
DB08986	C0242350	0	C12	train	train	train	train	train	train	train	train	train	train
DB08992	C0029458	0	C05	train	train	train	train	train	train	train	train	train	train
DB08992	C0033578	0	C12	train	train	train	train	train	train	train	train	train	train
DB08995	C0007193	0	C14	valid	test	train	valid	test	train	train	test	train	valid
DB08995	C0014583	0	C11	train	valid	valid	train	valid	train	train	train	train	test
DB09000	C0022661	0	C12	train	train	train	train	train	train	train	train	train	train
DB09000	C0023267	0	C04	train	train	valid	train	train	train	test	train	train	test
DB09006	C0014743	0	C17	test	train	train	train	train	train	train	train	train	train
DB09010	C0013604	0	C23	train	valid	train	test	train	train	train	valid	test	train
DB09014	C0033375	0	C04	train	train	valid	train	train	train	test	train	train	test
DB09015	C0006267	0	C08	valid	train	test	train	valid	train	train	train	valid	train
DB09015	C0038358	0	C06	test	train	train	test	train	test	train	train	train	train
DB09015	C0085413	0	C12	train	train	train	train	train	train	train	train	train	train
DB09016	C0014038	0	C10	train	train	train	train	train	valid	valid	train	train	train
DB09016	C0033578	0	C12	train	train	train	train	train	train	train	train	train	train
DB09016	C0043459	0	C12	train	train	train	train	train	train	train	train	train	train
DB09018	C0020481	0	C18	train	train	train	train	train	test	train	train	train	train
DB09026	C0020619	0	C19	train	train	test	valid	train	train	test	train	train	valid
DB09026	C0041948	0	C12	train	train	train	train	train	train	train	train	train	train
DB09029	C0043202	0	C14	valid	test	train	valid	test	train	train	test	train	valid
DB09030	C0000737	0	C23	train	valid	train	test	train	train	train	valid	test	train
DB09030	C0020676	0	C19	train	train	test	valid	train	train	test	train	train	valid
DB09033	C0031511	0	C04	train	train	valid	train	train	train	test	train	train	test
DB09035	C0014742	0	C17	test	train	train	train	train	train	train	train	train	train
DB09035	C0271623	0	C19	train	train	test	valid	train	train	test	train	train	valid
DB09035	C1540912	0	C15	train	train	train	train	train	train	train	train	test	train
DB09035	C2936781	0	C10	train	train	train	train	train	valid	valid	train	train	train
DB09036	C0009375	0	C06	test	train	train	test	train	test	train	train	train	train
DB09036	C0014869	0	C06	test	train	train	test	train	test	train	train	train	train
DB09036	C0019151	0	C06	test	train	train	test	train	test	train	train	train	train
DB09036	C0022568	0	C11	train	valid	valid	train	valid	train	train	train	train	test
DB09036	C0026896	0	C10	train	train	train	train	train	valid	valid	train	train	train
DB09036	C0038525	0	C10	train	train	train	train	train	valid	valid	train	train	train
DB09037	C0008312	0	C06	test	train	train	test	train	test	train	train	train	train
DB09037	C0026691	0	C14	valid	test	train	valid	test	train	train	test	train	valid
DB09037	C0949116	0	C15	train	train	train	train	train	train	train	train	test	train
DB09038	C0010072	0	C14	valid	test	train	valid	test	train	train	test	train	valid
DB09039	C1527336	0	C05	train	train	train	train	train	train	train	train	train	train
DB09040	C0020428	0	C19	train	train	test	valid	train	train	test	train	train	valid
DB09040	C1384606	0	C12	train	train	train	train	train	train	train	train	train	train
DB09043	C0015944	0	C12	train	train	train	train	train	train	train	train	train	train
DB09043	C0016470	0	C20	train	train	train	train	train	train	train	train	valid	train
DB09043	C0037274	0	C17	test	train	train	train	train	train	train	train	train	train
DB09045	C0011633	0	C17	test	train	train	train	train	train	train	train	train	train
DB09045	C0036508	0	C17	test	train	train	train	train	train	train	train	train	train
DB09045	C0919267	0	C12	train	train	train	train	train	train	train	train	train	train
DB09046	C0007117	0	C04	train	train	valid	train	train	train	test	train	train	test
DB09046	C0038358	0	C06	test	train	train	test	train	test	train	train	train	train
DB09046	C0220756	0	C18	train	train	train	train	train	test	train	train	train	train
DB09046	C0878773	0	C12	train	train	train	train	train	train	train	train	train	train
DB09047	C0002171	0	C17	test	train	train	train	train	train	train	train	train	train
DB09047	C0020544	0	C12	train	train	train	train	train	train	train	train	train	train
DB09047	C0031154	0	C01	train	train	train	train	valid	valid	train	train	train	train
DB09047	C0040479	0	C14	valid	test	train	valid	test	train	train	test	train	valid
DB09047	C1704436	0	C14	valid	test	train	valid	test	train	train	test	train	valid
DB09048	C0005699	0	C04	train	train	valid	train	train	train	test	train	train	test
DB09048	C0007134	0	C12	train	train	train	train	train	train	train	train	train	train
DB09049	C0015967	0	C23	train	valid	train	test	train	train	train	valid	test	train
DB09049	C0029442	0	C18	train	train	train	train	train	test	train	train	train	train
DB09053	C0016470	0	C20	train	train	train	train	train	train	train	train	valid	train
DB09053	C0032897	0	C16	train	train	test	train	train	train	train	train	train	train
DB09053	C0162565	0	C06	test	train	train	test	train	test	train	train	train	train
DB09054	C0001957	0	C25	train	train	valid	train	valid	train	train	train	train	train
DB09054	C0004775	0	C12	train	train	train	train	train	train	train	train	train	train
DB09054	C0007786	0	C10	train	train	train	train	train	valid	valid	train	train	train
DB09054	C0014544	0	C10	train	train	train	train	train	valid	valid	train	train	train
DB09054	C0026838	0	C05	train	train	train	train	train	train	train	train	train	train
DB09054	C0036323	0	C01	train	train	train	train	valid	valid	train	train	train	train
DB09054	C0040147	0	C19	train	train	test	valid	train	train	test	train	train	valid
DB09059	C0005138	0	C08	valid	train	test	train	valid	train	train	train	valid	train
DB09059	C0018802	0	C14	valid	test	train	valid	test	train	train	test	train	valid
DB09059	C0033774	0	C17	test	train	train	train	train	train	train	train	train	train
DB09059	C0042510	0	C14	valid	test	train	valid	test	train	train	test	train	valid
DB09067	C0020461	0	C18	train	train	train	train	train	test	train	train	train	train
DB09068	C0007785	0	C10	train	train	train	train	train	valid	valid	train	train	train
DB09068	C0008312	0	C06	test	train	train	test	train	test	train	train	train	train
DB09069	C0026705	0	C16	train	train	test	train	train	train	train	train	train	train
DB09069	C0276226	0	C01	train	train	train	train	valid	valid	train	train	train	train
DB09070	C0023892	0	C06	test	train	train	test	train	test	train	train	train	train
DB09074	C0007193	0	C14	valid	test	train	valid	test	train	train	test	train	valid
DB09074	C0018995	0	C18	train	train	train	train	train	test	train	train	train	train
DB09074	C0023480	0	C15	train	train	train	train	train	train	train	train	test	train
DB09074	C1328407	0	C26	train	train	test	train	train	valid	train	train	train	train
DB09075	C0002871	0	C15	train	train	train	train	train	train	train	train	test	train
DB09075	C0013264	0	C16	train	train	test	train	train	train	train	train	train	train
DB09075	C0024138	0	C17	test	train	train	train	train	train	train	train	train	train
DB09075	C0878544	0	C14	valid	test	train	valid	test	train	train	test	train	valid
DB09076	C0004775	0	C12	train	train	train	train	train	train	train	train	train	train
DB09078	C0003123	0	C23	train	valid	train	test	train	train	train	valid	test	train
DB09078	C0020557	0	C18	train	train	train	train	train	test	train	train	train	train
DB09078	C1565489	0	C12	train	train	train	train	train	train	train	train	train	train
DB09079	C0002726	0	C18	train	train	train	train	train	test	train	train	train	train
DB09079	C0014121	0	C01	train	train	train	train	valid	valid	train	train	train	train
DB09079	C0026650	0	C10	train	train	train	train	train	valid	valid	train	train	train
DB09080	C0020757	0	C16	train	train	test	train	train	train	train	train	train	train
DB09080	C0022876	0	C12	train	train	train	train	train	train	train	train	train	train
DB09080	C0029458	0	C05	train	train	train	train	train	train	train	train	train	train
DB09080	C0042514	0	C14	valid	test	train	valid	test	train	train	test	train	valid
DB09082	C0002726	0	C18	train	train	train	train	train	test	train	train	train	train
DB09082	C0006625	0	C23	train	valid	train	test	train	train	train	valid	test	train
DB09082	C0039103	0	C05	train	train	train	train	train	train	train	train	train	train
DB09082	C0042875	0	C18	train	train	train	train	train	test	train	train	train	train
DB09083	C0002871	0	C15	train	train	train	train	train	train	train	train	test	train
DB09083	C0015530	0	C15	train	train	train	train	train	train	train	train	test	train
DB09083	C0018418	0	C17	test	train	train	train	train	train	train	train	train	train
DB09083	C0553580	0	C04	train	train	valid	train	train	train	test	train	train	test
DB09083	C1527336	0	C05	train	train	train	train	train	train	train	train	train	train
DB09085	C0005695	0	C12	train	train	train	train	train	train	train	train	train	train
DB09085	C0029456	0	C05	train	train	train	train	train	train	train	train	train	train
DB09085	C0042842	0	C18	train	train	train	train	train	test	train	train	train	train
DB09089	C0004364	0	C20	train	train	train	train	train	train	train	train	valid	train
DB09089	C0014867	0	C06	test	train	train	test	train	test	train	train	train	train
DB09089	C0025202	0	C04	train	train	valid	train	train	train	test	train	train	test
DB09090	C0024143	0	C12	train	train	train	train	train	train	train	train	train	train
DB09090	C0040517	0	C10	train	train	train	train	train	valid	valid	train	train	train
DB09091	C0017601	0	C11	train	valid	valid	train	valid	train	train	train	train	test
DB09091	C0025637	0	C15	train	train	train	train	train	train	train	train	test	train
DB09097	C0002170	0	C17	test	train	train	train	train	train	train	train	train	train
DB09097	C0013604	0	C23	train	valid	train	test	train	train	train	valid	test	train
DB09097	C0020473	0	C18	train	train	train	train	train	test	train	train	train	train
DB09097	C0020474	0	C18	train	train	train	train	train	test	train	train	train	train
DB09099	C0020546	0	C14	valid	test	train	valid	test	train	train	test	train	valid
DB09099	C0085580	0	C14	valid	test	train	valid	test	train	train	test	train	valid
DB09099	C0235974	0	C04	train	train	valid	train	train	train	test	train	train	test
DB09099	C0270851	0	C10	train	train	train	train	train	valid	valid	train	train	train
DB09107	C0009404	0	C06	test	train	train	test	train	test	train	train	train	train
DB09107	C0015230	0	C17	test	train	train	train	train	train	train	train	train	train
DB09108	C0020179	0	C10	train	train	train	train	train	valid	valid	train	train	train
DB09108	C0029458	0	C05	train	train	train	train	train	train	train	train	train	train
DB09108	C0085682	0	C18	train	train	train	train	train	test	train	train	train	train
DB09108	C0220756	0	C18	train	train	train	train	train	test	train	train	train	train
DB09109	C0003123	0	C23	train	valid	train	test	train	train	train	valid	test	train
DB09109	C0024473	0	C18	train	train	train	train	train	test	train	train	train	train
DB09109	C0027051	0	C14	valid	test	train	valid	test	train	train	test	train	valid
DB09118	C0037188	0	C14	valid	test	train	valid	test	train	train	test	train	valid
DB09118	C0473527	0	C18	train	train	train	train	train	test	train	train	train	train
DB09119	C0003872	0	C05	train	train	train	train	train	train	train	train	train	train
DB09121	C0001623	0	C19	train	train	test	valid	train	train	test	train	train	valid
DB09121	C0014869	0	C06	test	train	train	test	train	test	train	train	train	train
DB09121	C0021051	0	C20	train	train	train	train	train	train	train	train	valid	train
DB09121	C0221013	0	C04	train	train	valid	train	train	train	test	train	train	test
DB09126	C0002965	0	C14	valid	test	train	valid	test	train	train	test	train	valid
DB09131	C0042571	0	C09	train	train	test	train	train	train	test	valid	train	test
DB09131	C0428977	0	C14	valid	test	train	valid	test	train	train	test	train	valid
DB09140	C0014173	0	C12	train	train	train	train	train	train	train	train	train	train
DB09140	C0019069	0	C15	train	train	train	train	train	train	train	train	test	train
DB09143	C0009763	0	C11	train	valid	valid	train	valid	train	train	train	train	test
DB09143	C0015456	0	C17	test	train	train	train	train	train	train	train	train	train
DB09143	C0042138	0	C12	train	train	train	train	train	train	train	train	train	train
DB09143	C0162627	0	C01	train	train	train	train	valid	valid	train	train	train	train
DB09146	C0017160	0	C06	test	train	train	test	train	test	train	train	train	train
DB09167	C0010308	0	C05	train	train	train	train	train	train	train	train	train	train
DB09167	C0017152	0	C06	test	train	train	test	train	test	train	train	train	train
DB09167	C0027121	0	C05	train	train	train	train	train	train	train	train	train	train
DB09167	C0349464	0	C10	train	train	train	train	train	valid	valid	train	train	train
DB09185	C0022951	0	C18	train	train	train	train	train	test	train	train	train	train
DB09198	C0003862	0	C05	train	train	train	train	train	train	train	train	train	train
DB09198	C0015230	0	C17	test	train	train	train	train	train	train	train	train	train
DB09198	C0015371	0	C10	train	train	train	train	train	valid	valid	train	train	train
DB09198	C0018995	0	C18	train	train	train	train	train	test	train	train	train	train
DB09198	C0020433	0	C23	train	valid	train	test	train	train	train	valid	test	train
DB09198	C0024031	0	C23	train	valid	train	test	train	train	train	valid	test	train
DB09198	C0079584	0	C17	test	train	train	train	train	train	train	train	train	train
DB09198	C0079744	0	C04	train	train	valid	train	train	train	test	train	train	test
DB09204	C0002874	0	C15	train	train	train	train	train	train	train	train	test	train
DB09204	C0024031	0	C23	train	valid	train	test	train	train	train	valid	test	train
DB09204	C0027726	0	C12	train	train	train	train	train	train	train	train	train	train
DB09205	C0085682	0	C18	train	train	train	train	train	test	train	train	train	train
DB09212	C0001418	0	C04	train	train	valid	train	train	train	test	train	train	test
DB09212	C0020676	0	C19	train	train	test	valid	train	train	test	train	train	valid
DB09213	C0027121	0	C05	train	train	train	train	train	train	train	train	train	train
DB09213	C0029442	0	C18	train	train	train	train	train	test	train	train	train	train
DB09213	C0034065	0	C08	valid	train	test	train	valid	train	train	train	valid	train
DB09217	C0015944	0	C12	train	train	train	train	train	train	train	train	train	train
DB09217	C0024115	0	C08	valid	train	test	train	valid	train	train	train	valid	train
DB09217	C0043459	0	C12	train	train	train	train	train	train	train	train	train	train
DB09217	C0451641	0	C12	train	train	train	train	train	train	train	train	train	train
DB09217	C1269683	0	F03	train	train	test	train	train	train	train	valid	train	train
DB09220	C0206686	0	C19	train	train	test	valid	train	train	test	train	train	valid
DB09221	C0018794	0	C14	valid	test	train	valid	test	train	train	test	train	valid
DB09221	C0025294	0	C01	train	train	train	train	valid	valid	train	train	train	train
DB09221	C0036337	0	F03	train	train	test	train	train	train	train	valid	train	train
DB09223	C0020452	0	C14	valid	test	train	valid	test	train	train	test	train	valid
DB09228	C0013405	0	C08	valid	train	test	train	valid	train	train	train	valid	train
DB09228	C0020676	0	C19	train	train	test	valid	train	train	test	train	train	valid
DB09228	C0029927	0	C12	train	train	train	train	train	train	train	train	train	train
DB09228	C0031154	0	C01	train	train	train	train	valid	valid	train	train	train	train
DB09228	C1565489	0	C12	train	train	train	train	train	train	train	train	train	train
DB09229	C0003811	0	C14	valid	test	train	valid	test	train	train	test	train	valid
DB09229	C0005424	0	C06	test	train	train	test	train	test	train	train	train	train
DB09229	C0011581	0	F03	train	train	test	train	train	train	train	valid	train	train
DB09229	C0022876	0	C12	train	train	train	train	train	train	train	train	train	train
DB09229	C0035220	0	C08	valid	train	test	train	valid	train	train	train	valid	train
DB09229	C0235974	0	C04	train	train	valid	train	train	train	test	train	train	test
DB09235	C0014173	0	C12	train	train	train	train	train	train	train	train	train	train
DB09235	C0020437	0	C18	train	train	train	train	train	test	train	train	train	train
DB09235	C1961835	0	C18	train	train	train	train	train	test	train	train	train	train
DB09241	C0020503	0	C19	train	train	test	valid	train	train	test	train	train	valid
DB09241	C0020649	0	C14	valid	test	train	valid	test	train	train	test	train	valid
DB09241	C0270851	0	C10	train	train	train	train	train	valid	valid	train	train	train
DB09241	C0311277	0	C18	train	train	train	train	train	test	train	train	train	train
DB09244	C0001122	0	C18	train	train	train	train	train	test	train	train	train	train
DB09244	C0001403	0	C19	train	train	test	valid	train	train	test	train	train	valid
DB09244	C0014556	0	C10	train	train	train	train	train	valid	valid	train	train	train
DB09244	C1704417	0	C18	train	train	train	train	train	test	train	train	train	train
DB09245	C0002962	0	C14	valid	test	train	valid	test	train	train	test	train	valid
DB09258	C0018798	0	C14	valid	test	train	valid	test	train	train	test	train	valid
DB09258	C0022593	0	C17	test	train	train	train	train	train	train	train	train	train
DB09262	C0001883	0	C08	valid	train	test	train	valid	train	train	train	valid	train
DB09262	C0031485	0	C18	train	train	train	train	train	test	train	train	train	train
DB09265	C0003467	0	F01	valid	train	train	train	train	valid	test	train	train	train
DB09265	C0018790	0	C14	valid	test	train	valid	test	train	train	test	train	valid
DB09270	C0002418	0	C10	train	train	train	train	train	valid	valid	train	train	train
DB09271	C0025149	0	C04	train	train	valid	train	train	train	test	train	train	test
DB09271	C0039483	0	C14	valid	test	train	valid	test	train	train	test	train	valid
DB09272	C0016057	0	C04	train	train	valid	train	train	train	test	train	train	test
DB09272	C0032768	0	C10	train	train	train	train	train	valid	valid	train	train	train
DB09273	C0000744	0	C18	train	train	train	train	train	test	train	train	train	train
DB09273	C0010054	0	C14	valid	test	train	valid	test	train	train	test	train	valid
DB09273	C0020550	0	C19	train	train	test	valid	train	train	test	train	train	valid
DB09273	C0376358	0	C12	train	train	train	train	train	train	train	train	train	train
DB09279	C0027430	0	C08	valid	train	test	train	valid	train	train	train	valid	train
DB09279	C0041948	0	C12	train	train	train	train	train	train	train	train	train	train
DB09280	C0013415	0	F03	train	train	test	train	train	train	train	valid	train	train
DB09280	C0398623	0	C15	train	train	train	train	train	train	train	train	test	train
DB09280	C0751434	0	C18	train	train	train	train	train	test	train	train	train	train
DB09286	C0023518	0	C15	train	train	train	train	train	train	train	train	test	train
DB09286	C1527311	0	C10	train	train	train	train	train	valid	valid	train	train	train
DB09288	C0018213	0	C19	train	train	test	valid	train	train	test	train	train	valid
DB09288	C0018671	0	C04	train	train	valid	train	train	train	test	train	train	test
DB09288	C0036572	0	C10	train	train	train	train	train	valid	valid	train	train	train
DB09288	C0524909	0	C01	train	train	train	train	valid	valid	train	train	train	train
DB09289	C0004245	0	C14	valid	test	train	valid	test	train	train	test	train	valid
DB09289	C0040038	0	C14	valid	test	train	valid	test	train	train	test	train	valid
DB09290	C0085413	0	C12	train	train	train	train	train	train	train	train	train	train
DB09290	C0917805	0	C10	train	train	train	train	train	valid	valid	train	train	train
DB09292	C0011603	0	C17	test	train	train	train	train	train	train	train	train	train
DB09292	C0013404	0	C08	valid	train	test	train	valid	train	train	train	valid	train
DB09292	C0014038	0	C10	train	train	train	train	train	valid	valid	train	train	train
DB09292	C0149925	0	C08	valid	train	test	train	valid	train	train	train	valid	train
DB09292	C1328407	0	C26	train	train	test	train	train	valid	train	train	train	train
DB09301	C0007789	0	C10	train	train	train	train	train	valid	valid	train	train	train
DB09301	C0013595	0	C17	test	train	train	train	train	train	train	train	train	train
DB09301	C0032897	0	C16	train	train	test	train	train	train	train	train	train	train
DB09301	C0042024	0	C12	train	train	train	train	train	train	train	train	train	train
DB09301	C0235063	0	C08	valid	train	test	train	valid	train	train	train	valid	train
DB09302	C0019080	0	C23	train	valid	train	test	train	train	train	valid	test	train
DB09302	C0020479	0	C18	train	train	train	train	train	test	train	train	train	train
DB09302	C0021051	0	C20	train	train	train	train	train	train	train	train	valid	train
DB09302	C0038454	0	C10	train	train	train	train	train	valid	valid	train	train	train
DB09310	C0036202	0	C15	train	train	train	train	train	train	train	train	test	train
DB09331	C0041296	0	C01	train	train	train	train	valid	valid	train	train	train	train
DB09331	C0042133	0	C04	train	train	valid	train	train	train	test	train	train	test
DB09331	C0524909	0	C01	train	train	train	train	valid	valid	train	train	train	train
DB09332	C0035222	0	C08	valid	train	test	train	valid	train	train	train	valid	train
DB09332	C0042510	0	C14	valid	test	train	valid	test	train	train	test	train	valid
DB09332	C0162565	0	C06	test	train	train	test	train	test	train	train	train	train
DB09343	C0004604	0	C23	train	valid	train	test	train	train	train	valid	test	train
DB09343	C0024790	0	C15	train	train	train	train	train	train	train	train	test	train
DB09343	C0036202	0	C15	train	train	train	train	train	train	train	train	test	train
DB09351	C0008489	0	C10	train	train	train	train	train	valid	valid	train	train	train
DB09351	C0162566	0	C06	test	train	train	test	train	test	train	train	train	train
DB09371	C0003123	0	C23	train	valid	train	test	train	train	train	valid	test	train
DB09371	C0012739	0	C15	train	train	train	train	train	train	train	train	test	train
DB09371	C0038018	0	C05	train	train	train	train	train	train	train	train	train	train
DB09371	C0040034	0	C15	train	train	train	train	train	train	train	train	test	train
DB09389	C0009763	0	C11	train	valid	valid	train	valid	train	train	train	train	test
DB09389	C0877792	0	C10	train	train	train	train	train	valid	valid	train	train	train
DB09401	C0000786	0	C12	train	train	train	train	train	train	train	train	train	train
DB09401	C0002792	0	C20	train	train	train	train	train	train	train	train	valid	train
DB09401	C0007789	0	C10	train	train	train	train	train	valid	valid	train	train	train
DB09401	C0011881	0	C12	train	train	train	train	train	train	train	train	train	train
DB09401	C0036341	0	F03	train	train	test	train	train	train	train	valid	train	train
DB09401	C0236964	0	F03	train	train	test	train	train	train	train	valid	train	train
DB09462	C0236964	0	F03	train	train	test	train	train	train	train	valid	train	train
DB09462	C0596263	0	C04	train	train	valid	train	train	train	test	train	train	test
DB09477	C0001418	0	C04	train	train	valid	train	train	train	test	train	train	test
DB09488	C0017531	0	C15	train	train	train	train	train	train	train	train	test	train
DB09488	C0038013	0	C05	train	train	train	train	train	train	train	train	train	train
DB09488	C0677607	0	C19	train	train	test	valid	train	train	test	train	train	valid
DB09488	C0678222	0	C04	train	train	valid	train	train	train	test	train	train	test
DB09516	C0018133	0	C20	train	train	train	train	train	train	train	train	valid	train
DB09516	C0043515	0	C06	test	train	train	test	train	test	train	train	train	train
DB09517	C0011633	0	C17	test	train	train	train	train	train	train	train	train	train
DB09517	C0025637	0	C15	train	train	train	train	train	train	train	train	test	train
DB09526	C0018790	0	C14	valid	test	train	valid	test	train	train	test	train	valid
DB09555	C0007117	0	C04	train	train	valid	train	train	train	test	train	train	test
DB09555	C0007138	0	C04	train	train	valid	train	train	train	test	train	train	test
DB09559	C0019112	0	C06	test	train	train	test	train	test	train	train	train	train
DB09559	C0029401	0	C05	train	train	train	train	train	train	train	train	train	train
DB09559	C0032897	0	C16	train	train	test	train	train	train	train	train	train	train
DB09564	C0034069	0	C08	valid	train	test	train	valid	train	train	train	valid	train
DB09568	C0020452	0	C14	valid	test	train	valid	test	train	train	test	train	valid
DB09568	C0033375	0	C04	train	train	valid	train	train	train	test	train	train	test
DB11059	C0000744	0	C18	train	train	train	train	train	test	train	train	train	train
DB11059	C0017636	0	C04	train	train	valid	train	train	train	test	train	train	test
DB11059	C0085159	0	F03	train	train	test	train	train	train	train	valid	train	train
DB11071	C0027819	0	C04	train	train	valid	train	train	train	test	train	train	test
DB11071	C0042963	0	C23	train	valid	train	test	train	train	train	valid	test	train
DB11081	C0003492	0	C14	valid	test	train	valid	test	train	train	test	train	valid
DB11081	C0006105	0	C01	train	train	train	train	valid	valid	train	train	train	train
DB11081	C0040156	0	C19	train	train	test	valid	train	train	test	train	train	valid
DB11085	C0012833	0	C23	train	valid	train	test	train	train	train	valid	test	train
DB11085	C0019112	0	C06	test	train	train	test	train	test	train	train	train	train
DB11085	C0024790	0	C15	train	train	train	train	train	train	train	train	test	train
DB11085	C0031117	0	C10	train	train	train	train	train	valid	valid	train	train	train
DB11085	C0037299	0	C17	test	train	train	train	train	train	train	train	train	train
DB11130	C0030569	0	C10	train	train	train	train	train	valid	valid	train	train	train
DB11130	C0032787	0	C23	train	valid	train	test	train	train	train	valid	test	train
DB11130	C1961099	0	C15	train	train	train	train	train	train	train	train	test	train
DB11131	C0020544	0	C12	train	train	train	train	train	train	train	train	train	train
DB11136	C0020598	0	C18	train	train	train	train	train	test	train	train	train	train
DB11136	C0206693	0	C04	train	train	valid	train	train	train	test	train	train	test
DB11136	C1540912	0	C15	train	train	train	train	train	train	train	train	test	train
DB11157	C0009319	0	C06	test	train	train	test	train	test	train	train	train	train
DB11166	C0020443	0	C18	train	train	train	train	train	test	train	train	train	train
DB11166	C0034734	0	C14	valid	test	train	valid	test	train	train	test	train	valid
DB11181	C0011881	0	C12	train	train	train	train	train	train	train	train	train	train
DB11181	C0023869	0	C23	train	valid	train	test	train	train	train	valid	test	train
DB11235	C0014583	0	C11	train	valid	valid	train	valid	train	train	train	train	test
DB11235	C0024115	0	C08	valid	train	test	train	valid	train	train	train	valid	train
DB11235	C0034150	0	C23	train	valid	train	test	train	train	train	valid	test	train
DB11235	C0039621	0	C10	train	train	train	train	train	valid	valid	train	train	train
DB11235	C0271623	0	C19	train	train	test	valid	train	train	test	train	train	valid
DB11273	C0001403	0	C19	train	train	test	valid	train	train	test	train	train	valid
DB11273	C0007820	0	C10	train	train	train	train	train	valid	valid	train	train	train
DB11274	C0002888	0	C15	train	train	train	train	train	train	train	train	test	train
DB11274	C0008311	0	C06	test	train	train	test	train	test	train	train	train	train
DB11274	C2936781	0	C10	train	train	train	train	train	valid	valid	train	train	train
DB11324	C0013405	0	C08	valid	train	test	train	valid	train	train	train	valid	train
DB11362	C0020507	0	C23	train	valid	train	test	train	train	train	valid	test	train
DB11362	C0022665	0	C12	train	train	train	train	train	train	train	train	train	train
DB11362	C0175683	0	C18	train	train	train	train	train	test	train	train	train	train
DB11362	C0262584	0	C04	train	train	valid	train	train	train	test	train	train	test
DB11362	C0751967	0	C10	train	train	train	train	train	valid	valid	train	train	train
DB11362	C0917798	0	C10	train	train	train	train	train	valid	valid	train	train	train
DB11362	C2267227	0	F03	train	train	test	train	train	train	train	valid	train	train
DB11363	C0004153	0	C14	valid	test	train	valid	test	train	train	test	train	valid
DB11363	C0012833	0	C23	train	valid	train	test	train	train	train	valid	test	train
DB11363	C0023449	0	C15	train	train	train	train	train	train	train	train	test	train
DB11363	C0235480	0	C14	valid	test	train	valid	test	train	train	test	train	valid
DB11363	C0268483	0	C18	train	train	train	train	train	test	train	train	train	train
DB11560	C0015624	0	C12	train	train	train	train	train	train	train	train	train	train
DB11560	C0016470	0	C20	train	train	train	train	train	train	train	train	valid	train
DB11560	C0018273	0	C23	train	valid	train	test	train	train	train	valid	test	train
DB11560	C0020649	0	C14	valid	test	train	valid	test	train	train	test	train	valid
DB11560	C0032460	0	C12	train	train	train	train	train	train	train	train	train	train
DB11560	C0398623	0	C15	train	train	train	train	train	train	train	train	test	train
DB11571	C0014743	0	C17	test	train	train	train	train	train	train	train	train	train
DB11571	C1561643	0	C12	train	train	train	train	train	train	train	train	train	train
DB11572	C0029443	0	C01	train	train	train	train	valid	valid	train	train	train	train
DB11572	C0031117	0	C10	train	train	train	train	train	valid	valid	train	train	train
DB11572	C0085215	0	C12	train	train	train	train	train	train	train	train	train	train
DB11572	C0268596	0	C18	train	train	train	train	train	test	train	train	train	train
DB11572	C0342881	0	C18	train	train	train	train	train	test	train	train	train	train
DB11572	C0751122	0	C10	train	train	train	train	train	valid	valid	train	train	train
DB11582	C0041296	0	C01	train	train	train	train	valid	valid	train	train	train	train
DB11591	C0002418	0	C10	train	train	train	train	train	valid	valid	train	train	train
DB11591	C0011633	0	C17	test	train	train	train	train	train	train	train	train	train
DB11591	C0013386	0	C10	train	train	train	train	train	valid	valid	train	train	train
DB11591	C0042373	0	C14	valid	test	train	valid	test	train	train	test	train	valid
DB11591	C0268596	0	C18	train	train	train	train	train	test	train	train	train	train
DB11591	C1260899	0	C15	train	train	train	train	train	train	train	train	test	train
DB11595	C0001206	0	C05	train	train	train	train	train	train	train	train	train	train
DB11595	C0013428	0	C23	train	valid	train	test	train	train	train	valid	test	train
DB11595	C0040028	0	C15	train	train	train	train	train	train	train	train	test	train
DB11595	C0206693	0	C04	train	train	valid	train	train	train	test	train	train	test
DB11598	C0030319	0	F03	train	train	test	train	train	train	train	valid	train	train
DB11598	C0302280	0	C12	train	train	train	train	train	train	train	train	train	train
DB11598	C0751434	0	C18	train	train	train	train	train	test	train	train	train	train
DB11614	C0238463	0	C04	train	train	valid	train	train	train	test	train	train	test
DB11614	C1956346	0	C14	valid	test	train	valid	test	train	train	test	train	valid
DB11619	C0021364	0	C12	train	train	train	train	train	train	train	train	train	train
DB11619	C0032285	0	C08	valid	train	test	train	valid	train	train	train	valid	train
DB11619	C0034013	0	C19	train	train	test	valid	train	train	test	train	train	valid
DB11629	C0003811	0	C14	valid	test	train	valid	test	train	train	test	train	valid
DB11629	C0013720	0	C17	test	train	train	train	train	train	train	train	train	train
DB11629	C0026987	0	C15	train	train	train	train	train	train	train	train	test	train
DB11629	C0520679	0	C08	valid	train	test	train	valid	train	train	train	valid	train
DB11632	C0038356	0	C06	test	train	train	test	train	test	train	train	train	train
DB11632	C0342731	0	C16	train	train	test	train	train	train	train	train	train	train
DB11635	C0039621	0	C10	train	train	train	train	train	valid	valid	train	train	train
DB11656	C0001623	0	C19	train	train	test	valid	train	train	test	train	train	valid
DB11656	C0028734	0	C23	train	valid	train	test	train	train	train	valid	test	train
DB11656	C0031099	0	C07	train	train	train	train	test	train	train	train	train	train
DB11656	C0042510	0	C14	valid	test	train	valid	test	train	train	test	train	valid
DB11660	C0029453	0	C05	train	train	train	train	train	train	train	train	train	train
DB11660	C0751122	0	C10	train	train	train	train	train	valid	valid	train	train	train
DB11660	C0948480	0	C14	valid	test	train	valid	test	train	train	test	train	valid
DB11675	C0033774	0	C17	test	train	train	train	train	train	train	train	train	train
DB11696	C0003962	0	C23	train	valid	train	test	train	train	train	valid	test	train
DB11696	C0021308	0	C23	train	valid	train	test	train	train	train	valid	test	train
DB11699	C0018834	0	C23	train	valid	train	test	train	train	train	valid	test	train
DB11712	C0002453	0	C23	train	valid	train	test	train	train	train	valid	test	train
DB11712	C0011860	0	C18	train	train	train	train	train	test	train	train	train	train
DB11712	C0015530	0	C15	train	train	train	train	train	train	train	train	test	train
DB11712	C0023443	0	C15	train	train	train	train	train	train	train	train	test	train
DB11742	C0019618	0	C15	train	train	train	train	train	train	train	train	test	train
DB11742	C0024031	0	C23	train	valid	train	test	train	train	train	valid	test	train
DB11742	C0949116	0	C15	train	train	train	train	train	train	train	train	test	train
DB11748	C0026948	0	C04	train	train	valid	train	train	train	test	train	train	test
DB11757	C0238463	0	C04	train	train	valid	train	train	train	test	train	train	test
DB11767	C0032580	0	C06	test	train	train	test	train	test	train	train	train	train
DB11767	C0036690	0	C01	train	train	train	train	valid	valid	train	train	train	train
DB11783	C0016470	0	C20	train	train	train	train	train	train	train	train	valid	train
DB11783	C0020476	0	C18	train	train	train	train	train	test	train	train	train	train
DB11783	C0268483	0	C18	train	train	train	train	train	test	train	train	train	train
DB11792	C0026838	0	C05	train	train	train	train	train	train	train	train	train	train
DB11817	C0000744	0	C18	train	train	train	train	train	test	train	train	train	train
DB11817	C0002390	0	C08	valid	train	test	train	valid	train	train	train	valid	train
DB11817	C0003864	0	C05	train	train	train	train	train	train	train	train	train	train
DB11817	C0027497	0	C23	train	valid	train	test	train	train	train	valid	test	train
DB11817	C0037299	0	C17	test	train	train	train	train	train	train	train	train	train
DB11817	C0085681	0	C18	train	train	train	train	train	test	train	train	train	train
DB11824	C0162316	0	C15	train	train	train	train	train	train	train	train	test	train
DB11827	C0014733	0	C01	train	train	train	train	valid	valid	train	train	train	train
DB11827	C0019618	0	C15	train	train	train	train	train	train	train	train	test	train
DB11834	C0018681	0	C23	train	valid	train	test	train	train	train	valid	test	train
DB11834	C0032914	0	C12	train	train	train	train	train	train	train	train	train	train
DB11950	C0007137	0	C04	train	train	valid	train	train	train	test	train	train	test
DB11988	C0001403	0	C19	train	train	test	valid	train	train	test	train	train	valid
DB11988	C0011860	0	C18	train	train	train	train	train	test	train	train	train	train
DB11988	C0022665	0	C12	train	train	train	train	train	train	train	train	train	train
DB11988	C0033774	0	C17	test	train	train	train	train	train	train	train	train	train
DB11994	C0024473	0	C18	train	train	train	train	train	test	train	train	train	train
DB11994	C0024523	0	C06	test	train	train	test	train	test	train	train	train	train
DB11994	C0025323	0	C12	train	train	train	train	train	train	train	train	train	train
DB11995	C0004775	0	C12	train	train	train	train	train	train	train	train	train	train
DB11995	C4083212	0	C17	test	train	train	train	train	train	train	train	train	train
DB12010	C0085159	0	F03	train	train	test	train	train	train	train	valid	train	train
DB12010	C0149931	0	C10	train	train	train	train	train	valid	valid	train	train	train
DB12017	C0004352	0	F03	train	train	test	train	train	train	train	valid	train	train
DB12017	C0008311	0	C06	test	train	train	test	train	test	train	train	train	train
DB12017	C0014742	0	C17	test	train	train	train	train	train	train	train	train	train
DB12017	C0029191	0	C12	train	train	train	train	train	train	train	train	train	train
DB12017	C0038220	0	C10	train	train	train	train	train	valid	valid	train	train	train
DB12017	C0262584	0	C04	train	train	valid	train	train	train	test	train	train	test
DB12023	C0033860	0	C17	test	train	train	train	train	train	train	train	train	train
DB12023	C0037274	0	C17	test	train	train	train	train	train	train	train	train	train
DB12082	C0026705	0	C16	train	train	test	train	train	train	train	train	train	train
DB12082	C0030305	0	C06	test	train	train	test	train	test	train	train	train	train
DB12082	C0030446	0	C06	test	train	train	test	train	test	train	train	train	train
DB12082	C0036202	0	C15	train	train	train	train	train	train	train	train	test	train
DB12082	C0037274	0	C17	test	train	train	train	train	train	train	train	train	train
DB12095	C0040479	0	C14	valid	test	train	valid	test	train	train	test	train	valid
DB12095	C0042875	0	C18	train	train	train	train	train	test	train	train	train	train
DB12153	C0029401	0	C05	train	train	train	train	train	train	train	train	train	train
DB12153	C0032580	0	C06	test	train	train	test	train	test	train	train	train	train
DB12163	C0007785	0	C10	train	train	train	train	train	valid	valid	train	train	train
DB12163	C0023443	0	C15	train	train	train	train	train	train	train	train	test	train
DB12163	C0029443	0	C01	train	train	train	train	valid	valid	train	train	train	train
DB12230	C0013415	0	F03	train	train	test	train	train	train	train	valid	train	train
DB12230	C0017086	0	C23	train	valid	train	test	train	train	train	valid	test	train
DB12230	C0020635	0	C10	train	train	train	train	train	valid	valid	train	train	train
DB12230	C0235974	0	C04	train	train	valid	train	train	train	test	train	train	test
DB12230	C0268390	0	C17	test	train	train	train	train	train	train	train	train	train
DB12233	C0005283	0	C15	train	train	train	train	train	train	train	train	test	train
DB12233	C0079744	0	C04	train	train	valid	train	train	train	test	train	train	test
DB12243	C0002171	0	C17	test	train	train	train	train	train	train	train	train	train
DB12243	C0004153	0	C14	valid	test	train	valid	test	train	train	test	train	valid
DB12243	C0020433	0	C23	train	valid	train	test	train	train	train	valid	test	train
DB12248	C0014553	0	C10	train	train	train	train	train	valid	valid	train	train	train
DB12248	C0034951	0	C11	train	valid	valid	train	valid	train	train	train	train	test
DB12278	C0005586	0	F03	train	train	test	train	train	train	train	valid	train	train
DB12278	C0015469	0	C07	train	train	train	train	test	train	train	train	train	train
DB12278	C0024143	0	C12	train	train	train	train	train	train	train	train	train	train
DB12278	C1961099	0	C15	train	train	train	train	train	train	train	train	test	train
DB12319	C0005741	0	C11	train	valid	valid	train	valid	train	train	train	train	test
DB12364	C0015469	0	C07	train	train	train	train	test	train	train	train	train	train
DB12364	C0162834	0	C17	test	train	train	train	train	train	train	train	train	train
DB12401	C0005697	0	C12	train	train	train	train	train	train	train	train	train	train
DB12401	C0011615	0	C17	test	train	train	train	train	train	train	train	train	train
DB12401	C0020445	0	C18	train	train	train	train	train	test	train	train	train	train
DB12401	C0029927	0	C12	train	train	train	train	train	train	train	train	train	train
DB12401	C0040015	0	C15	train	train	train	train	train	train	train	train	test	train
DB12401	C0409959	0	C05	train	train	train	train	train	train	train	train	train	train
DB12417	C0002894	0	C15	train	train	train	train	train	train	train	train	test	train
DB12417	C0042029	0	C12	train	train	train	train	train	train	train	train	train	train
DB12478	C0024138	0	C17	test	train	train	train	train	train	train	train	train	train
DB12478	C0032580	0	C06	test	train	train	test	train	test	train	train	train	train
DB12483	C0878544	0	C14	valid	test	train	valid	test	train	train	test	train	valid
DB12523	C0007570	0	C06	test	train	train	test	train	test	train	train	train	train
DB12545	C0008677	0	C08	valid	train	test	train	valid	train	train	train	valid	train
DB12545	C0017601	0	C11	train	valid	valid	train	valid	train	train	train	train	test
DB12545	C0024305	0	C04	train	train	valid	train	train	train	test	train	train	test
DB12545	C0282488	0	C12	train	train	train	train	train	train	train	train	train	train
DB12554	C0007193	0	C14	valid	test	train	valid	test	train	train	test	train	valid
DB12554	C0011854	0	C18	train	train	train	train	train	test	train	train	train	train
DB12554	C3544321	0	F03	train	train	test	train	train	train	train	valid	train	train
DB12598	C0017160	0	C06	test	train	train	test	train	test	train	train	train	train
DB12783	C0003123	0	C23	train	valid	train	test	train	train	train	valid	test	train
DB12783	C0006267	0	C08	valid	train	test	train	valid	train	train	train	valid	train
DB12783	C0020517	0	C20	train	train	train	train	train	train	train	train	valid	train
DB12783	C0027819	0	C04	train	train	valid	train	train	train	test	train	train	test
DB12783	C0036690	0	C01	train	train	train	train	valid	valid	train	train	train	train
DB12783	C0040517	0	C10	train	train	train	train	train	valid	valid	train	train	train
DB12783	C0242488	0	C08	valid	train	test	train	valid	train	train	train	valid	train
DB12783	C0877792	0	C10	train	train	train	train	train	valid	valid	train	train	train
DB12831	C0002895	0	C15	train	train	train	train	train	train	train	train	test	train
DB12831	C0028326	0	C14	valid	test	train	valid	test	train	train	test	train	valid
DB12831	C0035229	0	C08	valid	train	test	train	valid	train	train	train	valid	train
DB12833	C0001957	0	C25	train	train	valid	train	valid	train	train	train	train	train
DB12833	C0037199	0	C08	valid	train	test	train	valid	train	train	train	valid	train
DB12833	C1565489	0	C12	train	train	train	train	train	train	train	train	train	train
DB12836	C0002418	0	C10	train	train	train	train	train	valid	valid	train	train	train
DB12836	C0029396	0	C23	train	valid	train	test	train	train	train	valid	test	train
DB12836	C0035457	0	C08	valid	train	test	train	valid	train	train	train	valid	train
DB12836	C0235974	0	C04	train	train	valid	train	train	train	test	train	train	test
DB12836	C0238198	0	C06	test	train	train	test	train	test	train	train	train	train
DB12836	C0920350	0	C19	train	train	test	valid	train	train	test	train	train	valid
DB12863	C0010043	0	C11	train	valid	valid	train	valid	train	train	train	train	test
DB12863	C0020179	0	C10	train	train	train	train	train	valid	valid	train	train	train
DB12863	C0022575	0	C11	train	valid	valid	train	valid	train	train	train	train	test
DB12865	C0206682	0	C04	train	train	valid	train	train	train	test	train	train	test
DB12865	C0262584	0	C04	train	train	valid	train	train	train	test	train	train	test
DB12865	C0276226	0	C01	train	train	train	train	valid	valid	train	train	train	train
DB12867	C0010308	0	C05	train	train	train	train	train	train	train	train	train	train
DB12947	C0004352	0	F03	train	train	test	train	train	train	train	valid	train	train
DB12947	C0012833	0	C23	train	valid	train	test	train	train	train	valid	test	train
DB12947	C0700201	0	C10	train	train	train	train	train	valid	valid	train	train	train
DB13036	C0004238	0	C14	valid	test	train	valid	test	train	train	test	train	valid
DB13152	C0162316	0	C15	train	train	train	train	train	train	train	train	test	train
DB13165	C0028949	0	C23	train	valid	train	test	train	train	train	valid	test	train
DB13169	C0085417	0	C10	train	train	train	train	train	valid	valid	train	train	train
DB13169	C0221013	0	C04	train	train	valid	train	train	train	test	train	train	test
DB13179	C0009324	0	C06	test	train	train	test	train	test	train	train	train	train
DB13179	C0017638	0	C04	train	train	valid	train	train	train	test	train	train	test
DB13179	C0040156	0	C19	train	train	test	valid	train	train	test	train	train	valid
DB13179	C0150055	0	C23	train	valid	train	test	train	train	train	valid	test	train
DB13217	C0001957	0	C25	train	train	valid	train	valid	train	train	train	train	train
DB13217	C0023480	0	C15	train	train	train	train	train	train	train	train	test	train
DB13217	C0042870	0	C18	train	train	train	train	train	test	train	train	train	train
DB13500	C0042571	0	C09	train	train	test	train	train	train	test	valid	train	test
DB13500	C1527304	0	C20	train	train	train	train	train	train	train	train	valid	train
DB13689	C0013428	0	C23	train	valid	train	test	train	train	train	valid	test	train
DB13689	C0017563	0	C07	train	train	train	train	test	train	train	train	train	train
DB13689	C0025500	0	C04	train	train	valid	train	train	train	test	train	train	test
DB13689	C0029443	0	C01	train	train	train	train	valid	valid	train	train	train	train
DB13689	C1861172	0	C14	valid	test	train	valid	test	train	train	test	train	valid
DB13783	C0030590	0	C14	valid	test	train	valid	test	train	train	test	train	valid
DB13783	C0034067	0	C23	train	valid	train	test	train	train	train	valid	test	train
DB13873	C0008325	0	C06	test	train	train	test	train	test	train	train	train	train
DB13873	C0014170	0	C12	train	train	train	train	train	train	train	train	train	train
DB13873	C0014869	0	C06	test	train	train	test	train	test	train	train	train	train
DB13919	C0018133	0	C20	train	train	train	train	train	train	train	train	valid	train
DB13919	C0018834	0	C23	train	valid	train	test	train	train	train	valid	test	train
DB13919	C0155862	0	C01	train	train	train	train	valid	valid	train	train	train	train
DB13928	C0032580	0	C06	test	train	train	test	train	test	train	train	train	train
DB13933	C0206686	0	C19	train	train	test	valid	train	train	test	train	train	valid
DB13943	C0003864	0	C05	train	train	train	train	train	train	train	train	train	train
DB13943	C0015230	0	C17	test	train	train	train	train	train	train	train	train	train
DB13954	C0011881	0	C12	train	train	train	train	train	train	train	train	train	train
DB13954	C0019243	0	C20	train	train	train	train	train	train	train	train	valid	train
DB13954	C0029442	0	C18	train	train	train	train	train	test	train	train	train	train
DB13954	C1961099	0	C15	train	train	train	train	train	train	train	train	test	train
DB13996	C0037274	0	C17	test	train	train	train	train	train	train	train	train	train
DB13996	C0040053	0	C14	valid	test	train	valid	test	train	train	test	train	valid
DB13996	C0162834	0	C17	test	train	train	train	train	train	train	train	train	train
DB13999	C0001403	0	C19	train	train	test	valid	train	train	test	train	train	valid
DB13999	C0002395	0	C10	train	train	train	train	train	valid	valid	train	train	train
DB13999	C0013390	0	C23	train	valid	train	test	train	train	train	valid	test	train
DB13999	C0023487	0	C04	train	train	valid	train	train	train	test	train	train	test
DB13999	C0036337	0	F03	train	train	test	train	train	train	train	valid	train	train
DB14006	C0011860	0	C18	train	train	train	train	train	test	train	train	train	train
DB14006	C0025500	0	C04	train	train	valid	train	train	train	test	train	train	test
DB14006	C2973725	0	C08	valid	train	test	train	valid	train	train	train	valid	train
DB14061	C0006271	0	C08	valid	train	test	train	valid	train	train	train	valid	train
DB14061	C0019880	0	C18	train	train	train	train	train	test	train	train	train	train
DB14061	C0042487	0	C14	valid	test	train	valid	test	train	train	test	train	valid
DB14061	C0740394	0	C23	train	valid	train	test	train	train	train	valid	test	train
L-Arginine	C0022073	0	C11	train	valid	valid	train	valid	train	train	train	train	test
L-Arginine	C0238111	0	C10	train	train	train	train	train	valid	valid	train	train	train
L-Citrulline	C0033117	0	C12	train	train	train	train	train	train	train	train	train	train
L-Citrulline	C0040136	0	C04	train	train	valid	train	train	train	test	train	train	test
SN-38	C0011616	0	C17	test	train	train	train	train	train	train	train	train	train
SN-38	C0032027	0	C17	test	train	train	train	train	train	train	train	train	train
SN-38	C0451641	0	C12	train	train	train	train	train	train	train	train	train	train
SN-38	C1384606	0	C12	train	train	train	train	train	train	train	train	train	train
aceclidine	C0020452	0	C14	valid	test	train	valid	test	train	train	test	train	valid
aceclidine	C0021655	0	C18	train	train	train	train	train	test	train	train	train	train
aceclidine	C0036323	0	C01	train	train	train	train	valid	valid	train	train	train	train
aceclidine	C1527311	0	C10	train	train	train	train	train	valid	valid	train	train	train
acefylline	C0019112	0	C06	test	train	train	test	train	test	train	train	train	train
acefylline	C0026764	0	C15	train	train	train	train	train	train	train	train	test	train
acefylline	C0033581	0	C12	train	train	train	train	train	train	train	train	train	train
acefylline	C0282193	0	C18	train	train	train	train	train	test	train	train	train	train
adiphenine	C0021361	0	C12	train	train	train	train	train	train	train	train	train	train
adrenalone	C0005587	0	F03	train	train	test	train	train	train	train	valid	train	train
adrenalone	C0011849	0	C18	train	train	train	train	train	test	train	train	train	train
adrenalone	C0398650	0	C15	train	train	train	train	train	train	train	train	test	train
aminopentamide	C0038525	0	C10	train	train	train	train	train	valid	valid	train	train	train
aminopentamide	C0949116	0	C15	train	train	train	train	train	train	train	train	test	train
ammonium-lactate	C0000744	0	C18	train	train	train	train	train	test	train	train	train	train
ammonium-lactate	C0001623	0	C19	train	train	test	valid	train	train	test	train	train	valid
ammonium-lactate	C0013182	0	C25	train	train	valid	train	valid	train	train	train	train	train
ammonium-lactate	C0019618	0	C15	train	train	train	train	train	train	train	train	test	train
amtolmetin-guacil	C0037769	0	C10	train	train	train	train	train	valid	valid	train	train	train
amtolmetin-guacil	C0155862	0	C01	train	train	train	train	valid	valid	train	train	train	train
arsenic-trioxide	C0020480	0	C18	train	train	train	train	train	test	train	train	train	train
arsenic-trioxide	C0021308	0	C23	train	valid	train	test	train	train	train	valid	test	train
arsenic-trioxide	C0024419	0	C15	train	train	train	train	train	train	train	train	test	train
arsenic-trioxide	C0034013	0	C19	train	train	test	valid	train	train	test	train	train	valid
arsenic-trioxide	C0036421	0	C17	test	train	train	train	train	train	train	train	train	train
arsenic-trioxide	C0751122	0	C10	train	train	train	train	train	valid	valid	train	train	train
arsenic-trioxide	C0917805	0	C10	train	train	train	train	train	valid	valid	train	train	train
azelaic-acid	C0001418	0	C04	train	train	valid	train	train	train	test	train	train	test
azelaic-acid	C0035229	0	C08	valid	train	test	train	valid	train	train	train	valid	train
benztropine-mesylate	C0001418	0	C04	train	train	valid	train	train	train	test	train	train	test
benztropine-mesylate	C0035579	0	C18	train	train	train	train	train	test	train	train	train	train
bifemelane	C0015967	0	C23	train	valid	train	test	train	train	train	valid	test	train
bucladesine	C4083212	0	C17	test	train	train	train	train	train	train	train	train	train
budipine	C0004239	0	C14	valid	test	train	valid	test	train	train	test	train	valid
budipine	C0014038	0	C10	train	train	train	train	train	valid	valid	train	train	train
budipine	C0023518	0	C15	train	train	train	train	train	train	train	train	test	train
budipine	C0029396	0	C23	train	valid	train	test	train	train	train	valid	test	train
budipine	C0409959	0	C05	train	train	train	train	train	train	train	train	train	train
buflomedil	C0004238	0	C14	valid	test	train	valid	test	train	train	test	train	valid
buflomedil	C0011581	0	F03	train	train	test	train	train	train	train	valid	train	train
buflomedil	C0018021	0	C19	train	train	test	valid	train	train	test	train	train	valid
buflomedil	C0036980	0	C23	train	valid	train	test	train	train	train	valid	test	train
camostat-mesilate	C0687720	0	C12	train	train	train	train	train	train	train	train	train	train
caramiphen	C0020514	0	C10	train	train	train	train	train	valid	valid	train	train	train
caramiphen	C0038454	0	C10	train	train	train	train	train	valid	valid	train	train	train
carazolol	C0027430	0	C08	valid	train	test	train	valid	train	train	train	valid	train
chlormadinone-acetate	C0010930	0	C11	train	valid	valid	train	valid	train	train	train	train	test
chlormadinone-acetate	C0030590	0	C14	valid	test	train	valid	test	train	train	test	train	valid
chlormadinone-acetate	C0235974	0	C04	train	train	valid	train	train	train	test	train	train	test
chlorogenic-acid	C0022660	0	C12	train	train	train	train	train	train	train	train	train	train
chlorogenic-acid	C0037274	0	C17	test	train	train	train	train	train	train	train	train	train
chlorogenic-acid	C0206245	0	C18	train	train	train	train	train	test	train	train	train	train
chlorogenic-acid	C1956346	0	C14	valid	test	train	valid	test	train	train	test	train	valid
clebopride	C0035585	0	C01	train	train	train	train	valid	valid	train	train	train	train
clebopride	C0040028	0	C15	train	train	train	train	train	train	train	train	test	train
clebopride	C0042029	0	C12	train	train	train	train	train	train	train	train	train	train
clobetasone-butyrate	C0020507	0	C23	train	valid	train	test	train	train	train	valid	test	train
clorprenaline	C0018671	0	C04	train	train	valid	train	train	train	test	train	train	test
clorprenaline	C0026691	0	C14	valid	test	train	valid	test	train	train	test	train	valid
clorprenaline	C0035585	0	C01	train	train	train	train	valid	valid	train	train	train	train
clorprenaline	C0162565	0	C06	test	train	train	test	train	test	train	train	train	train
cortisone	C0000744	0	C18	train	train	train	train	train	test	train	train	train	train
cortisone	C0006625	0	C23	train	valid	train	test	train	train	train	valid	test	train
cortisone	C0013404	0	C08	valid	train	test	train	valid	train	train	train	valid	train
cortisone	C0021361	0	C12	train	train	train	train	train	train	train	train	train	train
cycloserine-(d)	C0238198	0	C06	test	train	train	test	train	test	train	train	train	train
cycloserine-(d)	C3544321	0	F03	train	train	test	train	train	train	train	valid	train	train
cyclosporin-a	C3495559	0	C05	train	train	train	train	train	train	train	train	train	train
dabigatran-etexilate	C0015503	0	C15	train	train	train	train	train	train	train	train	test	train
dabigatran-etexilate	C0023437	0	C04	train	train	valid	train	train	train	test	train	train	test
dabigatran-etexilate	C0024141	0	C17	test	train	train	train	train	train	train	train	train	train
deracoxib	C0005138	0	C08	valid	train	test	train	valid	train	train	train	valid	train
deracoxib	C0023472	0	C15	train	train	train	train	train	train	train	train	test	train
deracoxib	C0032019	0	C10	train	train	train	train	train	valid	valid	train	train	train
deracoxib	C0032914	0	C12	train	train	train	train	train	train	train	train	train	train
desmopressin-acetate	C0007137	0	C04	train	train	valid	train	train	train	test	train	train	test
desmopressin-acetate	C0023449	0	C15	train	train	train	train	train	train	train	train	test	train
desoxycorticosterone-pivalate	C0020540	0	C14	valid	test	train	valid	test	train	train	test	train	valid
dexamethasone-sodium-phosphate	C0029458	0	C05	train	train	train	train	train	train	train	train	train	train
diphemanil	C0014869	0	C06	test	train	train	test	train	test	train	train	train	train
diphemanil	C0027708	0	C12	train	train	train	train	train	train	train	train	train	train
diphemanil	C0041296	0	C01	train	train	train	train	valid	valid	train	train	train	train
diphemanil	C0221013	0	C04	train	train	valid	train	train	train	test	train	train	test
diphemanil	C0751122	0	C10	train	train	train	train	train	valid	valid	train	train	train
diphemanil	C0751674	0	C04	train	train	valid	train	train	train	test	train	train	test
epalrestat	C0001973	0	C25	train	train	valid	train	valid	train	train	train	train	train
epalrestat	C0028326	0	C14	valid	test	train	valid	test	train	train	test	train	valid
epalrestat	C0040156	0	C19	train	train	test	valid	train	train	test	train	train	valid
ephedrine-(racemic)	C0010930	0	C11	train	valid	valid	train	valid	train	train	train	train	test
ephedrine-(racemic)	C0014742	0	C17	test	train	train	train	train	train	train	train	train	train
ephedrine-(racemic)	C0022650	0	C12	train	train	train	train	train	train	train	train	train	train
ephedrine-(racemic)	C0032285	0	C08	valid	train	test	train	valid	train	train	train	valid	train
ephedrine-(racemic)	C0035078	0	C12	train	train	train	train	train	train	train	train	train	train
estropipate	C0020676	0	C19	train	train	test	valid	train	train	test	train	train	valid
estropipate	C0025289	0	C10	train	train	train	train	train	valid	valid	train	train	train
estropipate	C0220994	0	C23	train	valid	train	test	train	train	train	valid	test	train
ethanolamine-oleate	C0007131	0	C08	valid	train	test	train	valid	train	train	train	valid	train
etofylline	C0010417	0	C12	train	train	train	train	train	train	train	train	train	train
etofylline	C0011991	0	C23	train	valid	train	test	train	train	train	valid	test	train
etofylline	C0034150	0	C23	train	valid	train	test	train	train	train	valid	test	train
etofylline	C0376358	0	C12	train	train	train	train	train	train	train	train	train	train
falecalcitriol	C0002395	0	C10	train	train	train	train	train	valid	valid	train	train	train
falecalcitriol	C0003811	0	C14	valid	test	train	valid	test	train	train	test	train	valid
falecalcitriol	C0005699	0	C04	train	train	valid	train	train	train	test	train	train	test
fenigam	C0008312	0	C06	test	train	train	test	train	test	train	train	train	train
fenigam	C0014544	0	C10	train	train	train	train	train	valid	valid	train	train	train
fenigam	C0027686	0	C23	train	valid	train	test	train	train	train	valid	test	train
fenigam	C0030446	0	C06	test	train	train	test	train	test	train	train	train	train
fenigam	C0037930	0	C10	train	train	train	train	train	valid	valid	train	train	train
flopropione	C0002170	0	C17	test	train	train	train	train	train	train	train	train	train
flopropione	C0011882	0	C10	train	train	train	train	train	valid	valid	train	train	train
flopropione	C0027662	0	C04	train	train	valid	train	train	train	test	train	train	test
flopropione	C0878544	0	C14	valid	test	train	valid	test	train	train	test	train	valid
fludrocortisone-acetate	C0007789	0	C10	train	train	train	train	train	valid	valid	train	train	train
fludrocortisone-acetate	C0014869	0	C06	test	train	train	test	train	test	train	train	train	train
fludrocortisone-acetate	C0024894	0	C12	train	train	train	train	train	train	train	train	train	train
fludrocortisone-acetate	C0151740	0	C10	train	train	train	train	train	valid	valid	train	train	train
fluocinolone-acetonide	C0155862	0	C01	train	train	train	train	valid	valid	train	train	train	train
fluocinolone-acetonide	C0234974	0	C10	train	train	train	train	train	valid	valid	train	train	train
fluphenazine-decanoate	C0014534	0	C12	train	train	train	train	train	train	train	train	train	train
fluphenazine-decanoate	C0497327	0	C10	train	train	train	train	train	valid	valid	train	train	train
flurbiprofen-(S)-(+)	C0030848	0	C12	train	train	train	train	train	train	train	train	train	train
flurbiprofen-(S)-(+)	C3463824	0	C15	train	train	train	train	train	train	train	train	test	train
ftorafur	C0022073	0	C11	train	valid	valid	train	valid	train	train	train	train	test
ftorafur	C0033806	0	C18	train	train	train	train	train	test	train	train	train	train
gentamycin	C0018418	0	C17	test	train	train	train	train	train	train	train	train	train
gentamycin	C0022951	0	C18	train	train	train	train	train	test	train	train	train	train
gentamycin	C0024591	0	C23	train	valid	train	test	train	train	train	valid	test	train
gentamycin	C0039103	0	C05	train	train	train	train	train	train	train	train	train	train
haloperidol-decanoate	C0013238	0	C11	train	valid	valid	train	valid	train	train	train	train	test
haloperidol-decanoate	C0014867	0	C06	test	train	train	test	train	test	train	train	train	train
haloperidol-decanoate	C0024437	0	C11	train	valid	valid	train	valid	train	train	train	train	test
haloperidol-decanoate	C0029401	0	C05	train	train	train	train	train	train	train	train	train	train
haloperidol-decanoate	C1260899	0	C15	train	train	train	train	train	train	train	train	test	train
hyaluronic-acid	C3463824	0	C15	train	train	train	train	train	train	train	train	test	train
hydrocortisone-butyrate	C0005741	0	C11	train	valid	valid	train	valid	train	train	train	train	test
hydrocortisone-butyrate	C0028738	0	C10	train	train	train	train	train	valid	valid	train	train	train
ibuprofen-lysine	C0006118	0	C10	train	train	train	train	train	valid	valid	train	train	train
ipragliflozin-l-proline	C0033375	0	C04	train	train	valid	train	train	train	test	train	train	test
levocarnitine-propionate	C0026848	0	C05	train	train	train	train	train	train	train	train	train	train
levocarnitine-propionate	C0032019	0	C10	train	train	train	train	train	valid	valid	train	train	train
levocarnitine-propionate	C0034069	0	C08	valid	train	test	train	valid	train	train	train	valid	train
levocarnitine-propionate	C0282488	0	C12	train	train	train	train	train	train	train	train	train	train
maropitant	C0005586	0	F03	train	train	test	train	train	train	train	valid	train	train
maropitant	C0007193	0	C14	valid	test	train	valid	test	train	train	test	train	valid
maropitant	C0020676	0	C19	train	train	test	valid	train	train	test	train	train	valid
maropitant	C0035455	0	C08	valid	train	test	train	valid	train	train	train	valid	train
megestrol-acetate	C0020545	0	C12	train	train	train	train	train	train	train	train	train	train
megestrol-acetate	C0034065	0	C08	valid	train	test	train	valid	train	train	train	valid	train
meldonium	C0002171	0	C17	test	train	train	train	train	train	train	train	train	train
meldonium	C0020546	0	C14	valid	test	train	valid	test	train	train	test	train	valid
meldonium	C0029434	0	C05	train	train	train	train	train	train	train	train	train	train
meldonium	C0036202	0	C15	train	train	train	train	train	train	train	train	test	train
meldonium	C0231528	0	C05	train	train	train	train	train	train	train	train	train	train
melevodopa	C0023434	0	C15	train	train	train	train	train	train	train	train	test	train
melevodopa	C0035854	0	C17	test	train	train	train	train	train	train	train	train	train
melevodopa	C0085605	0	C06	test	train	train	test	train	test	train	train	train	train
melevodopa	C0311277	0	C18	train	train	train	train	train	test	train	train	train	train
methylprednisolone-aceponate	C0025874	0	C12	train	train	train	train	train	train	train	train	train	train
methylprednisolone-aceponate	C0028326	0	C14	valid	test	train	valid	test	train	train	test	train	valid
methylprednisolone-aceponate	C0920350	0	C19	train	train	test	valid	train	train	test	train	train	valid
minodronic-acid	C0021051	0	C20	train	train	train	train	train	train	train	train	valid	train
minodronic-acid	C0037769	0	C10	train	train	train	train	train	valid	valid	train	train	train
minodronic-acid	C0042510	0	C14	valid	test	train	valid	test	train	train	test	train	valid
minodronic-acid	C0238463	0	C04	train	train	valid	train	train	train	test	train	train	test
mofezolac	C0018802	0	C14	valid	test	train	valid	test	train	train	test	train	valid
mozavaptan	C0013428	0	C23	train	valid	train	test	train	train	train	valid	test	train
mozavaptan	C0042847	0	C18	train	train	train	train	train	test	train	train	train	train
mozavaptan	C1527336	0	C05	train	train	train	train	train	train	train	train	train	train
nemonapride	C0000744	0	C18	train	train	train	train	train	test	train	train	train	train
nemonapride	C0003811	0	C14	valid	test	train	valid	test	train	train	test	train	valid
nemonapride	C0040015	0	C15	train	train	train	train	train	train	train	train	test	train
neridronic-acid	C0010054	0	C14	valid	test	train	valid	test	train	train	test	train	valid
neridronic-acid	C0024437	0	C11	train	valid	valid	train	valid	train	train	train	train	test
neridronic-acid	C0026896	0	C10	train	train	train	train	train	valid	valid	train	train	train
neridronic-acid	C0311375	0	C10	train	train	train	train	train	valid	valid	train	train	train
neridronic-acid	C0497327	0	C10	train	train	train	train	train	valid	valid	train	train	train
olprinone	C0003862	0	C05	train	train	train	train	train	train	train	train	train	train
penfluridol	C0018099	0	C05	train	train	train	train	train	train	train	train	train	train
penfluridol	C0021359	0	C12	train	train	train	train	train	train	train	train	train	train
penfluridol	C0022951	0	C18	train	train	train	train	train	test	train	train	train	train
penfluridol	C0080274	0	C12	train	train	train	train	train	train	train	train	train	train
picotamide	C0018924	0	C05	train	train	train	train	train	train	train	train	train	train
picotamide	C0036572	0	C10	train	train	train	train	train	valid	valid	train	train	train
picotamide	C0553580	0	C04	train	train	valid	train	train	train	test	train	train	test
picotamide	C1527311	0	C10	train	train	train	train	train	valid	valid	train	train	train
pimobendan	C0029458	0	C05	train	train	train	train	train	train	train	train	train	train
pipenzolate	C0003850	0	C14	valid	test	train	valid	test	train	train	test	train	valid
pipenzolate	C0010691	0	C12	train	train	train	train	train	train	train	train	train	train
pipenzolate	C0010930	0	C11	train	valid	valid	train	valid	train	train	train	train	test
pipenzolate	C0022593	0	C17	test	train	train	train	train	train	train	train	train	train
pipenzolate	C0038356	0	C06	test	train	train	test	train	test	train	train	train	train
piperidolate	C0034069	0	C08	valid	train	test	train	valid	train	train	train	valid	train
piperidolate	C0042133	0	C04	train	train	valid	train	train	train	test	train	train	test
pralidoxime-chloride	C0002726	0	C18	train	train	train	train	train	test	train	train	train	train
pralidoxime-chloride	C0041296	0	C01	train	train	train	train	valid	valid	train	train	train	train
pralidoxime-chloride	C0342543	0	C19	train	train	test	valid	train	train	test	train	train	valid
pralidoxime-chloride	C0405580	0	C19	train	train	test	valid	train	train	test	train	train	valid
prednisolone-acetate	C0023890	0	C06	test	train	train	test	train	test	train	train	train	train
prednisolone-acetate	C0024437	0	C11	train	valid	valid	train	valid	train	train	train	train	test
prednisolone-acetate	C0035258	0	C10	train	train	train	train	train	valid	valid	train	train	train
prednisolone-sodium-phosphate	C0024894	0	C12	train	train	train	train	train	train	train	train	train	train
prednisolone-sodium-phosphate	C0235974	0	C04	train	train	valid	train	train	train	test	train	train	test
prednisolone-sodium-phosphate	C0282488	0	C12	train	train	train	train	train	train	train	train	train	train
psoralen	C0030590	0	C14	valid	test	train	valid	test	train	train	test	train	valid
quinaprilat	C0023472	0	C15	train	train	train	train	train	train	train	train	test	train
revaprazan	C0085580	0	C14	valid	test	train	valid	test	train	train	test	train	valid
silibinin	C0006105	0	C01	train	train	train	train	valid	valid	train	train	train	train
silibinin	C0016057	0	C04	train	train	valid	train	train	train	test	train	train	test
silibinin	C0948089	0	C14	valid	test	train	valid	test	train	train	test	train	valid
sodium-monofluorophosphate	C0010417	0	C12	train	train	train	train	train	train	train	train	train	train
sodium-monofluorophosphate	C0235480	0	C14	valid	test	train	valid	test	train	train	test	train	valid
sodium-oxybate	C0030319	0	F03	train	train	test	train	train	train	train	valid	train	train
sodium-oxybate	C4083212	0	C17	test	train	train	train	train	train	train	train	train	train
sodium-salicylate	C0014356	0	C06	test	train	train	test	train	test	train	train	train	train
sodium-tetradecyl-sulfate	C0013405	0	C08	valid	train	test	train	valid	train	train	train	valid	train
sodium-tetradecyl-sulfate	C0020545	0	C12	train	train	train	train	train	train	train	train	train	train
sodium-tetradecyl-sulfate	C0036337	0	F03	train	train	test	train	train	train	train	valid	train	train
spiperone	C0005697	0	C12	train	train	train	train	train	train	train	train	train	train
spiperone	C0009319	0	C06	test	train	train	test	train	test	train	train	train	train
spiperone	C0040156	0	C19	train	train	test	valid	train	train	test	train	train	valid
spiperone	C0745103	0	C18	train	train	train	train	train	test	train	train	train	train
strontium-ranelate	C0002736	0	C10	train	train	train	train	train	valid	valid	train	train	train
strontium-ranelate	C0013264	0	C16	train	train	test	train	train	train	train	train	train	train
strontium-ranelate	C0033375	0	C04	train	train	valid	train	train	train	test	train	train	test
strontium-ranelate	C0917805	0	C10	train	train	train	train	train	valid	valid	train	train	train
taltirelin	C0010930	0	C11	train	valid	valid	train	valid	train	train	train	train	test
tannic-acid	C0013421	0	C10	train	train	train	train	train	valid	valid	train	train	train
tannic-acid	C0024305	0	C04	train	train	valid	train	train	train	test	train	train	test
tannic-acid	C1704436	0	C14	valid	test	train	valid	test	train	train	test	train	valid
tebipenem	C0012739	0	C15	train	train	train	train	train	train	train	train	test	train
telotristat-ethyl	C0008149	0	C01	train	train	train	train	valid	valid	train	train	train	train
telotristat-ethyl	C0020517	0	C20	train	train	train	train	train	train	train	train	valid	train
telotristat-ethyl	C0021364	0	C12	train	train	train	train	train	train	train	train	train	train
telotristat-ethyl	C0030297	0	C04	train	train	valid	train	train	train	test	train	train	test
telotristat-ethyl	C0040517	0	C10	train	train	train	train	train	valid	valid	train	train	train
telotristat-ethyl	C0405580	0	C19	train	train	test	valid	train	train	test	train	train	valid
tepoxalin	C0003862	0	C05	train	train	train	train	train	train	train	train	train	train
tepoxalin	C0020459	0	C18	train	train	train	train	train	test	train	train	train	train
tepoxalin	C0041582	0	C23	train	valid	train	test	train	train	train	valid	test	train
tepoxalin	C0162836	0	C01	train	train	train	train	valid	valid	train	train	train	train
testosterone-enanthate	C0017168	0	C06	test	train	train	test	train	test	train	train	train	train
testosterone-enanthate	C0028326	0	C14	valid	test	train	valid	test	train	train	test	train	valid
testosterone-enanthate	C0150055	0	C23	train	valid	train	test	train	train	train	valid	test	train
testosterone-enanthate	C0242339	0	C18	train	train	train	train	train	test	train	train	train	train
testosterone-undecanoate	C0175683	0	C18	train	train	train	train	train	test	train	train	train	train
testosterone-undecanoate	C1527311	0	C10	train	train	train	train	train	valid	valid	train	train	train
thiostrepton	C0018916	0	C04	train	train	valid	train	train	train	test	train	train	test
thiostrepton	C0022660	0	C12	train	train	train	train	train	train	train	train	train	train
thiostrepton	C0034734	0	C14	valid	test	train	valid	test	train	train	test	train	valid
thiram	C0005424	0	C06	test	train	train	test	train	test	train	train	train	train
thiram	C0011854	0	C18	train	train	train	train	train	test	train	train	train	train
thiram	C0024437	0	C11	train	valid	valid	train	valid	train	train	train	train	test
thiram	C0085129	0	C08	valid	train	test	train	valid	train	train	train	valid	train
thiram	C0162568	0	C06	test	train	train	test	train	test	train	train	train	train
trelagliptin	C0003811	0	C14	valid	test	train	valid	test	train	train	test	train	valid
trelagliptin	C0024419	0	C15	train	train	train	train	train	train	train	train	test	train
trelagliptin	C0034885	0	C06	test	train	train	test	train	test	train	train	train	train
trepibutone	C0011616	0	C17	test	train	train	train	train	train	train	train	train	train
trepibutone	C0087012	0	C10	train	train	train	train	train	valid	valid	train	train	train
ufenamate	C0014544	0	C10	train	train	train	train	train	valid	valid	train	train	train
ufenamate	C0014867	0	C06	test	train	train	test	train	test	train	train	train	train
ufenamate	C0024138	0	C17	test	train	train	train	train	train	train	train	train	train
ufenamate	C0242488	0	C08	valid	train	test	train	valid	train	train	train	valid	train
vinburnine	C0005283	0	C15	train	train	train	train	train	train	train	train	test	train
vinburnine	C0025149	0	C04	train	train	valid	train	train	train	test	train	train	test
vinburnine	C0028734	0	C23	train	valid	train	test	train	train	train	valid	test	train
vinburnine	C0162836	0	C01	train	train	train	train	valid	valid	train	train	train	train
xipamide	C0023470	0	C04	train	train	valid	train	train	train	test	train	train	test
xipamide	C0023487	0	C04	train	train	valid	train	train	train	test	train	train	test
xipamide	C1956346	0	C14	valid	test	train	valid	test	train	train	test	train	valid
zotarolimus	C0009324	0	C06	test	train	train	test	train	test	train	train	train	train
zotarolimus	C0009763	0	C11	train	valid	valid	train	valid	train	train	train	train	test
zotarolimus	C0011616	0	C17	test	train	train	train	train	train	train	train	train	train
zotarolimus	C0206686	0	C19	train	train	test	valid	train	train	test	train	train	valid
