drug	disease	label	category	repeat0	repeat1	repeat2	repeat3	repeat4	repeat5	repeat6	repeat7	repeat8	repeat9
5-hydroxytryptophan	C0917801	1	C10	train	train	train	train	train	train	test	train	test	valid
ACT-132577	C2973725	1	C08	train	train	train	train	train	train	train	test	train	train
DB00001	C0002965	1	C14	test	test	train	train	test	train	train	valid	train	train
DB00001	C0040038	1	C14	test	test	train	train	test	train	train	valid	train	train
DB00001	C0040053	1	C14	test	test	train	train	test	train	train	valid	train	train
DB00005	C3495559	1	C05	train	valid	valid	train	train	test	train	train	train	train
DB00006	C0002962	1	C14	test	test	train	train	test	train	train	valid	train	train
DB00006	C0002965	1	C14	test	test	train	train	test	train	train	valid	train	train
DB00006	C0040053	1	C14	test	test	train	train	test	train	train	valid	train	train
DB00007	C0014170	1	C12	train	train	train	test	valid	train	train	train	train	train
DB00007	C0014175	1	C12	train	train	train	test	valid	train	train	train	train	train
DB00007	C0021359	1	C12	train	train	train	test	valid	train	train	train	train	train
DB00007	C0021361	1	C12	train	train	train	test	valid	train	train	train	train	train
DB00007	C0023267	1	C04	train	train	train	valid	train	train	valid	train	train	train
DB00007	C0033578	1	C12	train	train	train	test	valid	train	train	train	train	train
DB00007	C0034013	1	C19	train	train	test	test	train	train	train	train	train	train
DB00007	C0042133	1	C04	train	train	train	valid	train	train	valid	train	train	train
DB00007	C0376358	1	C12	train	train	train	test	valid	train	train	train	train	train
DB00007	C0919267	1	C12	train	train	train	test	valid	train	train	train	train	train
DB00007	C1458155	1	C04	train	train	train	valid	train	train	valid	train	train	train
DB00007	C2937421	1	C12	train	train	train	test	valid	train	train	train	train	train
DB00008	C0006118	1	C10	train	train	train	train	train	train	test	train	test	valid
DB00008	C0007134	1	C12	train	train	train	test	valid	train	train	train	train	train
DB00008	C0009404	1	C06	train	train	train	train	train	train	train	train	train	test
DB00008	C0018916	1	C04	train	train	train	valid	train	train	valid	train	train	train
DB00008	C0023443	1	C15	train	train	train	valid	train	train	valid	train	train	train
DB00008	C0024437	1	C11	train	test	train	train	train	train	train	train	train	train
DB00008	C0025202	1	C04	train	train	train	valid	train	train	valid	train	train	train
DB00008	C0026764	1	C15	train	train	train	valid	train	train	valid	train	train	train
DB00008	C0026948	1	C04	train	train	train	valid	train	train	valid	train	train	train
DB00008	C0036220	1	C04	train	train	train	valid	train	train	valid	train	train	train
DB00008	C0036920	1	C15	train	train	train	valid	train	train	valid	train	train	train
DB00008	C0037286	1	C04	train	train	train	valid	train	train	valid	train	train	train
DB00008	C0037299	1	C17	valid	train	valid	train	train	valid	train	train	train	test
DB00008	C0040028	1	C15	train	train	train	valid	train	train	valid	train	train	train
DB00008	C0524909	1	C01	train	train	train	train	train	train	train	train	train	train
DB00008	C0524910	1	C01	train	train	train	train	train	train	train	train	train	train
DB00008	C1540912	1	C15	train	train	train	valid	train	train	valid	train	train	train
DB00009	C0027051	1	C14	test	test	train	train	test	train	train	valid	train	train
DB00009	C0034065	1	C08	train	train	train	train	train	train	train	test	train	train
DB00009	C0040053	1	C14	test	test	train	train	test	train	train	valid	train	train
DB00009	C0948008	1	C10	train	train	train	train	train	train	test	train	test	valid
DB00010	C0013338	1	C05	train	valid	valid	train	train	test	train	train	train	train
DB00010	C0021359	1	C12	train	train	train	test	valid	train	train	train	train	train
DB00010	C0343755	1	C01	train	train	train	train	train	train	train	train	train	train
DB00012	C0002871	1	C15	train	train	train	valid	train	train	valid	train	train	train
DB00013	C0010072	1	C14	test	test	train	train	test	train	train	valid	train	train
DB00013	C0027051	1	C14	test	test	train	train	test	train	train	valid	train	train
DB00013	C0034065	1	C08	train	train	train	train	train	train	train	test	train	train
DB00013	C0040053	1	C14	test	test	train	train	test	train	train	valid	train	train
DB00013	C0042487	1	C14	test	test	train	train	test	train	train	valid	train	train
DB00014	C0006142	1	C04	train	train	train	valid	train	train	valid	train	train	train
DB00014	C0014175	1	C12	train	train	train	test	valid	train	train	train	train	train
DB00015	C0018802	1	C14	test	test	train	train	test	train	train	valid	train	train
DB00015	C0027051	1	C14	test	test	train	train	test	train	train	valid	train	train
DB00015	C0034065	1	C08	train	train	train	train	train	train	train	test	train	train
DB00015	C0040053	1	C14	test	test	train	train	test	train	train	valid	train	train
DB00015	C0242973	1	C14	test	test	train	train	test	train	train	valid	train	train
DB00016	C0002871	1	C15	train	train	train	valid	train	train	valid	train	train	train
DB00017	C0020437	1	C18	train	train	train	train	train	test	train	test	valid	train
DB00017	C0029401	1	C05	train	valid	valid	train	train	test	train	train	train	train
DB00017	C0029456	1	C05	train	valid	valid	train	train	test	train	train	train	train
DB00017	C0029458	1	C05	train	valid	valid	train	train	test	train	train	train	train
DB00020	C0019829	1	C04	train	train	train	valid	train	train	valid	train	train	train
DB00020	C0023449	1	C15	train	train	train	valid	train	train	valid	train	train	train
DB00020	C1458155	1	C04	train	train	train	valid	train	train	valid	train	train	train
DB00022	C0006118	1	C10	train	train	train	train	train	train	test	train	test	valid
DB00022	C0007134	1	C12	train	train	train	test	valid	train	train	train	train	train
DB00022	C0009404	1	C06	train	train	train	train	train	train	train	train	train	test
DB00022	C0018916	1	C04	train	train	train	valid	train	train	valid	train	train	train
DB00022	C0023443	1	C15	train	train	train	valid	train	train	valid	train	train	train
DB00022	C0024437	1	C11	train	test	train	train	train	train	train	train	train	train
DB00022	C0025202	1	C04	train	train	train	valid	train	train	valid	train	train	train
DB00022	C0026764	1	C15	train	train	train	valid	train	train	valid	train	train	train
DB00022	C0026948	1	C04	train	train	train	valid	train	train	valid	train	train	train
DB00022	C0036220	1	C04	train	train	train	valid	train	train	valid	train	train	train
DB00022	C0036920	1	C15	train	train	train	valid	train	train	valid	train	train	train
DB00022	C0037286	1	C04	train	train	train	valid	train	train	valid	train	train	train
DB00022	C0037299	1	C17	valid	train	valid	train	train	valid	train	train	train	test
DB00022	C0040028	1	C15	train	train	train	valid	train	train	valid	train	train	train
DB00022	C0524910	1	C01	train	train	train	train	train	train	train	train	train	train
DB00022	C1540912	1	C15	train	train	train	valid	train	train	valid	train	train	train
DB00022	C2239176	1	C04	train	train	train	valid	train	train	valid	train	train	train
DB00024	C0020676	1	C19	train	train	test	test	train	train	train	train	train	train
DB00024	C0040136	1	C04	train	train	train	valid	train	train	valid	train	train	train
DB00025	C0019080	1	C23	valid	train	test	train	train	train	train	train	train	train
DB00026	C0003873	1	C05	train	valid	valid	train	train	test	train	train	train	train
DB00026	C0409818	1	C17	valid	train	valid	train	train	valid	train	train	train	test
DB00026	C2316212	1	C17	valid	train	valid	train	train	valid	train	train	train	test
DB00028	C0002880	1	C15	train	train	train	valid	train	train	valid	train	train	train
DB00028	C0011633	1	C17	valid	train	valid	train	train	valid	train	train	train	test
DB00028	C0021051	1	C20	train	train	test	train	valid	train	train	train	train	train
DB00028	C0023418	1	C04	train	train	train	valid	train	train	valid	train	train	train
DB00028	C0023434	1	C15	train	train	train	valid	train	train	valid	train	train	train
DB00028	C0026691	1	C14	test	test	train	train	test	train	train	valid	train	train
DB00029	C0027051	1	C14	test	test	train	train	test	train	train	valid	train	train
DB00029	C0034065	1	C08	train	train	train	train	train	train	train	test	train	train
DB00029	C0040053	1	C14	test	test	train	train	test	train	train	valid	train	train
DB00030	C0011849	1	C18	train	train	train	train	train	test	train	test	valid	train
DB00030	C0011854	1	C18	train	train	train	train	train	test	train	test	valid	train
DB00030	C0011860	1	C18	train	train	train	train	train	test	train	test	valid	train
DB00030	C0021655	1	C18	train	train	train	train	train	test	train	test	valid	train
DB00031	C0010072	1	C14	test	test	train	train	test	train	train	valid	train	train
DB00031	C0027051	1	C14	test	test	train	train	test	train	train	valid	train	train
DB00031	C0040053	1	C14	test	test	train	train	test	train	train	valid	train	train
DB00032	C0021359	1	C12	train	train	train	test	valid	train	train	train	train	train
DB00033	C0007134	1	C12	train	train	train	test	valid	train	train	train	train	train
DB00033	C0009404	1	C06	train	train	train	train	train	train	train	train	train	test
DB00033	C0018203	1	C15	train	train	train	valid	train	train	valid	train	train	train
DB00033	C0018916	1	C04	train	train	train	valid	train	train	valid	train	train	train
DB00033	C0023443	1	C15	train	train	train	valid	train	train	valid	train	train	train
DB00033	C0024437	1	C11	train	test	train	train	train	train	train	train	train	train
DB00033	C0025202	1	C04	train	train	train	valid	train	train	valid	train	train	train
DB00033	C0026764	1	C15	train	train	train	valid	train	train	valid	train	train	train
DB00033	C0026948	1	C04	train	train	train	valid	train	train	valid	train	train	train
DB00033	C0036220	1	C04	train	train	train	valid	train	train	valid	train	train	train
DB00033	C0036920	1	C15	train	train	train	valid	train	train	valid	train	train	train
DB00033	C0037286	1	C04	train	train	train	valid	train	train	valid	train	train	train
DB00033	C0037299	1	C17	valid	train	valid	train	train	valid	train	train	train	test
DB00033	C0040028	1	C15	train	train	train	valid	train	train	valid	train	train	train
DB00033	C0524910	1	C01	train	train	train	train	train	train	train	train	train	train
DB00033	C1540912	1	C15	train	train	train	valid	train	train	valid	train	train	train
DB00033	C2239176	1	C04	train	train	train	valid	train	train	valid	train	train	train
DB00034	C0006118	1	C10	train	train	train	train	train	train	test	train	test	valid
DB00034	C0007134	1	C12	train	train	train	test	valid	train	train	train	train	train
DB00034	C0009404	1	C06	train	train	train	train	train	train	train	train	train	test
DB00034	C0018916	1	C04	train	train	train	valid	train	train	valid	train	train	train
DB00034	C0023443	1	C15	train	train	train	valid	train	train	valid	train	train	train
DB00034	C0024437	1	C11	train	test	train	train	train	train	train	train	train	train
DB00034	C0025202	1	C04	train	train	train	valid	train	train	valid	train	train	train
DB00034	C0026764	1	C15	train	train	train	valid	train	train	valid	train	train	train
DB00034	C0026948	1	C04	train	train	train	valid	train	train	valid	train	train	train
DB00034	C0036220	1	C04	train	train	train	valid	train	train	valid	train	train	train
DB00034	C0036920	1	C15	train	train	train	valid	train	train	valid	train	train	train
DB00034	C0037286	1	C04	train	train	train	valid	train	train	valid	train	train	train
DB00034	C0037299	1	C17	valid	train	valid	train	train	valid	train	train	train	test
DB00034	C0040028	1	C15	train	train	train	valid	train	train	valid	train	train	train
DB00034	C0524910	1	C01	train	train	train	train	train	train	train	train	train	train
DB00034	C1540912	1	C15	train	train	train	valid	train	train	valid	train	train	train
DB00034	C2239176	1	C04	train	train	train	valid	train	train	valid	train	train	train
DB00035	C0011848	1	C12	train	train	train	test	valid	train	train	train	train	train
DB00035	C0018924	1	C05	train	valid	valid	train	train	test	train	train	train	train
DB00035	C0019069	1	C15	train	train	train	valid	train	train	valid	train	train	train
DB00035	C0019080	1	C23	valid	train	test	train	train	train	train	train	train	train
DB00035	C0041948	1	C12	train	train	train	test	valid	train	train	train	train	train
DB00036	C0008533	1	C15	train	train	train	valid	train	train	valid	train	train	train
DB00036	C0015503	1	C15	train	train	train	valid	train	train	valid	train	train	train
DB00036	C0019069	1	C15	train	train	train	valid	train	train	valid	train	train	train
DB00036	C0019080	1	C23	valid	train	test	train	train	train	train	train	train	train
DB00036	C0040015	1	C15	train	train	train	valid	train	train	valid	train	train	train
DB00038	C0040034	1	C15	train	train	train	valid	train	train	valid	train	train	train
DB00039	C0376545	1	C04	train	train	train	valid	train	train	valid	train	train	train
DB00040	C0002792	1	C20	train	train	test	train	valid	train	train	train	train	train
DB00040	C0011849	1	C18	train	train	train	train	train	test	train	test	valid	train
DB00040	C0020615	1	C18	train	train	train	train	train	test	train	test	valid	train
DB00040	C0036980	1	C23	valid	train	test	train	train	train	train	train	train	train
DB00040	C0428977	1	C14	test	test	train	train	test	train	train	valid	train	train
DB00041	C0007134	1	C12	train	train	train	test	valid	train	train	train	train	train
DB00041	C0009404	1	C06	train	train	train	train	train	train	train	train	train	test
DB00041	C0023467	1	C04	train	train	train	valid	train	train	valid	train	train	train
DB00041	C0024305	1	C04	train	train	train	valid	train	train	valid	train	train	train
DB00041	C0025202	1	C04	train	train	train	valid	train	train	valid	train	train	train
DB00041	C0026764	1	C15	train	train	train	valid	train	train	valid	train	train	train
DB00042	C0038379	1	C10	train	train	train	train	train	train	test	train	test	valid
DB00043	C0004096	1	C08	train	train	train	train	train	train	train	test	train	train
DB00043	C0020517	1	C20	train	train	test	train	valid	train	train	train	train	train
DB00044	C0021361	1	C12	train	train	train	test	valid	train	train	train	train	train
DB00046	C0011849	1	C18	train	train	train	train	train	test	train	test	valid	train
DB00046	C0011854	1	C18	train	train	train	train	train	test	train	test	valid	train
DB00046	C0011860	1	C18	train	train	train	train	train	test	train	test	valid	train
DB00046	C0020456	1	C18	train	train	train	train	train	test	train	test	valid	train
DB00047	C0011849	1	C18	train	train	train	train	train	test	train	test	valid	train
DB00047	C0011854	1	C18	train	train	train	train	train	test	train	test	valid	train
DB00047	C0011860	1	C18	train	train	train	train	train	test	train	test	valid	train
DB00047	C0020456	1	C18	train	train	train	train	train	test	train	test	valid	train
DB00048	C0030848	1	C12	train	train	train	test	valid	train	train	train	train	train
DB00051	C0003872	1	C05	train	valid	valid	train	train	test	train	train	train	train
DB00051	C0003873	1	C05	train	valid	valid	train	train	test	train	train	train	train
DB00051	C0009324	1	C06	train	train	train	train	train	train	train	train	train	test
DB00051	C0010346	1	C06	train	train	train	train	train	train	train	train	train	test
DB00051	C0162836	1	C01	train	train	train	train	train	train	train	train	train	train
DB00051	C3495559	1	C05	train	valid	valid	train	train	test	train	train	train	train
DB00052	C0001206	1	C05	train	valid	valid	train	train	test	train	train	train	train
DB00052	C0013338	1	C05	train	valid	valid	train	train	test	train	train	train	train
DB00052	C0032897	1	C16	train	test	train	valid	train	valid	train	test	train	train
DB00052	C0041408	1	C12	train	train	train	test	valid	train	train	train	train	train
DB00052	C0343755	1	C01	train	train	train	train	train	train	train	train	train	train
DB00054	C0002965	1	C14	test	test	train	train	test	train	train	valid	train	train
DB00054	C0040053	1	C14	test	test	train	train	test	train	train	valid	train	train
DB00055	C0040053	1	C14	test	test	train	train	test	train	train	valid	train	train
DB00056	C0023467	1	C04	train	train	train	valid	train	train	valid	train	train	train
DB00056	C0023479	1	C04	train	train	train	valid	train	train	valid	train	train	train
DB00060	C0006118	1	C10	train	train	train	train	train	train	test	train	test	valid
DB00060	C0009404	1	C06	train	train	train	train	train	train	train	train	train	test
DB00060	C0023443	1	C15	train	train	train	valid	train	train	valid	train	train	train
DB00060	C0024437	1	C11	train	test	train	train	train	train	train	train	train	train
DB00060	C0025202	1	C04	train	train	train	valid	train	train	valid	train	train	train
DB00060	C0026764	1	C15	train	train	train	valid	train	train	valid	train	train	train
DB00060	C0026948	1	C04	train	train	train	valid	train	train	valid	train	train	train
DB00060	C0036220	1	C04	train	train	train	valid	train	train	valid	train	train	train
DB00060	C0036920	1	C15	train	train	train	valid	train	train	valid	train	train	train
DB00060	C0037286	1	C04	train	train	train	valid	train	train	valid	train	train	train
DB00060	C0037299	1	C17	valid	train	valid	train	train	valid	train	train	train	test
DB00060	C0040028	1	C15	train	train	train	valid	train	train	valid	train	train	train
DB00060	C0524910	1	C01	train	train	train	train	train	train	train	train	train	train
DB00060	C0751967	1	C10	train	train	train	train	train	train	test	train	test	valid
DB00060	C1540912	1	C15	train	train	train	valid	train	train	valid	train	train	train
DB00060	C2239176	1	C04	train	train	train	valid	train	train	valid	train	train	train
DB00063	C0002965	1	C14	test	test	train	train	test	train	train	valid	train	train
DB00063	C0027051	1	C14	test	test	train	train	test	train	train	valid	train	train
DB00063	C0040053	1	C14	test	test	train	train	test	train	train	valid	train	train
DB00063	C0948089	1	C14	test	test	train	train	test	train	train	valid	train	train
DB00065	C0003872	1	C05	train	valid	valid	train	train	test	train	train	train	train
DB00065	C0003873	1	C05	train	valid	valid	train	train	test	train	train	train	train
DB00065	C0009324	1	C06	train	train	train	train	train	train	train	train	train	test
DB00065	C0010346	1	C06	train	train	train	train	train	train	train	train	train	test
DB00065	C0038013	1	C05	train	valid	valid	train	train	test	train	train	train	train
DB00065	C3495559	1	C05	train	valid	valid	train	train	test	train	train	train	train
DB00066	C0021359	1	C12	train	train	train	test	valid	train	train	train	train	train
DB00066	C0021361	1	C12	train	train	train	test	valid	train	train	train	train	train
DB00067	C0011848	1	C12	train	train	train	test	valid	train	train	train	train	train
DB00067	C0017181	1	C06	train	train	train	train	train	train	train	train	train	test
DB00067	C0019069	1	C15	train	train	train	valid	train	train	valid	train	train	train
DB00067	C0019080	1	C23	valid	train	test	train	train	train	train	train	train	train
DB00067	C0042510	1	C14	test	test	train	train	test	train	train	valid	train	train
DB00067	C0042514	1	C14	test	test	train	train	test	train	train	valid	train	train
DB00068	C0006118	1	C10	train	train	train	train	train	train	test	train	test	valid
DB00068	C0007134	1	C12	train	train	train	test	valid	train	train	train	train	train
DB00068	C0009404	1	C06	train	train	train	train	train	train	train	train	train	test
DB00068	C0018916	1	C04	train	train	train	valid	train	train	valid	train	train	train
DB00068	C0023443	1	C15	train	train	train	valid	train	train	valid	train	train	train
DB00068	C0024437	1	C11	train	test	train	train	train	train	train	train	train	train
DB00068	C0025202	1	C04	train	train	train	valid	train	train	valid	train	train	train
DB00068	C0026764	1	C15	train	train	train	valid	train	train	valid	train	train	train
DB00068	C0026769	1	C10	train	train	train	train	train	train	test	train	test	valid
DB00068	C0026948	1	C04	train	train	train	valid	train	train	valid	train	train	train
DB00068	C0036220	1	C04	train	train	train	valid	train	train	valid	train	train	train
DB00068	C0036920	1	C15	train	train	train	valid	train	train	valid	train	train	train
DB00068	C0037286	1	C04	train	train	train	valid	train	train	valid	train	train	train
DB00068	C0037299	1	C17	valid	train	valid	train	train	valid	train	train	train	test
DB00068	C0040028	1	C15	train	train	train	valid	train	train	valid	train	train	train
DB00068	C0524910	1	C01	train	train	train	train	train	train	train	train	train	train
DB00068	C0751967	1	C10	train	train	train	train	train	train	test	train	test	valid
DB00068	C1540912	1	C15	train	train	train	valid	train	train	valid	train	train	train
DB00068	C2239176	1	C04	train	train	train	valid	train	train	valid	train	train	train
DB00069	C0006118	1	C10	train	train	train	train	train	train	test	train	test	valid
DB00069	C0007134	1	C12	train	train	train	test	valid	train	train	train	train	train
DB00069	C0009404	1	C06	train	train	train	train	train	train	train	train	train	test
DB00069	C0018916	1	C04	train	train	train	valid	train	train	valid	train	train	train
DB00069	C0023443	1	C15	train	train	train	valid	train	train	valid	train	train	train
DB00069	C0024437	1	C11	train	test	train	train	train	train	train	train	train	train
DB00069	C0025202	1	C04	train	train	train	valid	train	train	valid	train	train	train
DB00069	C0026764	1	C15	train	train	train	valid	train	train	valid	train	train	train
DB00069	C0026948	1	C04	train	train	train	valid	train	train	valid	train	train	train
DB00069	C0036220	1	C04	train	train	train	valid	train	train	valid	train	train	train
DB00069	C0036920	1	C15	train	train	train	valid	train	train	valid	train	train	train
DB00069	C0037286	1	C04	train	train	train	valid	train	train	valid	train	train	train
DB00069	C0037299	1	C17	valid	train	valid	train	train	valid	train	train	train	test
DB00069	C0040028	1	C15	train	train	train	valid	train	train	valid	train	train	train
DB00069	C0524910	1	C01	train	train	train	train	train	train	train	train	train	train
DB00069	C1540912	1	C15	train	train	train	valid	train	train	valid	train	train	train
DB00069	C2239176	1	C04	train	train	train	valid	train	train	valid	train	train	train
DB00070	C0042909	1	C11	train	test	train	train	train	train	train	train	train	train
DB00071	C0011849	1	C18	train	train	train	train	train	test	train	test	valid	train
DB00072	C1458155	1	C04	train	train	train	valid	train	train	valid	train	train	train
DB00073	C0003873	1	C05	train	valid	valid	train	train	test	train	train	train	train
DB00073	C0023434	1	C15	train	train	train	valid	train	train	valid	train	train	train
DB00073	C0024305	1	C04	train	train	train	valid	train	train	valid	train	train	train
DB00075	C0018133	1	C20	train	train	test	train	valid	train	train	train	train	train
DB00078	C0024301	1	C04	train	train	train	valid	train	train	valid	train	train	train
DB00078	C0024305	1	C04	train	train	train	valid	train	train	valid	train	train	train
DB00078	C0079731	1	C04	train	train	train	valid	train	train	valid	train	train	train
DB00081	C0024301	1	C04	train	train	train	valid	train	train	valid	train	train	train
DB00082	C0001206	1	C05	train	valid	valid	train	train	test	train	train	train	train
DB00083	C0038379	1	C10	train	train	train	train	train	train	test	train	test	valid
DB00083	C2930898	1	C11	train	test	train	train	train	train	train	train	train	train
DB00086	C0027051	1	C14	test	test	train	train	test	train	train	valid	train	train
DB00086	C0034065	1	C08	train	train	train	train	train	train	train	test	train	train
DB00086	C0040053	1	C14	test	test	train	train	test	train	train	valid	train	train
DB00086	C0042487	1	C14	test	test	train	train	test	train	train	valid	train	train
DB00087	C0023434	1	C15	train	train	train	valid	train	train	valid	train	train	train
DB00087	C0751967	1	C10	train	train	train	train	train	train	test	train	test	valid
DB00091	C0003873	1	C05	train	valid	valid	train	train	test	train	train	train	train
DB00091	C0004096	1	C08	train	train	train	train	train	train	train	test	train	train
DB00091	C0013238	1	C11	train	test	train	train	train	train	train	train	train	train
DB00091	C0017668	1	C12	train	train	train	test	valid	train	train	train	train	train
DB00091	C0022575	1	C11	train	test	train	train	train	train	train	train	train	train
DB00091	C0024141	1	C17	valid	train	valid	train	train	valid	train	train	train	test
DB00091	C0026896	1	C10	train	train	train	train	train	train	test	train	test	valid
DB00091	C0033860	1	C17	valid	train	valid	train	train	valid	train	train	train	test
DB00094	C0021359	1	C12	train	train	train	test	valid	train	train	train	train	train
DB00094	C0021361	1	C12	train	train	train	test	valid	train	train	train	train	train
DB00094	C0032460	1	C12	train	train	train	test	valid	train	train	train	train	train
DB00095	C0033860	1	C17	valid	train	valid	train	train	valid	train	train	train	test
DB00097	C0021361	1	C12	train	train	train	test	valid	train	train	train	train	train
DB00100	C0008533	1	C15	train	train	train	valid	train	train	valid	train	train	train
DB00100	C0015503	1	C15	train	train	train	valid	train	train	valid	train	train	train
DB00100	C0019069	1	C15	train	train	train	valid	train	train	valid	train	train	train
DB00100	C0019080	1	C23	valid	train	test	train	train	train	train	train	train	train
DB00102	C0037299	1	C17	valid	train	valid	train	train	valid	train	train	train	test
DB00104	C0001206	1	C05	train	valid	valid	train	train	test	train	train	train	train
DB00104	C0001430	1	C04	train	train	train	valid	train	train	valid	train	train	train
DB00104	C0007095	1	C04	train	train	train	valid	train	train	valid	train	train	train
DB00104	C0011991	1	C23	valid	train	test	train	train	train	train	train	train	train
DB00104	C0024586	1	C04	train	train	train	valid	train	train	valid	train	train	train
DB00104	C0030297	1	C04	train	train	train	valid	train	train	valid	train	train	train
DB00104	C0032019	1	C10	train	train	train	train	train	train	test	train	test	valid
DB00105	C0007134	1	C12	train	train	train	test	valid	train	train	train	train	train
DB00105	C0009404	1	C06	train	train	train	train	train	train	train	train	train	test
DB00105	C0018916	1	C04	train	train	train	valid	train	train	valid	train	train	train
DB00105	C0023443	1	C15	train	train	train	valid	train	train	valid	train	train	train
DB00105	C0024305	1	C04	train	train	train	valid	train	train	valid	train	train	train
DB00105	C0024437	1	C11	train	test	train	train	train	train	train	train	train	train
DB00105	C0024586	1	C04	train	train	train	valid	train	train	valid	train	train	train
DB00105	C0025202	1	C04	train	train	train	valid	train	train	valid	train	train	train
DB00105	C0026764	1	C15	train	train	train	valid	train	train	valid	train	train	train
DB00105	C0026948	1	C04	train	train	train	valid	train	train	valid	train	train	train
DB00105	C0032463	1	C15	train	train	train	valid	train	train	valid	train	train	train
DB00105	C0036220	1	C04	train	train	train	valid	train	train	valid	train	train	train
DB00105	C0036920	1	C15	train	train	train	valid	train	train	valid	train	train	train
DB00105	C0037286	1	C04	train	train	train	valid	train	train	valid	train	train	train
DB00105	C0037299	1	C17	valid	train	valid	train	train	valid	train	train	train	test
DB00105	C0040028	1	C15	train	train	train	valid	train	train	valid	train	train	train
DB00105	C0040136	1	C04	train	train	train	valid	train	train	valid	train	train	train
DB00105	C0524909	1	C01	train	train	train	train	train	train	train	train	train	train
DB00105	C1540912	1	C15	train	train	train	valid	train	train	valid	train	train	train
DB00105	C2239176	1	C04	train	train	train	valid	train	train	valid	train	train	train
DB00106	C0376358	1	C12	train	train	train	test	valid	train	train	train	train	train
DB00107	C0032787	1	C23	valid	train	test	train	train	train	train	train	train	train
DB00108	C0010346	1	C06	train	train	train	train	train	train	train	train	train	test
DB00108	C0026769	1	C10	train	train	train	train	train	train	test	train	test	valid
DB00110	C0006287	1	C08	train	train	train	train	train	train	train	test	train	train
DB00110	C0151526	1	C12	train	train	train	test	valid	train	train	train	train	train
DB00112	C1621958	1	C04	train	train	train	valid	train	train	valid	train	train	train
DB00114	C0162429	1	C18	train	train	train	train	train	test	train	test	valid	train
DB00115	C0002871	1	C15	train	train	train	valid	train	train	valid	train	train	train
DB00115	C0007570	1	C06	train	train	train	train	train	train	train	train	train	test
DB00115	C0011882	1	C10	train	train	train	train	train	train	test	train	test	valid
DB00115	C0026769	1	C10	train	train	train	train	train	train	test	train	test	valid
DB00115	C0042847	1	C18	train	train	train	train	train	test	train	test	valid	train
DB00115	C0162316	1	C15	train	train	train	valid	train	train	valid	train	train	train
DB00117	C0003873	1	C05	train	valid	valid	train	train	test	train	train	train	train
DB00118	C0029408	1	C05	train	valid	valid	train	train	test	train	train	train	train
DB00119	C0162429	1	C18	train	train	train	train	train	test	train	test	valid	train
DB00120	C0042900	1	C17	valid	train	valid	train	train	valid	train	train	train	test
DB00121	C0162429	1	C18	train	train	train	train	train	test	train	test	valid	train
DB00122	C0020473	1	C18	train	train	train	train	train	test	train	test	valid	train
DB00122	C0162429	1	C18	train	train	train	train	train	test	train	test	valid	train
DB00122	C0917801	1	C10	train	train	train	train	train	train	test	train	test	valid
DB00123	C0029456	1	C05	train	valid	valid	train	train	test	train	train	train	train
DB00125	C0162429	1	C18	train	train	train	train	train	test	train	test	valid	train
DB00126	C0025637	1	C15	train	train	train	valid	train	train	valid	train	train	train
DB00126	C0268483	1	C18	train	train	train	train	train	test	train	test	valid	train
DB00127	C0162429	1	C18	train	train	train	train	train	test	train	test	valid	train
DB00128	C0020621	1	C18	train	train	train	train	train	test	train	test	valid	train
DB00129	C0162429	1	C18	train	train	train	train	train	test	train	test	valid	train
DB00130	C0003862	1	C05	train	valid	valid	train	train	test	train	train	train	train
DB00130	C0009324	1	C06	train	train	train	train	train	train	train	train	train	test
DB00130	C0011991	1	C23	valid	train	test	train	train	train	train	train	train	train
DB00130	C0162429	1	C18	train	train	train	train	train	test	train	test	valid	train
DB00130	C0231528	1	C05	train	valid	valid	train	train	test	train	train	train	train
DB00130	C0917801	1	C10	train	train	train	train	train	train	test	train	test	valid
DB00131	C0162429	1	C18	train	train	train	train	train	test	train	test	valid	train
DB00132	C0020443	1	C18	train	train	train	train	train	test	train	test	valid	train
DB00132	C0020473	1	C18	train	train	train	train	train	test	train	test	valid	train
DB00132	C0162429	1	C18	train	train	train	train	train	test	train	test	valid	train
DB00132	C1527336	1	C05	train	valid	valid	train	train	test	train	train	train	train
DB00133	C0017612	1	C11	train	test	train	train	train	train	train	train	train	train
DB00136	C0020502	1	C19	train	train	test	test	train	train	train	train	train	train
DB00136	C0020598	1	C18	train	train	train	train	train	test	train	test	valid	train
DB00136	C0020626	1	C19	train	train	test	test	train	train	train	train	train	train
DB00136	C0022661	1	C12	train	train	train	test	valid	train	train	train	train	train
DB00136	C0029456	1	C05	train	valid	valid	train	train	test	train	train	train	train
DB00136	C0033860	1	C17	valid	train	valid	train	train	valid	train	train	train	test
DB00136	C0035579	1	C18	train	train	train	train	train	test	train	test	valid	train
DB00136	C0042842	1	C18	train	train	train	train	train	test	train	test	valid	train
DB00136	C0042870	1	C18	train	train	train	train	train	test	train	test	valid	train
DB00136	C0042875	1	C18	train	train	train	train	train	test	train	test	valid	train
DB00136	C0085682	1	C18	train	train	train	train	train	test	train	test	valid	train
DB00138	C0003873	1	C05	train	valid	valid	train	train	test	train	train	train	train
DB00138	C0029408	1	C05	train	valid	valid	train	train	test	train	train	train	train
DB00139	C0041582	1	C23	valid	train	test	train	train	train	train	train	train	train
DB00139	C0162316	1	C15	train	train	train	valid	train	train	valid	train	train	train
DB00139	C0162429	1	C18	train	train	train	train	train	test	train	test	valid	train
DB00141	C0029408	1	C05	train	valid	valid	train	train	test	train	train	train	train
DB00142	C0041582	1	C23	valid	train	test	train	train	train	train	train	train	train
DB00143	C0162429	1	C18	train	train	train	train	train	test	train	test	valid	train
DB00145	C0030920	1	C06	train	train	train	train	train	train	train	train	train	test
DB00145	C0035455	1	C08	train	train	train	train	train	train	train	test	train	train
DB00146	C0020598	1	C18	train	train	train	train	train	test	train	test	valid	train
DB00146	C0020626	1	C19	train	train	test	test	train	train	train	train	train	train
DB00146	C0022661	1	C12	train	train	train	test	valid	train	train	train	train	train
DB00146	C0029456	1	C05	train	valid	valid	train	train	test	train	train	train	train
DB00146	C0035579	1	C18	train	train	train	train	train	test	train	test	valid	train
DB00146	C0042870	1	C18	train	train	train	train	train	test	train	test	valid	train
DB00146	C0085682	1	C18	train	train	train	train	train	test	train	test	valid	train
DB00147	C0014544	1	C10	train	train	train	train	train	train	test	train	test	valid
DB00147	C0162429	1	C18	train	train	train	train	train	test	train	test	valid	train
DB00147	C0936215	1	C18	train	train	train	train	train	test	train	test	valid	train
DB00148	C0162429	1	C18	train	train	train	train	train	test	train	test	valid	train
DB00150	C0003467	1	F01	train	train	train	train	train	train	valid	train	train	train
DB00150	C0009806	1	C23	valid	train	test	train	train	train	train	train	train	train
DB00150	C0015672	1	C23	valid	train	test	train	train	train	train	train	train	train
DB00150	C0917801	1	C10	train	train	train	train	train	train	test	train	test	valid
DB00152	C0039841	1	C18	train	train	train	train	train	test	train	test	valid	train
DB00152	C0042847	1	C18	train	train	train	train	train	test	train	test	valid	train
DB00153	C0001122	1	C18	train	train	train	train	train	test	train	test	valid	train
DB00153	C0015624	1	C12	train	train	train	test	valid	train	train	train	train	train
DB00153	C0020598	1	C18	train	train	train	train	train	test	train	test	valid	train
DB00153	C0020626	1	C19	train	train	test	test	train	train	train	train	train	train
DB00153	C0029442	1	C18	train	train	train	train	train	test	train	test	valid	train
DB00153	C0029456	1	C05	train	valid	valid	train	train	test	train	train	train	train
DB00153	C0029458	1	C05	train	valid	valid	train	train	test	train	train	train	train
DB00153	C0035579	1	C18	train	train	train	train	train	test	train	test	valid	train
DB00153	C0042842	1	C18	train	train	train	train	train	test	train	test	valid	train
DB00153	C0042870	1	C18	train	train	train	train	train	test	train	test	valid	train
DB00153	C0085682	1	C18	train	train	train	train	train	test	train	test	valid	train
DB00154	C0162429	1	C18	train	train	train	train	train	test	train	test	valid	train
DB00155	C0162429	1	C18	train	train	train	train	train	test	train	test	valid	train
DB00157	C0002395	1	C10	train	train	train	train	train	train	test	train	test	valid
DB00157	C0030567	1	C10	train	train	train	train	train	train	test	train	test	valid
DB00158	C0002871	1	C15	train	train	train	valid	train	train	valid	train	train	train
DB00158	C0002888	1	C15	train	train	train	valid	train	train	valid	train	train	train
DB00158	C0016412	1	C18	train	train	train	train	train	test	train	test	valid	train
DB00158	C0042847	1	C18	train	train	train	train	train	test	train	test	valid	train
DB00158	C0162316	1	C15	train	train	train	valid	train	train	valid	train	train	train
DB00159	C0010674	1	C16	train	test	train	valid	train	valid	train	test	train	train
DB00159	C0011860	1	C18	train	train	train	train	train	test	train	test	valid	train
DB00159	C0011881	1	C12	train	train	train	test	valid	train	train	train	train	train
DB00159	C0020557	1	C18	train	train	train	train	train	test	train	test	valid	train
DB00161	C0019151	1	C06	train	train	train	train	train	train	train	train	train	test
DB00161	C0031485	1	C18	train	train	train	train	train	test	train	test	valid	train
DB00162	C0022593	1	C17	valid	train	valid	train	train	valid	train	train	train	test
DB00162	C0042842	1	C18	train	train	train	train	train	test	train	test	valid	train
DB00162	C0042870	1	C18	train	train	train	train	train	test	train	test	valid	train
DB00162	C0702166	1	C17	valid	train	valid	train	train	valid	train	train	train	test
DB00163	C0002395	1	C10	train	train	train	train	train	train	test	train	test	valid
DB00163	C0003873	1	C05	train	valid	valid	train	train	test	train	train	train	train
DB00163	C0004096	1	C08	train	train	train	train	train	train	train	test	train	train
DB00163	C0004153	1	C14	test	test	train	train	test	train	train	valid	train	train
DB00163	C0042875	1	C18	train	train	train	train	train	test	train	test	valid	train
DB00165	C0936215	1	C18	train	train	train	train	train	test	train	test	valid	train
DB00167	C0019151	1	C06	train	train	train	train	train	train	train	train	train	test
DB00169	C0010346	1	C06	train	train	train	train	train	train	train	train	train	test
DB00169	C0020598	1	C18	train	train	train	train	train	test	train	test	valid	train
DB00169	C0020626	1	C19	train	train	test	test	train	train	train	train	train	train
DB00169	C0022661	1	C12	train	train	train	test	valid	train	train	train	train	train
DB00169	C0024121	1	C08	train	train	train	train	train	train	train	test	train	train
DB00169	C0029442	1	C18	train	train	train	train	train	test	train	test	valid	train
DB00169	C0029456	1	C05	train	valid	valid	train	train	test	train	train	train	train
DB00169	C0029458	1	C05	train	valid	valid	train	train	test	train	train	train	train
DB00169	C0033860	1	C17	valid	train	valid	train	train	valid	train	train	train	test
DB00169	C0035579	1	C18	train	train	train	train	train	test	train	test	valid	train
DB00169	C0037286	1	C04	train	train	train	valid	train	train	valid	train	train	train
DB00169	C0042842	1	C18	train	train	train	train	train	test	train	test	valid	train
DB00169	C0042870	1	C18	train	train	train	train	train	test	train	test	valid	train
DB00170	C0003873	1	C05	train	valid	valid	train	train	test	train	train	train	train
DB00170	C0009324	1	C06	train	train	train	train	train	train	train	train	train	test
DB00170	C0011991	1	C23	valid	train	test	train	train	train	train	train	train	train
DB00170	C0018681	1	C23	valid	train	test	train	train	train	train	train	train	train
DB00170	C0019080	1	C23	valid	train	test	train	train	train	train	train	train	train
DB00170	C0037299	1	C17	valid	train	valid	train	train	valid	train	train	train	test
DB00170	C0042345	1	C14	test	test	train	train	test	train	train	valid	train	train
DB00173	C0162429	1	C18	train	train	train	train	train	test	train	test	valid	train
DB00174	C0162429	1	C18	train	train	train	train	train	test	train	test	valid	train
DB00175	C0003850	1	C14	test	test	train	train	test	train	train	valid	train	train
DB00175	C0020443	1	C18	train	train	train	train	train	test	train	test	valid	train
DB00175	C0020473	1	C18	train	train	train	train	train	test	train	test	valid	train
DB00175	C0020474	1	C18	train	train	train	train	train	test	train	test	valid	train
DB00175	C0020476	1	C18	train	train	train	train	train	test	train	test	valid	train
DB00175	C0020479	1	C18	train	train	train	train	train	test	train	test	valid	train
DB00175	C0020557	1	C18	train	train	train	train	train	test	train	test	valid	train
DB00175	C0027051	1	C14	test	test	train	train	test	train	train	valid	train	train
DB00175	C0038454	1	C10	train	train	train	train	train	train	test	train	test	valid
DB00176	C0028768	1	F03	train	train	train	train	train	train	valid	train	valid	train
DB00177	C0011881	1	C12	train	train	train	test	valid	train	train	train	train	train
DB00177	C0018802	1	C14	test	test	train	train	test	train	train	valid	train	train
DB00177	C0020538	1	C14	test	test	train	train	test	train	train	valid	train	train
DB00177	C0242698	1	C14	test	test	train	train	test	train	train	valid	train	train
DB00178	C0011849	1	C18	train	train	train	train	train	test	train	test	valid	train
DB00178	C0018802	1	C14	test	test	train	train	test	train	train	valid	train	train
DB00178	C0020538	1	C14	test	test	train	train	test	train	train	valid	train	train
DB00178	C0027051	1	C14	test	test	train	train	test	train	train	valid	train	train
DB00178	C0038454	1	C10	train	train	train	train	train	train	test	train	test	valid
DB00179	C0020456	1	C18	train	train	train	train	train	test	train	test	valid	train
DB00179	C0022593	1	C17	valid	train	valid	train	train	valid	train	train	train	test
DB00180	C0004096	1	C08	train	train	train	train	train	train	train	test	train	train
DB00180	C0035457	1	C08	train	train	train	train	train	train	train	test	train	train
DB00181	C0005697	1	C12	train	train	train	test	valid	train	train	train	train	train
DB00181	C0007789	1	C10	train	train	train	train	train	train	test	train	test	valid
DB00181	C0020179	1	C10	train	train	train	train	train	train	test	train	test	valid
DB00181	C0026769	1	C10	train	train	train	train	train	train	test	train	test	valid
DB00181	C0037763	1	C10	train	train	train	train	train	train	test	train	test	valid
DB00181	C0037930	1	C10	train	train	train	train	train	train	test	train	test	valid
DB00181	C0038018	1	C05	train	valid	valid	train	train	test	train	train	train	train
DB00181	C0040997	1	C07	train	test	valid	train	train	train	train	train	train	train
DB00182	C0027404	1	C10	train	train	train	train	train	train	test	train	test	valid
DB00182	C0028754	1	C18	train	train	train	train	train	test	train	test	valid	train
DB00185	C1527336	1	C05	train	valid	valid	train	train	test	train	train	train	train
DB00186	C0003467	1	F01	train	train	train	train	train	train	valid	train	train	train
DB00186	C0014544	1	C10	train	train	train	train	train	train	test	train	test	valid
DB00186	C0014550	1	C10	train	train	train	train	train	train	test	train	test	valid
DB00186	C0014553	1	C10	train	train	train	train	train	train	test	train	test	valid
DB00186	C0021603	1	C10	train	train	train	train	train	train	test	train	test	valid
DB00186	C0030319	1	F03	train	train	train	train	train	train	valid	train	valid	train
DB00186	C0038220	1	C10	train	train	train	train	train	train	test	train	test	valid
DB00187	C0004238	1	C14	test	test	train	train	test	train	train	valid	train	train
DB00187	C0039240	1	C14	test	test	train	train	test	train	train	valid	train	train
DB00187	C0042514	1	C14	test	test	train	train	test	train	train	valid	train	train
DB00188	C0026764	1	C15	train	train	train	valid	train	train	valid	train	train	train
DB00189	C0917801	1	C10	train	train	train	train	train	train	test	train	test	valid
DB00190	C0030567	1	C10	train	train	train	train	train	train	test	train	test	valid
DB00190	C0242422	1	C10	train	train	train	train	train	train	test	train	test	valid
DB00191	C0020649	1	C14	test	test	train	train	test	train	train	valid	train	train
DB00191	C0028754	1	C18	train	train	train	train	train	test	train	test	valid	train
DB00192	C0003811	1	C14	test	test	train	train	test	train	train	valid	train	train
DB00193	C0029408	1	C05	train	valid	valid	train	train	test	train	train	train	train
DB00193	C0030193	1	C23	valid	train	test	train	train	train	train	train	train	train
DB00193	C0150055	1	C23	valid	train	test	train	train	train	train	train	train	train
DB00193	C0235063	1	C08	train	train	train	train	train	train	train	test	train	train
DB00195	C0017612	1	C11	train	test	train	train	train	train	train	train	train	train
DB00195	C0020538	1	C14	test	test	train	train	test	train	train	valid	train	train
DB00195	C0028840	1	C11	train	test	train	train	train	train	train	train	train	train
DB00196	C0025289	1	C10	train	train	train	train	train	train	test	train	test	valid
DB00199	C0008311	1	C06	train	train	train	train	train	train	train	train	train	test
DB00199	C0017160	1	C06	train	train	train	train	train	train	train	train	train	test
DB00199	C0025289	1	C10	train	train	train	train	train	train	test	train	test	valid
DB00199	C0042029	1	C12	train	train	train	test	valid	train	train	train	train	train
DB00199	C0155862	1	C01	train	train	train	train	train	train	train	train	train	train
DB00200	C0002871	1	C15	train	train	train	valid	train	train	valid	train	train	train
DB00200	C0007570	1	C06	train	train	train	train	train	train	train	train	train	test
DB00200	C0011882	1	C10	train	train	train	train	train	train	test	train	test	valid
DB00200	C0020550	1	C19	train	train	test	test	train	train	train	train	train	train
DB00200	C0026769	1	C10	train	train	train	train	train	train	test	train	test	valid
DB00200	C0042847	1	C18	train	train	train	train	train	test	train	test	valid	train
DB00201	C0003578	1	C08	train	train	train	train	train	train	train	test	train	train
DB00201	C0003862	1	C05	train	valid	valid	train	train	test	train	train	train	train
DB00201	C0004604	1	C23	valid	train	test	train	train	train	train	train	train	train
DB00201	C0013390	1	C23	valid	train	test	train	train	train	train	train	train	train
DB00201	C0015672	1	C23	valid	train	test	train	train	train	train	train	train	train
DB00201	C0026838	1	C05	train	valid	valid	train	train	test	train	train	train	train
DB00201	C0030193	1	C23	valid	train	test	train	train	train	train	train	train	train
DB00201	C0149931	1	C10	train	train	train	train	train	train	test	train	test	valid
DB00203	C0242350	1	C12	train	train	train	test	valid	train	train	train	train	train
DB00203	C2973725	1	C08	train	train	train	train	train	train	train	test	train	train
DB00204	C0003811	1	C14	test	test	train	train	test	train	train	valid	train	train
DB00204	C0004238	1	C14	test	test	train	train	test	train	train	valid	train	train
DB00204	C0004239	1	C14	test	test	train	train	test	train	train	valid	train	train
DB00206	C0020538	1	C14	test	test	train	train	test	train	train	valid	train	train
DB00206	C0033975	1	F03	train	train	train	train	train	train	valid	train	valid	train
DB00206	C0085580	1	C14	test	test	train	train	test	train	train	valid	train	train
DB00207	C0029882	1	C09	train	train	train	train	test	train	train	train	train	train
DB00207	C0032285	1	C08	train	train	train	train	train	train	train	test	train	train
DB00207	C0155862	1	C01	train	train	train	train	train	train	train	train	train	train
DB00207	C0702166	1	C17	valid	train	valid	train	train	valid	train	train	train	test
DB00208	C0040053	1	C14	test	test	train	train	test	train	train	valid	train	train
DB00209	C0042024	1	C12	train	train	train	test	valid	train	train	train	train	train
DB00209	C0878773	1	C12	train	train	train	test	valid	train	train	train	train	train
DB00210	C0702166	1	C17	valid	train	valid	train	train	valid	train	train	train	test
DB00211	C0020649	1	C14	test	test	train	train	test	train	train	valid	train	train
DB00211	C0020651	1	C10	train	train	train	train	train	train	test	train	test	valid
DB00211	C0042024	1	C12	train	train	train	test	valid	train	train	train	train	train
DB00213	C0014868	1	C06	train	train	train	train	train	train	train	train	train	test
DB00213	C0017168	1	C06	train	train	train	train	train	train	train	train	train	test
DB00213	C0027662	1	C04	train	train	train	valid	train	train	valid	train	train	train
DB00213	C0041582	1	C23	valid	train	test	train	train	train	train	train	train	train
DB00213	C0043515	1	C06	train	train	train	train	train	train	train	train	train	test
DB00214	C0013604	1	C23	valid	train	test	train	train	train	train	train	train	train
DB00214	C0020538	1	C14	test	test	train	train	test	train	train	valid	train	train
DB00214	C0022660	1	C12	train	train	train	test	valid	train	train	train	train	train
DB00214	C0023890	1	C06	train	train	train	train	train	train	train	train	train	test
DB00214	C0027726	1	C12	train	train	train	test	valid	train	train	train	train	train
DB00214	C0034063	1	C08	train	train	train	train	train	train	train	test	train	train
DB00215	C0011581	1	F03	train	train	train	train	train	train	valid	train	valid	train
DB00215	C0011882	1	C10	train	train	train	train	train	train	test	train	test	valid
DB00216	C0149931	1	C10	train	train	train	train	train	train	test	train	test	valid
DB00218	C0008677	1	C08	train	train	train	train	train	train	train	test	train	train
DB00218	C0010692	1	C12	train	train	train	test	valid	train	train	train	train	train
DB00218	C0031154	1	C01	train	train	train	train	train	train	train	train	train	train
DB00218	C0032285	1	C08	train	train	train	train	train	train	train	test	train	train
DB00218	C0034186	1	C12	train	train	train	test	valid	train	train	train	train	train
DB00218	C0037199	1	C08	train	train	train	train	train	train	train	test	train	train
DB00218	C0155862	1	C01	train	train	train	train	train	train	train	train	train	train
DB00221	C0004096	1	C08	train	train	train	train	train	train	train	test	train	train
DB00222	C0011849	1	C18	train	train	train	train	train	test	train	test	valid	train
DB00222	C0020456	1	C18	train	train	train	train	train	test	train	test	valid	train
DB00223	C0011615	1	C17	valid	train	valid	train	train	valid	train	train	train	test
DB00223	C0011616	1	C17	valid	train	valid	train	train	valid	train	train	train	test
DB00223	C0015230	1	C17	valid	train	valid	train	train	valid	train	train	train	test
DB00223	C0015456	1	C17	valid	train	valid	train	train	valid	train	train	train	test
DB00223	C0024138	1	C17	valid	train	valid	train	train	valid	train	train	train	test
DB00223	C0036508	1	C17	valid	train	valid	train	train	valid	train	train	train	test
DB00226	C0020538	1	C14	test	test	train	train	test	train	train	valid	train	train
DB00227	C0003850	1	C14	test	test	train	train	test	train	train	valid	train	train
DB00227	C0010068	1	C14	test	test	train	train	test	train	train	valid	train	train
DB00227	C0020443	1	C18	train	train	train	train	train	test	train	test	valid	train
DB00227	C0020473	1	C18	train	train	train	train	train	test	train	test	valid	train
DB00227	C0020474	1	C18	train	train	train	train	train	test	train	test	valid	train
DB00227	C0020476	1	C18	train	train	train	train	train	test	train	test	valid	train
DB00227	C0020557	1	C18	train	train	train	train	train	test	train	test	valid	train
DB00227	C0027051	1	C14	test	test	train	train	test	train	train	valid	train	train
DB00227	C0473527	1	C18	train	train	train	train	train	test	train	test	valid	train
DB00228	C0151636	1	C14	test	test	train	train	test	train	train	valid	train	train
DB00230	C0014544	1	C10	train	train	train	train	train	train	test	train	test	valid
DB00230	C0031117	1	C10	train	train	train	train	train	train	test	train	test	valid
DB00230	C0032768	1	C10	train	train	train	train	train	train	test	train	test	valid
DB00230	C0036572	1	C10	train	train	train	train	train	train	test	train	test	valid
DB00231	C0021603	1	C10	train	train	train	train	train	train	test	train	test	valid
DB00231	C0917801	1	C10	train	train	train	train	train	train	test	train	test	valid
DB00232	C0013604	1	C23	valid	train	test	train	train	train	train	train	train	train
DB00232	C0018802	1	C14	test	test	train	train	test	train	train	valid	train	train
DB00232	C0020538	1	C14	test	test	train	train	test	train	train	valid	train	train
DB00232	C0027726	1	C12	train	train	train	test	valid	train	train	train	train	train
DB00233	C0009324	1	C06	train	train	train	train	train	train	train	train	train	test
DB00233	C0010346	1	C06	train	train	train	train	train	train	train	train	train	test
DB00233	C0021390	1	C06	train	train	train	train	train	train	train	train	train	test
DB00234	C1269683	1	F03	train	train	train	train	train	train	valid	train	valid	train
DB00235	C0018802	1	C14	test	test	train	train	test	train	train	valid	train	train
DB00237	C0013428	1	C23	valid	train	test	train	train	train	train	train	train	train
DB00237	C0021603	1	C10	train	train	train	train	train	train	test	train	test	valid
DB00237	C0917801	1	C10	train	train	train	train	train	train	test	train	test	valid
DB00240	C0011603	1	C17	valid	train	valid	train	train	valid	train	train	train	test
DB00240	C0011615	1	C17	valid	train	valid	train	train	valid	train	train	train	test
DB00240	C0011616	1	C17	valid	train	valid	train	train	valid	train	train	train	test
DB00240	C0015230	1	C17	valid	train	valid	train	train	valid	train	train	train	test
DB00240	C0015456	1	C17	valid	train	valid	train	train	valid	train	train	train	test
DB00240	C0024138	1	C17	valid	train	valid	train	train	valid	train	train	train	test
DB00241	C0018681	1	C23	valid	train	test	train	train	train	train	train	train	train
DB00241	C0149931	1	C10	train	train	train	train	train	train	test	train	test	valid
DB00242	C0002871	1	C15	train	train	train	valid	train	train	valid	train	train	train
DB00242	C0023434	1	C15	train	train	train	valid	train	train	valid	train	train	train
DB00242	C0023443	1	C15	train	train	train	valid	train	train	valid	train	train	train
DB00242	C0024305	1	C04	train	train	train	valid	train	train	valid	train	train	train
DB00242	C0026769	1	C10	train	train	train	train	train	train	test	train	test	valid
DB00243	C0002962	1	C14	test	test	train	train	test	train	train	valid	train	train
DB00244	C0009324	1	C06	train	train	train	train	train	train	train	train	train	test
DB00244	C0014356	1	C06	train	train	train	train	train	train	train	train	train	test
DB00244	C0021390	1	C06	train	train	train	train	train	train	train	train	train	test
DB00245	C0015371	1	C10	train	train	train	train	train	train	test	train	test	valid
DB00245	C0030567	1	C10	train	train	train	train	train	train	test	train	test	valid
DB00245	C0242422	1	C10	train	train	train	train	train	train	test	train	test	valid
DB00246	C0005586	1	F03	train	train	train	train	train	train	valid	train	valid	train
DB00246	C0036341	1	F03	train	train	train	train	train	train	valid	train	valid	train
DB00247	C0018681	1	C23	valid	train	test	train	train	train	train	train	train	train
DB00247	C0149931	1	C10	train	train	train	train	train	train	test	train	test	valid
DB00248	C0020514	1	C10	train	train	train	train	train	train	test	train	test	valid
DB00248	C0030567	1	C10	train	train	train	train	train	train	test	train	test	valid
DB00248	C0032000	1	C10	train	train	train	train	train	train	test	train	test	valid
DB00248	C0033375	1	C04	train	train	train	valid	train	train	valid	train	train	train
DB00248	C0242422	1	C10	train	train	train	train	train	train	test	train	test	valid
DB00250	C0702166	1	C17	valid	train	valid	train	train	valid	train	train	train	test
DB00252	C0014544	1	C10	train	train	train	train	train	train	test	train	test	valid
DB00252	C0014549	1	C10	train	train	train	train	train	train	test	train	test	valid
DB00252	C0014556	1	C10	train	train	train	train	train	train	test	train	test	valid
DB00252	C0036572	1	C10	train	train	train	train	train	train	test	train	test	valid
DB00252	C0038220	1	C10	train	train	train	train	train	train	test	train	test	valid
DB00252	C0149958	1	C10	train	train	train	train	train	train	test	train	test	valid
DB00252	C0234974	1	C10	train	train	train	train	train	train	test	train	test	valid
DB00252	C0238111	1	C10	train	train	train	train	train	train	test	train	test	valid
DB00253	C0009763	1	C11	train	test	train	train	train	train	train	train	train	train
DB00253	C0010043	1	C11	train	test	train	train	train	train	train	train	train	train
DB00253	C0013182	1	C25	train	train	test	train	train	train	valid	valid	train	train
DB00253	C0014583	1	C11	train	test	train	train	train	train	train	train	train	train
DB00253	C0022073	1	C11	train	test	train	train	train	train	train	train	train	train
DB00253	C0042164	1	C11	train	test	train	train	train	train	train	train	train	train
DB00254	C0008149	1	C01	train	train	train	train	train	train	train	train	train	train
DB00254	C0031099	1	C07	train	test	valid	train	train	train	train	train	train	train
DB00254	C0035585	1	C01	train	train	train	train	train	train	train	train	train	train
DB00254	C0037199	1	C08	train	train	train	train	train	train	train	test	train	train
DB00254	C0702166	1	C17	valid	train	valid	train	train	valid	train	train	train	test
DB00255	C0000786	1	C12	train	train	train	test	valid	train	train	train	train	train
DB00255	C0151526	1	C12	train	train	train	test	valid	train	train	train	train	train
DB00255	C0376358	1	C12	train	train	train	test	valid	train	train	train	train	train
DB00255	C1458155	1	C04	train	train	train	valid	train	train	valid	train	train	train
DB00261	C0032463	1	C15	train	train	train	valid	train	train	valid	train	train	train
DB00261	C0040053	1	C14	test	test	train	train	test	train	train	valid	train	train
DB00261	C0836924	1	C15	train	train	train	valid	train	train	valid	train	train	train
DB00262	C0004114	1	C04	train	train	train	valid	train	train	valid	train	train	train
DB00262	C0006118	1	C10	train	train	train	train	train	train	test	train	test	valid
DB00262	C0009375	1	C06	train	train	train	train	train	train	train	train	train	test
DB00262	C0014474	1	C04	train	train	train	valid	train	train	valid	train	train	train
DB00262	C0017636	1	C04	train	train	train	valid	train	train	valid	train	train	train
DB00262	C0024121	1	C08	train	train	train	train	train	train	train	test	train	train
DB00262	C0024305	1	C04	train	train	train	valid	train	train	valid	train	train	train
DB00262	C0025149	1	C04	train	train	train	valid	train	train	valid	train	train	train
DB00262	C0025202	1	C04	train	train	train	valid	train	train	valid	train	train	train
DB00262	C0026764	1	C15	train	train	train	valid	train	train	valid	train	train	train
DB00262	C0079744	1	C04	train	train	train	valid	train	train	valid	train	train	train
DB00264	C0002962	1	C14	test	test	train	train	test	train	train	valid	train	train
DB00264	C0020538	1	C14	test	test	train	train	test	train	train	valid	train	train
DB00264	C0027051	1	C14	test	test	train	train	test	train	train	valid	train	train
DB00264	C0948089	1	C14	test	test	train	train	test	train	train	valid	train	train
DB00266	C0027051	1	C14	test	test	train	train	test	train	train	valid	train	train
DB00266	C0040038	1	C14	test	test	train	train	test	train	train	valid	train	train
DB00266	C0040053	1	C14	test	test	train	train	test	train	train	valid	train	train
DB00268	C0030567	1	C10	train	train	train	train	train	train	test	train	test	valid
DB00270	C0020538	1	C14	test	test	train	train	test	train	train	valid	train	train
DB00270	C0085580	1	C14	test	test	train	train	test	train	train	valid	train	train
DB00273	C0014544	1	C10	train	train	train	train	train	train	test	train	test	valid
DB00273	C0014549	1	C10	train	train	train	train	train	train	test	train	test	valid
DB00273	C0028754	1	C18	train	train	train	train	train	test	train	test	valid	train
DB00273	C0037769	1	C10	train	train	train	train	train	train	test	train	test	valid
DB00273	C0149931	1	C10	train	train	train	train	train	train	test	train	test	valid
DB00273	C0234974	1	C10	train	train	train	train	train	train	test	train	test	valid
DB00273	C0238111	1	C10	train	train	train	train	train	train	test	train	test	valid
DB00275	C0018802	1	C14	test	test	train	train	test	train	train	valid	train	train
DB00275	C0020538	1	C14	test	test	train	train	test	train	train	valid	train	train
DB00275	C0242698	1	C14	test	test	train	train	test	train	train	valid	train	train
DB00276	C0023467	1	C04	train	train	train	valid	train	train	valid	train	train	train
DB00277	C0003578	1	C08	train	train	train	train	train	train	train	test	train	train
DB00277	C0004096	1	C08	train	train	train	train	train	train	train	test	train	train
DB00277	C0008677	1	C08	train	train	train	train	train	train	train	test	train	train
DB00277	C0024115	1	C08	train	train	train	train	train	train	train	test	train	train
DB00277	C0428977	1	C14	test	test	train	train	test	train	train	valid	train	train
DB00279	C0010308	1	C05	train	valid	valid	train	train	test	train	train	train	train
DB00279	C0018021	1	C19	train	train	test	test	train	train	train	train	train	train
DB00279	C0020676	1	C19	train	train	test	test	train	train	train	train	train	train
DB00279	C0040136	1	C04	train	train	train	valid	train	train	valid	train	train	train
DB00279	C0040156	1	C19	train	train	test	test	train	train	train	train	train	train
DB00279	C0920350	1	C19	train	train	test	test	train	train	train	train	train	train
DB00280	C0003811	1	C14	test	test	train	train	test	train	train	valid	train	train
DB00280	C0004238	1	C14	test	test	train	train	test	train	train	valid	train	train
DB00280	C0004239	1	C14	test	test	train	train	test	train	train	valid	train	train
DB00280	C0042514	1	C14	test	test	train	train	test	train	train	valid	train	train
DB00280	C0151636	1	C14	test	test	train	train	test	train	train	valid	train	train
DB00281	C0003811	1	C14	test	test	train	train	test	train	train	valid	train	train
DB00281	C0013595	1	C17	valid	train	valid	train	train	valid	train	train	train	test
DB00281	C0019080	1	C23	valid	train	test	train	train	train	train	train	train	train
DB00281	C0019112	1	C06	train	train	train	train	train	train	train	train	train	test
DB00281	C0027796	1	C10	train	train	train	train	train	train	test	train	test	valid
DB00281	C0032768	1	C10	train	train	train	train	train	train	test	train	test	valid
DB00281	C0033774	1	C17	valid	train	valid	train	train	valid	train	train	train	test
DB00281	C0042510	1	C14	test	test	train	train	test	train	train	valid	train	train
DB00281	C0042514	1	C14	test	test	train	train	test	train	train	valid	train	train
DB00281	C0151636	1	C14	test	test	train	train	test	train	train	valid	train	train
DB00282	C0020437	1	C18	train	train	train	train	train	test	train	test	valid	train
DB00282	C0029458	1	C05	train	valid	valid	train	train	test	train	train	train	train
DB00283	C0002994	1	C14	test	test	train	train	test	train	train	valid	train	train
DB00283	C0020517	1	C20	train	train	test	train	valid	train	train	train	train	train
DB00283	C0033774	1	C17	valid	train	valid	train	train	valid	train	train	train	test
DB00283	C0035457	1	C08	train	train	train	train	train	train	train	test	train	train
DB00283	C0042109	1	C17	valid	train	valid	train	train	valid	train	train	train	test
DB00284	C0011849	1	C18	train	train	train	train	train	test	train	test	valid	train
DB00284	C0011860	1	C18	train	train	train	train	train	test	train	test	valid	train
DB00284	C0020456	1	C18	train	train	train	train	train	test	train	test	valid	train
DB00285	C0006142	1	C04	train	train	train	valid	train	train	valid	train	train	train
DB00285	C0030319	1	F03	train	train	train	train	train	train	valid	train	valid	train
DB00285	C1269683	1	F03	train	train	train	train	train	train	valid	train	valid	train
DB00286	C0006142	1	C04	train	train	train	valid	train	train	valid	train	train	train
DB00286	C0020619	1	C19	train	train	test	test	train	train	train	train	train	train
DB00286	C0029456	1	C05	train	valid	valid	train	train	test	train	train	train	train
DB00286	C1384606	1	C12	train	train	train	test	valid	train	train	train	train	train
DB00287	C0017601	1	C11	train	test	train	train	train	train	train	train	train	train
DB00287	C0017612	1	C11	train	test	train	train	train	train	train	train	train	train
DB00287	C0028840	1	C11	train	test	train	train	train	train	train	train	train	train
DB00288	C0011603	1	C17	valid	train	valid	train	train	valid	train	train	train	test
DB00288	C0011615	1	C17	valid	train	valid	train	train	valid	train	train	train	test
DB00288	C0011616	1	C17	valid	train	valid	train	train	valid	train	train	train	test
DB00288	C0015456	1	C17	valid	train	valid	train	train	valid	train	train	train	test
DB00288	C0024138	1	C17	valid	train	valid	train	train	valid	train	train	train	test
DB00288	C0036508	1	C17	valid	train	valid	train	train	valid	train	train	train	test
DB00290	C0007137	1	C04	train	train	train	valid	train	train	valid	train	train	train
DB00290	C0019829	1	C04	train	train	train	valid	train	train	valid	train	train	train
DB00290	C0024299	1	C04	train	train	train	valid	train	train	valid	train	train	train
DB00290	C0024301	1	C04	train	train	train	valid	train	train	valid	train	train	train
DB00290	C0024305	1	C04	train	train	train	valid	train	train	valid	train	train	train
DB00290	C0025202	1	C04	train	train	train	valid	train	train	valid	train	train	train
DB00290	C0039590	1	C12	train	train	train	test	valid	train	train	train	train	train
DB00290	C0278996	1	C04	train	train	train	valid	train	train	valid	train	train	train
DB00292	C0007786	1	C10	train	train	train	train	train	train	test	train	test	valid
DB00292	C0038220	1	C10	train	train	train	train	train	train	test	train	test	valid
DB00293	C0025500	1	C04	train	train	train	valid	train	train	valid	train	train	train
DB00293	C1527249	1	C06	train	train	train	train	train	train	train	train	train	test
DB00295	C0011991	1	C23	valid	train	test	train	train	train	train	train	train	train
DB00295	C0030193	1	C23	valid	train	test	train	train	train	train	train	train	train
DB00295	C0150055	1	C23	valid	train	test	train	train	train	train	train	train	train
DB00297	C0033774	1	C17	valid	train	valid	train	train	valid	train	train	train	test
DB00298	C0017601	1	C11	train	test	train	train	train	train	train	train	train	train
DB00300	C0524909	1	C01	train	train	train	train	train	train	train	train	train	train
DB00302	C0005779	1	C15	train	train	train	valid	train	train	valid	train	train	train
DB00302	C0014175	1	C12	train	train	train	test	valid	train	train	train	train	train
DB00302	C0019080	1	C23	valid	train	test	train	train	train	train	train	train	train
DB00302	C0025323	1	C12	train	train	train	test	valid	train	train	train	train	train
DB00302	C0038525	1	C10	train	train	train	train	train	train	test	train	test	valid
DB00304	C0014175	1	C12	train	train	train	test	valid	train	train	train	train	train
DB00307	C0011849	1	C18	train	train	train	train	train	test	train	test	valid	train
DB00307	C0596263	1	C04	train	train	train	valid	train	train	valid	train	train	train
DB00308	C0003811	1	C14	test	test	train	train	test	train	train	valid	train	train
DB00309	C0019829	1	C04	train	train	train	valid	train	train	valid	train	train	train
DB00309	C0023449	1	C15	train	train	train	valid	train	train	valid	train	train	train
DB00309	C0024299	1	C04	train	train	train	valid	train	train	valid	train	train	train
DB00309	C0025202	1	C04	train	train	train	valid	train	train	valid	train	train	train
DB00310	C0013604	1	C23	valid	train	test	train	train	train	train	train	train	train
DB00310	C0018802	1	C14	test	test	train	train	test	train	train	valid	train	train
DB00310	C0020538	1	C14	test	test	train	train	test	train	train	valid	train	train
DB00310	C0022661	1	C12	train	train	train	test	valid	train	train	train	train	train
DB00310	C0023890	1	C06	train	train	train	train	train	train	train	train	train	test
DB00310	C0027726	1	C12	train	train	train	test	valid	train	train	train	train	train
DB00311	C0017601	1	C11	train	test	train	train	train	train	train	train	train	train
DB00312	C0014544	1	C10	train	train	train	train	train	train	test	train	test	valid
DB00312	C0038220	1	C10	train	train	train	train	train	train	test	train	test	valid
DB00312	C0917798	1	C10	train	train	train	train	train	train	test	train	test	valid
DB00312	C0917801	1	C10	train	train	train	train	train	train	test	train	test	valid
DB00313	C0002395	1	C10	train	train	train	train	train	train	test	train	test	valid
DB00313	C0014544	1	C10	train	train	train	train	train	train	test	train	test	valid
DB00313	C0014553	1	C10	train	train	train	train	train	train	test	train	test	valid
DB00313	C0036572	1	C10	train	train	train	train	train	train	test	train	test	valid
DB00313	C0085417	1	C10	train	train	train	train	train	train	test	train	test	valid
DB00316	C0003864	1	C05	train	valid	valid	train	train	test	train	train	train	train
DB00316	C0004604	1	C23	valid	train	test	train	train	train	train	train	train	train
DB00316	C0013390	1	C23	valid	train	test	train	train	train	train	train	train	train
DB00316	C0015967	1	C23	valid	train	test	train	train	train	train	train	train	train
DB00316	C0030193	1	C23	valid	train	test	train	train	train	train	train	train	train
DB00316	C0149931	1	C10	train	train	train	train	train	train	test	train	test	valid
DB00317	C0007131	1	C08	train	train	train	train	train	train	train	test	train	train
DB00317	C0024121	1	C08	train	train	train	train	train	train	train	test	train	train
DB00318	C0015967	1	C23	valid	train	test	train	train	train	train	train	train	train
DB00318	C0030193	1	C23	valid	train	test	train	train	train	train	train	train	train
DB00320	C0149931	1	C10	train	train	train	train	train	train	test	train	test	valid
DB00321	C0011581	1	F03	train	train	train	train	train	train	valid	train	valid	train
DB00322	C0009404	1	C06	train	train	train	train	train	train	train	train	train	test
DB00322	C0038356	1	C06	train	train	train	train	train	train	train	train	train	test
DB00322	C1527249	1	C06	train	train	train	train	train	train	train	train	train	test
DB00323	C0030567	1	C10	train	train	train	train	train	train	test	train	test	valid
DB00324	C0005741	1	C11	train	test	train	train	train	train	train	train	train	train
DB00324	C0010043	1	C11	train	test	train	train	train	train	train	train	train	train
DB00324	C0020517	1	C20	train	train	test	train	valid	train	train	train	train	train
DB00324	C0022073	1	C11	train	test	train	train	train	train	train	train	train	train
DB00324	C0035854	1	C17	valid	train	valid	train	train	valid	train	train	train	test
DB00324	C0042164	1	C11	train	test	train	train	train	train	train	train	train	train
DB00324	C0702166	1	C17	valid	train	valid	train	train	valid	train	train	train	test
DB00325	C0020538	1	C14	test	test	train	train	test	train	train	valid	train	train
DB00325	C0020546	1	C14	test	test	train	train	test	train	train	valid	train	train
DB00327	C0030193	1	C23	valid	train	test	train	train	train	train	train	train	train
DB00328	C0003873	1	C05	train	valid	valid	train	train	test	train	train	train	train
DB00328	C0013274	1	C14	test	test	train	train	test	train	train	valid	train	train
DB00328	C0018099	1	C05	train	valid	valid	train	train	test	train	train	train	train
DB00328	C0029408	1	C05	train	valid	valid	train	train	test	train	train	train	train
DB00328	C0038013	1	C05	train	valid	valid	train	train	test	train	train	train	train
DB00328	C0039103	1	C05	train	valid	valid	train	train	test	train	train	train	train
DB00331	C0011849	1	C18	train	train	train	train	train	test	train	test	valid	train
DB00331	C0011860	1	C18	train	train	train	train	train	test	train	test	valid	train
DB00331	C0020456	1	C18	train	train	train	train	train	test	train	test	valid	train
DB00332	C0004096	1	C08	train	train	train	train	train	train	train	test	train	train
DB00332	C0008677	1	C08	train	train	train	train	train	train	train	test	train	train
DB00332	C0034067	1	C23	valid	train	test	train	train	train	train	train	train	train
DB00332	C0035457	1	C08	train	train	train	train	train	train	train	test	train	train
DB00334	C0005586	1	F03	train	train	train	train	train	train	valid	train	valid	train
DB00334	C0005587	1	F03	train	train	train	train	train	train	valid	train	valid	train
DB00334	C0036341	1	F03	train	train	train	train	train	train	valid	train	valid	train
DB00334	C1269683	1	F03	train	train	train	train	train	train	valid	train	valid	train
DB00335	C0002962	1	C14	test	test	train	train	test	train	train	valid	train	train
DB00335	C0003811	1	C14	test	test	train	train	test	train	train	valid	train	train
DB00335	C0004238	1	C14	test	test	train	train	test	train	train	valid	train	train
DB00335	C0004239	1	C14	test	test	train	train	test	train	train	valid	train	train
DB00335	C0018802	1	C14	test	test	train	train	test	train	train	valid	train	train
DB00335	C0020538	1	C14	test	test	train	train	test	train	train	valid	train	train
DB00335	C0027051	1	C14	test	test	train	train	test	train	train	valid	train	train
DB00335	C0039240	1	C14	test	test	train	train	test	train	train	valid	train	train
DB00335	C0042510	1	C14	test	test	train	train	test	train	train	valid	train	train
DB00335	C0042514	1	C14	test	test	train	train	test	train	train	valid	train	train
DB00337	C0011603	1	C17	valid	train	valid	train	train	valid	train	train	train	test
DB00337	C0011615	1	C17	valid	train	valid	train	train	valid	train	train	train	test
DB00337	C0013595	1	C17	valid	train	valid	train	train	valid	train	train	train	test
DB00338	C0013295	1	C06	train	train	train	train	train	train	train	train	train	test
DB00338	C0014868	1	C06	train	train	train	train	train	train	train	train	train	test
DB00338	C0014869	1	C06	train	train	train	train	train	train	train	train	train	test
DB00338	C0017168	1	C06	train	train	train	train	train	train	train	train	train	test
DB00338	C0017181	1	C06	train	train	train	train	train	train	train	train	train	test
DB00338	C0030920	1	C06	train	train	train	train	train	train	train	train	train	test
DB00338	C0038358	1	C06	train	train	train	train	train	train	train	train	train	test
DB00338	C0043515	1	C06	train	train	train	train	train	train	train	train	train	test
DB00340	C0030567	1	C10	train	train	train	train	train	train	test	train	test	valid
DB00340	C0242422	1	C10	train	train	train	train	train	train	test	train	test	valid
DB00341	C0020517	1	C20	train	train	test	train	valid	train	train	train	train	train
DB00341	C0035457	1	C08	train	train	train	train	train	train	train	test	train	train
DB00342	C0018621	1	C08	train	train	train	train	train	train	train	test	train	train
DB00343	C0002962	1	C14	test	test	train	train	test	train	train	valid	train	train
DB00343	C0004238	1	C14	test	test	train	train	test	train	train	valid	train	train
DB00343	C0020538	1	C14	test	test	train	train	test	train	train	valid	train	train
DB00343	C0027051	1	C14	test	test	train	train	test	train	train	valid	train	train
DB00343	C0030590	1	C14	test	test	train	train	test	train	train	valid	train	train
DB00343	C0039240	1	C14	test	test	train	train	test	train	train	valid	train	train
DB00344	C0011581	1	F03	train	train	train	train	train	train	valid	train	valid	train
DB00347	C0014544	1	C10	train	train	train	train	train	train	test	train	test	valid
DB00347	C0014553	1	C10	train	train	train	train	train	train	test	train	test	valid
DB00347	C0036572	1	C10	train	train	train	train	train	train	test	train	test	valid
DB00348	C0268483	1	C18	train	train	train	train	train	test	train	test	valid	train
DB00348	C0268490	1	C18	train	train	train	train	train	test	train	test	valid	train
DB00349	C0036572	1	C10	train	train	train	train	train	train	test	train	test	valid
DB00349	C0238111	1	C10	train	train	train	train	train	train	test	train	test	valid
DB00350	C0002170	1	C17	valid	train	valid	train	train	valid	train	train	train	test
DB00350	C0020538	1	C14	test	test	train	train	test	train	train	valid	train	train
DB00350	C0020540	1	C14	test	test	train	train	test	train	train	valid	train	train
DB00351	C0003123	1	C23	valid	train	test	train	train	train	train	train	train	train
DB00351	C0476089	1	C12	train	train	train	test	valid	train	train	train	train	train
DB00351	C0678222	1	C04	train	train	train	valid	train	train	valid	train	train	train
DB00352	C0023437	1	C04	train	train	train	valid	train	train	valid	train	train	train
DB00352	C0023467	1	C04	train	train	train	valid	train	train	valid	train	train	train
DB00352	C0023481	1	C15	train	train	train	valid	train	train	valid	train	train	train
DB00352	C0033860	1	C17	valid	train	valid	train	train	valid	train	train	train	test
DB00356	C0026838	1	C05	train	valid	valid	train	train	test	train	train	train	train
DB00356	C0027121	1	C05	train	valid	valid	train	train	test	train	train	train	train
DB00357	C0010481	1	C19	train	train	test	test	train	train	train	train	train	train
DB00357	C0027661	1	C04	train	train	train	valid	train	train	valid	train	train	train
DB00357	C0033578	1	C12	train	train	train	test	valid	train	train	train	train	train
DB00357	C1458155	1	C04	train	train	train	valid	train	train	valid	train	train	train
DB00361	C0007131	1	C08	train	train	train	train	train	train	train	test	train	train
DB00361	C0019829	1	C04	train	train	train	valid	train	train	valid	train	train	train
DB00361	C0919267	1	C12	train	train	train	test	valid	train	train	train	train	train
DB00361	C1458155	1	C04	train	train	train	valid	train	train	valid	train	train	train
DB00363	C0036341	1	F03	train	train	train	train	train	train	valid	train	valid	train
DB00363	C3544321	1	F03	train	train	train	train	train	train	valid	train	valid	train
DB00364	C0013295	1	C06	train	train	train	train	train	train	train	train	train	test
DB00364	C0014868	1	C06	train	train	train	train	train	train	train	train	train	test
DB00364	C0017152	1	C06	train	train	train	train	train	train	train	train	train	test
DB00364	C0017168	1	C06	train	train	train	train	train	train	train	train	train	test
DB00364	C0030920	1	C06	train	train	train	train	train	train	train	train	train	test
DB00364	C0032285	1	C08	train	train	train	train	train	train	train	test	train	train
DB00364	C0038358	1	C06	train	train	train	train	train	train	train	train	train	test
DB00364	C0038362	1	C07	train	test	valid	train	train	train	train	train	train	train
DB00364	C0041582	1	C23	valid	train	test	train	train	train	train	train	train	train
DB00366	C0018621	1	C08	train	train	train	train	train	train	train	test	train	train
DB00366	C0020517	1	C20	train	train	test	train	valid	train	train	train	train	train
DB00366	C0021603	1	C10	train	train	train	train	train	train	test	train	test	valid
DB00366	C0033774	1	C17	valid	train	valid	train	train	valid	train	train	train	test
DB00366	C0035457	1	C08	train	train	train	train	train	train	train	test	train	train
DB00366	C0042109	1	C17	valid	train	valid	train	train	valid	train	train	train	test
DB00367	C0025323	1	C12	train	train	train	test	valid	train	train	train	train	train
DB00368	C0004096	1	C08	train	train	train	train	train	train	train	test	train	train
DB00368	C0006267	1	C08	train	train	train	train	train	train	train	test	train	train
DB00368	C0018681	1	C23	valid	train	test	train	train	train	train	train	train	train
DB00368	C0020649	1	C14	test	test	train	train	test	train	train	valid	train	train
DB00368	C0030567	1	C10	train	train	train	train	train	train	test	train	test	valid
DB00368	C0034067	1	C23	valid	train	test	train	train	train	train	train	train	train
DB00368	C0036983	1	C23	valid	train	test	train	train	train	train	train	train	train
DB00368	C0042109	1	C17	valid	train	valid	train	train	valid	train	train	train	test
DB00368	C0085159	1	F03	train	train	train	train	train	train	valid	train	valid	train
DB00370	C1269683	1	F03	train	train	train	train	train	train	valid	train	valid	train
DB00372	C0027497	1	C23	valid	train	test	train	train	train	train	train	train	train
DB00373	C0003811	1	C14	test	test	train	train	test	train	train	valid	train	train
DB00373	C0017612	1	C11	train	test	train	train	train	train	train	train	train	train
DB00373	C0020538	1	C14	test	test	train	train	test	train	train	valid	train	train
DB00373	C0027051	1	C14	test	test	train	train	test	train	train	valid	train	train
DB00373	C0028840	1	C11	train	test	train	train	train	train	train	train	train	train
DB00373	C0149931	1	C10	train	train	train	train	train	train	test	train	test	valid
DB00374	C0020542	1	C08	train	train	train	train	train	train	train	test	train	train
DB00374	C0040053	1	C14	test	test	train	train	test	train	train	valid	train	train
DB00374	C2973725	1	C08	train	train	train	train	train	train	train	test	train	train
DB00376	C0015371	1	C10	train	train	train	train	train	train	test	train	test	valid
DB00376	C0030567	1	C10	train	train	train	train	train	train	test	train	test	valid
DB00376	C0242422	1	C10	train	train	train	train	train	train	test	train	test	valid
DB00377	C0027497	1	C23	valid	train	test	train	train	train	train	train	train	train
DB00377	C0042963	1	C23	valid	train	test	train	train	train	train	train	train	train
DB00378	C0000809	1	C12	train	train	train	test	valid	train	train	train	train	train
DB00378	C0021359	1	C12	train	train	train	test	valid	train	train	train	train	train
DB00379	C0003811	1	C14	test	test	train	train	test	train	train	valid	train	train
DB00379	C0011882	1	C10	train	train	train	train	train	train	test	train	test	valid
DB00379	C0042510	1	C14	test	test	train	train	test	train	train	valid	train	train
DB00379	C0042514	1	C14	test	test	train	train	test	train	train	valid	train	train
DB00379	C0151636	1	C14	test	test	train	train	test	train	train	valid	train	train
DB00380	C0878544	1	C14	test	test	train	train	test	train	train	valid	train	train
DB00380	C1458155	1	C04	train	train	train	valid	train	train	valid	train	train	train
DB00381	C0002962	1	C14	test	test	train	train	test	train	train	valid	train	train
DB00381	C0020538	1	C14	test	test	train	train	test	train	train	valid	train	train
DB00381	C0038454	1	C10	train	train	train	train	train	train	test	train	test	valid
DB00381	C1956346	1	C14	test	test	train	train	test	train	train	valid	train	train
DB00382	C0002395	1	C10	train	train	train	train	train	train	test	train	test	valid
DB00383	C0030920	1	C06	train	train	train	train	train	train	train	train	train	test
DB00384	C0013604	1	C23	valid	train	test	train	train	train	train	train	train	train
DB00384	C0018802	1	C14	test	test	train	train	test	train	train	valid	train	train
DB00384	C0020538	1	C14	test	test	train	train	test	train	train	valid	train	train
DB00384	C0020621	1	C18	train	train	train	train	train	test	train	test	valid	train
DB00384	C0023890	1	C06	train	train	train	train	train	train	train	train	train	test
DB00384	C0027726	1	C12	train	train	train	test	valid	train	train	train	train	train
DB00387	C0013421	1	C10	train	train	train	train	train	train	test	train	test	valid
DB00387	C0015371	1	C10	train	train	train	train	train	train	test	train	test	valid
DB00387	C0030567	1	C10	train	train	train	train	train	train	test	train	test	valid
DB00387	C0242422	1	C10	train	train	train	train	train	train	test	train	test	valid
DB00388	C0015967	1	C23	valid	train	test	train	train	train	train	train	train	train
DB00388	C0017612	1	C11	train	test	train	train	train	train	train	train	train	train
DB00388	C0018621	1	C08	train	train	train	train	train	train	train	test	train	train
DB00388	C0019112	1	C06	train	train	train	train	train	train	train	train	train	test
DB00388	C0020649	1	C14	test	test	train	train	test	train	train	valid	train	train
DB00388	C0026961	1	C11	train	test	train	train	train	train	train	train	train	train
DB00388	C0030590	1	C14	test	test	train	train	test	train	train	valid	train	train
DB00388	C0035455	1	C08	train	train	train	train	train	train	train	test	train	train
DB00388	C0036983	1	C23	valid	train	test	train	train	train	train	train	train	train
DB00388	C0039240	1	C14	test	test	train	train	test	train	train	valid	train	train
DB00389	C0018213	1	C19	train	train	test	test	train	train	train	train	train	train
DB00389	C0020550	1	C19	train	train	test	test	train	train	train	train	train	train
DB00389	C0040156	1	C19	train	train	test	test	train	train	train	train	train	train
DB00390	C0003811	1	C14	test	test	train	train	test	train	train	valid	train	train
DB00390	C0004239	1	C14	test	test	train	train	test	train	train	valid	train	train
DB00390	C0018801	1	C14	test	test	train	train	test	train	train	valid	train	train
DB00390	C0018802	1	C14	test	test	train	train	test	train	train	valid	train	train
DB00391	C0003467	1	F01	train	train	train	train	train	train	valid	train	train	train
DB00391	C0017168	1	C06	train	train	train	train	train	train	train	train	train	test
DB00391	C0022104	1	C06	train	train	train	train	train	train	train	train	train	test
DB00391	C0030920	1	C06	train	train	train	train	train	train	train	train	train	test
DB00391	C0036341	1	F03	train	train	train	train	train	train	valid	train	valid	train
DB00391	C0042571	1	C09	train	train	train	train	test	train	train	train	train	train
DB00392	C0030567	1	C10	train	train	train	train	train	train	test	train	test	valid
DB00393	C0019080	1	C23	valid	train	test	train	train	train	train	train	train	train
DB00393	C0022116	1	C23	valid	train	test	train	train	train	train	train	train	train
DB00393	C0038525	1	C10	train	train	train	train	train	train	test	train	test	valid
DB00394	C0003811	1	C14	test	test	train	train	test	train	train	valid	train	train
DB00394	C0004096	1	C08	train	train	train	train	train	train	train	test	train	train
DB00394	C0014356	1	C06	train	train	train	train	train	train	train	train	train	test
DB00394	C0027430	1	C08	train	train	train	train	train	train	train	test	train	train
DB00394	C0035455	1	C08	train	train	train	train	train	train	train	test	train	train
DB00395	C0004604	1	C23	valid	train	test	train	train	train	train	train	train	train
DB00395	C0026838	1	C05	train	valid	valid	train	train	test	train	train	train	train
DB00395	C0027121	1	C05	train	valid	valid	train	train	test	train	train	train	train
DB00396	C0002453	1	C23	valid	train	test	train	train	train	train	train	train	train
DB00396	C0014173	1	C12	train	train	train	test	valid	train	train	train	train	train
DB00396	C0014175	1	C12	train	train	train	test	valid	train	train	train	train	train
DB00396	C0021359	1	C12	train	train	train	test	valid	train	train	train	train	train
DB00396	C0021361	1	C12	train	train	train	test	valid	train	train	train	train	train
DB00396	C0025874	1	C12	train	train	train	test	valid	train	train	train	train	train
DB00397	C0018621	1	C08	train	train	train	train	train	train	train	test	train	train
DB00397	C0028754	1	C18	train	train	train	train	train	test	train	test	valid	train
DB00397	C0033117	1	C12	train	train	train	test	valid	train	train	train	train	train
DB00397	C0035455	1	C08	train	train	train	train	train	train	train	test	train	train
DB00397	C0042024	1	C12	train	train	train	test	valid	train	train	train	train	train
DB00398	C0007134	1	C12	train	train	train	test	valid	train	train	train	train	train
DB00398	C2239176	1	C04	train	train	train	valid	train	train	valid	train	train	train
DB00399	C0020437	1	C18	train	train	train	train	train	test	train	test	valid	train
DB00399	C0026764	1	C15	train	train	train	valid	train	train	valid	train	train	train
DB00399	C0029401	1	C05	train	valid	valid	train	train	test	train	train	train	train
DB00399	C0029456	1	C05	train	valid	valid	train	train	test	train	train	train	train
DB00400	C0040261	1	C01	train	train	train	train	train	train	train	train	train	train
DB00401	C0020538	1	C14	test	test	train	train	test	train	train	valid	train	train
DB00402	C0917801	1	C10	train	train	train	train	train	train	test	train	test	valid
DB00403	C0030446	1	C06	train	train	train	train	train	train	train	train	train	test
DB00404	C0003467	1	F01	train	train	train	train	train	train	valid	train	train	train
DB00404	C0030319	1	F03	train	train	train	train	train	train	valid	train	valid	train
DB00405	C0018621	1	C08	train	train	train	train	train	train	train	test	train	train
DB00405	C0020517	1	C20	train	train	test	train	valid	train	train	train	train	train
DB00405	C0033774	1	C17	valid	train	valid	train	train	valid	train	train	train	test
DB00405	C0035457	1	C08	train	train	train	train	train	train	train	test	train	train
DB00405	C0037199	1	C08	train	train	train	train	train	train	train	test	train	train
DB00405	C0042109	1	C17	valid	train	valid	train	train	valid	train	train	train	test
DB00408	C0005586	1	F03	train	train	train	train	train	train	valid	train	valid	train
DB00408	C0036341	1	F03	train	train	train	train	train	train	valid	train	valid	train
DB00411	C0017601	1	C11	train	test	train	train	train	train	train	train	train	train
DB00412	C0011860	1	C18	train	train	train	train	train	test	train	test	valid	train
DB00413	C0030567	1	C10	train	train	train	train	train	train	test	train	test	valid
DB00413	C0035258	1	C10	train	train	train	train	train	train	test	train	test	valid
DB00414	C0011849	1	C18	train	train	train	train	train	test	train	test	valid	train
DB00414	C0011860	1	C18	train	train	train	train	train	test	train	test	valid	train
DB00415	C0008311	1	C06	train	train	train	train	train	train	train	train	train	test
DB00415	C0014121	1	C01	train	train	train	train	train	train	train	train	train	train
DB00415	C0014836	1	C01	train	train	train	train	train	train	train	train	train	train
DB00415	C0025289	1	C10	train	train	train	train	train	train	test	train	test	valid
DB00415	C0025294	1	C01	train	train	train	train	train	train	train	train	train	train
DB00415	C0037199	1	C08	train	train	train	train	train	train	train	test	train	train
DB00415	C0155862	1	C01	train	train	train	train	train	train	train	train	train	train
DB00417	C0014733	1	C01	train	train	train	train	train	train	train	train	train	train
DB00417	C0032285	1	C08	train	train	train	train	train	train	train	test	train	train
DB00418	C0014544	1	C10	train	train	train	train	train	train	test	train	test	valid
DB00418	C0038220	1	C10	train	train	train	train	train	train	test	train	test	valid
DB00418	C0917801	1	C10	train	train	train	train	train	train	test	train	test	valid
DB00419	C0017205	1	C18	train	train	train	train	train	test	train	test	valid	train
DB00419	C0020517	1	C20	train	train	test	train	valid	train	train	train	train	train
DB00419	C0220756	1	C18	train	train	train	train	train	test	train	test	valid	train
DB00419	C1961835	1	C18	train	train	train	train	train	test	train	test	valid	train
DB00420	C0002994	1	C14	test	test	train	train	test	train	train	valid	train	train
DB00420	C0027497	1	C23	valid	train	test	train	train	train	train	train	train	train
DB00420	C0033774	1	C17	valid	train	valid	train	train	valid	train	train	train	test
DB00420	C0033975	1	F03	train	train	train	train	train	train	valid	train	valid	train
DB00420	C0036341	1	F03	train	train	train	train	train	train	valid	train	valid	train
DB00420	C0042109	1	C17	valid	train	valid	train	train	valid	train	train	train	test
DB00420	C0042963	1	C23	valid	train	test	train	train	train	train	train	train	train
DB00420	C0162565	1	C06	train	train	train	train	train	train	train	train	train	test
DB00421	C0003962	1	C23	valid	train	test	train	train	train	train	train	train	train
DB00421	C0013604	1	C23	valid	train	test	train	train	train	train	train	train	train
DB00421	C0020428	1	C19	train	train	test	test	train	train	train	train	train	train
DB00421	C0020538	1	C14	test	test	train	train	test	train	train	valid	train	train
DB00421	C0020621	1	C18	train	train	train	train	train	test	train	test	valid	train
DB00421	C0023890	1	C06	train	train	train	train	train	train	train	train	train	test
DB00421	C0027726	1	C12	train	train	train	test	valid	train	train	train	train	train
DB00422	C0027404	1	C10	train	train	train	train	train	train	test	train	test	valid
DB00423	C0026838	1	C05	train	valid	valid	train	train	test	train	train	train	train
DB00423	C0027121	1	C05	train	valid	valid	train	train	test	train	train	train	train
DB00424	C0005697	1	C12	train	train	train	test	valid	train	train	train	train	train
DB00424	C0010692	1	C12	train	train	train	test	valid	train	train	train	train	train
DB00424	C0013428	1	C23	valid	train	test	train	train	train	train	train	train	train
DB00424	C0022104	1	C06	train	train	train	train	train	train	train	train	train	test
DB00424	C0030305	1	C06	train	train	train	train	train	train	train	train	train	test
DB00424	C0030567	1	C10	train	train	train	train	train	train	test	train	test	valid
DB00424	C0030920	1	C06	train	train	train	train	train	train	train	train	train	test
DB00424	C0035455	1	C08	train	train	train	train	train	train	train	test	train	train
DB00424	C0037036	1	C07	train	test	valid	train	train	train	train	train	train	train
DB00424	C0040822	1	C10	train	train	train	train	train	train	test	train	test	valid
DB00425	C0917801	1	C10	train	train	train	train	train	train	test	train	test	valid
DB00427	C0011615	1	C17	valid	train	valid	train	train	valid	train	train	train	test
DB00427	C0020517	1	C20	train	train	test	train	valid	train	train	train	train	train
DB00427	C0033774	1	C17	valid	train	valid	train	train	valid	train	train	train	test
DB00427	C0035457	1	C08	train	train	train	train	train	train	train	test	train	train
DB00427	C0042109	1	C17	valid	train	valid	train	train	valid	train	train	train	test
DB00428	C0019829	1	C04	train	train	train	valid	train	train	valid	train	train	train
DB00428	C0030297	1	C04	train	train	train	valid	train	train	valid	train	train	train
DB00429	C0015944	1	C12	train	train	train	test	valid	train	train	train	train	train
DB00432	C0022573	1	C11	train	test	train	train	train	train	train	train	train	train
DB00433	C0027497	1	C23	valid	train	test	train	train	train	train	train	train	train
DB00433	C0036341	1	F03	train	train	train	train	train	train	valid	train	valid	train
DB00433	C0042963	1	C23	valid	train	test	train	train	train	train	train	train	train
DB00434	C0002994	1	C14	test	test	train	train	test	train	train	valid	train	train
DB00434	C0009763	1	C11	train	test	train	train	train	train	train	train	train	train
DB00434	C0016470	1	C20	train	train	test	train	valid	train	train	train	train	train
DB00434	C0018621	1	C08	train	train	train	train	train	train	train	test	train	train
DB00434	C0020517	1	C20	train	train	test	train	valid	train	train	train	train	train
DB00434	C0033774	1	C17	valid	train	valid	train	train	valid	train	train	train	test
DB00434	C0035457	1	C08	train	train	train	train	train	train	train	test	train	train
DB00434	C1527304	1	C20	train	train	test	train	valid	train	train	train	train	train
DB00435	C0004096	1	C08	train	train	train	train	train	train	train	test	train	train
DB00435	C0020542	1	C08	train	train	train	train	train	train	train	test	train	train
DB00435	C0031190	1	C08	train	train	train	train	train	train	train	test	train	train
DB00435	C0035220	1	C08	train	train	train	train	train	train	train	test	train	train
DB00436	C0013604	1	C23	valid	train	test	train	train	train	train	train	train	train
DB00436	C0020538	1	C14	test	test	train	train	test	train	train	valid	train	train
DB00436	C0027726	1	C12	train	train	train	test	valid	train	train	train	train	train
DB00437	C0003868	1	C05	train	valid	valid	train	train	test	train	train	train	train
DB00437	C0018099	1	C05	train	valid	valid	train	train	test	train	train	train	train
DB00437	C0022650	1	C12	train	train	train	test	valid	train	train	train	train	train
DB00437	C0023418	1	C04	train	train	train	valid	train	train	valid	train	train	train
DB00437	C0740394	1	C23	valid	train	test	train	train	train	train	train	train	train
DB00439	C0020443	1	C18	train	train	train	train	train	test	train	test	valid	train
DB00439	C0020473	1	C18	train	train	train	train	train	test	train	test	valid	train
DB00439	C0020476	1	C18	train	train	train	train	train	test	train	test	valid	train
DB00440	C0011991	1	C23	valid	train	test	train	train	train	train	train	train	train
DB00440	C0032285	1	C08	train	train	train	train	train	train	train	test	train	train
DB00440	C0034186	1	C12	train	train	train	test	valid	train	train	train	train	train
DB00440	C0037199	1	C08	train	train	train	train	train	train	train	test	train	train
DB00440	C0042029	1	C12	train	train	train	test	valid	train	train	train	train	train
DB00441	C0007131	1	C08	train	train	train	train	train	train	train	test	train	train
DB00441	C0887833	1	C04	train	train	train	valid	train	train	valid	train	train	train
DB00441	C1140680	1	C12	train	train	train	test	valid	train	train	train	train	train
DB00443	C0001403	1	C19	train	train	test	test	train	train	train	train	train	train
DB00443	C0001627	1	C12	train	train	train	test	valid	train	train	train	train	train
DB00443	C0002875	1	C15	train	train	train	valid	train	train	valid	train	train	train
DB00443	C0002994	1	C14	test	test	train	train	test	train	train	valid	train	train
DB00443	C0003868	1	C05	train	valid	valid	train	train	test	train	train	train	train
DB00443	C0003872	1	C05	train	valid	valid	train	train	test	train	train	train	train
DB00443	C0003873	1	C05	train	valid	valid	train	train	test	train	train	train	train
DB00443	C0004096	1	C08	train	train	train	train	train	train	train	test	train	train
DB00443	C0004364	1	C20	train	train	test	train	valid	train	train	train	train	train
DB00443	C0005138	1	C08	train	train	train	train	train	train	train	test	train	train
DB00443	C0006114	1	C10	train	train	train	train	train	train	test	train	test	valid
DB00443	C0010346	1	C06	train	train	train	train	train	train	train	train	train	test
DB00443	C0011615	1	C17	valid	train	valid	train	train	valid	train	train	train	test
DB00443	C0013604	1	C23	valid	train	test	train	train	train	train	train	train	train
DB00443	C0014356	1	C06	train	train	train	train	train	train	train	train	train	test
DB00443	C0014742	1	C17	valid	train	valid	train	train	valid	train	train	train	test
DB00443	C0015230	1	C17	valid	train	valid	train	train	valid	train	train	train	test
DB00443	C0015397	1	C11	train	test	train	train	train	train	train	train	train	train
DB00443	C0015456	1	C17	valid	train	valid	train	train	valid	train	train	train	test
DB00443	C0021390	1	C06	train	train	train	train	train	train	train	train	train	test
DB00443	C0023052	1	C08	train	train	train	train	train	train	train	test	train	train
DB00443	C0023449	1	C15	train	train	train	valid	train	train	valid	train	train	train
DB00443	C0024138	1	C17	valid	train	valid	train	train	valid	train	train	train	test
DB00443	C0024141	1	C17	valid	train	valid	train	train	valid	train	train	train	test
DB00443	C0024301	1	C04	train	train	train	valid	train	train	valid	train	train	train
DB00443	C0024305	1	C04	train	train	train	valid	train	train	valid	train	train	train
DB00443	C0026769	1	C10	train	train	train	train	train	train	test	train	test	valid
DB00443	C0026948	1	C04	train	train	train	valid	train	train	valid	train	train	train
DB00443	C0030807	1	C17	valid	train	valid	train	train	valid	train	train	train	test
DB00443	C0033860	1	C17	valid	train	valid	train	train	valid	train	train	train	test
DB00443	C0036202	1	C15	train	train	train	valid	train	train	valid	train	train	train
DB00443	C0036508	1	C17	valid	train	valid	train	train	valid	train	train	train	test
DB00443	C0036830	1	C17	valid	train	valid	train	train	valid	train	train	train	test
DB00443	C0037274	1	C17	valid	train	valid	train	train	valid	train	train	train	test
DB00443	C0038013	1	C05	train	valid	valid	train	train	test	train	train	train	train
DB00443	C0039103	1	C05	train	valid	valid	train	train	test	train	train	train	train
DB00443	C0040147	1	C19	train	train	test	test	train	train	train	train	train	train
DB00443	C0405580	1	C19	train	train	test	test	train	train	train	train	train	train
DB00443	C1260899	1	C15	train	train	train	valid	train	train	valid	train	train	train
DB00444	C0023448	1	C15	train	train	train	valid	train	train	valid	train	train	train
DB00444	C0023449	1	C15	train	train	train	valid	train	train	valid	train	train	train
DB00445	C0006142	1	C04	train	train	train	valid	train	train	valid	train	train	train
DB00445	C0678222	1	C04	train	train	train	valid	train	train	valid	train	train	train
DB00445	C1458155	1	C04	train	train	train	valid	train	train	valid	train	train	train
DB00446	C0015967	1	C23	valid	train	test	train	train	train	train	train	train	train
DB00446	C0025289	1	C10	train	train	train	train	train	train	test	train	test	valid
DB00446	C0025294	1	C01	train	train	train	train	train	train	train	train	train	train
DB00446	C0035585	1	C01	train	train	train	train	train	train	train	train	train	train
DB00446	C0702166	1	C17	valid	train	valid	train	train	valid	train	train	train	test
DB00448	C0013295	1	C06	train	train	train	train	train	train	train	train	train	test
DB00448	C0017181	1	C06	train	train	train	train	train	train	train	train	train	test
DB00448	C0018834	1	C23	valid	train	test	train	train	train	train	train	train	train
DB00448	C0030920	1	C06	train	train	train	train	train	train	train	train	train	test
DB00448	C0041582	1	C23	valid	train	test	train	train	train	train	train	train	train
DB00449	C0017601	1	C11	train	test	train	train	train	train	train	train	train	train
DB00449	C0017612	1	C11	train	test	train	train	train	train	train	train	train	train
DB00450	C0042963	1	C23	valid	train	test	train	train	train	train	train	train	train
DB00451	C0010308	1	C05	train	valid	valid	train	train	test	train	train	train	train
DB00451	C0018021	1	C19	train	train	test	test	train	train	train	train	train	train
DB00451	C0020473	1	C18	train	train	train	train	train	test	train	test	valid	train
DB00451	C0020676	1	C19	train	train	test	test	train	train	train	train	train	train
DB00451	C0677607	1	C19	train	train	test	test	train	train	train	train	train	train
DB00452	C0005741	1	C11	train	test	train	train	train	train	train	train	train	train
DB00454	C0030193	1	C23	valid	train	test	train	train	train	train	train	train	train
DB00455	C0018621	1	C08	train	train	train	train	train	train	train	test	train	train
DB00455	C0020517	1	C20	train	train	test	train	valid	train	train	train	train	train
DB00455	C0042109	1	C17	valid	train	valid	train	train	valid	train	train	train	test
DB00457	C0020538	1	C14	test	test	train	train	test	train	train	valid	train	train
DB00457	C0031511	1	C04	train	train	train	valid	train	train	valid	train	train	train
DB00457	C0034734	1	C14	test	test	train	train	test	train	train	valid	train	train
DB00457	C2937421	1	C12	train	train	train	test	valid	train	train	train	train	train
DB00458	C0011581	1	F03	train	train	train	train	train	train	valid	train	valid	train
DB00458	C0032768	1	C10	train	train	train	train	train	train	test	train	test	valid
DB00459	C0022593	1	C17	valid	train	valid	train	train	valid	train	train	train	test
DB00459	C0033860	1	C17	valid	train	valid	train	train	valid	train	train	train	test
DB00461	C0003873	1	C05	train	valid	valid	train	train	test	train	train	train	train
DB00461	C0029408	1	C05	train	valid	valid	train	train	test	train	train	train	train
DB00462	C0022104	1	C06	train	train	train	train	train	train	train	train	train	test
DB00462	C0030920	1	C06	train	train	train	train	train	train	train	train	train	test
DB00463	C0014544	1	C10	train	train	train	train	train	train	test	train	test	valid
DB00464	C0042345	1	C14	test	test	train	train	test	train	train	valid	train	train
DB00467	C0010692	1	C12	train	train	train	test	valid	train	train	train	train	train
DB00467	C0042029	1	C12	train	train	train	test	valid	train	train	train	train	train
DB00469	C0003864	1	C05	train	valid	valid	train	train	test	train	train	train	train
DB00469	C0003873	1	C05	train	valid	valid	train	train	test	train	train	train	train
DB00469	C0029408	1	C05	train	valid	valid	train	train	test	train	train	train	train
DB00469	C0038013	1	C05	train	valid	valid	train	train	test	train	train	train	train
DB00470	C0003123	1	C23	valid	train	test	train	train	train	train	train	train	train
DB00470	C0343755	1	C01	train	train	train	train	train	train	train	train	train	train
DB00471	C0003811	1	C14	test	test	train	train	test	train	train	valid	train	train
DB00471	C0004096	1	C08	train	train	train	train	train	train	train	test	train	train
DB00472	C0005586	1	F03	train	train	train	train	train	train	valid	train	valid	train
DB00472	C0005587	1	F03	train	train	train	train	train	train	valid	train	valid	train
DB00472	C0011581	1	F03	train	train	train	train	train	train	valid	train	valid	train
DB00472	C0028768	1	F03	train	train	train	train	train	train	valid	train	valid	train
DB00472	C0030319	1	F03	train	train	train	train	train	train	valid	train	valid	train
DB00472	C1269683	1	F03	train	train	train	train	train	train	valid	train	valid	train
DB00472	C2267227	1	F03	train	train	train	train	train	train	valid	train	valid	train
DB00475	C0001957	1	C25	train	train	test	train	train	train	valid	valid	train	train
DB00475	C0003467	1	F01	train	train	train	train	train	train	valid	train	train	train
DB00475	C0022104	1	C06	train	train	train	train	train	train	train	train	train	test
DB00475	C0030920	1	C06	train	train	train	train	train	train	train	train	train	test
DB00476	C0031117	1	C10	train	train	train	train	train	train	test	train	test	valid
DB00476	C0231528	1	C05	train	valid	valid	train	train	test	train	train	train	train
DB00476	C1269683	1	F03	train	train	train	train	train	train	valid	train	valid	train
DB00477	C0027497	1	C23	valid	train	test	train	train	train	train	train	train	train
DB00477	C0033975	1	F03	train	train	train	train	train	train	valid	train	valid	train
DB00477	C0036341	1	F03	train	train	train	train	train	train	valid	train	valid	train
DB00477	C0042963	1	C23	valid	train	test	train	train	train	train	train	train	train
DB00477	C0162565	1	C06	train	train	train	train	train	train	train	train	train	test
DB00477	C0236964	1	F03	train	train	train	train	train	train	valid	train	valid	train
DB00480	C0002871	1	C15	train	train	train	valid	train	train	valid	train	train	train
DB00480	C0026764	1	C15	train	train	train	valid	train	train	valid	train	train	train
DB00481	C0006142	1	C04	train	train	train	valid	train	train	valid	train	train	train
DB00481	C0029453	1	C05	train	valid	valid	train	train	test	train	train	train	train
DB00481	C0029456	1	C05	train	valid	valid	train	train	test	train	train	train	train
DB00481	C0029458	1	C05	train	valid	valid	train	train	test	train	train	train	train
DB00482	C0003873	1	C05	train	valid	valid	train	train	test	train	train	train	train
DB00482	C0013390	1	C23	valid	train	test	train	train	train	train	train	train	train
DB00482	C0029408	1	C05	train	valid	valid	train	train	test	train	train	train	train
DB00482	C0032580	1	C06	train	train	train	train	train	train	train	train	train	test
DB00482	C0038013	1	C05	train	valid	valid	train	train	test	train	train	train	train
DB00484	C0017601	1	C11	train	test	train	train	train	train	train	train	train	train
DB00484	C0017612	1	C11	train	test	train	train	train	train	train	train	train	train
DB00484	C0028840	1	C11	train	test	train	train	train	train	train	train	train	train
DB00489	C0003811	1	C14	test	test	train	train	test	train	train	valid	train	train
DB00489	C0004238	1	C14	test	test	train	train	test	train	train	valid	train	train
DB00489	C0004239	1	C14	test	test	train	train	test	train	train	valid	train	train
DB00489	C0039240	1	C14	test	test	train	train	test	train	train	valid	train	train
DB00489	C0042510	1	C14	test	test	train	train	test	train	train	valid	train	train
DB00489	C0042514	1	C14	test	test	train	train	test	train	train	valid	train	train
DB00491	C0011849	1	C18	train	train	train	train	train	test	train	test	valid	train
DB00491	C0011860	1	C18	train	train	train	train	train	test	train	test	valid	train
DB00491	C0020456	1	C18	train	train	train	train	train	test	train	test	valid	train
DB00492	C0018802	1	C14	test	test	train	train	test	train	train	valid	train	train
DB00492	C0020538	1	C14	test	test	train	train	test	train	train	valid	train	train
DB00493	C0025294	1	C01	train	train	train	train	train	train	train	train	train	train
DB00493	C0031154	1	C01	train	train	train	train	train	train	train	train	train	train
DB00494	C0030567	1	C10	train	train	train	train	train	train	test	train	test	valid
DB00496	C0042024	1	C12	train	train	train	test	valid	train	train	train	train	train
DB00496	C0878773	1	C12	train	train	train	test	valid	train	train	train	train	train
DB00497	C0034063	1	C08	train	train	train	train	train	train	train	test	train	train
DB00498	C0004238	1	C14	test	test	train	train	test	train	train	valid	train	train
DB00498	C0004239	1	C14	test	test	train	train	test	train	train	valid	train	train
DB00498	C0034065	1	C08	train	train	train	train	train	train	train	test	train	train
DB00498	C0040053	1	C14	test	test	train	train	test	train	train	valid	train	train
DB00498	C0398623	1	C15	train	train	train	valid	train	train	valid	train	train	train
DB00498	C0878544	1	C14	test	test	train	train	test	train	train	valid	train	train
DB00499	C0033578	1	C12	train	train	train	test	valid	train	train	train	train	train
DB00500	C0003873	1	C05	train	valid	valid	train	train	test	train	train	train	train
DB00500	C0029408	1	C05	train	valid	valid	train	train	test	train	train	train	train
DB00501	C0013295	1	C06	train	train	train	train	train	train	train	train	train	test
DB00501	C0014869	1	C06	train	train	train	train	train	train	train	train	train	test
DB00501	C0017168	1	C06	train	train	train	train	train	train	train	train	train	test
DB00501	C0018834	1	C23	valid	train	test	train	train	train	train	train	train	train
DB00501	C0027662	1	C04	train	train	train	valid	train	train	valid	train	train	train
DB00501	C0030920	1	C06	train	train	train	train	train	train	train	train	train	test
DB00501	C0038358	1	C06	train	train	train	train	train	train	train	train	train	test
DB00501	C0041582	1	C23	valid	train	test	train	train	train	train	train	train	train
DB00501	C0042109	1	C17	valid	train	valid	train	train	valid	train	train	train	test
DB00501	C0043515	1	C06	train	train	train	train	train	train	train	train	train	test
DB00501	C0221013	1	C04	train	train	train	valid	train	train	valid	train	train	train
DB00502	C0033975	1	F03	train	train	train	train	train	train	valid	train	valid	train
DB00502	C0036341	1	F03	train	train	train	train	train	train	valid	train	valid	train
DB00502	C0040517	1	C10	train	train	train	train	train	train	test	train	test	valid
DB00503	C0524910	1	C01	train	train	train	train	train	train	train	train	train	train
DB00504	C0235063	1	C08	train	train	train	train	train	train	train	test	train	train
DB00505	C0028738	1	C10	train	train	train	train	train	train	test	train	test	valid
DB00508	C0027497	1	C23	valid	train	test	train	train	train	train	train	train	train
DB00508	C0033975	1	F03	train	train	train	train	train	train	valid	train	valid	train
DB00508	C0042963	1	C23	valid	train	test	train	train	train	train	train	train	train
DB00509	C0020443	1	C18	train	train	train	train	train	test	train	test	valid	train
DB00509	C0020473	1	C18	train	train	train	train	train	test	train	test	valid	train
DB00511	C0003811	1	C14	test	test	train	train	test	train	train	valid	train	train
DB00511	C0018802	1	C14	test	test	train	train	test	train	train	valid	train	train
DB00514	C0015967	1	C23	valid	train	test	train	train	train	train	train	train	train
DB00514	C0035455	1	C08	train	train	train	train	train	train	train	test	train	train
DB00515	C0004114	1	C04	train	train	train	valid	train	train	valid	train	train	train
DB00515	C0005695	1	C12	train	train	train	test	valid	train	train	train	train	train
DB00515	C0014859	1	C06	train	train	train	train	train	train	train	train	train	test
DB00515	C0019829	1	C04	train	train	train	valid	train	train	valid	train	train	train
DB00515	C0024305	1	C04	train	train	train	valid	train	train	valid	train	train	train
DB00515	C0026764	1	C15	train	train	train	valid	train	train	valid	train	train	train
DB00515	C0027819	1	C04	train	train	train	valid	train	train	valid	train	train	train
DB00515	C0029463	1	C04	train	train	train	valid	train	train	valid	train	train	train
DB00515	C0033578	1	C12	train	train	train	test	valid	train	train	train	train	train
DB00515	C0039590	1	C12	train	train	train	test	valid	train	train	train	train	train
DB00515	C0919267	1	C12	train	train	train	test	valid	train	train	train	train	train
DB00515	C1458155	1	C04	train	train	train	valid	train	train	valid	train	train	train
DB00517	C0030920	1	C06	train	train	train	train	train	train	train	train	train	test
DB00517	C0038358	1	C06	train	train	train	train	train	train	train	train	train	test
DB00517	C0041582	1	C23	valid	train	test	train	train	train	train	train	train	train
DB00519	C0018802	1	C14	test	test	train	train	test	train	train	valid	train	train
DB00519	C0020538	1	C14	test	test	train	train	test	train	train	valid	train	train
DB00519	C0027051	1	C14	test	test	train	train	test	train	train	valid	train	train
DB00521	C0003811	1	C14	test	test	train	train	test	train	train	valid	train	train
DB00521	C0017601	1	C11	train	test	train	train	train	train	train	train	train	train
DB00521	C0017612	1	C11	train	test	train	train	train	train	train	train	train	train
DB00521	C0020538	1	C14	test	test	train	train	test	train	train	valid	train	train
DB00521	C0028840	1	C11	train	test	train	train	train	train	train	train	train	train
DB00523	C0011603	1	C17	valid	train	valid	train	train	valid	train	train	train	test
DB00523	C0023487	1	C04	train	train	train	valid	train	train	valid	train	train	train
DB00523	C0036220	1	C04	train	train	train	valid	train	train	valid	train	train	train
DB00524	C0013604	1	C23	valid	train	test	train	train	train	train	train	train	train
DB00524	C0018802	1	C14	test	test	train	train	test	train	train	valid	train	train
DB00524	C0020538	1	C14	test	test	train	train	test	train	train	valid	train	train
DB00524	C0027726	1	C12	train	train	train	test	valid	train	train	train	train	train
DB00527	C0033774	1	C17	valid	train	valid	train	train	valid	train	train	train	test
DB00528	C0020538	1	C14	test	test	train	train	test	train	train	valid	train	train
DB00528	C0034734	1	C14	test	test	train	train	test	train	train	valid	train	train
DB00530	C0007131	1	C08	train	train	train	train	train	train	train	test	train	train
DB00531	C0002880	1	C15	train	train	train	valid	train	train	valid	train	train	train
DB00531	C0023418	1	C04	train	train	train	valid	train	train	valid	train	train	train
DB00531	C0023434	1	C15	train	train	train	valid	train	train	valid	train	train	train
DB00531	C0023449	1	C15	train	train	train	valid	train	train	valid	train	train	train
DB00531	C0023467	1	C04	train	train	train	valid	train	train	valid	train	train	train
DB00531	C0024143	1	C12	train	train	train	test	valid	train	train	train	train	train
DB00531	C0024299	1	C04	train	train	train	valid	train	train	valid	train	train	train
DB00531	C0024419	1	C15	train	train	train	valid	train	train	valid	train	train	train
DB00531	C0026764	1	C15	train	train	train	valid	train	train	valid	train	train	train
DB00531	C0026769	1	C10	train	train	train	train	train	train	test	train	test	valid
DB00531	C0026896	1	C10	train	train	train	train	train	train	test	train	test	valid
DB00531	C0026948	1	C04	train	train	train	valid	train	train	valid	train	train	train
DB00531	C0027819	1	C04	train	train	train	valid	train	train	valid	train	train	train
DB00531	C0035335	1	C04	train	train	train	valid	train	train	valid	train	train	train
DB00531	C0035412	1	C04	train	train	train	valid	train	train	valid	train	train	train
DB00531	C0039590	1	C12	train	train	train	test	valid	train	train	train	train	train
DB00531	C0553580	1	C04	train	train	train	valid	train	train	valid	train	train	train
DB00531	C0678222	1	C04	train	train	train	valid	train	train	valid	train	train	train
DB00531	C0919267	1	C12	train	train	train	test	valid	train	train	train	train	train
DB00531	C1458155	1	C04	train	train	train	valid	train	train	valid	train	train	train
DB00532	C0036572	1	C10	train	train	train	train	train	train	test	train	test	valid
DB00533	C0003873	1	C05	train	valid	valid	train	train	test	train	train	train	train
DB00533	C0013390	1	C23	valid	train	test	train	train	train	train	train	train	train
DB00533	C0029408	1	C05	train	valid	valid	train	train	test	train	train	train	train
DB00533	C0149931	1	C10	train	train	train	train	train	train	test	train	test	valid
DB00535	C0029882	1	C09	train	train	train	train	test	train	train	train	train	train
DB00535	C0032285	1	C08	train	train	train	train	train	train	train	test	train	train
DB00535	C0037199	1	C08	train	train	train	train	train	train	train	test	train	train
DB00537	C0010692	1	C12	train	train	train	test	valid	train	train	train	train	train
DB00537	C0014836	1	C01	train	train	train	train	train	train	train	train	train	train
DB00537	C0033581	1	C12	train	train	train	test	valid	train	train	train	train	train
DB00537	C0037199	1	C08	train	train	train	train	train	train	train	test	train	train
DB00539	C0027661	1	C04	train	train	train	valid	train	train	valid	train	train	train
DB00539	C0376358	1	C12	train	train	train	test	valid	train	train	train	train	train
DB00539	C1458155	1	C04	train	train	train	valid	train	train	valid	train	train	train
DB00541	C0006413	1	C01	train	train	train	train	train	train	train	train	train	train
DB00541	C0019829	1	C04	train	train	train	valid	train	train	valid	train	train	train
DB00541	C0023418	1	C04	train	train	train	valid	train	train	valid	train	train	train
DB00541	C0023449	1	C15	train	train	train	valid	train	train	valid	train	train	train
DB00541	C0027708	1	C12	train	train	train	test	valid	train	train	train	train	train
DB00541	C0035412	1	C04	train	train	train	valid	train	train	valid	train	train	train
DB00542	C0018802	1	C14	test	test	train	train	test	train	train	valid	train	train
DB00542	C0020538	1	C14	test	test	train	train	test	train	train	valid	train	train
DB00543	C0011581	1	F03	train	train	train	train	train	train	valid	train	valid	train
DB00544	C0006142	1	C04	train	train	train	valid	train	train	valid	train	train	train
DB00544	C0007095	1	C04	train	train	train	valid	train	train	valid	train	train	train
DB00544	C0007117	1	C04	train	train	train	valid	train	train	valid	train	train	train
DB00544	C0009375	1	C06	train	train	train	train	train	train	train	train	train	test
DB00544	C0018671	1	C04	train	train	train	valid	train	train	valid	train	train	train
DB00544	C0022593	1	C17	valid	train	valid	train	train	valid	train	train	train	test
DB00544	C0030297	1	C04	train	train	train	valid	train	train	valid	train	train	train
DB00544	C0034885	1	C06	train	train	train	train	train	train	train	train	train	test
DB00544	C0038356	1	C06	train	train	train	train	train	train	train	train	train	test
DB00544	C0235974	1	C04	train	train	train	valid	train	train	valid	train	train	train
DB00544	C0278996	1	C04	train	train	train	valid	train	train	valid	train	train	train
DB00544	C0678222	1	C04	train	train	train	valid	train	train	valid	train	train	train
DB00544	C1458155	1	C04	train	train	train	valid	train	train	valid	train	train	train
DB00544	C1527249	1	C06	train	train	train	train	train	train	train	train	train	test
DB00545	C0026896	1	C10	train	train	train	train	train	train	test	train	test	valid
DB00546	C0038220	1	C10	train	train	train	train	train	train	test	train	test	valid
DB00547	C0011615	1	C17	valid	train	valid	train	train	valid	train	train	train	test
DB00547	C0011616	1	C17	valid	train	valid	train	train	valid	train	train	train	test
DB00547	C0015230	1	C17	valid	train	valid	train	train	valid	train	train	train	test
DB00547	C0024138	1	C17	valid	train	valid	train	train	valid	train	train	train	test
DB00547	C0036508	1	C17	valid	train	valid	train	train	valid	train	train	train	test
DB00548	C0035854	1	C17	valid	train	valid	train	train	valid	train	train	train	test
DB00549	C0004096	1	C08	train	train	train	train	train	train	train	test	train	train
DB00550	C0018021	1	C19	train	train	test	test	train	train	train	train	train	train
DB00550	C0018213	1	C19	train	train	test	test	train	train	train	train	train	train
DB00550	C0020550	1	C19	train	train	test	test	train	train	train	train	train	train
DB00552	C0002871	1	C15	train	train	train	valid	train	train	valid	train	train	train
DB00552	C0023443	1	C15	train	train	train	valid	train	train	valid	train	train	train
DB00553	C0026948	1	C04	train	train	train	valid	train	train	valid	train	train	train
DB00553	C0033860	1	C17	valid	train	valid	train	train	valid	train	train	train	test
DB00553	C0042900	1	C17	valid	train	valid	train	train	valid	train	train	train	test
DB00554	C0003873	1	C05	train	valid	valid	train	train	test	train	train	train	train
DB00554	C0029408	1	C05	train	valid	valid	train	train	test	train	train	train	train
DB00554	C0038013	1	C05	train	valid	valid	train	train	test	train	train	train	train
DB00555	C0014544	1	C10	train	train	train	train	train	train	test	train	test	valid
DB00555	C0238111	1	C10	train	train	train	train	train	train	test	train	test	valid
DB00557	C0011615	1	C17	valid	train	valid	train	train	valid	train	train	train	test
DB00557	C0042109	1	C17	valid	train	valid	train	train	valid	train	train	train	test
DB00559	C0020542	1	C08	train	train	train	train	train	train	train	test	train	train
DB00559	C2973725	1	C08	train	train	train	train	train	train	train	test	train	train
DB00561	C0024117	1	C08	train	train	train	train	train	train	train	test	train	train
DB00561	C0035228	1	C08	train	train	train	train	train	train	train	test	train	train
DB00561	C0235063	1	C08	train	train	train	train	train	train	train	test	train	train
DB00562	C0013604	1	C23	valid	train	test	train	train	train	train	train	train	train
DB00562	C0018802	1	C14	test	test	train	train	test	train	train	valid	train	train
DB00562	C0027726	1	C12	train	train	train	test	valid	train	train	train	train	train
DB00563	C0003873	1	C05	train	valid	valid	train	train	test	train	train	train	train
DB00563	C0006413	1	C01	train	train	train	train	train	train	train	train	train	train
DB00563	C0014859	1	C06	train	train	train	train	train	train	train	train	train	test
DB00563	C0020217	1	C04	train	train	train	valid	train	train	valid	train	train	train
DB00563	C0023449	1	C15	train	train	train	valid	train	train	valid	train	train	train
DB00563	C0024121	1	C08	train	train	train	train	train	train	train	test	train	train
DB00563	C0024305	1	C04	train	train	train	valid	train	train	valid	train	train	train
DB00563	C0026948	1	C04	train	train	train	valid	train	train	valid	train	train	train
DB00563	C0029463	1	C04	train	train	train	valid	train	train	valid	train	train	train
DB00563	C0033860	1	C17	valid	train	valid	train	train	valid	train	train	train	test
DB00563	C0038356	1	C06	train	train	train	train	train	train	train	train	train	test
DB00563	C0039590	1	C12	train	train	train	test	valid	train	train	train	train	train
DB00563	C0278996	1	C04	train	train	train	valid	train	train	valid	train	train	train
DB00563	C1458155	1	C04	train	train	train	valid	train	train	valid	train	train	train
DB00564	C0014544	1	C10	train	train	train	train	train	train	test	train	test	valid
DB00564	C0014549	1	C10	train	train	train	train	train	train	test	train	test	valid
DB00564	C0035258	1	C10	train	train	train	train	train	train	test	train	test	valid
DB00564	C0036572	1	C10	train	train	train	train	train	train	test	train	test	valid
DB00564	C0040997	1	C07	train	test	valid	train	train	train	train	train	train	train
DB00564	C0085417	1	C10	train	train	train	train	train	train	test	train	test	valid
DB00564	C0238111	1	C10	train	train	train	train	train	train	test	train	test	valid
DB00568	C0020517	1	C20	train	train	test	train	valid	train	train	train	train	train
DB00568	C0027497	1	C23	valid	train	test	train	train	train	train	train	train	train
DB00568	C0042571	1	C09	train	train	train	train	test	train	train	train	train	train
DB00569	C0040053	1	C14	test	test	train	train	test	train	train	valid	train	train
DB00570	C0006142	1	C04	train	train	train	valid	train	train	valid	train	train	train
DB00570	C0018671	1	C04	train	train	train	valid	train	train	valid	train	train	train
DB00570	C0019618	1	C15	train	train	train	valid	train	train	valid	train	train	train
DB00570	C0024121	1	C08	train	train	train	train	train	train	train	test	train	train
DB00570	C0024299	1	C04	train	train	train	valid	train	train	valid	train	train	train
DB00570	C0024305	1	C04	train	train	train	valid	train	train	valid	train	train	train
DB00570	C0026948	1	C04	train	train	train	valid	train	train	valid	train	train	train
DB00570	C0027819	1	C04	train	train	train	valid	train	train	valid	train	train	train
DB00570	C0036220	1	C04	train	train	train	valid	train	train	valid	train	train	train
DB00570	C0039590	1	C12	train	train	train	test	valid	train	train	train	train	train
DB00570	C1458155	1	C04	train	train	train	valid	train	train	valid	train	train	train
DB00571	C0003811	1	C14	test	test	train	train	test	train	train	valid	train	train
DB00571	C0004238	1	C14	test	test	train	train	test	train	train	valid	train	train
DB00571	C0007194	1	C14	test	test	train	train	test	train	train	valid	train	train
DB00571	C0018802	1	C14	test	test	train	train	test	train	train	valid	train	train
DB00571	C0018916	1	C04	train	train	train	valid	train	train	valid	train	train	train
DB00571	C0020538	1	C14	test	test	train	train	test	train	train	valid	train	train
DB00571	C0027051	1	C14	test	test	train	train	test	train	train	valid	train	train
DB00571	C0031511	1	C04	train	train	train	valid	train	train	valid	train	train	train
DB00571	C0042510	1	C14	test	test	train	train	test	train	train	valid	train	train
DB00571	C0042514	1	C14	test	test	train	train	test	train	train	valid	train	train
DB00571	C0270736	1	C10	train	train	train	train	train	train	test	train	test	valid
DB00572	C0002418	1	C10	train	train	train	train	train	train	test	train	test	valid
DB00572	C0003811	1	C14	test	test	train	train	test	train	train	valid	train	train
DB00572	C0004096	1	C08	train	train	train	train	train	train	train	test	train	train
DB00572	C0018790	1	C14	test	test	train	train	test	train	train	valid	train	train
DB00572	C0026961	1	C11	train	test	train	train	train	train	train	train	train	train
DB00572	C0038358	1	C06	train	train	train	train	train	train	train	train	train	test
DB00572	C0042164	1	C11	train	test	train	train	train	train	train	train	train	train
DB00572	C0428977	1	C14	test	test	train	train	test	train	train	valid	train	train
DB00573	C0003873	1	C05	train	valid	valid	train	train	test	train	train	train	train
DB00573	C0029408	1	C05	train	valid	valid	train	train	test	train	train	train	train
DB00573	C0030193	1	C23	valid	train	test	train	train	train	train	train	train	train
DB00574	C0028754	1	C18	train	train	train	train	train	test	train	test	valid	train
DB00575	C0013390	1	C23	valid	train	test	train	train	train	train	train	train	train
DB00575	C0017601	1	C11	train	test	train	train	train	train	train	train	train	train
DB00575	C0017612	1	C11	train	test	train	train	train	train	train	train	train	train
DB00575	C0019080	1	C23	valid	train	test	train	train	train	train	train	train	train
DB00575	C0020538	1	C14	test	test	train	train	test	train	train	valid	train	train
DB00575	C0031511	1	C04	train	train	train	valid	train	train	valid	train	train	train
DB00575	C0037036	1	C07	train	test	valid	train	train	train	train	train	train	train
DB00579	C0013264	1	C16	train	test	train	valid	train	valid	train	test	train	train
DB00579	C0020473	1	C18	train	train	train	train	train	test	train	test	valid	train
DB00579	C0028754	1	C18	train	train	train	train	train	test	train	test	valid	train
DB00580	C0003873	1	C05	train	valid	valid	train	train	test	train	train	train	train
DB00580	C0013390	1	C23	valid	train	test	train	train	train	train	train	train	train
DB00580	C0029408	1	C05	train	valid	valid	train	train	test	train	train	train	train
DB00583	C0020473	1	C18	train	train	train	train	train	test	train	test	valid	train
DB00583	C0020476	1	C18	train	train	train	train	train	test	train	test	valid	train
DB00583	C0022661	1	C12	train	train	train	test	valid	train	train	train	train	train
DB00583	C0268579	1	C16	train	test	train	valid	train	valid	train	test	train	train
DB00583	C0268596	1	C18	train	train	train	train	train	test	train	test	valid	train
DB00584	C0003873	1	C05	train	valid	valid	train	train	test	train	train	train	train
DB00584	C0004775	1	C12	train	train	train	test	valid	train	train	train	train	train
DB00584	C0013604	1	C23	valid	train	test	train	train	train	train	train	train	train
DB00584	C0018802	1	C14	test	test	train	train	test	train	train	valid	train	train
DB00584	C0020540	1	C14	test	test	train	train	test	train	train	valid	train	train
DB00584	C0020545	1	C12	train	train	train	test	valid	train	train	train	train	train
DB00584	C0085580	1	C14	test	test	train	train	test	train	train	valid	train	train
DB00585	C0013295	1	C06	train	train	train	train	train	train	train	train	train	test
DB00585	C0014869	1	C06	train	train	train	train	train	train	train	train	train	test
DB00585	C0018834	1	C23	valid	train	test	train	train	train	train	train	train	train
DB00585	C0030920	1	C06	train	train	train	train	train	train	train	train	train	test
DB00585	C0038358	1	C06	train	train	train	train	train	train	train	train	train	test
DB00585	C0041582	1	C23	valid	train	test	train	train	train	train	train	train	train
DB00585	C0042109	1	C17	valid	train	valid	train	train	valid	train	train	train	test
DB00585	C0043515	1	C06	train	train	train	train	train	train	train	train	train	test
DB00586	C0003873	1	C05	train	valid	valid	train	train	test	train	train	train	train
DB00586	C0013390	1	C23	valid	train	test	train	train	train	train	train	train	train
DB00586	C0022593	1	C17	valid	train	valid	train	train	valid	train	train	train	test
DB00586	C0029408	1	C05	train	valid	valid	train	train	test	train	train	train	train
DB00586	C0409959	1	C05	train	valid	valid	train	train	test	train	train	train	train
DB00587	C0004096	1	C08	train	train	train	train	train	train	train	test	train	train
DB00588	C0004096	1	C08	train	train	train	train	train	train	train	test	train	train
DB00588	C0011615	1	C17	valid	train	valid	train	train	valid	train	train	train	test
DB00588	C0011616	1	C17	valid	train	valid	train	train	valid	train	train	train	test
DB00588	C0015230	1	C17	valid	train	valid	train	train	valid	train	train	train	test
DB00588	C0020517	1	C20	train	train	test	train	valid	train	train	train	train	train
DB00588	C0024138	1	C17	valid	train	valid	train	train	valid	train	train	train	test
DB00588	C0034067	1	C23	valid	train	test	train	train	train	train	train	train	train
DB00588	C0035455	1	C08	train	train	train	train	train	train	train	test	train	train
DB00588	C0036508	1	C17	valid	train	valid	train	train	valid	train	train	train	test
DB00589	C0002453	1	C23	valid	train	test	train	train	train	train	train	train	train
DB00589	C0030567	1	C10	train	train	train	train	train	train	test	train	test	valid
DB00589	C0149931	1	C10	train	train	train	train	train	train	test	train	test	valid
DB00590	C0020507	1	C23	valid	train	test	train	train	train	train	train	train	train
DB00590	C0020538	1	C14	test	test	train	train	test	train	train	valid	train	train
DB00590	C2937421	1	C12	train	train	train	test	valid	train	train	train	train	train
DB00591	C0011616	1	C17	valid	train	valid	train	train	valid	train	train	train	test
DB00591	C0015230	1	C17	valid	train	valid	train	train	valid	train	train	train	test
DB00591	C0024138	1	C17	valid	train	valid	train	train	valid	train	train	train	test
DB00591	C0036508	1	C17	valid	train	valid	train	train	valid	train	train	train	test
DB00593	C0014544	1	C10	train	train	train	train	train	train	test	train	test	valid
DB00593	C0014553	1	C10	train	train	train	train	train	train	test	train	test	valid
DB00594	C0013604	1	C23	valid	train	test	train	train	train	train	train	train	train
DB00594	C0018802	1	C14	test	test	train	train	test	train	train	valid	train	train
DB00594	C0020538	1	C14	test	test	train	train	test	train	train	valid	train	train
DB00596	C0011616	1	C17	valid	train	valid	train	train	valid	train	train	train	test
DB00596	C0015230	1	C17	valid	train	valid	train	train	valid	train	train	train	test
DB00596	C0015456	1	C17	valid	train	valid	train	train	valid	train	train	train	test
DB00596	C0024138	1	C17	valid	train	valid	train	train	valid	train	train	train	test
DB00598	C0018802	1	C14	test	test	train	train	test	train	train	valid	train	train
DB00598	C0020538	1	C14	test	test	train	train	test	train	train	valid	train	train
DB00598	C0020540	1	C14	test	test	train	train	test	train	train	valid	train	train
DB00598	C0020546	1	C14	test	test	train	train	test	train	train	valid	train	train
DB00599	C0014544	1	C10	train	train	train	train	train	train	test	train	test	valid
DB00599	C0151740	1	C10	train	train	train	train	train	train	test	train	test	valid
DB00600	C0042900	1	C17	valid	train	valid	train	train	valid	train	train	train	test
DB00601	C0032285	1	C08	train	train	train	train	train	train	train	test	train	train
DB00603	C0014173	1	C12	train	train	train	test	valid	train	train	train	train	train
DB00603	C0014175	1	C12	train	train	train	test	valid	train	train	train	train	train
DB00603	C0025874	1	C12	train	train	train	test	valid	train	train	train	train	train
DB00603	C0476089	1	C12	train	train	train	test	valid	train	train	train	train	train
DB00604	C0017168	1	C06	train	train	train	train	train	train	train	train	train	test
DB00604	C0041582	1	C23	valid	train	test	train	train	train	train	train	train	train
DB00604	C0152020	1	C06	train	train	train	train	train	train	train	train	train	test
DB00605	C0003868	1	C05	train	valid	valid	train	train	test	train	train	train	train
DB00605	C0003873	1	C05	train	valid	valid	train	train	test	train	train	train	train
DB00605	C0018099	1	C05	train	valid	valid	train	train	test	train	train	train	train
DB00605	C0029408	1	C05	train	valid	valid	train	train	test	train	train	train	train
DB00605	C0038013	1	C05	train	valid	valid	train	train	test	train	train	train	train
DB00606	C0013604	1	C23	valid	train	test	train	train	train	train	train	train	train
DB00606	C0018802	1	C14	test	test	train	train	test	train	train	valid	train	train
DB00606	C0027726	1	C12	train	train	train	test	valid	train	train	train	train	train
DB00607	C0007642	1	C01	train	train	train	train	train	train	train	train	train	train
DB00607	C0014121	1	C01	train	train	train	train	train	train	train	train	train	train
DB00607	C0029443	1	C01	train	train	train	train	train	train	train	train	train	train
DB00607	C0036690	1	C01	train	train	train	train	train	train	train	train	train	train
DB00607	C0038160	1	C01	train	train	train	train	train	train	train	train	train	train
DB00608	C0003873	1	C05	train	valid	valid	train	train	test	train	train	train	train
DB00608	C0024138	1	C17	valid	train	valid	train	train	valid	train	train	train	test
DB00608	C0024141	1	C17	valid	train	valid	train	train	valid	train	train	train	test
DB00608	C0030807	1	C17	valid	train	valid	train	train	valid	train	train	train	test
DB00608	C0036421	1	C17	valid	train	valid	train	train	valid	train	train	train	test
DB00610	C0019080	1	C23	valid	train	test	train	train	train	train	train	train	train
DB00610	C0020649	1	C14	test	test	train	train	test	train	train	valid	train	train
DB00612	C0003811	1	C14	test	test	train	train	test	train	train	valid	train	train
DB00612	C0018802	1	C14	test	test	train	train	test	train	train	valid	train	train
DB00612	C0020538	1	C14	test	test	train	train	test	train	train	valid	train	train
DB00612	C0027051	1	C14	test	test	train	train	test	train	train	valid	train	train
DB00615	C0041296	1	C01	train	train	train	train	train	train	train	train	train	train
DB00617	C0014544	1	C10	train	train	train	train	train	train	test	train	test	valid
DB00617	C0014553	1	C10	train	train	train	train	train	train	test	train	test	valid
DB00617	C0036572	1	C10	train	train	train	train	train	train	test	train	test	valid
DB00619	C0005699	1	C04	train	train	train	valid	train	train	valid	train	train	train
DB00619	C0023472	1	C15	train	train	train	valid	train	train	valid	train	train	train
DB00619	C0221013	1	C04	train	train	train	valid	train	train	valid	train	train	train
DB00619	C0238198	1	C06	train	train	train	train	train	train	train	train	train	test
DB00619	C1540912	1	C15	train	train	train	valid	train	train	valid	train	train	train
DB00620	C0001403	1	C19	train	train	test	test	train	train	train	train	train	train
DB00620	C0001623	1	C19	train	train	test	test	train	train	train	train	train	train
DB00620	C0001627	1	C12	train	train	train	test	valid	train	train	train	train	train
DB00620	C0002171	1	C17	valid	train	valid	train	train	valid	train	train	train	test
DB00620	C0002875	1	C15	train	train	train	valid	train	train	valid	train	train	train
DB00620	C0002880	1	C15	train	train	train	valid	train	train	valid	train	train	train
DB00620	C0002994	1	C14	test	test	train	train	test	train	train	valid	train	train
DB00620	C0003868	1	C05	train	valid	valid	train	train	test	train	train	train	train
DB00620	C0003872	1	C05	train	valid	valid	train	train	test	train	train	train	train
DB00620	C0003873	1	C05	train	valid	valid	train	train	test	train	train	train	train
DB00620	C0004096	1	C08	train	train	train	train	train	train	train	test	train	train
DB00620	C0004364	1	C20	train	train	test	train	valid	train	train	train	train	train
DB00620	C0005138	1	C08	train	train	train	train	train	train	train	test	train	train
DB00620	C0006114	1	C10	train	train	train	train	train	train	test	train	test	valid
DB00620	C0010346	1	C06	train	train	train	train	train	train	train	train	train	test
DB00620	C0011606	1	C17	valid	train	valid	train	train	valid	train	train	train	test
DB00620	C0011615	1	C17	valid	train	valid	train	train	valid	train	train	train	test
DB00620	C0011616	1	C17	valid	train	valid	train	train	valid	train	train	train	test
DB00620	C0014742	1	C17	valid	train	valid	train	train	valid	train	train	train	test
DB00620	C0015230	1	C17	valid	train	valid	train	train	valid	train	train	train	test
DB00620	C0015397	1	C11	train	test	train	train	train	train	train	train	train	train
DB00620	C0015456	1	C17	valid	train	valid	train	train	valid	train	train	train	test
DB00620	C0017563	1	C07	train	test	valid	train	train	train	train	train	train	train
DB00620	C0018621	1	C08	train	train	train	train	train	train	train	test	train	train
DB00620	C0019829	1	C04	train	train	train	valid	train	train	valid	train	train	train
DB00620	C0020517	1	C20	train	train	test	train	valid	train	train	train	train	train
DB00620	C0021390	1	C06	train	train	train	train	train	train	train	train	train	test
DB00620	C0022548	1	A10	train	test	train	train	train	train	train	test	train	train
DB00620	C0023052	1	C08	train	train	train	train	train	train	train	test	train	train
DB00620	C0023449	1	C15	train	train	train	valid	train	train	valid	train	train	train
DB00620	C0024138	1	C17	valid	train	valid	train	train	valid	train	train	train	test
DB00620	C0024141	1	C17	valid	train	valid	train	train	valid	train	train	train	test
DB00620	C0024301	1	C04	train	train	train	valid	train	train	valid	train	train	train
DB00620	C0024305	1	C04	train	train	train	valid	train	train	valid	train	train	train
DB00620	C0026769	1	C10	train	train	train	train	train	train	test	train	test	valid
DB00620	C0026948	1	C04	train	train	train	valid	train	train	valid	train	train	train
DB00620	C0027726	1	C12	train	train	train	test	valid	train	train	train	train	train
DB00620	C0030807	1	C17	valid	train	valid	train	train	valid	train	train	train	test
DB00620	C0035457	1	C08	train	train	train	train	train	train	train	test	train	train
DB00620	C0036508	1	C17	valid	train	valid	train	train	valid	train	train	train	test
DB00620	C0036830	1	C17	valid	train	valid	train	train	valid	train	train	train	test
DB00620	C0037274	1	C17	valid	train	valid	train	train	valid	train	train	train	test
DB00620	C0038013	1	C05	train	valid	valid	train	train	test	train	train	train	train
DB00620	C0038363	1	C07	train	test	valid	train	train	train	train	train	train	train
DB00620	C0039103	1	C05	train	valid	valid	train	train	test	train	train	train	train
DB00620	C0039483	1	C14	test	test	train	train	test	train	train	valid	train	train
DB00620	C0040147	1	C19	train	train	test	test	train	train	train	train	train	train
DB00620	C0042164	1	C11	train	test	train	train	train	train	train	train	train	train
DB00620	C1260899	1	C15	train	train	train	valid	train	train	valid	train	train	train
DB00621	C0029456	1	C05	train	valid	valid	train	train	test	train	train	train	train
DB00623	C0036341	1	F03	train	train	train	train	train	train	valid	train	valid	train
DB00624	C0010417	1	C12	train	train	train	test	valid	train	train	train	train	train
DB00624	C0020619	1	C19	train	train	test	test	train	train	train	train	train	train
DB00624	C0020635	1	C10	train	train	train	train	train	train	test	train	test	valid
DB00624	C0034012	1	C19	train	train	test	test	train	train	train	train	train	train
DB00624	C0271623	1	C19	train	train	test	test	train	train	train	train	train	train
DB00624	C1458155	1	C04	train	train	train	valid	train	train	valid	train	train	train
DB00626	C0014356	1	C06	train	train	train	train	train	train	train	train	train	test
DB00626	C0022568	1	C11	train	test	train	train	train	train	train	train	train	train
DB00626	C0032285	1	C08	train	train	train	train	train	train	train	test	train	train
DB00627	C0020443	1	C18	train	train	train	train	train	test	train	test	valid	train
DB00627	C0020473	1	C18	train	train	train	train	train	test	train	test	valid	train
DB00627	C0020474	1	C18	train	train	train	train	train	test	train	test	valid	train
DB00627	C0020480	1	C18	train	train	train	train	train	test	train	test	valid	train
DB00627	C0020481	1	C18	train	train	train	train	train	test	train	test	valid	train
DB00627	C0020557	1	C18	train	train	train	train	train	test	train	test	valid	train
DB00628	C0001957	1	C25	train	train	test	train	train	train	valid	valid	train	train
DB00628	C0003467	1	F01	train	train	train	train	train	train	valid	train	train	train
DB00629	C0020538	1	C14	test	test	train	train	test	train	train	valid	train	train
DB00630	C0029401	1	C05	train	valid	valid	train	train	test	train	train	train	train
DB00630	C0029456	1	C05	train	valid	valid	train	train	test	train	train	train	train
DB00630	C0029458	1	C05	train	valid	valid	train	train	test	train	train	train	train
DB00631	C0023449	1	C15	train	train	train	valid	train	train	valid	train	train	train
DB00635	C0001403	1	C19	train	train	test	test	train	train	train	train	train	train
DB00635	C0001623	1	C19	train	train	test	test	train	train	train	train	train	train
DB00635	C0001627	1	C12	train	train	train	test	valid	train	train	train	train	train
DB00635	C0002871	1	C15	train	train	train	valid	train	train	valid	train	train	train
DB00635	C0002875	1	C15	train	train	train	valid	train	train	valid	train	train	train
DB00635	C0002880	1	C15	train	train	train	valid	train	train	valid	train	train	train
DB00635	C0002994	1	C14	test	test	train	train	test	train	train	valid	train	train
DB00635	C0003868	1	C05	train	valid	valid	train	train	test	train	train	train	train
DB00635	C0003872	1	C05	train	valid	valid	train	train	test	train	train	train	train
DB00635	C0003873	1	C05	train	valid	valid	train	train	test	train	train	train	train
DB00635	C0004096	1	C08	train	train	train	train	train	train	train	test	train	train
DB00635	C0004364	1	C20	train	train	test	train	valid	train	train	train	train	train
DB00635	C0009324	1	C06	train	train	train	train	train	train	train	train	train	test
DB00635	C0009763	1	C11	train	test	train	train	train	train	train	train	train	train
DB00635	C0011606	1	C17	valid	train	valid	train	train	valid	train	train	train	test
DB00635	C0011615	1	C17	valid	train	valid	train	train	valid	train	train	train	test
DB00635	C0011616	1	C17	valid	train	valid	train	train	valid	train	train	train	test
DB00635	C0011633	1	C17	valid	train	valid	train	train	valid	train	train	train	test
DB00635	C0013182	1	C25	train	train	test	train	train	train	valid	valid	train	train
DB00635	C0014335	1	C06	train	train	train	train	train	train	train	train	train	test
DB00635	C0014356	1	C06	train	train	train	train	train	train	train	train	train	test
DB00635	C0014742	1	C17	valid	train	valid	train	train	valid	train	train	train	test
DB00635	C0018133	1	C20	train	train	test	train	valid	train	train	train	train	train
DB00635	C0018621	1	C08	train	train	train	train	train	train	train	test	train	train
DB00635	C0020437	1	C18	train	train	train	train	train	test	train	test	valid	train
DB00635	C0020517	1	C20	train	train	test	train	valid	train	train	train	train	train
DB00635	C0021390	1	C06	train	train	train	train	train	train	train	train	train	test
DB00635	C0022073	1	C11	train	test	train	train	train	train	train	train	train	train
DB00635	C0022568	1	C11	train	test	train	train	train	train	train	train	train	train
DB00635	C0023052	1	C08	train	train	train	train	train	train	train	test	train	train
DB00635	C0023434	1	C15	train	train	train	valid	train	train	valid	train	train	train
DB00635	C0023448	1	C15	train	train	train	valid	train	train	valid	train	train	train
DB00635	C0023449	1	C15	train	train	train	valid	train	train	valid	train	train	train
DB00635	C0024141	1	C17	valid	train	valid	train	train	valid	train	train	train	test
DB00635	C0024299	1	C04	train	train	train	valid	train	train	valid	train	train	train
DB00635	C0024305	1	C04	train	train	train	valid	train	train	valid	train	train	train
DB00635	C0024419	1	C15	train	train	train	valid	train	train	valid	train	train	train
DB00635	C0025289	1	C10	train	train	train	train	train	train	test	train	test	valid
DB00635	C0026769	1	C10	train	train	train	train	train	train	test	train	test	valid
DB00635	C0026896	1	C10	train	train	train	train	train	train	test	train	test	valid
DB00635	C0026948	1	C04	train	train	train	valid	train	train	valid	train	train	train
DB00635	C0027726	1	C12	train	train	train	test	valid	train	train	train	train	train
DB00635	C0029134	1	C10	train	train	train	train	train	train	test	train	test	valid
DB00635	C0029408	1	C05	train	valid	valid	train	train	test	train	train	train	train
DB00635	C0030807	1	C17	valid	train	valid	train	train	valid	train	train	train	test
DB00635	C0033860	1	C17	valid	train	valid	train	train	valid	train	train	train	test
DB00635	C0035457	1	C08	train	train	train	train	train	train	train	test	train	train
DB00635	C0036202	1	C15	train	train	train	valid	train	train	valid	train	train	train
DB00635	C0036508	1	C17	valid	train	valid	train	train	valid	train	train	train	test
DB00635	C0037274	1	C17	valid	train	valid	train	train	valid	train	train	train	test
DB00635	C0038013	1	C05	train	valid	valid	train	train	test	train	train	train	train
DB00635	C0038325	1	C17	valid	train	valid	train	train	valid	train	train	train	test
DB00635	C0039483	1	C14	test	test	train	train	test	train	train	valid	train	train
DB00635	C0040147	1	C19	train	train	test	test	train	train	train	train	train	train
DB00635	C0079744	1	C04	train	train	train	valid	train	train	valid	train	train	train
DB00635	C0405580	1	C19	train	train	test	test	train	train	train	train	train	train
DB00635	C0949116	1	C15	train	train	train	valid	train	train	valid	train	train	train
DB00635	C1260899	1	C15	train	train	train	valid	train	train	valid	train	train	train
DB00636	C0020443	1	C18	train	train	train	train	train	test	train	test	valid	train
DB00636	C0020473	1	C18	train	train	train	train	train	test	train	test	valid	train
DB00636	C0020476	1	C18	train	train	train	train	train	test	train	test	valid	train
DB00636	C0020479	1	C18	train	train	train	train	train	test	train	test	valid	train
DB00637	C0009763	1	C11	train	test	train	train	train	train	train	train	train	train
DB00637	C0020517	1	C20	train	train	test	train	valid	train	train	train	train	train
DB00637	C0020676	1	C19	train	train	test	test	train	train	train	train	train	train
DB00637	C0035455	1	C08	train	train	train	train	train	train	train	test	train	train
DB00637	C0042109	1	C17	valid	train	valid	train	train	valid	train	train	train	test
DB00640	C0003811	1	C14	test	test	train	train	test	train	train	valid	train	train
DB00640	C0030590	1	C14	test	test	train	train	test	train	train	valid	train	train
DB00640	C0039240	1	C14	test	test	train	train	test	train	train	valid	train	train
DB00640	C0043202	1	C14	test	test	train	train	test	train	train	valid	train	train
DB00641	C0003850	1	C14	test	test	train	train	test	train	train	valid	train	train
DB00641	C0010068	1	C14	test	test	train	train	test	train	train	valid	train	train
DB00641	C0020443	1	C18	train	train	train	train	train	test	train	test	valid	train
DB00641	C0020473	1	C18	train	train	train	train	train	test	train	test	valid	train
DB00641	C0020474	1	C18	train	train	train	train	train	test	train	test	valid	train
DB00641	C0020476	1	C18	train	train	train	train	train	test	train	test	valid	train
DB00641	C0020479	1	C18	train	train	train	train	train	test	train	test	valid	train
DB00641	C0020557	1	C18	train	train	train	train	train	test	train	test	valid	train
DB00641	C0027051	1	C14	test	test	train	train	test	train	train	valid	train	train
DB00641	C0038454	1	C10	train	train	train	train	train	train	test	train	test	valid
DB00641	C0342881	1	C18	train	train	train	train	train	test	train	test	valid	train
DB00641	C0473527	1	C18	train	train	train	train	train	test	train	test	valid	train
DB00642	C0007131	1	C08	train	train	train	train	train	train	train	test	train	train
DB00642	C0025500	1	C04	train	train	train	valid	train	train	valid	train	train	train
DB00644	C0002453	1	C23	valid	train	test	train	train	train	train	train	train	train
DB00644	C0029927	1	C12	train	train	train	test	valid	train	train	train	train	train
DB00644	C0034013	1	C19	train	train	test	test	train	train	train	train	train	train
DB00645	C0038363	1	C07	train	test	valid	train	train	train	train	train	train	train
DB00647	C0030193	1	C23	valid	train	test	train	train	train	train	train	train	train
DB00648	C0001618	1	C19	train	train	test	test	train	train	train	train	train	train
DB00648	C0010481	1	C19	train	train	test	test	train	train	train	train	train	train
DB00648	C0206686	1	C19	train	train	test	test	train	train	train	train	train	train
DB00650	C0002888	1	C15	train	train	train	valid	train	train	valid	train	train	train
DB00650	C0016412	1	C18	train	train	train	train	train	test	train	test	valid	train
DB00650	C0029463	1	C04	train	train	train	valid	train	train	valid	train	train	train
DB00650	C1527249	1	C06	train	train	train	train	train	train	train	train	train	test
DB00651	C0004096	1	C08	train	train	train	train	train	train	train	test	train	train
DB00651	C0008677	1	C08	train	train	train	train	train	train	train	test	train	train
DB00651	C0034067	1	C23	valid	train	test	train	train	train	train	train	train	train
DB00652	C0030193	1	C23	valid	train	test	train	train	train	train	train	train	train
DB00653	C0003811	1	C14	test	test	train	train	test	train	train	valid	train	train
DB00653	C0009806	1	C23	valid	train	test	train	train	train	train	train	train	train
DB00653	C0014544	1	C10	train	train	train	train	train	train	test	train	test	valid
DB00653	C0022876	1	C12	train	train	train	test	valid	train	train	train	train	train
DB00653	C0024473	1	C18	train	train	train	train	train	test	train	test	valid	train
DB00653	C0027697	1	C12	train	train	train	test	valid	train	train	train	train	train
DB00653	C0032914	1	C12	train	train	train	test	valid	train	train	train	train	train
DB00653	C0039621	1	C10	train	train	train	train	train	train	test	train	test	valid
DB00653	C0040479	1	C14	test	test	train	train	test	train	train	valid	train	train
DB00653	C0042510	1	C14	test	test	train	train	test	train	train	valid	train	train
DB00654	C0017601	1	C11	train	test	train	train	train	train	train	train	train	train
DB00654	C0017612	1	C11	train	test	train	train	train	train	train	train	train	train
DB00654	C0028840	1	C11	train	test	train	train	train	train	train	train	train	train
DB00655	C0020619	1	C19	train	train	test	test	train	train	train	train	train	train
DB00655	C0025322	1	C12	train	train	train	test	valid	train	train	train	train	train
DB00655	C0025323	1	C12	train	train	train	test	valid	train	train	train	train	train
DB00655	C0028754	1	C18	train	train	train	train	train	test	train	test	valid	train
DB00655	C0033578	1	C12	train	train	train	test	valid	train	train	train	train	train
DB00655	C0085215	1	C12	train	train	train	test	valid	train	train	train	train	train
DB00655	C1458155	1	C04	train	train	train	valid	train	train	valid	train	train	train
DB00656	C0021603	1	C10	train	train	train	train	train	train	test	train	test	valid
DB00656	C1269683	1	F03	train	train	train	train	train	train	valid	train	valid	train
DB00657	C0020538	1	C14	test	test	train	train	test	train	train	valid	train	train
DB00657	C0020540	1	C14	test	test	train	train	test	train	train	valid	train	train
DB00657	C0085580	1	C14	test	test	train	train	test	train	train	valid	train	train
DB00659	C0001973	1	C25	train	train	test	train	train	train	valid	valid	train	train
DB00661	C0002962	1	C14	test	test	train	train	test	train	train	valid	train	train
DB00661	C0003811	1	C14	test	test	train	train	test	train	train	valid	train	train
DB00661	C0004238	1	C14	test	test	train	train	test	train	train	valid	train	train
DB00661	C0004239	1	C14	test	test	train	train	test	train	train	valid	train	train
DB00661	C0020538	1	C14	test	test	train	train	test	train	train	valid	train	train
DB00661	C0027051	1	C14	test	test	train	train	test	train	train	valid	train	train
DB00661	C0030590	1	C14	test	test	train	train	test	train	train	valid	train	train
DB00661	C0039240	1	C14	test	test	train	train	test	train	train	valid	train	train
DB00662	C0017160	1	C06	train	train	train	train	train	train	train	train	train	test
DB00662	C0027497	1	C23	valid	train	test	train	train	train	train	train	train	train
DB00662	C0042963	1	C23	valid	train	test	train	train	train	train	train	train	train
DB00663	C0011616	1	C17	valid	train	valid	train	train	valid	train	train	train	test
DB00663	C0015230	1	C17	valid	train	valid	train	train	valid	train	train	train	test
DB00663	C0036508	1	C17	valid	train	valid	train	train	valid	train	train	train	test
DB00665	C0033578	1	C12	train	train	train	test	valid	train	train	train	train	train
DB00666	C0014175	1	C12	train	train	train	test	valid	train	train	train	train	train
DB00666	C0021359	1	C12	train	train	train	test	valid	train	train	train	train	train
DB00666	C0021361	1	C12	train	train	train	test	valid	train	train	train	train	train
DB00666	C0034013	1	C19	train	train	test	test	train	train	train	train	train	train
DB00666	C0342543	1	C19	train	train	test	test	train	train	train	train	train	train
DB00668	C0001883	1	C08	train	train	train	train	train	train	train	test	train	train
DB00668	C0002792	1	C20	train	train	test	train	valid	train	train	train	train	train
DB00668	C0006267	1	C08	train	train	train	train	train	train	train	test	train	train
DB00668	C0017612	1	C11	train	test	train	train	train	train	train	train	train	train
DB00668	C0018790	1	C14	test	test	train	train	test	train	train	valid	train	train
DB00668	C0018794	1	C14	test	test	train	train	test	train	train	valid	train	train
DB00668	C0019080	1	C23	valid	train	test	train	train	train	train	train	train	train
DB00668	C0020649	1	C14	test	test	train	train	test	train	train	valid	train	train
DB00668	C0034067	1	C23	valid	train	test	train	train	train	train	train	train	train
DB00668	C0036983	1	C23	valid	train	test	train	train	train	train	train	train	train
DB00668	C0042510	1	C14	test	test	train	train	test	train	train	valid	train	train
DB00668	C0042514	1	C14	test	test	train	train	test	train	train	valid	train	train
DB00668	C0428977	1	C14	test	test	train	train	test	train	train	valid	train	train
DB00669	C0149931	1	C10	train	train	train	train	train	train	test	train	test	valid
DB00670	C0013295	1	C06	train	train	train	train	train	train	train	train	train	test
DB00670	C0038358	1	C06	train	train	train	train	train	train	train	train	train	test
DB00670	C0041582	1	C23	valid	train	test	train	train	train	train	train	train	train
DB00672	C0011849	1	C18	train	train	train	train	train	test	train	test	valid	train
DB00672	C0011860	1	C18	train	train	train	train	train	test	train	test	valid	train
DB00672	C0020456	1	C18	train	train	train	train	train	test	train	test	valid	train
DB00673	C0027497	1	C23	valid	train	test	train	train	train	train	train	train	train
DB00673	C0042963	1	C23	valid	train	test	train	train	train	train	train	train	train
DB00674	C0002395	1	C10	train	train	train	train	train	train	test	train	test	valid
DB00675	C0006142	1	C04	train	train	train	valid	train	train	valid	train	train	train
DB00675	C0018418	1	C17	valid	train	valid	train	train	valid	train	train	train	test
DB00675	C0030297	1	C04	train	train	train	valid	train	train	valid	train	train	train
DB00675	C0034013	1	C19	train	train	test	test	train	train	train	train	train	train
DB00675	C1458155	1	C04	train	train	train	valid	train	train	valid	train	train	train
DB00677	C0017601	1	C11	train	test	train	train	train	train	train	train	train	train
DB00677	C0038379	1	C10	train	train	train	train	train	train	test	train	test	valid
DB00678	C0003811	1	C14	test	test	train	train	test	train	train	valid	train	train
DB00678	C0011881	1	C12	train	train	train	test	valid	train	train	train	train	train
DB00678	C0018802	1	C14	test	test	train	train	test	train	train	valid	train	train
DB00678	C0020538	1	C14	test	test	train	train	test	train	train	valid	train	train
DB00678	C0242698	1	C14	test	test	train	train	test	train	train	valid	train	train
DB00679	C3544321	1	F03	train	train	train	train	train	train	valid	train	valid	train
DB00680	C0003811	1	C14	test	test	train	train	test	train	train	valid	train	train
DB00680	C0042510	1	C14	test	test	train	train	test	train	train	valid	train	train
DB00680	C0042514	1	C14	test	test	train	train	test	train	train	valid	train	train
DB00682	C0004238	1	C14	test	test	train	train	test	train	train	valid	train	train
DB00682	C0004239	1	C14	test	test	train	train	test	train	train	valid	train	train
DB00682	C0027051	1	C14	test	test	train	train	test	train	train	valid	train	train
DB00682	C0034065	1	C08	train	train	train	train	train	train	train	test	train	train
DB00682	C0040038	1	C14	test	test	train	train	test	train	train	valid	train	train
DB00682	C0040046	1	C14	test	test	train	train	test	train	train	valid	train	train
DB00682	C0040053	1	C14	test	test	train	train	test	train	train	valid	train	train
DB00682	C0878544	1	C14	test	test	train	train	test	train	train	valid	train	train
DB00682	C0917805	1	C10	train	train	train	train	train	train	test	train	test	valid
DB00683	C0003467	1	F01	train	train	train	train	train	train	valid	train	train	train
DB00683	C0038220	1	C10	train	train	train	train	train	train	test	train	test	valid
DB00685	C0037199	1	C08	train	train	train	train	train	train	train	test	train	train
DB00685	C0042029	1	C12	train	train	train	test	valid	train	train	train	train	train
DB00686	C0042345	1	C14	test	test	train	train	test	train	train	valid	train	train
DB00686	C0282488	1	C12	train	train	train	test	valid	train	train	train	train	train
DB00687	C0001403	1	C19	train	train	test	test	train	train	train	train	train	train
DB00687	C0405580	1	C19	train	train	test	test	train	train	train	train	train	train
DB00688	C0033860	1	C17	valid	train	valid	train	train	valid	train	train	train	test
DB00690	C0021603	1	C10	train	train	train	train	train	train	test	train	test	valid
DB00690	C0917801	1	C10	train	train	train	train	train	train	test	train	test	valid
DB00691	C0018802	1	C14	test	test	train	train	test	train	train	valid	train	train
DB00691	C0020538	1	C14	test	test	train	train	test	train	train	valid	train	train
DB00692	C0020540	1	C14	test	test	train	train	test	train	train	valid	train	train
DB00692	C0020546	1	C14	test	test	train	train	test	train	train	valid	train	train
DB00692	C0021308	1	C23	valid	train	test	train	train	train	train	train	train	train
DB00692	C0023212	1	C14	test	test	train	train	test	train	train	valid	train	train
DB00692	C0027051	1	C14	test	test	train	train	test	train	train	valid	train	train
DB00692	C0031511	1	C04	train	train	train	valid	train	train	valid	train	train	train
DB00692	C0085096	1	C14	test	test	train	train	test	train	train	valid	train	train
DB00692	C0242350	1	C12	train	train	train	test	valid	train	train	train	train	train
DB00692	C0917798	1	C10	train	train	train	train	train	train	test	train	test	valid
DB00694	C0023440	1	C15	train	train	train	valid	train	train	valid	train	train	train
DB00694	C0023449	1	C15	train	train	train	valid	train	train	valid	train	train	train
DB00694	C0023465	1	C04	train	train	train	valid	train	train	valid	train	train	train
DB00694	C0023467	1	C04	train	train	train	valid	train	train	valid	train	train	train
DB00694	C0023487	1	C04	train	train	train	valid	train	train	valid	train	train	train
DB00694	C0036220	1	C04	train	train	train	valid	train	train	valid	train	train	train
DB00695	C0013604	1	C23	valid	train	test	train	train	train	train	train	train	train
DB00695	C0018802	1	C14	test	test	train	train	test	train	train	valid	train	train
DB00695	C0020538	1	C14	test	test	train	train	test	train	train	valid	train	train
DB00695	C0022660	1	C12	train	train	train	test	valid	train	train	train	train	train
DB00695	C0022661	1	C12	train	train	train	test	valid	train	train	train	train	train
DB00695	C0027726	1	C12	train	train	train	test	valid	train	train	train	train	train
DB00695	C0034063	1	C08	train	train	train	train	train	train	train	test	train	train
DB00696	C0149931	1	C10	train	train	train	train	train	train	test	train	test	valid
DB00697	C0027121	1	C05	train	valid	valid	train	train	test	train	train	train	train
DB00697	C0037763	1	C10	train	train	train	train	train	train	test	train	test	valid
DB00697	C0040997	1	C07	train	test	valid	train	train	train	train	train	train	train
DB00699	C0004153	1	C14	test	test	train	train	test	train	train	valid	train	train
DB00699	C0024437	1	C11	train	test	train	train	train	train	train	train	train	train
DB00699	C0034734	1	C14	test	test	train	train	test	train	train	valid	train	train
DB00699	C0040053	1	C14	test	test	train	train	test	train	train	valid	train	train
DB00699	C0149931	1	C10	train	train	train	train	train	train	test	train	test	valid
DB00700	C0018802	1	C14	test	test	train	train	test	train	train	valid	train	train
DB00700	C0020428	1	C19	train	train	test	test	train	train	train	train	train	train
DB00703	C0017601	1	C11	train	test	train	train	train	train	train	train	train	train
DB00703	C0017605	1	C11	train	test	train	train	train	train	train	train	train	train
DB00703	C0017612	1	C11	train	test	train	train	train	train	train	train	train	train
DB00704	C0001973	1	C25	train	train	test	train	train	train	valid	valid	train	train
DB00704	C0028754	1	C18	train	train	train	train	train	test	train	test	valid	train
DB00704	C0150055	1	C23	valid	train	test	train	train	train	train	train	train	train
DB00706	C2937421	1	C12	train	train	train	test	valid	train	train	train	train	train
DB00707	C0007131	1	C08	train	train	train	train	train	train	train	test	train	train
DB00707	C0014859	1	C06	train	train	train	train	train	train	train	train	train	test
DB00710	C0020437	1	C18	train	train	train	train	train	test	train	test	valid	train
DB00710	C0029456	1	C05	train	valid	valid	train	train	test	train	train	train	train
DB00710	C0029458	1	C05	train	valid	valid	train	train	test	train	train	train	train
DB00712	C0003873	1	C05	train	valid	valid	train	train	test	train	train	train	train
DB00712	C0013390	1	C23	valid	train	test	train	train	train	train	train	train	train
DB00712	C0029408	1	C05	train	valid	valid	train	train	test	train	train	train	train
DB00712	C0038013	1	C05	train	valid	valid	train	train	test	train	train	train	train
DB00713	C0007642	1	C01	train	train	train	train	train	train	train	train	train	train
DB00713	C0014121	1	C01	train	train	train	train	train	train	train	train	train	train
DB00713	C0029443	1	C01	train	train	train	train	train	train	train	train	train	train
DB00713	C0036690	1	C01	train	train	train	train	train	train	train	train	train	train
DB00713	C0037199	1	C08	train	train	train	train	train	train	train	test	train	train
DB00713	C0038160	1	C01	train	train	train	train	train	train	train	train	train	train
DB00714	C0030567	1	C10	train	train	train	train	train	train	test	train	test	valid
DB00714	C0242350	1	C12	train	train	train	test	valid	train	train	train	train	train
DB00715	C0011581	1	F03	train	train	train	train	train	train	valid	train	valid	train
DB00715	C0028768	1	F03	train	train	train	train	train	train	valid	train	valid	train
DB00715	C0030319	1	F03	train	train	train	train	train	train	valid	train	valid	train
DB00715	C1269683	1	F03	train	train	train	train	train	train	valid	train	valid	train
DB00716	C0004096	1	C08	train	train	train	train	train	train	train	test	train	train
DB00716	C0009763	1	C11	train	test	train	train	train	train	train	train	train	train
DB00716	C0020517	1	C20	train	train	test	train	valid	train	train	train	train	train
DB00717	C0014173	1	C12	train	train	train	test	valid	train	train	train	train	train
DB00717	C0014175	1	C12	train	train	train	test	valid	train	train	train	train	train
DB00717	C0020619	1	C19	train	train	test	test	train	train	train	train	train	train
DB00717	C0025323	1	C12	train	train	train	test	valid	train	train	train	train	train
DB00717	C0025874	1	C12	train	train	train	test	valid	train	train	train	train	train
DB00719	C0018621	1	C08	train	train	train	train	train	train	train	test	train	train
DB00719	C0020517	1	C20	train	train	test	train	valid	train	train	train	train	train
DB00719	C0033774	1	C17	valid	train	valid	train	train	valid	train	train	train	test
DB00719	C0035457	1	C08	train	train	train	train	train	train	train	test	train	train
DB00719	C0042109	1	C17	valid	train	valid	train	train	valid	train	train	train	test
DB00720	C0020437	1	C18	train	train	train	train	train	test	train	test	valid	train
DB00720	C0020502	1	C19	train	train	test	test	train	train	train	train	train	train
DB00720	C0026764	1	C15	train	train	train	valid	train	train	valid	train	train	train
DB00720	C0029456	1	C05	train	valid	valid	train	train	test	train	train	train	train
DB00722	C0011849	1	C18	train	train	train	train	train	test	train	test	valid	train
DB00722	C0018802	1	C14	test	test	train	train	test	train	train	valid	train	train
DB00722	C0020538	1	C14	test	test	train	train	test	train	train	valid	train	train
DB00722	C0040053	1	C14	test	test	train	train	test	train	train	valid	train	train
DB00723	C0020649	1	C14	test	test	train	train	test	train	train	valid	train	train
DB00723	C0030590	1	C14	test	test	train	train	test	train	train	valid	train	train
DB00724	C0007117	1	C04	train	train	train	valid	train	train	valid	train	train	train
DB00725	C0013295	1	C06	train	train	train	train	train	train	train	train	train	test
DB00725	C0022104	1	C06	train	train	train	train	train	train	train	train	train	test
DB00725	C0030920	1	C06	train	train	train	train	train	train	train	train	train	test
DB00725	C0038358	1	C06	train	train	train	train	train	train	train	train	train	test
DB00725	C0041582	1	C23	valid	train	test	train	train	train	train	train	train	train
DB00726	C0011581	1	F03	train	train	train	train	train	train	valid	train	valid	train
DB00726	C0700201	1	C10	train	train	train	train	train	train	test	train	test	valid
DB00727	C0018802	1	C14	test	test	train	train	test	train	train	valid	train	train
DB00727	C0020542	1	C08	train	train	train	train	train	train	train	test	train	train
DB00727	C0022876	1	C12	train	train	train	test	valid	train	train	train	train	train
DB00727	C0027051	1	C14	test	test	train	train	test	train	train	valid	train	train
DB00727	C0037299	1	C17	valid	train	valid	train	train	valid	train	train	train	test
DB00727	C1956346	1	C14	test	test	train	train	test	train	train	valid	train	train
DB00729	C0004096	1	C08	train	train	train	train	train	train	train	test	train	train
DB00729	C0017152	1	C06	train	train	train	train	train	train	train	train	train	test
DB00729	C0030920	1	C06	train	train	train	train	train	train	train	train	train	test
DB00731	C0011849	1	C18	train	train	train	train	train	test	train	test	valid	train
DB00731	C0011860	1	C18	train	train	train	train	train	test	train	test	valid	train
DB00731	C0020456	1	C18	train	train	train	train	train	test	train	test	valid	train
DB00733	C0026896	1	C10	train	train	train	train	train	train	test	train	test	valid
DB00734	C0004352	1	F03	train	train	train	train	train	train	valid	train	valid	train
DB00734	C0005586	1	F03	train	train	train	train	train	train	valid	train	valid	train
DB00736	C0013295	1	C06	train	train	train	train	train	train	train	train	train	test
DB00736	C0014868	1	C06	train	train	train	train	train	train	train	train	train	test
DB00736	C0014869	1	C06	train	train	train	train	train	train	train	train	train	test
DB00736	C0017168	1	C06	train	train	train	train	train	train	train	train	train	test
DB00736	C0017181	1	C06	train	train	train	train	train	train	train	train	train	test
DB00736	C0030920	1	C06	train	train	train	train	train	train	train	train	train	test
DB00736	C0043515	1	C06	train	train	train	train	train	train	train	train	train	test
DB00737	C0020517	1	C20	train	train	test	train	valid	train	train	train	train	train
DB00737	C0027497	1	C23	valid	train	test	train	train	train	train	train	train	train
DB00737	C0042571	1	C09	train	train	train	train	test	train	train	train	train	train
DB00737	C0042963	1	C23	valid	train	test	train	train	train	train	train	train	train
DB00738	C0032285	1	C08	train	train	train	train	train	train	train	test	train	train
DB00740	C0002736	1	C10	train	train	train	train	train	train	test	train	test	valid
DB00741	C0001403	1	C19	train	train	test	test	train	train	train	train	train	train
DB00741	C0001623	1	C19	train	train	test	test	train	train	train	train	train	train
DB00741	C0002875	1	C15	train	train	train	valid	train	train	valid	train	train	train
DB00741	C0002880	1	C15	train	train	train	valid	train	train	valid	train	train	train
DB00741	C0002994	1	C14	test	test	train	train	test	train	train	valid	train	train
DB00741	C0003864	1	C05	train	valid	valid	train	train	test	train	train	train	train
DB00741	C0003868	1	C05	train	valid	valid	train	train	test	train	train	train	train
DB00741	C0003872	1	C05	train	valid	valid	train	train	test	train	train	train	train
DB00741	C0003873	1	C05	train	valid	valid	train	train	test	train	train	train	train
DB00741	C0004096	1	C08	train	train	train	train	train	train	train	test	train	train
DB00741	C0004364	1	C20	train	train	test	train	valid	train	train	train	train	train
DB00741	C0005138	1	C08	train	train	train	train	train	train	train	test	train	train
DB00741	C0006114	1	C10	train	train	train	train	train	train	test	train	test	valid
DB00741	C0009324	1	C06	train	train	train	train	train	train	train	train	train	test
DB00741	C0010043	1	C11	train	test	train	train	train	train	train	train	train	train
DB00741	C0010346	1	C06	train	train	train	train	train	train	train	train	train	test
DB00741	C0011603	1	C17	valid	train	valid	train	train	valid	train	train	train	test
DB00741	C0011606	1	C17	valid	train	valid	train	train	valid	train	train	train	test
DB00741	C0011615	1	C17	valid	train	valid	train	train	valid	train	train	train	test
DB00741	C0011616	1	C17	valid	train	valid	train	train	valid	train	train	train	test
DB00741	C0013595	1	C17	valid	train	valid	train	train	valid	train	train	train	test
DB00741	C0014356	1	C06	train	train	train	train	train	train	train	train	train	test
DB00741	C0014742	1	C17	valid	train	valid	train	train	valid	train	train	train	test
DB00741	C0015230	1	C17	valid	train	valid	train	train	valid	train	train	train	test
DB00741	C0015397	1	C11	train	test	train	train	train	train	train	train	train	train
DB00741	C0015456	1	C17	valid	train	valid	train	train	valid	train	train	train	test
DB00741	C0017563	1	C07	train	test	valid	train	train	train	train	train	train	train
DB00741	C0019112	1	C06	train	train	train	train	train	train	train	train	train	test
DB00741	C0019829	1	C04	train	train	train	valid	train	train	valid	train	train	train
DB00741	C0020517	1	C20	train	train	test	train	valid	train	train	train	train	train
DB00741	C0021390	1	C06	train	train	train	train	train	train	train	train	train	test
DB00741	C0022568	1	C11	train	test	train	train	train	train	train	train	train	train
DB00741	C0023052	1	C08	train	train	train	train	train	train	train	test	train	train
DB00741	C0023449	1	C15	train	train	train	valid	train	train	valid	train	train	train
DB00741	C0024138	1	C17	valid	train	valid	train	train	valid	train	train	train	test
DB00741	C0024141	1	C17	valid	train	valid	train	train	valid	train	train	train	test
DB00741	C0024305	1	C04	train	train	train	valid	train	train	valid	train	train	train
DB00741	C0026769	1	C10	train	train	train	train	train	train	test	train	test	valid
DB00741	C0026948	1	C04	train	train	train	valid	train	train	valid	train	train	train
DB00741	C0027726	1	C12	train	train	train	test	valid	train	train	train	train	train
DB00741	C0030807	1	C17	valid	train	valid	train	train	valid	train	train	train	test
DB00741	C0033860	1	C17	valid	train	valid	train	train	valid	train	train	train	test
DB00741	C0035854	1	C17	valid	train	valid	train	train	valid	train	train	train	test
DB00741	C0036508	1	C17	valid	train	valid	train	train	valid	train	train	train	test
DB00741	C0036830	1	C17	valid	train	valid	train	train	valid	train	train	train	test
DB00741	C0038013	1	C05	train	valid	valid	train	train	test	train	train	train	train
DB00741	C0038363	1	C07	train	test	valid	train	train	train	train	train	train	train
DB00741	C0039103	1	C05	train	valid	valid	train	train	test	train	train	train	train
DB00741	C0040147	1	C19	train	train	test	test	train	train	train	train	train	train
DB00741	C0042164	1	C11	train	test	train	train	train	train	train	train	train	train
DB00741	C1260899	1	C15	train	train	train	valid	train	train	valid	train	train	train
DB00744	C0004096	1	C08	train	train	train	train	train	train	train	test	train	train
DB00745	C0027404	1	C10	train	train	train	train	train	train	test	train	test	valid
DB00745	C0520679	1	C08	train	train	train	train	train	train	train	test	train	train
DB00746	C0018995	1	C18	train	train	train	train	train	test	train	test	valid	train
DB00746	C0282193	1	C18	train	train	train	train	train	test	train	test	valid	train
DB00747	C0015469	1	C07	train	test	valid	train	train	train	train	train	train	train
DB00747	C0022073	1	C11	train	test	train	train	train	train	train	train	train	train
DB00747	C0022104	1	C06	train	train	train	train	train	train	train	train	train	test
DB00747	C0026961	1	C11	train	test	train	train	train	train	train	train	train	train
DB00747	C0027497	1	C23	valid	train	test	train	train	train	train	train	train	train
DB00747	C0030920	1	C06	train	train	train	train	train	train	train	train	train	test
DB00747	C0037036	1	C07	train	test	valid	train	train	train	train	train	train	train
DB00747	C0042164	1	C11	train	test	train	train	train	train	train	train	train	train
DB00747	C0042963	1	C23	valid	train	test	train	train	train	train	train	train	train
DB00747	C0428977	1	C14	test	test	train	train	test	train	train	valid	train	train
DB00748	C0002994	1	C14	test	test	train	train	test	train	train	valid	train	train
DB00748	C0009763	1	C11	train	test	train	train	train	train	train	train	train	train
DB00748	C0016470	1	C20	train	train	test	train	valid	train	train	train	train	train
DB00748	C0018621	1	C08	train	train	train	train	train	train	train	test	train	train
DB00748	C0020517	1	C20	train	train	test	train	valid	train	train	train	train	train
DB00748	C0030567	1	C10	train	train	train	train	train	train	test	train	test	valid
DB00748	C0033774	1	C17	valid	train	valid	train	train	valid	train	train	train	test
DB00748	C0035457	1	C08	train	train	train	train	train	train	train	test	train	train
DB00748	C0042109	1	C17	valid	train	valid	train	train	valid	train	train	train	test
DB00748	C1527304	1	C20	train	train	test	train	valid	train	train	train	train	train
DB00749	C0003873	1	C05	train	valid	valid	train	train	test	train	train	train	train
DB00749	C0029408	1	C05	train	valid	valid	train	train	test	train	train	train	train
DB00749	C0030193	1	C23	valid	train	test	train	train	train	train	train	train	train
DB00751	C0009763	1	C11	train	test	train	train	train	train	train	train	train	train
DB00751	C0020517	1	C20	train	train	test	train	valid	train	train	train	train	train
DB00752	C1269683	1	F03	train	train	train	train	train	train	valid	train	valid	train
DB00754	C0014544	1	C10	train	train	train	train	train	train	test	train	test	valid
DB00754	C0014549	1	C10	train	train	train	train	train	train	test	train	test	valid
DB00754	C0014556	1	C10	train	train	train	train	train	train	test	train	test	valid
DB00754	C0036572	1	C10	train	train	train	train	train	train	test	train	test	valid
DB00754	C0149958	1	C10	train	train	train	train	train	train	test	train	test	valid
DB00755	C0007117	1	C04	train	train	train	valid	train	train	valid	train	train	train
DB00755	C0022593	1	C17	valid	train	valid	train	train	valid	train	train	train	test
DB00755	C0022595	1	C17	valid	train	valid	train	train	valid	train	train	train	test
DB00755	C0022596	1	C17	valid	train	valid	train	train	valid	train	train	train	test
DB00755	C0023487	1	C04	train	train	train	valid	train	train	valid	train	train	train
DB00755	C0033860	1	C17	valid	train	valid	train	train	valid	train	train	train	test
DB00755	C0162834	1	C17	valid	train	valid	train	train	valid	train	train	train	test
DB00755	C0702166	1	C17	valid	train	valid	train	train	valid	train	train	train	test
DB00757	C0027497	1	C23	valid	train	test	train	train	train	train	train	train	train
DB00757	C0042963	1	C23	valid	train	test	train	train	train	train	train	train	train
DB00758	C0004153	1	C14	test	test	train	train	test	train	train	valid	train	train
DB00758	C0027051	1	C14	test	test	train	train	test	train	train	valid	train	train
DB00758	C0038454	1	C10	train	train	train	train	train	train	test	train	test	valid
DB00758	C0040053	1	C14	test	test	train	train	test	train	train	valid	train	train
DB00758	C0948089	1	C14	test	test	train	train	test	train	train	valid	train	train
DB00758	C1704436	1	C14	test	test	train	train	test	train	train	valid	train	train
DB00759	C0032285	1	C08	train	train	train	train	train	train	train	test	train	train
DB00759	C0037199	1	C08	train	train	train	train	train	train	train	test	train	train
DB00759	C0042029	1	C12	train	train	train	test	valid	train	train	train	train	train
DB00759	C0702166	1	C17	valid	train	valid	train	train	valid	train	train	train	test
DB00761	C0009806	1	C23	valid	train	test	train	train	train	train	train	train	train
DB00761	C0020621	1	C18	train	train	train	train	train	test	train	test	valid	train
DB00762	C0007131	1	C08	train	train	train	train	train	train	train	test	train	train
DB00762	C0009375	1	C06	train	train	train	train	train	train	train	train	train	test
DB00762	C0023418	1	C04	train	train	train	valid	train	train	valid	train	train	train
DB00762	C0024299	1	C04	train	train	train	valid	train	train	valid	train	train	train
DB00762	C0027627	1	C04	train	train	train	valid	train	train	valid	train	train	train
DB00762	C0030297	1	C04	train	train	train	valid	train	train	valid	train	train	train
DB00762	C0034885	1	C06	train	train	train	train	train	train	train	train	train	test
DB00762	C0038356	1	C06	train	train	train	train	train	train	train	train	train	test
DB00762	C0149925	1	C08	train	train	train	train	train	train	train	test	train	train
DB00762	C1458155	1	C04	train	train	train	valid	train	train	valid	train	train	train
DB00762	C1527249	1	C06	train	train	train	train	train	train	train	train	train	test
DB00763	C0018021	1	C19	train	train	test	test	train	train	train	train	train	train
DB00763	C0018213	1	C19	train	train	test	test	train	train	train	train	train	train
DB00763	C0020550	1	C19	train	train	test	test	train	train	train	train	train	train
DB00764	C0015230	1	C17	valid	train	valid	train	train	valid	train	train	train	test
DB00764	C0018621	1	C08	train	train	train	train	train	train	train	test	train	train
DB00764	C0020517	1	C20	train	train	test	train	valid	train	train	train	train	train
DB00764	C0024138	1	C17	valid	train	valid	train	train	valid	train	train	train	test
DB00764	C0035457	1	C08	train	train	train	train	train	train	train	test	train	train
DB00764	C0036508	1	C17	valid	train	valid	train	train	valid	train	train	train	test
DB00765	C0031511	1	C04	train	train	train	valid	train	train	valid	train	train	train
DB00768	C0009763	1	C11	train	test	train	train	train	train	train	train	train	train
DB00768	C0018621	1	C08	train	train	train	train	train	train	train	test	train	train
DB00770	C0003492	1	C14	test	test	train	train	test	train	train	valid	train	train
DB00770	C0018798	1	C14	test	test	train	train	test	train	train	valid	train	train
DB00770	C0020542	1	C08	train	train	train	train	train	train	train	test	train	train
DB00770	C0039685	1	C14	test	test	train	train	test	train	train	valid	train	train
DB00770	C0242350	1	C12	train	train	train	test	valid	train	train	train	train	train
DB00771	C0022104	1	C06	train	train	train	train	train	train	train	train	train	test
DB00771	C0030920	1	C06	train	train	train	train	train	train	train	train	train	test
DB00773	C0006118	1	C10	train	train	train	train	train	train	test	train	test	valid
DB00773	C0019618	1	C15	train	train	train	valid	train	train	valid	train	train	train
DB00773	C0023467	1	C04	train	train	train	valid	train	train	valid	train	train	train
DB00773	C0024299	1	C04	train	train	train	valid	train	train	valid	train	train	train
DB00773	C0026948	1	C04	train	train	train	valid	train	train	valid	train	train	train
DB00773	C0027819	1	C04	train	train	train	valid	train	train	valid	train	train	train
DB00773	C0033578	1	C12	train	train	train	test	valid	train	train	train	train	train
DB00773	C0035412	1	C04	train	train	train	valid	train	train	valid	train	train	train
DB00773	C0036220	1	C04	train	train	train	valid	train	train	valid	train	train	train
DB00773	C0039590	1	C12	train	train	train	test	valid	train	train	train	train	train
DB00773	C0042138	1	C12	train	train	train	test	valid	train	train	train	train	train
DB00773	C0149925	1	C08	train	train	train	train	train	train	train	test	train	train
DB00773	C1621958	1	C04	train	train	train	valid	train	train	valid	train	train	train
DB00774	C0013604	1	C23	valid	train	test	train	train	train	train	train	train	train
DB00774	C0018802	1	C14	test	test	train	train	test	train	train	valid	train	train
DB00774	C0022661	1	C12	train	train	train	test	valid	train	train	train	train	train
DB00774	C0023890	1	C06	train	train	train	train	train	train	train	train	train	test
DB00774	C0027726	1	C12	train	train	train	test	valid	train	train	train	train	train
DB00775	C0002965	1	C14	test	test	train	train	test	train	train	valid	train	train
DB00775	C0027051	1	C14	test	test	train	train	test	train	train	valid	train	train
DB00775	C0040053	1	C14	test	test	train	train	test	train	train	valid	train	train
DB00775	C0948089	1	C14	test	test	train	train	test	train	train	valid	train	train
DB00776	C0014544	1	C10	train	train	train	train	train	train	test	train	test	valid
DB00776	C0036572	1	C10	train	train	train	train	train	train	test	train	test	valid
DB00776	C0234974	1	C10	train	train	train	train	train	train	test	train	test	valid
DB00777	C0021603	1	C10	train	train	train	train	train	train	test	train	test	valid
DB00780	C0011581	1	F03	train	train	train	train	train	train	valid	train	valid	train
DB00782	C0022104	1	C06	train	train	train	train	train	train	train	train	train	test
DB00782	C0030305	1	C06	train	train	train	train	train	train	train	train	train	test
DB00782	C0030920	1	C06	train	train	train	train	train	train	train	train	train	test
DB00782	C0041582	1	C23	valid	train	test	train	train	train	train	train	train	train
DB00783	C0020619	1	C19	train	train	test	test	train	train	train	train	train	train
DB00783	C0025322	1	C12	train	train	train	test	valid	train	train	train	train	train
DB00783	C0025323	1	C12	train	train	train	test	valid	train	train	train	train	train
DB00783	C0029456	1	C05	train	valid	valid	train	train	test	train	train	train	train
DB00783	C0033578	1	C12	train	train	train	test	valid	train	train	train	train	train
DB00783	C0085215	1	C12	train	train	train	test	valid	train	train	train	train	train
DB00783	C1458155	1	C04	train	train	train	valid	train	train	valid	train	train	train
DB00784	C0003873	1	C05	train	valid	valid	train	train	test	train	train	train	train
DB00784	C0013390	1	C23	valid	train	test	train	train	train	train	train	train	train
DB00784	C0025323	1	C12	train	train	train	test	valid	train	train	train	train	train
DB00784	C0029408	1	C05	train	valid	valid	train	train	test	train	train	train	train
DB00784	C0030193	1	C23	valid	train	test	train	train	train	train	train	train	train
DB00787	C0276226	1	C01	train	train	train	train	train	train	train	train	train	train
DB00788	C0003862	1	C05	train	valid	valid	train	train	test	train	train	train	train
DB00788	C0003873	1	C05	train	valid	valid	train	train	test	train	train	train	train
DB00788	C0013390	1	C23	valid	train	test	train	train	train	train	train	train	train
DB00788	C0015967	1	C23	valid	train	test	train	train	train	train	train	train	train
DB00788	C0018099	1	C05	train	valid	valid	train	train	test	train	train	train	train
DB00788	C0018681	1	C23	valid	train	test	train	train	train	train	train	train	train
DB00788	C0029408	1	C05	train	valid	valid	train	train	test	train	train	train	train
DB00788	C0030193	1	C23	valid	train	test	train	train	train	train	train	train	train
DB00788	C0038013	1	C05	train	valid	valid	train	train	test	train	train	train	train
DB00788	C0149931	1	C10	train	train	train	train	train	train	test	train	test	valid
DB00788	C0231528	1	C05	train	valid	valid	train	train	test	train	train	train	train
DB00790	C0010068	1	C14	test	test	train	train	test	train	train	valid	train	train
DB00790	C0018802	1	C14	test	test	train	train	test	train	train	valid	train	train
DB00790	C0020538	1	C14	test	test	train	train	test	train	train	valid	train	train
DB00790	C0027051	1	C14	test	test	train	train	test	train	train	valid	train	train
DB00790	C0085580	1	C14	test	test	train	train	test	train	train	valid	train	train
DB00790	C1956346	1	C14	test	test	train	train	test	train	train	valid	train	train
DB00792	C0004096	1	C08	train	train	train	train	train	train	train	test	train	train
DB00792	C0020517	1	C20	train	train	test	train	valid	train	train	train	train	train
DB00792	C0033774	1	C17	valid	train	valid	train	train	valid	train	train	train	test
DB00792	C0035457	1	C08	train	train	train	train	train	train	train	test	train	train
DB00792	C0042109	1	C17	valid	train	valid	train	train	valid	train	train	train	test
DB00794	C0014544	1	C10	train	train	train	train	train	train	test	train	test	valid
DB00794	C0014549	1	C10	train	train	train	train	train	train	test	train	test	valid
DB00794	C0014556	1	C10	train	train	train	train	train	train	test	train	test	valid
DB00794	C0036572	1	C10	train	train	train	train	train	train	test	train	test	valid
DB00794	C0234974	1	C10	train	train	train	train	train	train	test	train	test	valid
DB00794	C0238111	1	C10	train	train	train	train	train	train	test	train	test	valid
DB00795	C0003873	1	C05	train	valid	valid	train	train	test	train	train	train	train
DB00795	C0009324	1	C06	train	train	train	train	train	train	train	train	train	test
DB00795	C0010346	1	C06	train	train	train	train	train	train	train	train	train	test
DB00795	C0014356	1	C06	train	train	train	train	train	train	train	train	train	test
DB00796	C0018802	1	C14	test	test	train	train	test	train	train	valid	train	train
DB00796	C0020538	1	C14	test	test	train	train	test	train	train	valid	train	train
DB00797	C0007820	1	C10	train	train	train	train	train	train	test	train	test	valid
DB00797	C0031190	1	C08	train	train	train	train	train	train	train	test	train	train
DB00797	C0034734	1	C14	test	test	train	train	test	train	train	valid	train	train
DB00797	C0036421	1	C17	valid	train	valid	train	train	valid	train	train	train	test
DB00797	C0040046	1	C14	test	test	train	train	test	train	train	valid	train	train
DB00797	C0042373	1	C14	test	test	train	train	test	train	train	valid	train	train
DB00798	C0008311	1	C06	train	train	train	train	train	train	train	train	train	test
DB00798	C0010930	1	C11	train	test	train	train	train	train	train	train	train	train
DB00798	C0014836	1	C01	train	train	train	train	train	train	train	train	train	train
DB00798	C0030578	1	C17	valid	train	valid	train	train	valid	train	train	train	test
DB00798	C0031154	1	C01	train	train	train	train	train	train	train	train	train	train
DB00798	C0036690	1	C01	train	train	train	train	train	train	train	train	train	train
DB00799	C0022593	1	C17	valid	train	valid	train	train	valid	train	train	train	test
DB00799	C0033860	1	C17	valid	train	valid	train	train	valid	train	train	train	test
DB00799	C0702166	1	C17	valid	train	valid	train	train	valid	train	train	train	test
DB00800	C0018802	1	C14	test	test	train	train	test	train	train	valid	train	train
DB00800	C0020540	1	C14	test	test	train	train	test	train	train	valid	train	train
DB00800	C0020545	1	C12	train	train	train	test	valid	train	train	train	train	train
DB00801	C0003467	1	F01	train	train	train	train	train	train	valid	train	train	train
DB00804	C0022104	1	C06	train	train	train	train	train	train	train	train	train	test
DB00805	C0030567	1	C10	train	train	train	train	train	train	test	train	test	valid
DB00806	C0007786	1	C10	train	train	train	train	train	train	test	train	test	valid
DB00806	C0011875	1	C14	test	test	train	train	test	train	train	valid	train	train
DB00806	C0011882	1	C10	train	train	train	train	train	train	test	train	test	valid
DB00806	C0017086	1	C23	valid	train	test	train	train	train	train	train	train	train
DB00806	C0021775	1	C14	test	test	train	train	test	train	train	valid	train	train
DB00806	C0040053	1	C14	test	test	train	train	test	train	train	valid	train	train
DB00806	C0042384	1	C14	test	test	train	train	test	train	train	valid	train	train
DB00808	C0013604	1	C23	valid	train	test	train	train	train	train	train	train	train
DB00808	C0018802	1	C14	test	test	train	train	test	train	train	valid	train	train
DB00808	C0020538	1	C14	test	test	train	train	test	train	train	valid	train	train
DB00808	C0027726	1	C12	train	train	train	test	valid	train	train	train	train	train
DB00809	C0022073	1	C11	train	test	train	train	train	train	train	train	train	train
DB00809	C0022568	1	C11	train	test	train	train	train	train	train	train	train	train
DB00809	C0034951	1	C11	train	test	train	train	train	train	train	train	train	train
DB00810	C0015371	1	C10	train	train	train	train	train	train	test	train	test	valid
DB00810	C0030567	1	C10	train	train	train	train	train	train	test	train	test	valid
DB00810	C0242422	1	C10	train	train	train	train	train	train	test	train	test	valid
DB00811	C0524910	1	C01	train	train	train	train	train	train	train	train	train	train
DB00812	C0038013	1	C05	train	valid	valid	train	train	test	train	train	train	train
DB00813	C0030193	1	C23	valid	train	test	train	train	train	train	train	train	train
DB00814	C0003864	1	C05	train	valid	valid	train	train	test	train	train	train	train
DB00814	C0003873	1	C05	train	valid	valid	train	train	test	train	train	train	train
DB00814	C0029408	1	C05	train	valid	valid	train	train	test	train	train	train	train
DB00816	C0008677	1	C08	train	train	train	train	train	train	train	test	train	train
DB00816	C0022876	1	C12	train	train	train	test	valid	train	train	train	train	train
DB00816	C0034067	1	C23	valid	train	test	train	train	train	train	train	train	train
DB00818	C0038220	1	C10	train	train	train	train	train	train	test	train	test	valid
DB00819	C0013604	1	C23	valid	train	test	train	train	train	train	train	train	train
DB00819	C0014544	1	C10	train	train	train	train	train	train	test	train	test	valid
DB00819	C0014553	1	C10	train	train	train	train	train	train	test	train	test	valid
DB00819	C0017601	1	C11	train	test	train	train	train	train	train	train	train	train
DB00819	C0017605	1	C11	train	test	train	train	train	train	train	train	train	train
DB00820	C0020542	1	C08	train	train	train	train	train	train	train	test	train	train
DB00821	C0029408	1	C05	train	valid	valid	train	train	test	train	train	train	train
DB00822	C0001973	1	C25	train	train	test	train	train	train	valid	valid	train	train
DB00823	C0014175	1	C12	train	train	train	test	valid	train	train	train	train	train
DB00823	C0020619	1	C19	train	train	test	test	train	train	train	train	train	train
DB00824	C0002895	1	C15	train	train	train	valid	train	train	valid	train	train	train
DB00824	C0003811	1	C14	test	test	train	train	test	train	train	valid	train	train
DB00824	C0004096	1	C08	train	train	train	train	train	train	train	test	train	train
DB00824	C0011882	1	C10	train	train	train	train	train	train	test	train	test	valid
DB00825	C0004604	1	C23	valid	train	test	train	train	train	train	train	train	train
DB00825	C0033774	1	C17	valid	train	valid	train	train	valid	train	train	train	test
DB00825	C0036508	1	C17	valid	train	valid	train	train	valid	train	train	train	test
DB00829	C0001957	1	C25	train	train	test	train	train	train	valid	valid	train	train
DB00829	C0003467	1	F01	train	train	train	train	train	train	valid	train	train	train
DB00829	C0026838	1	C05	train	valid	valid	train	train	test	train	train	train	train
DB00829	C0038220	1	C10	train	train	train	train	train	train	test	train	test	valid
DB00829	C0040822	1	C10	train	train	train	train	train	train	test	train	test	valid
DB00830	C0028754	1	C18	train	train	train	train	train	test	train	test	valid	train
DB00831	C0036341	1	F03	train	train	train	train	train	train	valid	train	valid	train
DB00832	C0014544	1	C10	train	train	train	train	train	train	test	train	test	valid
DB00832	C0036572	1	C10	train	train	train	train	train	train	test	train	test	valid
DB00834	C0006118	1	C10	train	train	train	train	train	train	test	train	test	valid
DB00834	C0011849	1	C18	train	train	train	train	train	test	train	test	valid	train
DB00834	C0011860	1	C18	train	train	train	train	train	test	train	test	valid	train
DB00834	C0020456	1	C18	train	train	train	train	train	test	train	test	valid	train
DB00834	C0032987	1	C12	train	train	train	test	valid	train	train	train	train	train
DB00834	C0271650	1	C18	train	train	train	train	train	test	train	test	valid	train
DB00835	C0018621	1	C08	train	train	train	train	train	train	train	test	train	train
DB00835	C0020517	1	C20	train	train	test	train	valid	train	train	train	train	train
DB00835	C0033774	1	C17	valid	train	valid	train	train	valid	train	train	train	test
DB00835	C0035457	1	C08	train	train	train	train	train	train	train	test	train	train
DB00836	C0011991	1	C23	valid	train	test	train	train	train	train	train	train	train
DB00836	C0014356	1	C06	train	train	train	train	train	train	train	train	train	test
DB00836	C0017160	1	C06	train	train	train	train	train	train	train	train	train	test
DB00837	C0030567	1	C10	train	train	train	train	train	train	test	train	test	valid
DB00838	C0011616	1	C17	valid	train	valid	train	train	valid	train	train	train	test
DB00838	C0015230	1	C17	valid	train	valid	train	train	valid	train	train	train	test
DB00838	C0015456	1	C17	valid	train	valid	train	train	valid	train	train	train	test
DB00838	C0024138	1	C17	valid	train	valid	train	train	valid	train	train	train	test
DB00838	C0036508	1	C17	valid	train	valid	train	train	valid	train	train	train	test
DB00839	C0011849	1	C18	train	train	train	train	train	test	train	test	valid	train
DB00839	C0011860	1	C18	train	train	train	train	train	test	train	test	valid	train
DB00839	C0020456	1	C18	train	train	train	train	train	test	train	test	valid	train
DB00841	C0018802	1	C14	test	test	train	train	test	train	train	valid	train	train
DB00841	C0036980	1	C23	valid	train	test	train	train	train	train	train	train	train
DB00842	C0001957	1	C25	train	train	test	train	train	train	valid	valid	train	train
DB00842	C0003467	1	F01	train	train	train	train	train	train	valid	train	train	train
DB00843	C0002395	1	C10	train	train	train	train	train	train	test	train	test	valid
DB00844	C0030193	1	C23	valid	train	test	train	train	train	train	train	train	train
DB00846	C0011615	1	C17	valid	train	valid	train	train	valid	train	train	train	test
DB00846	C0011616	1	C17	valid	train	valid	train	train	valid	train	train	train	test
DB00846	C0015230	1	C17	valid	train	valid	train	train	valid	train	train	train	test
DB00846	C0015456	1	C17	valid	train	valid	train	train	valid	train	train	train	test
DB00846	C0024138	1	C17	valid	train	valid	train	train	valid	train	train	train	test
DB00846	C0033860	1	C17	valid	train	valid	train	train	valid	train	train	train	test
DB00846	C0036508	1	C17	valid	train	valid	train	train	valid	train	train	train	test
DB00847	C0010691	1	C12	train	train	train	test	valid	train	train	train	train	train
DB00848	C0025202	1	C04	train	train	train	valid	train	train	valid	train	train	train
DB00848	C0278996	1	C04	train	train	train	valid	train	train	valid	train	train	train
DB00849	C0003467	1	F01	train	train	train	train	train	train	valid	train	train	train
DB00849	C0014544	1	C10	train	train	train	train	train	train	test	train	test	valid
DB00850	C0020179	1	C10	train	train	train	train	train	train	test	train	test	valid
DB00850	C0027497	1	C23	valid	train	test	train	train	train	train	train	train	train
DB00850	C0036341	1	F03	train	train	train	train	train	train	valid	train	valid	train
DB00850	C0042963	1	C23	valid	train	test	train	train	train	train	train	train	train
DB00851	C0016057	1	C04	train	train	train	valid	train	train	valid	train	train	train
DB00851	C0019829	1	C04	train	train	train	valid	train	train	valid	train	train	train
DB00851	C0025202	1	C04	train	train	train	valid	train	train	valid	train	train	train
DB00851	C0027819	1	C04	train	train	train	valid	train	train	valid	train	train	train
DB00851	C0035412	1	C04	train	train	train	valid	train	train	valid	train	train	train
DB00851	C0206693	1	C04	train	train	train	valid	train	train	valid	train	train	train
DB00852	C0004096	1	C08	train	train	train	train	train	train	train	test	train	train
DB00852	C0018621	1	C08	train	train	train	train	train	train	train	test	train	train
DB00852	C0033117	1	C12	train	train	train	test	valid	train	train	train	train	train
DB00852	C0035455	1	C08	train	train	train	train	train	train	train	test	train	train
DB00852	C0035457	1	C08	train	train	train	train	train	train	train	test	train	train
DB00852	C0037199	1	C08	train	train	train	train	train	train	train	test	train	train
DB00853	C0004114	1	C04	train	train	train	valid	train	train	valid	train	train	train
DB00853	C0017636	1	C04	train	train	train	valid	train	train	valid	train	train	train
DB00853	C0017638	1	C04	train	train	train	valid	train	train	valid	train	train	train
DB00853	C0025202	1	C04	train	train	train	valid	train	train	valid	train	train	train
DB00853	C0334579	1	C04	train	train	train	valid	train	train	valid	train	train	train
DB00853	C1621958	1	C04	train	train	train	valid	train	train	valid	train	train	train
DB00854	C0030193	1	C23	valid	train	test	train	train	train	train	train	train	train
DB00857	C0040261	1	C01	train	train	train	train	train	train	train	train	train	train
DB00858	C0002874	1	C15	train	train	train	valid	train	train	valid	train	train	train
DB00858	C0010043	1	C11	train	test	train	train	train	train	train	train	train	train
DB00858	C0022073	1	C11	train	test	train	train	train	train	train	train	train	train
DB00858	C0035854	1	C17	valid	train	valid	train	train	valid	train	train	train	test
DB00858	C0042164	1	C11	train	test	train	train	train	train	train	train	train	train
DB00858	C0178416	1	C15	train	train	train	valid	train	train	valid	train	train	train
DB00858	C1260899	1	C15	train	train	train	valid	train	train	valid	train	train	train
DB00860	C0001403	1	C19	train	train	test	test	train	train	train	train	train	train
DB00860	C0001623	1	C19	train	train	test	test	train	train	train	train	train	train
DB00860	C0001627	1	C12	train	train	train	test	valid	train	train	train	train	train
DB00860	C0002390	1	C08	train	train	train	train	train	train	train	test	train	train
DB00860	C0002875	1	C15	train	train	train	valid	train	train	valid	train	train	train
DB00860	C0002880	1	C15	train	train	train	valid	train	train	valid	train	train	train
DB00860	C0002994	1	C14	test	test	train	train	test	train	train	valid	train	train
DB00860	C0003868	1	C05	train	valid	valid	train	train	test	train	train	train	train
DB00860	C0003872	1	C05	train	valid	valid	train	train	test	train	train	train	train
DB00860	C0003873	1	C05	train	valid	valid	train	train	test	train	train	train	train
DB00860	C0004096	1	C08	train	train	train	train	train	train	train	test	train	train
DB00860	C0004364	1	C20	train	train	test	train	valid	train	train	train	train	train
DB00860	C0005138	1	C08	train	train	train	train	train	train	train	test	train	train
DB00860	C0006114	1	C10	train	train	train	train	train	train	test	train	test	valid
DB00860	C0007570	1	C06	train	train	train	train	train	train	train	train	train	test
DB00860	C0009324	1	C06	train	train	train	train	train	train	train	train	train	test
DB00860	C0009763	1	C11	train	test	train	train	train	train	train	train	train	train
DB00860	C0010043	1	C11	train	test	train	train	train	train	train	train	train	train
DB00860	C0010346	1	C06	train	train	train	train	train	train	train	train	train	test
DB00860	C0010930	1	C11	train	test	train	train	train	train	train	train	train	train
DB00860	C0011615	1	C17	valid	train	valid	train	train	valid	train	train	train	test
DB00860	C0011616	1	C17	valid	train	valid	train	train	valid	train	train	train	test
DB00860	C0013604	1	C23	valid	train	test	train	train	train	train	train	train	train
DB00860	C0014356	1	C06	train	train	train	train	train	train	train	train	train	test
DB00860	C0014742	1	C17	valid	train	valid	train	train	valid	train	train	train	test
DB00860	C0015230	1	C17	valid	train	valid	train	train	valid	train	train	train	test
DB00860	C0015397	1	C11	train	test	train	train	train	train	train	train	train	train
DB00860	C0019829	1	C04	train	train	train	valid	train	train	valid	train	train	train
DB00860	C0020517	1	C20	train	train	test	train	valid	train	train	train	train	train
DB00860	C0021390	1	C06	train	train	train	train	train	train	train	train	train	test
DB00860	C0021655	1	C18	train	train	train	train	train	test	train	test	valid	train
DB00860	C0022073	1	C11	train	test	train	train	train	train	train	train	train	train
DB00860	C0022568	1	C11	train	test	train	train	train	train	train	train	train	train
DB00860	C0023052	1	C08	train	train	train	train	train	train	train	test	train	train
DB00860	C0023418	1	C04	train	train	train	valid	train	train	valid	train	train	train
DB00860	C0023449	1	C15	train	train	train	valid	train	train	valid	train	train	train
DB00860	C0024138	1	C17	valid	train	valid	train	train	valid	train	train	train	test
DB00860	C0024141	1	C17	valid	train	valid	train	train	valid	train	train	train	test
DB00860	C0024299	1	C04	train	train	train	valid	train	train	valid	train	train	train
DB00860	C0024301	1	C04	train	train	train	valid	train	train	valid	train	train	train
DB00860	C0024305	1	C04	train	train	train	valid	train	train	valid	train	train	train
DB00860	C0026769	1	C10	train	train	train	train	train	train	test	train	test	valid
DB00860	C0026948	1	C04	train	train	train	valid	train	train	valid	train	train	train
DB00860	C0027726	1	C12	train	train	train	test	valid	train	train	train	train	train
DB00860	C0030807	1	C17	valid	train	valid	train	train	valid	train	train	train	test
DB00860	C0033860	1	C17	valid	train	valid	train	train	valid	train	train	train	test
DB00860	C0035854	1	C17	valid	train	valid	train	train	valid	train	train	train	test
DB00860	C0036202	1	C15	train	train	train	valid	train	train	valid	train	train	train
DB00860	C0036508	1	C17	valid	train	valid	train	train	valid	train	train	train	test
DB00860	C0038013	1	C05	train	valid	valid	train	train	test	train	train	train	train
DB00860	C0038325	1	C17	valid	train	valid	train	train	valid	train	train	train	test
DB00860	C0039103	1	C05	train	valid	valid	train	train	test	train	train	train	train
DB00860	C0039483	1	C14	test	test	train	train	test	train	train	valid	train	train
DB00860	C0040147	1	C19	train	train	test	test	train	train	train	train	train	train
DB00860	C0042164	1	C11	train	test	train	train	train	train	train	train	train	train
DB00860	C1260899	1	C15	train	train	train	valid	train	train	valid	train	train	train
DB00860	C1527336	1	C05	train	valid	valid	train	train	test	train	train	train	train
DB00861	C0003873	1	C05	train	valid	valid	train	train	test	train	train	train	train
DB00861	C0029408	1	C05	train	valid	valid	train	train	test	train	train	train	train
DB00861	C0030193	1	C23	valid	train	test	train	train	train	train	train	train	train
DB00861	C0150055	1	C23	valid	train	test	train	train	train	train	train	train	train
DB00862	C0242350	1	C12	train	train	train	test	valid	train	train	train	train	train
DB00863	C0013295	1	C06	train	train	train	train	train	train	train	train	train	test
DB00863	C0017168	1	C06	train	train	train	train	train	train	train	train	train	test
DB00863	C0018834	1	C23	valid	train	test	train	train	train	train	train	train	train
DB00863	C0030920	1	C06	train	train	train	train	train	train	train	train	train	test
DB00863	C0038358	1	C06	train	train	train	train	train	train	train	train	train	test
DB00863	C0041582	1	C23	valid	train	test	train	train	train	train	train	train	train
DB00863	C0043515	1	C06	train	train	train	train	train	train	train	train	train	test
DB00864	C0011603	1	C17	valid	train	valid	train	train	valid	train	train	train	test
DB00864	C0011615	1	C17	valid	train	valid	train	train	valid	train	train	train	test
DB00865	C0028754	1	C18	train	train	train	train	train	test	train	test	valid	train
DB00866	C0002962	1	C14	test	test	train	train	test	train	train	valid	train	train
DB00867	C0022876	1	C12	train	train	train	test	valid	train	train	train	train	train
DB00869	C0017601	1	C11	train	test	train	train	train	train	train	train	train	train
DB00869	C0017612	1	C11	train	test	train	train	train	train	train	train	train	train
DB00869	C0028840	1	C11	train	test	train	train	train	train	train	train	train	train
DB00871	C0004096	1	C08	train	train	train	train	train	train	train	test	train	train
DB00871	C0013238	1	C11	train	test	train	train	train	train	train	train	train	train
DB00871	C0020456	1	C18	train	train	train	train	train	test	train	test	valid	train
DB00871	C0022876	1	C12	train	train	train	test	valid	train	train	train	train	train
DB00871	C0033774	1	C17	valid	train	valid	train	train	valid	train	train	train	test
DB00871	C0034067	1	C23	valid	train	test	train	train	train	train	train	train	train
DB00872	C0001623	1	C19	train	train	test	test	train	train	train	train	train	train
DB00872	C0020625	1	C18	train	train	train	train	train	test	train	test	valid	train
DB00872	C0020676	1	C19	train	train	test	test	train	train	train	train	train	train
DB00872	C0021141	1	C10	train	train	train	train	train	train	test	train	test	valid
DB00873	C0009763	1	C11	train	test	train	train	train	train	train	train	train	train
DB00873	C0013604	1	C23	valid	train	test	train	train	train	train	train	train	train
DB00873	C0018621	1	C08	train	train	train	train	train	train	train	test	train	train
DB00873	C0020473	1	C18	train	train	train	train	train	test	train	test	valid	train
DB00873	C0022568	1	C11	train	test	train	train	train	train	train	train	train	train
DB00873	C0035854	1	C17	valid	train	valid	train	train	valid	train	train	train	test
DB00873	C0042164	1	C11	train	test	train	train	train	train	train	train	train	train
DB00875	C0036341	1	F03	train	train	train	train	train	train	valid	train	valid	train
DB00876	C0011881	1	C12	train	train	train	test	valid	train	train	train	train	train
DB00876	C0018802	1	C14	test	test	train	train	test	train	train	valid	train	train
DB00876	C0020538	1	C14	test	test	train	train	test	train	train	valid	train	train
DB00876	C0242698	1	C14	test	test	train	train	test	train	train	valid	train	train
DB00877	C0751674	1	C04	train	train	train	valid	train	train	valid	train	train	train
DB00880	C0013604	1	C23	valid	train	test	train	train	train	train	train	train	train
DB00880	C0018802	1	C14	test	test	train	train	test	train	train	valid	train	train
DB00880	C0020538	1	C14	test	test	train	train	test	train	train	valid	train	train
DB00880	C0027726	1	C12	train	train	train	test	valid	train	train	train	train	train
DB00881	C0002994	1	C14	test	test	train	train	test	train	train	valid	train	train
DB00881	C0018802	1	C14	test	test	train	train	test	train	train	valid	train	train
DB00881	C0020538	1	C14	test	test	train	train	test	train	train	valid	train	train
DB00882	C0003128	1	C12	train	train	train	test	valid	train	train	train	train	train
DB00882	C0021359	1	C12	train	train	train	test	valid	train	train	train	train	train
DB00882	C0021361	1	C12	train	train	train	test	valid	train	train	train	train	train
DB00882	C0021364	1	C12	train	train	train	test	valid	train	train	train	train	train
DB00882	C0032460	1	C12	train	train	train	test	valid	train	train	train	train	train
DB00883	C0002962	1	C14	test	test	train	train	test	train	train	valid	train	train
DB00883	C0037299	1	C17	valid	train	valid	train	train	valid	train	train	train	test
DB00883	C1956346	1	C14	test	test	train	train	test	train	train	valid	train	train
DB00884	C0029401	1	C05	train	valid	valid	train	train	test	train	train	train	train
DB00884	C0029456	1	C05	train	valid	valid	train	train	test	train	train	train	train
DB00884	C0029458	1	C05	train	valid	valid	train	train	test	train	train	train	train
DB00885	C0004096	1	C08	train	train	train	train	train	train	train	test	train	train
DB00885	C0018621	1	C08	train	train	train	train	train	train	train	test	train	train
DB00887	C0013604	1	C23	valid	train	test	train	train	train	train	train	train	train
DB00887	C0018802	1	C14	test	test	train	train	test	train	train	valid	train	train
DB00887	C0022660	1	C12	train	train	train	test	valid	train	train	train	train	train
DB00887	C0022661	1	C12	train	train	train	test	valid	train	train	train	train	train
DB00887	C0023890	1	C06	train	train	train	train	train	train	train	train	train	test
DB00887	C0027726	1	C12	train	train	train	test	valid	train	train	train	train	train
DB00887	C0034063	1	C08	train	train	train	train	train	train	train	test	train	train
DB00889	C0027497	1	C23	valid	train	test	train	train	train	train	train	train	train
DB00889	C0042963	1	C23	valid	train	test	train	train	train	train	train	train	train
DB00890	C1384606	1	C12	train	train	train	test	valid	train	train	train	train	train
DB00893	C0002871	1	C15	train	train	train	valid	train	train	valid	train	train	train
DB00894	C1458155	1	C04	train	train	train	valid	train	train	valid	train	train	train
DB00896	C0042164	1	C11	train	test	train	train	train	train	train	train	train	train
DB00897	C0021603	1	C10	train	train	train	train	train	train	test	train	test	valid
DB00897	C0917801	1	C10	train	train	train	train	train	train	test	train	test	valid
DB00898	C0040997	1	C07	train	test	valid	train	train	train	train	train	train	train
DB00898	C0150055	1	C23	valid	train	test	train	train	train	train	train	train	train
DB00902	C0002994	1	C14	test	test	train	train	test	train	train	valid	train	train
DB00902	C0013595	1	C17	valid	train	valid	train	train	valid	train	train	train	test
DB00902	C0020517	1	C20	train	train	test	train	valid	train	train	train	train	train
DB00902	C0033774	1	C17	valid	train	valid	train	train	valid	train	train	train	test
DB00902	C0035457	1	C08	train	train	train	train	train	train	train	test	train	train
DB00902	C0042109	1	C17	valid	train	valid	train	train	valid	train	train	train	test
DB00902	C0162820	1	C17	valid	train	valid	train	train	valid	train	train	train	test
DB00903	C0013604	1	C23	valid	train	test	train	train	train	train	train	train	train
DB00903	C0018802	1	C14	test	test	train	train	test	train	train	valid	train	train
DB00903	C0022660	1	C12	train	train	train	test	valid	train	train	train	train	train
DB00903	C0022661	1	C12	train	train	train	test	valid	train	train	train	train	train
DB00903	C0023890	1	C06	train	train	train	train	train	train	train	train	train	test
DB00903	C0027726	1	C12	train	train	train	test	valid	train	train	train	train	train
DB00903	C0034063	1	C08	train	train	train	train	train	train	train	test	train	train
DB00903	C0035078	1	C12	train	train	train	test	valid	train	train	train	train	train
DB00903	C0085605	1	C06	train	train	train	train	train	train	train	train	train	test
DB00904	C0027497	1	C23	valid	train	test	train	train	train	train	train	train	train
DB00904	C0042963	1	C23	valid	train	test	train	train	train	train	train	train	train
DB00905	C0028840	1	C11	train	test	train	train	train	train	train	train	train	train
DB00906	C0014544	1	C10	train	train	train	train	train	train	test	train	test	valid
DB00906	C0036572	1	C10	train	train	train	train	train	train	test	train	test	valid
DB00908	C0004238	1	C14	test	test	train	train	test	train	train	valid	train	train
DB00908	C0004239	1	C14	test	test	train	train	test	train	train	valid	train	train
DB00909	C0014544	1	C10	train	train	train	train	train	train	test	train	test	valid
DB00909	C0036572	1	C10	train	train	train	train	train	train	test	train	test	valid
DB00910	C0020502	1	C19	train	train	test	test	train	train	train	train	train	train
DB00910	C0020503	1	C19	train	train	test	test	train	train	train	train	train	train
DB00910	C0020550	1	C19	train	train	test	test	train	train	train	train	train	train
DB00912	C0011849	1	C18	train	train	train	train	train	test	train	test	valid	train
DB00912	C0011860	1	C18	train	train	train	train	train	test	train	test	valid	train
DB00912	C0020456	1	C18	train	train	train	train	train	test	train	test	valid	train
DB00914	C0011860	1	C18	train	train	train	train	train	test	train	test	valid	train
DB00914	C0020456	1	C18	train	train	train	train	train	test	train	test	valid	train
DB00915	C0013386	1	C10	train	train	train	train	train	train	test	train	test	valid
DB00915	C0015371	1	C10	train	train	train	train	train	train	test	train	test	valid
DB00915	C0242422	1	C10	train	train	train	train	train	train	test	train	test	valid
DB00916	C0006105	1	C01	train	train	train	train	train	train	train	train	train	train
DB00916	C0013295	1	C06	train	train	train	train	train	train	train	train	train	test
DB00916	C0017160	1	C06	train	train	train	train	train	train	train	train	train	test
DB00916	C0031154	1	C01	train	train	train	train	train	train	train	train	train	train
DB00916	C0035854	1	C17	valid	train	valid	train	train	valid	train	train	train	test
DB00917	C0000786	1	C12	train	train	train	test	valid	train	train	train	train	train
DB00917	C0042138	1	C12	train	train	train	test	valid	train	train	train	train	train
DB00918	C0149931	1	C10	train	train	train	train	train	train	test	train	test	valid
DB00921	C0150055	1	C23	valid	train	test	train	train	train	train	train	train	train
DB00922	C0003811	1	C14	test	test	train	train	test	train	train	valid	train	train
DB00922	C0018802	1	C14	test	test	train	train	test	train	train	valid	train	train
DB00924	C0026838	1	C05	train	valid	valid	train	train	test	train	train	train	train
DB00924	C0027121	1	C05	train	valid	valid	train	train	test	train	train	train	train
DB00924	C0037763	1	C10	train	train	train	train	train	train	test	train	test	valid
DB00925	C0005694	1	C12	train	train	train	test	valid	train	train	train	train	train
DB00925	C0020540	1	C14	test	test	train	train	test	train	train	valid	train	train
DB00925	C0031511	1	C04	train	train	train	valid	train	train	valid	train	train	train
DB00925	C0042024	1	C12	train	train	train	test	valid	train	train	train	train	train
DB00927	C0013295	1	C06	train	train	train	train	train	train	train	train	train	test
DB00927	C0017168	1	C06	train	train	train	train	train	train	train	train	train	test
DB00927	C0018834	1	C23	valid	train	test	train	train	train	train	train	train	train
DB00927	C0038358	1	C06	train	train	train	train	train	train	train	train	train	test
DB00927	C0041582	1	C23	valid	train	test	train	train	train	train	train	train	train
DB00927	C0042109	1	C17	valid	train	valid	train	train	valid	train	train	train	test
DB00927	C0043515	1	C06	train	train	train	train	train	train	train	train	train	test
DB00928	C0002871	1	C15	train	train	train	valid	train	train	valid	train	train	train
DB00928	C0002893	1	C15	train	train	train	valid	train	train	valid	train	train	train
DB00928	C0002894	1	C15	train	train	train	valid	train	train	valid	train	train	train
DB00928	C0023480	1	C15	train	train	train	valid	train	train	valid	train	train	train
DB00929	C0013295	1	C06	train	train	train	train	train	train	train	train	train	test
DB00929	C0017168	1	C06	train	train	train	train	train	train	train	train	train	test
DB00929	C0030920	1	C06	train	train	train	train	train	train	train	train	train	test
DB00929	C0038358	1	C06	train	train	train	train	train	train	train	train	train	test
DB00933	C0036341	1	F03	train	train	train	train	train	train	valid	train	valid	train
DB00934	C0011581	1	F03	train	train	train	train	train	train	valid	train	valid	train
DB00934	C0013295	1	C06	train	train	train	train	train	train	train	train	train	test
DB00934	C0013415	1	F03	train	train	train	train	train	train	valid	train	valid	train
DB00935	C0009763	1	C11	train	test	train	train	train	train	train	train	train	train
DB00935	C0035455	1	C08	train	train	train	train	train	train	train	test	train	train
DB00936	C0003862	1	C05	train	valid	valid	train	train	test	train	train	train	train
DB00936	C0003873	1	C05	train	valid	valid	train	train	test	train	train	train	train
DB00936	C0004604	1	C23	valid	train	test	train	train	train	train	train	train	train
DB00936	C0015967	1	C23	valid	train	test	train	train	train	train	train	train	train
DB00936	C0020757	1	C16	train	test	train	valid	train	valid	train	test	train	train
DB00936	C0022593	1	C17	valid	train	valid	train	train	valid	train	train	train	test
DB00936	C0027051	1	C14	test	test	train	train	test	train	train	valid	train	train
DB00936	C0029408	1	C05	train	valid	valid	train	train	test	train	train	train	train
DB00936	C0030193	1	C23	valid	train	test	train	train	train	train	train	train	train
DB00936	C0032027	1	C17	valid	train	valid	train	train	valid	train	train	train	test
DB00936	C0033860	1	C17	valid	train	valid	train	train	valid	train	train	train	test
DB00936	C0036508	1	C17	valid	train	valid	train	train	valid	train	train	train	test
DB00936	C0039103	1	C05	train	valid	valid	train	train	test	train	train	train	train
DB00936	C0149931	1	C10	train	train	train	train	train	train	test	train	test	valid
DB00936	C0702166	1	C17	valid	train	valid	train	train	valid	train	train	train	test
DB00937	C0028754	1	C18	train	train	train	train	train	test	train	test	valid	train
DB00938	C0004096	1	C08	train	train	train	train	train	train	train	test	train	train
DB00938	C0024117	1	C08	train	train	train	train	train	train	train	test	train	train
DB00938	C0034067	1	C23	valid	train	test	train	train	train	train	train	train	train
DB00939	C0003862	1	C05	train	valid	valid	train	train	test	train	train	train	train
DB00939	C0003864	1	C05	train	valid	valid	train	train	test	train	train	train	train
DB00939	C0003873	1	C05	train	valid	valid	train	train	test	train	train	train	train
DB00939	C0013390	1	C23	valid	train	test	train	train	train	train	train	train	train
DB00939	C0025323	1	C12	train	train	train	test	valid	train	train	train	train	train
DB00939	C0029408	1	C05	train	valid	valid	train	train	test	train	train	train	train
DB00939	C0030193	1	C23	valid	train	test	train	train	train	train	train	train	train
DB00939	C0231528	1	C05	train	valid	valid	train	train	test	train	train	train	train
DB00940	C0005697	1	C12	train	train	train	test	valid	train	train	train	train	train
DB00940	C0017152	1	C06	train	train	train	train	train	train	train	train	train	test
DB00940	C0022104	1	C06	train	train	train	train	train	train	train	train	train	test
DB00940	C0030305	1	C06	train	train	train	train	train	train	train	train	train	test
DB00940	C0030920	1	C06	train	train	train	train	train	train	train	train	train	test
DB00940	C0038358	1	C06	train	train	train	train	train	train	train	train	train	test
DB00940	C0042024	1	C12	train	train	train	test	valid	train	train	train	train	train
DB00942	C0030567	1	C10	train	train	train	train	train	train	test	train	test	valid
DB00944	C0017601	1	C11	train	test	train	train	train	train	train	train	train	train
DB00945	C0002965	1	C14	test	test	train	train	test	train	train	valid	train	train
DB00945	C0003862	1	C05	train	valid	valid	train	train	test	train	train	train	train
DB00945	C0003864	1	C05	train	valid	valid	train	train	test	train	train	train	train
DB00945	C0003873	1	C05	train	valid	valid	train	train	test	train	train	train	train
DB00945	C0004604	1	C23	valid	train	test	train	train	train	train	train	train	train
DB00945	C0013390	1	C23	valid	train	test	train	train	train	train	train	train	train
DB00945	C0015967	1	C23	valid	train	test	train	train	train	train	train	train	train
DB00945	C0018099	1	C05	train	valid	valid	train	train	test	train	train	train	train
DB00945	C0018681	1	C23	valid	train	test	train	train	train	train	train	train	train
DB00945	C0021308	1	C23	valid	train	test	train	train	train	train	train	train	train
DB00945	C0024141	1	C17	valid	train	valid	train	train	valid	train	train	train	test
DB00945	C0027051	1	C14	test	test	train	train	test	train	train	valid	train	train
DB00945	C0029408	1	C05	train	valid	valid	train	train	test	train	train	train	train
DB00945	C0030193	1	C23	valid	train	test	train	train	train	train	train	train	train
DB00945	C0038013	1	C05	train	valid	valid	train	train	test	train	train	train	train
DB00945	C0040053	1	C14	test	test	train	train	test	train	train	valid	train	train
DB00945	C0149931	1	C10	train	train	train	train	train	train	test	train	test	valid
DB00945	C0231528	1	C05	train	valid	valid	train	train	test	train	train	train	train
DB00946	C0004238	1	C14	test	test	train	train	test	train	train	valid	train	train
DB00946	C0027051	1	C14	test	test	train	train	test	train	train	valid	train	train
DB00946	C0034065	1	C08	train	train	train	train	train	train	train	test	train	train
DB00946	C0040038	1	C14	test	test	train	train	test	train	train	valid	train	train
DB00946	C0040053	1	C14	test	test	train	train	test	train	train	valid	train	train
DB00946	C0042487	1	C14	test	test	train	train	test	train	train	valid	train	train
DB00946	C0948008	1	C10	train	train	train	train	train	train	test	train	test	valid
DB00947	C0006142	1	C04	train	train	train	valid	train	train	valid	train	train	train
DB00947	C1458155	1	C04	train	train	train	valid	train	train	valid	train	train	train
DB00949	C0002874	1	C15	train	train	train	valid	train	train	valid	train	train	train
DB00949	C0014544	1	C10	train	train	train	train	train	train	test	train	test	valid
DB00949	C0085417	1	C10	train	train	train	train	train	train	test	train	test	valid
DB00949	C0085605	1	C06	train	train	train	train	train	train	train	train	train	test
DB00949	C0234974	1	C10	train	train	train	train	train	train	test	train	test	valid
DB00950	C0018621	1	C08	train	train	train	train	train	train	train	test	train	train
DB00950	C0020517	1	C20	train	train	test	train	valid	train	train	train	train	train
DB00950	C0035457	1	C08	train	train	train	train	train	train	train	test	train	train
DB00951	C0020473	1	C18	train	train	train	train	train	test	train	test	valid	train
DB00951	C0041296	1	C01	train	train	train	train	train	train	train	train	train	train
DB00952	C0149931	1	C10	train	train	train	train	train	train	test	train	test	valid
DB00953	C0149931	1	C10	train	train	train	train	train	train	test	train	test	valid
DB00956	C0030193	1	C23	valid	train	test	train	train	train	train	train	train	train
DB00956	C0035455	1	C08	train	train	train	train	train	train	train	test	train	train
DB00957	C0002453	1	C23	valid	train	test	train	train	train	train	train	train	train
DB00957	C0021361	1	C12	train	train	train	test	valid	train	train	train	train	train
DB00959	C0001403	1	C19	train	train	test	test	train	train	train	train	train	train
DB00959	C0001627	1	C12	train	train	train	test	valid	train	train	train	train	train
DB00959	C0002871	1	C15	train	train	train	valid	train	train	valid	train	train	train
DB00959	C0002875	1	C15	train	train	train	valid	train	train	valid	train	train	train
DB00959	C0002880	1	C15	train	train	train	valid	train	train	valid	train	train	train
DB00959	C0002994	1	C14	test	test	train	train	test	train	train	valid	train	train
DB00959	C0003868	1	C05	train	valid	valid	train	train	test	train	train	train	train
DB00959	C0003872	1	C05	train	valid	valid	train	train	test	train	train	train	train
DB00959	C0003873	1	C05	train	valid	valid	train	train	test	train	train	train	train
DB00959	C0004096	1	C08	train	train	train	train	train	train	train	test	train	train
DB00959	C0005138	1	C08	train	train	train	train	train	train	train	test	train	train
DB00959	C0006114	1	C10	train	train	train	train	train	train	test	train	test	valid
DB00959	C0009324	1	C06	train	train	train	train	train	train	train	train	train	test
DB00959	C0010346	1	C06	train	train	train	train	train	train	train	train	train	test
DB00959	C0011606	1	C17	valid	train	valid	train	train	valid	train	train	train	test
DB00959	C0011615	1	C17	valid	train	valid	train	train	valid	train	train	train	test
DB00959	C0011616	1	C17	valid	train	valid	train	train	valid	train	train	train	test
DB00959	C0014335	1	C06	train	train	train	train	train	train	train	train	train	test
DB00959	C0014742	1	C17	valid	train	valid	train	train	valid	train	train	train	test
DB00959	C0015230	1	C17	valid	train	valid	train	train	valid	train	train	train	test
DB00959	C0015397	1	C11	train	test	train	train	train	train	train	train	train	train
DB00959	C0018621	1	C08	train	train	train	train	train	train	train	test	train	train
DB00959	C0019829	1	C04	train	train	train	valid	train	train	valid	train	train	train
DB00959	C0020517	1	C20	train	train	test	train	valid	train	train	train	train	train
DB00959	C0021390	1	C06	train	train	train	train	train	train	train	train	train	test
DB00959	C0023052	1	C08	train	train	train	train	train	train	train	test	train	train
DB00959	C0023449	1	C15	train	train	train	valid	train	train	valid	train	train	train
DB00959	C0024138	1	C17	valid	train	valid	train	train	valid	train	train	train	test
DB00959	C0024141	1	C17	valid	train	valid	train	train	valid	train	train	train	test
DB00959	C0024301	1	C04	train	train	train	valid	train	train	valid	train	train	train
DB00959	C0024305	1	C04	train	train	train	valid	train	train	valid	train	train	train
DB00959	C0026769	1	C10	train	train	train	train	train	train	test	train	test	valid
DB00959	C0026948	1	C04	train	train	train	valid	train	train	valid	train	train	train
DB00959	C0027726	1	C12	train	train	train	test	valid	train	train	train	train	train
DB00959	C0029408	1	C05	train	valid	valid	train	train	test	train	train	train	train
DB00959	C0030807	1	C17	valid	train	valid	train	train	valid	train	train	train	test
DB00959	C0033860	1	C17	valid	train	valid	train	train	valid	train	train	train	test
DB00959	C0035457	1	C08	train	train	train	train	train	train	train	test	train	train
DB00959	C0036202	1	C15	train	train	train	valid	train	train	valid	train	train	train
DB00959	C0036508	1	C17	valid	train	valid	train	train	valid	train	train	train	test
DB00959	C0036830	1	C17	valid	train	valid	train	train	valid	train	train	train	test
DB00959	C0037274	1	C17	valid	train	valid	train	train	valid	train	train	train	test
DB00959	C0038013	1	C05	train	valid	valid	train	train	test	train	train	train	train
DB00959	C0039103	1	C05	train	valid	valid	train	train	test	train	train	train	train
DB00959	C0040147	1	C19	train	train	test	test	train	train	train	train	train	train
DB00959	C0405580	1	C19	train	train	test	test	train	train	train	train	train	train
DB00959	C0702166	1	C17	valid	train	valid	train	train	valid	train	train	train	test
DB00959	C1260899	1	C15	train	train	train	valid	train	train	valid	train	train	train
DB00960	C0004238	1	C14	test	test	train	train	test	train	train	valid	train	train
DB00960	C0013604	1	C23	valid	train	test	train	train	train	train	train	train	train
DB00960	C0017601	1	C11	train	test	train	train	train	train	train	train	train	train
DB00960	C0020538	1	C14	test	test	train	train	test	train	train	valid	train	train
DB00960	C0027051	1	C14	test	test	train	train	test	train	train	valid	train	train
DB00960	C0042514	1	C14	test	test	train	train	test	train	train	valid	train	train
DB00962	C0021603	1	C10	train	train	train	train	train	train	test	train	test	valid
DB00962	C0917801	1	C10	train	train	train	train	train	train	test	train	test	valid
DB00963	C0030193	1	C23	valid	train	test	train	train	train	train	train	train	train
DB00964	C0017601	1	C11	train	test	train	train	train	train	train	train	train	train
DB00964	C0017612	1	C11	train	test	train	train	train	train	train	train	train	train
DB00966	C0011881	1	C12	train	train	train	test	valid	train	train	train	train	train
DB00966	C0018802	1	C14	test	test	train	train	test	train	train	valid	train	train
DB00966	C0020538	1	C14	test	test	train	train	test	train	train	valid	train	train
DB00966	C0038454	1	C10	train	train	train	train	train	train	test	train	test	valid
DB00966	C0242698	1	C14	test	test	train	train	test	train	train	valid	train	train
DB00967	C0018621	1	C08	train	train	train	train	train	train	train	test	train	train
DB00967	C0020517	1	C20	train	train	test	train	valid	train	train	train	train	train
DB00967	C0035457	1	C08	train	train	train	train	train	train	train	test	train	train
DB00967	C0042109	1	C17	valid	train	valid	train	train	valid	train	train	train	test
DB00968	C0020538	1	C14	test	test	train	train	test	train	train	valid	train	train
DB00969	C0022104	1	C06	train	train	train	train	train	train	train	train	train	test
DB00970	C0025202	1	C04	train	train	train	valid	train	train	valid	train	train	train
DB00970	C0027708	1	C12	train	train	train	test	valid	train	train	train	train	train
DB00970	C0027819	1	C04	train	train	train	valid	train	train	valid	train	train	train
DB00970	C0035335	1	C04	train	train	train	valid	train	train	valid	train	train	train
DB00970	C0035412	1	C04	train	train	train	valid	train	train	valid	train	train	train
DB00970	C0036220	1	C04	train	train	train	valid	train	train	valid	train	train	train
DB00970	C0039590	1	C12	train	train	train	test	valid	train	train	train	train	train
DB00970	C0042138	1	C12	train	train	train	test	valid	train	train	train	train	train
DB00970	C0553580	1	C04	train	train	train	valid	train	train	valid	train	train	train
DB00972	C0004096	1	C08	train	train	train	train	train	train	train	test	train	train
DB00972	C0018621	1	C08	train	train	train	train	train	train	train	test	train	train
DB00972	C0020517	1	C20	train	train	test	train	valid	train	train	train	train	train
DB00972	C0035457	1	C08	train	train	train	train	train	train	train	test	train	train
DB00973	C0020443	1	C18	train	train	train	train	train	test	train	test	valid	train
DB00973	C0020474	1	C18	train	train	train	train	train	test	train	test	valid	train
DB00973	C0342881	1	C18	train	train	train	train	train	test	train	test	valid	train
DB00975	C0004238	1	C14	test	test	train	train	test	train	train	valid	train	train
DB00975	C0040053	1	C14	test	test	train	train	test	train	train	valid	train	train
DB00975	C1704436	1	C14	test	test	train	train	test	train	train	valid	train	train
DB00975	C1956346	1	C14	test	test	train	train	test	train	train	valid	train	train
DB00976	C0006271	1	C08	train	train	train	train	train	train	train	test	train	train
DB00976	C0032285	1	C08	train	train	train	train	train	train	train	test	train	train
DB00976	C0155862	1	C01	train	train	train	train	train	train	train	train	train	train
DB00977	C0006142	1	C04	train	train	train	valid	train	train	valid	train	train	train
DB00977	C0020619	1	C19	train	train	test	test	train	train	train	train	train	train
DB00977	C0025322	1	C12	train	train	train	test	valid	train	train	train	train	train
DB00977	C0025323	1	C12	train	train	train	test	valid	train	train	train	train	train
DB00977	C0029456	1	C05	train	valid	valid	train	train	test	train	train	train	train
DB00977	C0033578	1	C12	train	train	train	test	valid	train	train	train	train	train
DB00977	C0085215	1	C12	train	train	train	test	valid	train	train	train	train	train
DB00977	C0702166	1	C17	valid	train	valid	train	train	valid	train	train	train	test
DB00977	C1458155	1	C04	train	train	train	valid	train	train	valid	train	train	train
DB00978	C0041296	1	C01	train	train	train	train	train	train	train	train	train	train
DB00978	C0042029	1	C12	train	train	train	test	valid	train	train	train	train	train
DB00981	C0002395	1	C10	train	train	train	train	train	train	test	train	test	valid
DB00981	C0017601	1	C11	train	test	train	train	train	train	train	train	train	train
DB00981	C0017612	1	C11	train	test	train	train	train	train	train	train	train	train
DB00981	C0020649	1	C14	test	test	train	train	test	train	train	valid	train	train
DB00981	C0152020	1	C06	train	train	train	train	train	train	train	train	train	test
DB00982	C0020538	1	C14	test	test	train	train	test	train	train	valid	train	train
DB00982	C0023418	1	C04	train	train	train	valid	train	train	valid	train	train	train
DB00982	C0027819	1	C04	train	train	train	valid	train	train	valid	train	train	train
DB00982	C0702166	1	C17	valid	train	valid	train	train	valid	train	train	train	test
DB00983	C0004096	1	C08	train	train	train	train	train	train	train	test	train	train
DB00983	C0024117	1	C08	train	train	train	train	train	train	train	test	train	train
DB00984	C0002893	1	C15	train	train	train	valid	train	train	valid	train	train	train
DB00984	C0272375	1	C15	train	train	train	valid	train	train	valid	train	train	train
DB00984	C0678222	1	C04	train	train	train	valid	train	train	valid	train	train	train
DB00985	C0027497	1	C23	valid	train	test	train	train	train	train	train	train	train
DB00985	C0042571	1	C09	train	train	train	train	test	train	train	train	train	train
DB00985	C0042963	1	C23	valid	train	test	train	train	train	train	train	train	train
DB00986	C0024117	1	C08	train	train	train	train	train	train	train	test	train	train
DB00986	C0030920	1	C06	train	train	train	train	train	train	train	train	train	test
DB00986	C0037036	1	C07	train	test	valid	train	train	train	train	train	train	train
DB00987	C0023434	1	C15	train	train	train	valid	train	train	valid	train	train	train
DB00987	C0023449	1	C15	train	train	train	valid	train	train	valid	train	train	train
DB00987	C0023487	1	C04	train	train	train	valid	train	train	valid	train	train	train
DB00987	C0024299	1	C04	train	train	train	valid	train	train	valid	train	train	train
DB00988	C0018681	1	C23	valid	train	test	train	train	train	train	train	train	train
DB00988	C0018794	1	C14	test	test	train	train	test	train	train	valid	train	train
DB00988	C0018802	1	C14	test	test	train	train	test	train	train	valid	train	train
DB00988	C0020649	1	C14	test	test	train	train	test	train	train	valid	train	train
DB00988	C0027051	1	C14	test	test	train	train	test	train	train	valid	train	train
DB00988	C0030567	1	C10	train	train	train	train	train	train	test	train	test	valid
DB00988	C0035078	1	C12	train	train	train	test	valid	train	train	train	train	train
DB00988	C0036690	1	C01	train	train	train	train	train	train	train	train	train	train
DB00988	C0040822	1	C10	train	train	train	train	train	train	test	train	test	valid
DB00988	C0242422	1	C10	train	train	train	train	train	train	test	train	test	valid
DB00988	C0428977	1	C14	test	test	train	train	test	train	train	valid	train	train
DB00989	C0002395	1	C10	train	train	train	train	train	train	test	train	test	valid
DB00989	C0030567	1	C10	train	train	train	train	train	train	test	train	test	valid
DB00990	C1458155	1	C04	train	train	train	valid	train	train	valid	train	train	train
DB00991	C0003873	1	C05	train	valid	valid	train	train	test	train	train	train	train
DB00991	C0029408	1	C05	train	valid	valid	train	train	test	train	train	train	train
DB00993	C0003873	1	C05	train	valid	valid	train	train	test	train	train	train	train
DB00993	C0009319	1	C06	train	train	train	train	train	train	train	train	train	test
DB00993	C0009324	1	C06	train	train	train	train	train	train	train	train	train	test
DB00993	C0010346	1	C06	train	train	train	train	train	train	train	train	train	test
DB00993	C0024141	1	C17	valid	train	valid	train	train	valid	train	train	train	test
DB00993	C0026769	1	C10	train	train	train	train	train	train	test	train	test	valid
DB00994	C0014356	1	C06	train	train	train	train	train	train	train	train	train	test
DB00994	C0019151	1	C06	train	train	train	train	train	train	train	train	train	test
DB00994	C0022568	1	C11	train	test	train	train	train	train	train	train	train	train
DB00994	C0042029	1	C12	train	train	train	test	valid	train	train	train	train	train
DB00994	C0042164	1	C11	train	test	train	train	train	train	train	train	train	train
DB00995	C0003864	1	C05	train	valid	valid	train	train	test	train	train	train	train
DB00995	C0003872	1	C05	train	valid	valid	train	train	test	train	train	train	train
DB00995	C0003873	1	C05	train	valid	valid	train	train	test	train	train	train	train
DB00995	C0030807	1	C17	valid	train	valid	train	train	valid	train	train	train	test
DB00996	C0014544	1	C10	train	train	train	train	train	train	test	train	test	valid
DB00996	C0030567	1	C10	train	train	train	train	train	train	test	train	test	valid
DB00996	C0035258	1	C10	train	train	train	train	train	train	test	train	test	valid
DB00997	C0005695	1	C12	train	train	train	test	valid	train	train	train	train	train
DB00997	C0006413	1	C01	train	train	train	train	train	train	train	train	train	train
DB00997	C0019829	1	C04	train	train	train	valid	train	train	valid	train	train	train
DB00997	C0023449	1	C15	train	train	train	valid	train	train	valid	train	train	train
DB00997	C0023467	1	C04	train	train	train	valid	train	train	valid	train	train	train
DB00997	C0024301	1	C04	train	train	train	valid	train	train	valid	train	train	train
DB00997	C0024305	1	C04	train	train	train	valid	train	train	valid	train	train	train
DB00997	C0026764	1	C15	train	train	train	valid	train	train	valid	train	train	train
DB00997	C0027708	1	C12	train	train	train	test	valid	train	train	train	train	train
DB00997	C0027819	1	C04	train	train	train	valid	train	train	valid	train	train	train
DB00997	C0036220	1	C04	train	train	train	valid	train	train	valid	train	train	train
DB00997	C0079744	1	C04	train	train	train	valid	train	train	valid	train	train	train
DB00997	C0149925	1	C08	train	train	train	train	train	train	train	test	train	train
DB00997	C0678222	1	C04	train	train	train	valid	train	train	valid	train	train	train
DB00997	C0919267	1	C12	train	train	train	test	valid	train	train	train	train	train
DB00997	C1458155	1	C04	train	train	train	valid	train	train	valid	train	train	train
DB00999	C0018802	1	C14	test	test	train	train	test	train	train	valid	train	train
DB00999	C0020538	1	C14	test	test	train	train	test	train	train	valid	train	train
DB00999	C0027726	1	C12	train	train	train	test	valid	train	train	train	train	train
DB01001	C0004096	1	C08	train	train	train	train	train	train	train	test	train	train
DB01001	C0008677	1	C08	train	train	train	train	train	train	train	test	train	train
DB01001	C0022876	1	C12	train	train	train	test	valid	train	train	train	train	train
DB01001	C0024117	1	C08	train	train	train	train	train	train	train	test	train	train
DB01003	C0004096	1	C08	train	train	train	train	train	train	train	test	train	train
DB01003	C0009324	1	C06	train	train	train	train	train	train	train	train	train	test
DB01003	C0009763	1	C11	train	test	train	train	train	train	train	train	train	train
DB01003	C0011603	1	C17	valid	train	valid	train	train	valid	train	train	train	test
DB01003	C0014356	1	C06	train	train	train	train	train	train	train	train	train	test
DB01003	C0016470	1	C20	train	train	test	train	valid	train	train	train	train	train
DB01003	C0022568	1	C11	train	test	train	train	train	train	train	train	train	train
DB01003	C0024899	1	C04	train	train	train	valid	train	train	valid	train	train	train
DB01003	C0035457	1	C08	train	train	train	train	train	train	train	test	train	train
DB01003	C0042109	1	C17	valid	train	valid	train	train	valid	train	train	train	test
DB01003	C0221013	1	C04	train	train	train	valid	train	train	valid	train	train	train
DB01005	C0002895	1	C15	train	train	train	valid	train	train	valid	train	train	train
DB01005	C0007131	1	C08	train	train	train	train	train	train	train	test	train	train
DB01005	C0007134	1	C12	train	train	train	test	valid	train	train	train	train	train
DB01005	C0018671	1	C04	train	train	train	valid	train	train	valid	train	train	train
DB01005	C0023518	1	C15	train	train	train	valid	train	train	valid	train	train	train
DB01005	C0025202	1	C04	train	train	train	valid	train	train	valid	train	train	train
DB01005	C0032463	1	C15	train	train	train	valid	train	train	valid	train	train	train
DB01005	C0033578	1	C12	train	train	train	test	valid	train	train	train	train	train
DB01005	C0033860	1	C17	valid	train	valid	train	train	valid	train	train	train	test
DB01005	C0040028	1	C15	train	train	train	valid	train	train	valid	train	train	train
DB01005	C0042138	1	C12	train	train	train	test	valid	train	train	train	train	train
DB01005	C0278996	1	C04	train	train	train	valid	train	train	valid	train	train	train
DB01005	C0919267	1	C12	train	train	train	test	valid	train	train	train	train	train
DB01005	C1140680	1	C12	train	train	train	test	valid	train	train	train	train	train
DB01005	C1540912	1	C15	train	train	train	valid	train	train	valid	train	train	train
DB01006	C0006142	1	C04	train	train	train	valid	train	train	valid	train	train	train
DB01006	C1458155	1	C04	train	train	train	valid	train	train	valid	train	train	train
DB01009	C0003873	1	C05	train	valid	valid	train	train	test	train	train	train	train
DB01009	C0013390	1	C23	valid	train	test	train	train	train	train	train	train	train
DB01009	C0029408	1	C05	train	valid	valid	train	train	test	train	train	train	train
DB01009	C0030193	1	C23	valid	train	test	train	train	train	train	train	train	train
DB01009	C0038013	1	C05	train	valid	valid	train	train	test	train	train	train	train
DB01010	C0026896	1	C10	train	train	train	train	train	train	test	train	test	valid
DB01011	C0010481	1	C19	train	train	test	test	train	train	train	train	train	train
DB01012	C0020437	1	C18	train	train	train	train	train	test	train	test	valid	train
DB01012	C0020502	1	C19	train	train	test	test	train	train	train	train	train	train
DB01012	C0020503	1	C19	train	train	test	test	train	train	train	train	train	train
DB01012	C1561643	1	C12	train	train	train	test	valid	train	train	train	train	train
DB01013	C0011616	1	C17	valid	train	valid	train	train	valid	train	train	train	test
DB01013	C0033860	1	C17	valid	train	valid	train	train	valid	train	train	train	test
DB01013	C0036508	1	C17	valid	train	valid	train	train	valid	train	train	train	test
DB01014	C0009324	1	C06	train	train	train	train	train	train	train	train	train	test
DB01014	C0014356	1	C06	train	train	train	train	train	train	train	train	train	test
DB01014	C0041582	1	C23	valid	train	test	train	train	train	train	train	train	train
DB01015	C0014335	1	C06	train	train	train	train	train	train	train	train	train	test
DB01015	C0029882	1	C09	train	train	train	train	test	train	train	train	train	train
DB01015	C0032285	1	C08	train	train	train	train	train	train	train	test	train	train
DB01015	C0033581	1	C12	train	train	train	test	valid	train	train	train	train	train
DB01016	C0003811	1	C14	test	test	train	train	test	train	train	valid	train	train
DB01016	C0011849	1	C18	train	train	train	train	train	test	train	test	valid	train
DB01016	C0020456	1	C18	train	train	train	train	train	test	train	test	valid	train
DB01017	C0009763	1	C11	train	test	train	train	train	train	train	train	train	train
DB01017	C0015967	1	C23	valid	train	test	train	train	train	train	train	train	train
DB01017	C0031099	1	C07	train	test	valid	train	train	train	train	train	train	train
DB01017	C0042029	1	C12	train	train	train	test	valid	train	train	train	train	train
DB01018	C0020538	1	C14	test	test	train	train	test	train	train	valid	train	train
DB01019	C0017168	1	C06	train	train	train	train	train	train	train	train	train	test
DB01019	C0080274	1	C12	train	train	train	test	valid	train	train	train	train	train
DB01020	C0002962	1	C14	test	test	train	train	test	train	train	valid	train	train
DB01020	C0027051	1	C14	test	test	train	train	test	train	train	valid	train	train
DB01020	C1956346	1	C14	test	test	train	train	test	train	train	valid	train	train
DB01021	C0013604	1	C23	valid	train	test	train	train	train	train	train	train	train
DB01021	C0018801	1	C14	test	test	train	train	test	train	train	valid	train	train
DB01021	C0018802	1	C14	test	test	train	train	test	train	train	valid	train	train
DB01021	C0020538	1	C14	test	test	train	train	test	train	train	valid	train	train
DB01021	C0027726	1	C12	train	train	train	test	valid	train	train	train	train	train
DB01022	C0019080	1	C23	valid	train	test	train	train	train	train	train	train	train
DB01022	C0019087	1	C15	train	train	train	valid	train	train	valid	train	train	train
DB01022	C0020598	1	C18	train	train	train	train	train	test	train	test	valid	train
DB01022	C0029456	1	C05	train	valid	valid	train	train	test	train	train	train	train
DB01022	C0042880	1	C15	train	train	train	valid	train	train	valid	train	train	train
DB01023	C0003811	1	C14	test	test	train	train	test	train	train	valid	train	train
DB01023	C0020538	1	C14	test	test	train	train	test	train	train	valid	train	train
DB01023	C0085580	1	C14	test	test	train	train	test	train	train	valid	train	train
DB01024	C0033860	1	C17	valid	train	valid	train	train	valid	train	train	train	test
DB01025	C0004096	1	C08	train	train	train	train	train	train	train	test	train	train
DB01025	C0009763	1	C11	train	test	train	train	train	train	train	train	train	train
DB01025	C0020517	1	C20	train	train	test	train	valid	train	train	train	train	train
DB01025	C0038363	1	C07	train	test	valid	train	train	train	train	train	train	train
DB01025	C0041582	1	C23	valid	train	test	train	train	train	train	train	train	train
DB01026	C0036508	1	C17	valid	train	valid	train	train	valid	train	train	train	test
DB01029	C0011860	1	C18	train	train	train	train	train	test	train	test	valid	train
DB01029	C0011881	1	C12	train	train	train	test	valid	train	train	train	train	train
DB01029	C0018802	1	C14	test	test	train	train	test	train	train	valid	train	train
DB01029	C0020538	1	C14	test	test	train	train	test	train	train	valid	train	train
DB01029	C0242698	1	C14	test	test	train	train	test	train	train	valid	train	train
DB01030	C0007131	1	C08	train	train	train	train	train	train	train	test	train	train
DB01030	C0149925	1	C08	train	train	train	train	train	train	train	test	train	train
DB01030	C0262584	1	C04	train	train	train	valid	train	train	valid	train	train	train
DB01030	C0919267	1	C12	train	train	train	test	valid	train	train	train	train	train
DB01030	C1140680	1	C12	train	train	train	test	valid	train	train	train	train	train
DB01030	C4048328	1	C12	train	train	train	test	valid	train	train	train	train	train
DB01031	C0021603	1	C10	train	train	train	train	train	train	test	train	test	valid
DB01031	C0917801	1	C10	train	train	train	train	train	train	test	train	test	valid
DB01032	C0003868	1	C05	train	valid	valid	train	train	test	train	train	train	train
DB01032	C0018099	1	C05	train	valid	valid	train	train	test	train	train	train	train
DB01032	C0740394	1	C23	valid	train	test	train	train	train	train	train	train	train
DB01033	C0023434	1	C15	train	train	train	valid	train	train	valid	train	train	train
DB01033	C0023449	1	C15	train	train	train	valid	train	train	valid	train	train	train
DB01033	C0023487	1	C04	train	train	train	valid	train	train	valid	train	train	train
DB01033	C0024305	1	C04	train	train	train	valid	train	train	valid	train	train	train
DB01034	C0020473	1	C18	train	train	train	train	train	test	train	test	valid	train
DB01035	C0003811	1	C14	test	test	train	train	test	train	train	valid	train	train
DB01035	C0004238	1	C14	test	test	train	train	test	train	train	valid	train	train
DB01035	C0004239	1	C14	test	test	train	train	test	train	train	valid	train	train
DB01035	C0039240	1	C14	test	test	train	train	test	train	train	valid	train	train
DB01035	C0151636	1	C14	test	test	train	train	test	train	train	valid	train	train
DB01036	C0042024	1	C12	train	train	train	test	valid	train	train	train	train	train
DB01036	C0878773	1	C12	train	train	train	test	valid	train	train	train	train	train
DB01037	C0030567	1	C10	train	train	train	train	train	train	test	train	test	valid
DB01037	C1269683	1	F03	train	train	train	train	train	train	valid	train	valid	train
DB01039	C0020443	1	C18	train	train	train	train	train	test	train	test	valid	train
DB01039	C0020473	1	C18	train	train	train	train	train	test	train	test	valid	train
DB01039	C0020474	1	C18	train	train	train	train	train	test	train	test	valid	train
DB01039	C0020476	1	C18	train	train	train	train	train	test	train	test	valid	train
DB01039	C0020557	1	C18	train	train	train	train	train	test	train	test	valid	train
DB01039	C0473527	1	C18	train	train	train	train	train	test	train	test	valid	train
DB01041	C0003873	1	C05	train	valid	valid	train	train	test	train	train	train	train
DB01041	C0004943	1	C17	valid	train	valid	train	train	valid	train	train	train	test
DB01041	C0007134	1	C12	train	train	train	test	valid	train	train	train	train	train
DB01041	C0010346	1	C06	train	train	train	train	train	train	train	train	train	test
DB01041	C0014742	1	C17	valid	train	valid	train	train	valid	train	train	train	test
DB01041	C0014743	1	C17	valid	train	valid	train	train	valid	train	train	train	test
DB01041	C0024138	1	C17	valid	train	valid	train	train	valid	train	train	train	test
DB01041	C0024419	1	C15	train	train	train	valid	train	train	valid	train	train	train
DB01041	C0026764	1	C15	train	train	train	valid	train	train	valid	train	train	train
DB01041	C0038363	1	C07	train	test	valid	train	train	train	train	train	train	train
DB01043	C0002395	1	C10	train	train	train	train	train	train	test	train	test	valid
DB01045	C0025289	1	C10	train	train	train	train	train	train	test	train	test	valid
DB01045	C0041296	1	C01	train	train	train	train	train	train	train	train	train	train
DB01046	C0022104	1	C06	train	train	train	train	train	train	train	train	train	test
DB01047	C0011616	1	C17	valid	train	valid	train	train	valid	train	train	train	test
DB01047	C0013595	1	C17	valid	train	valid	train	train	valid	train	train	train	test
DB01047	C0015230	1	C17	valid	train	valid	train	train	valid	train	train	train	test
DB01047	C0020517	1	C20	train	train	test	train	valid	train	train	train	train	train
DB01047	C0024138	1	C17	valid	train	valid	train	train	valid	train	train	train	test
DB01047	C0036508	1	C17	valid	train	valid	train	train	valid	train	train	train	test
DB01049	C0497327	1	C10	train	train	train	train	train	train	test	train	test	valid
DB01050	C0003872	1	C05	train	valid	valid	train	train	test	train	train	train	train
DB01050	C0003873	1	C05	train	valid	valid	train	train	test	train	train	train	train
DB01050	C0013390	1	C23	valid	train	test	train	train	train	train	train	train	train
DB01050	C0018099	1	C05	train	valid	valid	train	train	test	train	train	train	train
DB01050	C0018681	1	C23	valid	train	test	train	train	train	train	train	train	train
DB01050	C0025323	1	C12	train	train	train	test	valid	train	train	train	train	train
DB01050	C0029408	1	C05	train	valid	valid	train	train	test	train	train	train	train
DB01050	C0030193	1	C23	valid	train	test	train	train	train	train	train	train	train
DB01050	C0149931	1	C10	train	train	train	train	train	train	test	train	test	valid
DB01050	C0231528	1	C05	train	valid	valid	train	train	test	train	train	train	train
DB01053	C0014121	1	C01	train	train	train	train	train	train	train	train	train	train
DB01053	C0014733	1	C01	train	train	train	train	train	train	train	train	train	train
DB01053	C0025289	1	C10	train	train	train	train	train	train	test	train	test	valid
DB01053	C0032285	1	C08	train	train	train	train	train	train	train	test	train	train
DB01053	C0155862	1	C01	train	train	train	train	train	train	train	train	train	train
DB01056	C0003811	1	C14	test	test	train	train	test	train	train	valid	train	train
DB01056	C0040997	1	C07	train	test	valid	train	train	train	train	train	train	train
DB01057	C0014877	1	C10	train	train	train	train	train	train	test	train	test	valid
DB01057	C0017601	1	C11	train	test	train	train	train	train	train	train	train	train
DB01057	C0017612	1	C11	train	test	train	train	train	train	train	train	train	train
DB01057	C0271093	1	C11	train	test	train	train	train	train	train	train	train	train
DB01059	C0010692	1	C12	train	train	train	test	valid	train	train	train	train	train
DB01059	C0014836	1	C01	train	train	train	train	train	train	train	train	train	train
DB01059	C0031154	1	C01	train	train	train	train	train	train	train	train	train	train
DB01059	C0032285	1	C08	train	train	train	train	train	train	train	test	train	train
DB01059	C0033581	1	C12	train	train	train	test	valid	train	train	train	train	train
DB01059	C0034186	1	C12	train	train	train	test	valid	train	train	train	train	train
DB01059	C0155862	1	C01	train	train	train	train	train	train	train	train	train	train
DB01060	C0013295	1	C06	train	train	train	train	train	train	train	train	train	test
DB01060	C0014836	1	C01	train	train	train	train	train	train	train	train	train	train
DB01060	C0029882	1	C09	train	train	train	train	test	train	train	train	train	train
DB01060	C0042029	1	C12	train	train	train	test	valid	train	train	train	train	train
DB01060	C0155862	1	C01	train	train	train	train	train	train	train	train	train	train
DB01062	C0005697	1	C12	train	train	train	test	valid	train	train	train	train	train
DB01062	C0042024	1	C12	train	train	train	test	valid	train	train	train	train	train
DB01062	C0878773	1	C12	train	train	train	test	valid	train	train	train	train	train
DB01063	C0033975	1	F03	train	train	train	train	train	train	valid	train	valid	train
DB01064	C0004096	1	C08	train	train	train	train	train	train	train	test	train	train
DB01064	C0004245	1	C14	test	test	train	train	test	train	train	valid	train	train
DB01064	C0008677	1	C08	train	train	train	train	train	train	train	test	train	train
DB01064	C0018790	1	C14	test	test	train	train	test	train	train	valid	train	train
DB01064	C0018794	1	C14	test	test	train	train	test	train	train	valid	train	train
DB01064	C0040479	1	C14	test	test	train	train	test	train	train	valid	train	train
DB01064	C0042510	1	C14	test	test	train	train	test	train	train	valid	train	train
DB01064	C0428977	1	C14	test	test	train	train	test	train	train	valid	train	train
DB01065	C0007789	1	C10	train	train	train	train	train	train	test	train	test	valid
DB01065	C0021603	1	C10	train	train	train	train	train	train	test	train	test	valid
DB01065	C0376358	1	C12	train	train	train	test	valid	train	train	train	train	train
DB01065	C0456909	1	C10	train	train	train	train	train	train	test	train	test	valid
DB01067	C0011849	1	C18	train	train	train	train	train	test	train	test	valid	train
DB01067	C0020456	1	C18	train	train	train	train	train	test	train	test	valid	train
DB01068	C0014544	1	C10	train	train	train	train	train	train	test	train	test	valid
DB01068	C0014550	1	C10	train	train	train	train	train	train	test	train	test	valid
DB01068	C0014553	1	C10	train	train	train	train	train	train	test	train	test	valid
DB01068	C0030319	1	F03	train	train	train	train	train	train	valid	train	valid	train
DB01068	C0035258	1	C10	train	train	train	train	train	train	test	train	test	valid
DB01068	C0036572	1	C10	train	train	train	train	train	train	test	train	test	valid
DB01068	C0238111	1	C10	train	train	train	train	train	train	test	train	test	valid
DB01069	C0018621	1	C08	train	train	train	train	train	train	train	test	train	train
DB01069	C0020517	1	C20	train	train	test	train	valid	train	train	train	train	train
DB01069	C0035457	1	C08	train	train	train	train	train	train	train	test	train	train
DB01069	C0042109	1	C17	valid	train	valid	train	train	valid	train	train	train	test
DB01070	C0001122	1	C18	train	train	train	train	train	test	train	test	valid	train
DB01070	C0015624	1	C12	train	train	train	test	valid	train	train	train	train	train
DB01070	C0020502	1	C19	train	train	test	test	train	train	train	train	train	train
DB01070	C0020598	1	C18	train	train	train	train	train	test	train	test	valid	train
DB01070	C0020626	1	C19	train	train	test	test	train	train	train	train	train	train
DB01070	C0022661	1	C12	train	train	train	test	valid	train	train	train	train	train
DB01070	C0029442	1	C18	train	train	train	train	train	test	train	test	valid	train
DB01070	C0029456	1	C05	train	valid	valid	train	train	test	train	train	train	train
DB01070	C0033806	1	C18	train	train	train	train	train	test	train	test	valid	train
DB01070	C0035579	1	C18	train	train	train	train	train	test	train	test	valid	train
DB01070	C0042842	1	C18	train	train	train	train	train	test	train	test	valid	train
DB01070	C0042870	1	C18	train	train	train	train	train	test	train	test	valid	train
DB01070	C0085682	1	C18	train	train	train	train	train	test	train	test	valid	train
DB01071	C0018621	1	C08	train	train	train	train	train	train	train	test	train	train
DB01071	C0042109	1	C17	valid	train	valid	train	train	valid	train	train	train	test
DB01073	C0023434	1	C15	train	train	train	valid	train	train	valid	train	train	train
DB01073	C0024305	1	C04	train	train	train	valid	train	train	valid	train	train	train
DB01074	C0002962	1	C14	test	test	train	train	test	train	train	valid	train	train
DB01075	C0018621	1	C08	train	train	train	train	train	train	train	test	train	train
DB01075	C0018681	1	C23	valid	train	test	train	train	train	train	train	train	train
DB01075	C0020517	1	C20	train	train	test	train	valid	train	train	train	train	train
DB01075	C0021603	1	C10	train	train	train	train	train	train	test	train	test	valid
DB01075	C0030567	1	C10	train	train	train	train	train	train	test	train	test	valid
DB01075	C0035457	1	C08	train	train	train	train	train	train	train	test	train	train
DB01075	C0042109	1	C17	valid	train	valid	train	train	valid	train	train	train	test
DB01075	C0917801	1	C10	train	train	train	train	train	train	test	train	test	valid
DB01076	C0002962	1	C14	test	test	train	train	test	train	train	valid	train	train
DB01076	C0003850	1	C14	test	test	train	train	test	train	train	valid	train	train
DB01076	C0020443	1	C18	train	train	train	train	train	test	train	test	valid	train
DB01076	C0020473	1	C18	train	train	train	train	train	test	train	test	valid	train
DB01076	C0020474	1	C18	train	train	train	train	train	test	train	test	valid	train
DB01076	C0020476	1	C18	train	train	train	train	train	test	train	test	valid	train
DB01076	C0020538	1	C14	test	test	train	train	test	train	train	valid	train	train
DB01076	C0020557	1	C18	train	train	train	train	train	test	train	test	valid	train
DB01076	C0027051	1	C14	test	test	train	train	test	train	train	valid	train	train
DB01076	C0038454	1	C10	train	train	train	train	train	train	test	train	test	valid
DB01076	C0342881	1	C18	train	train	train	train	train	test	train	test	valid	train
DB01076	C0948089	1	C14	test	test	train	train	test	train	train	valid	train	train
DB01077	C0020437	1	C18	train	train	train	train	train	test	train	test	valid	train
DB01077	C0029396	1	C23	valid	train	test	train	train	train	train	train	train	train
DB01077	C0029401	1	C05	train	valid	valid	train	train	test	train	train	train	train
DB01078	C0003811	1	C14	test	test	train	train	test	train	train	valid	train	train
DB01078	C0004238	1	C14	test	test	train	train	test	train	train	valid	train	train
DB01078	C0004239	1	C14	test	test	train	train	test	train	train	valid	train	train
DB01078	C0018801	1	C14	test	test	train	train	test	train	train	valid	train	train
DB01078	C0018802	1	C14	test	test	train	train	test	train	train	valid	train	train
DB01078	C0039240	1	C14	test	test	train	train	test	train	train	valid	train	train
DB01079	C0022104	1	C06	train	train	train	train	train	train	train	train	train	test
DB01080	C0036572	1	C10	train	train	train	train	train	train	test	train	test	valid
DB01080	C0037763	1	C10	train	train	train	train	train	train	test	train	test	valid
DB01081	C0011991	1	C23	valid	train	test	train	train	train	train	train	train	train
DB01081	C0014356	1	C06	train	train	train	train	train	train	train	train	train	test
DB01082	C0014121	1	C01	train	train	train	train	train	train	train	train	train	train
DB01082	C0014356	1	C06	train	train	train	train	train	train	train	train	train	test
DB01082	C0041296	1	C01	train	train	train	train	train	train	train	train	train	train
DB01083	C0028754	1	C18	train	train	train	train	train	test	train	test	valid	train
DB01084	C0009763	1	C11	train	test	train	train	train	train	train	train	train	train
DB01084	C0020517	1	C20	train	train	test	train	valid	train	train	train	train	train
DB01084	C0033774	1	C17	valid	train	valid	train	train	valid	train	train	train	test
DB01084	C0042109	1	C17	valid	train	valid	train	train	valid	train	train	train	test
DB01085	C0017601	1	C11	train	test	train	train	train	train	train	train	train	train
DB01085	C0017605	1	C11	train	test	train	train	train	train	train	train	train	train
DB01085	C0017612	1	C11	train	test	train	train	train	train	train	train	train	train
DB01085	C0028840	1	C11	train	test	train	train	train	train	train	train	train	train
DB01085	C0043352	1	C07	train	test	valid	train	train	train	train	train	train	train
DB01085	C1527336	1	C05	train	valid	valid	train	train	test	train	train	train	train
DB01086	C0028754	1	C18	train	train	train	train	train	test	train	test	valid	train
DB01086	C0029882	1	C09	train	train	train	train	test	train	train	train	train	train
DB01086	C0033774	1	C17	valid	train	valid	train	train	valid	train	train	train	test
DB01086	C0038363	1	C07	train	test	valid	train	train	train	train	train	train	train
DB01086	C0149745	1	C07	train	test	valid	train	train	train	train	train	train	train
DB01088	C0020542	1	C08	train	train	train	train	train	train	train	test	train	train
DB01088	C0040053	1	C14	test	test	train	train	test	train	train	valid	train	train
DB01088	C2973725	1	C08	train	train	train	train	train	train	train	test	train	train
DB01092	C0004238	1	C14	test	test	train	train	test	train	train	valid	train	train
DB01092	C0004239	1	C14	test	test	train	train	test	train	train	valid	train	train
DB01092	C0018801	1	C14	test	test	train	train	test	train	train	valid	train	train
DB01094	C0020473	1	C18	train	train	train	train	train	test	train	test	valid	train
DB01095	C0003850	1	C14	test	test	train	train	test	train	train	valid	train	train
DB01095	C0018798	1	C14	test	test	train	train	test	train	train	valid	train	train
DB01095	C0020443	1	C18	train	train	train	train	train	test	train	test	valid	train
DB01095	C0020473	1	C18	train	train	train	train	train	test	train	test	valid	train
DB01095	C0020474	1	C18	train	train	train	train	train	test	train	test	valid	train
DB01095	C0020476	1	C18	train	train	train	train	train	test	train	test	valid	train
DB01095	C0242339	1	C18	train	train	train	train	train	test	train	test	valid	train
DB01097	C0003872	1	C05	train	valid	valid	train	train	test	train	train	train	train
DB01097	C0003873	1	C05	train	valid	valid	train	train	test	train	train	train	train
DB01098	C0003850	1	C14	test	test	train	train	test	train	train	valid	train	train
DB01098	C0004153	1	C14	test	test	train	train	test	train	train	valid	train	train
DB01098	C0020473	1	C18	train	train	train	train	train	test	train	test	valid	train
DB01098	C0020474	1	C18	train	train	train	train	train	test	train	test	valid	train
DB01098	C0020479	1	C18	train	train	train	train	train	test	train	test	valid	train
DB01098	C0020557	1	C18	train	train	train	train	train	test	train	test	valid	train
DB01098	C0038454	1	C10	train	train	train	train	train	train	test	train	test	valid
DB01098	C0242339	1	C18	train	train	train	train	train	test	train	test	valid	train
DB01098	C0342881	1	C18	train	train	train	train	train	test	train	test	valid	train
DB01099	C0025289	1	C10	train	train	train	train	train	train	test	train	test	valid
DB01100	C0020179	1	C10	train	train	train	train	train	train	test	train	test	valid
DB01100	C0040517	1	C10	train	train	train	train	train	train	test	train	test	valid
DB01101	C0009404	1	C06	train	train	train	train	train	train	train	train	train	test
DB01101	C1458155	1	C04	train	train	train	valid	train	train	valid	train	train	train
DB01101	C1527249	1	C06	train	train	train	train	train	train	train	train	train	test
DB01104	C0011581	1	F03	train	train	train	train	train	train	valid	train	valid	train
DB01104	C0028768	1	F03	train	train	train	train	train	train	valid	train	valid	train
DB01104	C0030319	1	F03	train	train	train	train	train	train	valid	train	valid	train
DB01105	C0028754	1	C18	train	train	train	train	train	test	train	test	valid	train
DB01106	C0009763	1	C11	train	test	train	train	train	train	train	train	train	train
DB01107	C0021603	1	C10	train	train	train	train	train	train	test	train	test	valid
DB01107	C0917801	1	C10	train	train	train	train	train	train	test	train	test	valid
DB01108	C0010481	1	C19	train	train	test	test	train	train	train	train	train	train
DB01109	C0012739	1	C15	train	train	train	valid	train	train	valid	train	train	train
DB01110	C0014356	1	C06	train	train	train	train	train	train	train	train	train	test
DB01110	C0040261	1	C01	train	train	train	train	train	train	train	train	train	train
DB01113	C0002962	1	C14	test	test	train	train	test	train	train	valid	train	train
DB01113	C0003811	1	C14	test	test	train	train	test	train	train	valid	train	train
DB01113	C0007786	1	C10	train	train	train	train	train	train	test	train	test	valid
DB01113	C0009319	1	C06	train	train	train	train	train	train	train	train	train	test
DB01113	C0027051	1	C14	test	test	train	train	test	train	train	valid	train	train
DB01113	C0034065	1	C08	train	train	train	train	train	train	train	test	train	train
DB01113	C0034734	1	C14	test	test	train	train	test	train	train	valid	train	train
DB01113	C0040038	1	C14	test	test	train	train	test	train	train	valid	train	train
DB01113	C0085096	1	C14	test	test	train	train	test	train	train	valid	train	train
DB01113	C0242350	1	C12	train	train	train	test	valid	train	train	train	train	train
DB01114	C0004096	1	C08	train	train	train	train	train	train	train	test	train	train
DB01114	C0020517	1	C20	train	train	test	train	valid	train	train	train	train	train
DB01114	C0033774	1	C17	valid	train	valid	train	train	valid	train	train	train	test
DB01114	C0035455	1	C08	train	train	train	train	train	train	train	test	train	train
DB01114	C0035457	1	C08	train	train	train	train	train	train	train	test	train	train
DB01114	C0042109	1	C17	valid	train	valid	train	train	valid	train	train	train	test
DB01115	C0002962	1	C14	test	test	train	train	test	train	train	valid	train	train
DB01115	C0020538	1	C14	test	test	train	train	test	train	train	valid	train	train
DB01115	C0022876	1	C12	train	train	train	test	valid	train	train	train	train	train
DB01117	C0032285	1	C08	train	train	train	train	train	train	train	test	train	train
DB01118	C0003811	1	C14	test	test	train	train	test	train	train	valid	train	train
DB01118	C0039240	1	C14	test	test	train	train	test	train	train	valid	train	train
DB01118	C0042510	1	C14	test	test	train	train	test	train	train	valid	train	train
DB01119	C0020459	1	C18	train	train	train	train	train	test	train	test	valid	train
DB01119	C0020540	1	C14	test	test	train	train	test	train	train	valid	train	train
DB01119	C0020615	1	C18	train	train	train	train	train	test	train	test	valid	train
DB01119	C0021670	1	C04	train	train	train	valid	train	train	valid	train	train	train
DB01120	C0011849	1	C18	train	train	train	train	train	test	train	test	valid	train
DB01120	C0011860	1	C18	train	train	train	train	train	test	train	test	valid	train
DB01120	C0020456	1	C18	train	train	train	train	train	test	train	test	valid	train
DB01121	C0014544	1	C10	train	train	train	train	train	train	test	train	test	valid
DB01121	C0036572	1	C10	train	train	train	train	train	train	test	train	test	valid
DB01121	C0085417	1	C10	train	train	train	train	train	train	test	train	test	valid
DB01122	C0026848	1	C05	train	valid	valid	train	train	test	train	train	train	train
DB01122	C0026896	1	C10	train	train	train	train	train	train	test	train	test	valid
DB01124	C0011849	1	C18	train	train	train	train	train	test	train	test	valid	train
DB01124	C0011860	1	C18	train	train	train	train	train	test	train	test	valid	train
DB01124	C0020456	1	C18	train	train	train	train	train	test	train	test	valid	train
DB01125	C0004238	1	C14	test	test	train	train	test	train	train	valid	train	train
DB01125	C0027051	1	C14	test	test	train	train	test	train	train	valid	train	train
DB01125	C0040053	1	C14	test	test	train	train	test	train	train	valid	train	train
DB01126	C0020507	1	C23	valid	train	test	train	train	train	train	train	train	train
DB01126	C2937421	1	C12	train	train	train	test	valid	train	train	train	train	train
DB01128	C0033578	1	C12	train	train	train	test	valid	train	train	train	train	train
DB01128	C0376358	1	C12	train	train	train	test	valid	train	train	train	train	train
DB01129	C0013295	1	C06	train	train	train	train	train	train	train	train	train	test
DB01129	C0017168	1	C06	train	train	train	train	train	train	train	train	train	test
DB01129	C0017181	1	C06	train	train	train	train	train	train	train	train	train	test
DB01129	C0027662	1	C04	train	train	train	valid	train	train	valid	train	train	train
DB01129	C0030920	1	C06	train	train	train	train	train	train	train	train	train	test
DB01129	C0041582	1	C23	valid	train	test	train	train	train	train	train	train	train
DB01129	C0043515	1	C06	train	train	train	train	train	train	train	train	train	test
DB01129	C0221013	1	C04	train	train	train	valid	train	train	valid	train	train	train
DB01130	C0011615	1	C17	valid	train	valid	train	train	valid	train	train	train	test
DB01130	C0011616	1	C17	valid	train	valid	train	train	valid	train	train	train	test
DB01130	C0013595	1	C17	valid	train	valid	train	train	valid	train	train	train	test
DB01130	C0015230	1	C17	valid	train	valid	train	train	valid	train	train	train	test
DB01130	C0015456	1	C17	valid	train	valid	train	train	valid	train	train	train	test
DB01130	C0024138	1	C17	valid	train	valid	train	train	valid	train	train	train	test
DB01130	C0036508	1	C17	valid	train	valid	train	train	valid	train	train	train	test
DB01132	C0011849	1	C18	train	train	train	train	train	test	train	test	valid	train
DB01132	C0011860	1	C18	train	train	train	train	train	test	train	test	valid	train
DB01132	C0020456	1	C18	train	train	train	train	train	test	train	test	valid	train
DB01136	C0018801	1	C14	test	test	train	train	test	train	train	valid	train	train
DB01136	C0020538	1	C14	test	test	train	train	test	train	train	valid	train	train
DB01136	C0151744	1	C14	test	test	train	train	test	train	train	valid	train	train
DB01136	C0878544	1	C14	test	test	train	train	test	train	train	valid	train	train
DB01137	C0033581	1	C12	train	train	train	test	valid	train	train	train	train	train
DB01137	C0034186	1	C12	train	train	train	test	valid	train	train	train	train	train
DB01137	C0037199	1	C08	train	train	train	train	train	train	train	test	train	train
DB01137	C0155862	1	C01	train	train	train	train	train	train	train	train	train	train
DB01138	C0003868	1	C05	train	valid	valid	train	train	test	train	train	train	train
DB01138	C0018099	1	C05	train	valid	valid	train	train	test	train	train	train	train
DB01138	C0027051	1	C14	test	test	train	train	test	train	train	valid	train	train
DB01138	C0740394	1	C23	valid	train	test	train	train	train	train	train	train	train
DB01140	C0042029	1	C12	train	train	train	test	valid	train	train	train	train	train
DB01142	C0003467	1	F01	train	train	train	train	train	train	valid	train	train	train
DB01142	C0005587	1	F03	train	train	train	train	train	train	valid	train	valid	train
DB01142	C0011581	1	F03	train	train	train	train	train	train	valid	train	valid	train
DB01142	C0011615	1	C17	valid	train	valid	train	train	valid	train	train	train	test
DB01142	C0033774	1	C17	valid	train	valid	train	train	valid	train	train	train	test
DB01142	C0917801	1	C10	train	train	train	train	train	train	test	train	test	valid
DB01143	C0278996	1	C04	train	train	train	valid	train	train	valid	train	train	train
DB01143	C1140680	1	C12	train	train	train	test	valid	train	train	train	train	train
DB01144	C0014544	1	C10	train	train	train	train	train	train	test	train	test	valid
DB01144	C0017601	1	C11	train	test	train	train	train	train	train	train	train	train
DB01144	C0017612	1	C11	train	test	train	train	train	train	train	train	train	train
DB01146	C0018621	1	C08	train	train	train	train	train	train	train	test	train	train
DB01146	C0033774	1	C17	valid	train	valid	train	train	valid	train	train	train	test
DB01146	C0042109	1	C17	valid	train	valid	train	train	valid	train	train	train	test
DB01148	C0010692	1	C12	train	train	train	test	valid	train	train	train	train	train
DB01148	C0013428	1	C23	valid	train	test	train	train	train	train	train	train	train
DB01148	C0028734	1	C23	valid	train	test	train	train	train	train	train	train	train
DB01148	C0033581	1	C12	train	train	train	test	valid	train	train	train	train	train
DB01148	C0042024	1	C12	train	train	train	test	valid	train	train	train	train	train
DB01148	C0282488	1	C12	train	train	train	test	valid	train	train	train	train	train
DB01149	C1269683	1	F03	train	train	train	train	train	train	valid	train	valid	train
DB01151	C0150055	1	C23	valid	train	test	train	train	train	train	train	train	train
DB01156	C0011581	1	F03	train	train	train	train	train	train	valid	train	valid	train
DB01156	C0028754	1	C18	train	train	train	train	train	test	train	test	valid	train
DB01156	C0085159	1	F03	train	train	train	train	train	train	valid	train	valid	train
DB01156	C1269683	1	F03	train	train	train	train	train	train	valid	train	valid	train
DB01158	C0003811	1	C14	test	test	train	train	test	train	train	valid	train	train
DB01158	C0042510	1	C14	test	test	train	train	test	train	train	valid	train	train
DB01158	C0042514	1	C14	test	test	train	train	test	train	train	valid	train	train
DB01162	C0020538	1	C14	test	test	train	train	test	train	train	valid	train	train
DB01162	C2937421	1	C12	train	train	train	test	valid	train	train	train	train	train
DB01164	C0018790	1	C14	test	test	train	train	test	train	train	valid	train	train
DB01164	C0020461	1	C18	train	train	train	train	train	test	train	test	valid	train
DB01164	C0020598	1	C18	train	train	train	train	train	test	train	test	valid	train
DB01164	C0020621	1	C18	train	train	train	train	train	test	train	test	valid	train
DB01165	C0010692	1	C12	train	train	train	test	valid	train	train	train	train	train
DB01165	C0011991	1	C23	valid	train	test	train	train	train	train	train	train	train
DB01165	C0014534	1	C12	train	train	train	test	valid	train	train	train	train	train
DB01165	C0014836	1	C01	train	train	train	train	train	train	train	train	train	train
DB01165	C0015967	1	C23	valid	train	test	train	train	train	train	train	train	train
DB01165	C0033581	1	C12	train	train	train	test	valid	train	train	train	train	train
DB01165	C0034186	1	C12	train	train	train	test	valid	train	train	train	train	train
DB01165	C0037199	1	C08	train	train	train	train	train	train	train	test	train	train
DB01165	C0155862	1	C01	train	train	train	train	train	train	train	train	train	train
DB01166	C0004096	1	C08	train	train	train	train	train	train	train	test	train	train
DB01166	C0021775	1	C14	test	test	train	train	test	train	train	valid	train	train
DB01166	C0040053	1	C14	test	test	train	train	test	train	train	valid	train	train
DB01167	C0040261	1	C01	train	train	train	train	train	train	train	train	train	train
DB01168	C0006118	1	C10	train	train	train	train	train	train	test	train	test	valid
DB01168	C0019829	1	C04	train	train	train	valid	train	train	valid	train	train	train
DB01168	C0024121	1	C08	train	train	train	train	train	train	train	test	train	train
DB01168	C0024305	1	C04	train	train	train	valid	train	train	valid	train	train	train
DB01168	C0025202	1	C04	train	train	train	valid	train	train	valid	train	train	train
DB01168	C0026764	1	C15	train	train	train	valid	train	train	valid	train	train	train
DB01169	C0023487	1	C04	train	train	train	valid	train	train	valid	train	train	train
DB01170	C0020538	1	C14	test	test	train	train	test	train	train	valid	train	train
DB01170	C0020544	1	C12	train	train	train	test	valid	train	train	train	train	train
DB01171	C0003467	1	F01	train	train	train	train	train	train	valid	train	train	train
DB01171	C0011581	1	F03	train	train	train	train	train	train	valid	train	valid	train
DB01173	C0026838	1	C05	train	valid	valid	train	train	test	train	train	train	train
DB01173	C0030567	1	C10	train	train	train	train	train	train	test	train	test	valid
DB01173	C0231528	1	C05	train	valid	valid	train	train	test	train	train	train	train
DB01174	C0009952	1	C10	train	train	train	train	train	train	test	train	test	valid
DB01174	C0014549	1	C10	train	train	train	train	train	train	test	train	test	valid
DB01174	C0020433	1	C23	valid	train	test	train	train	train	train	train	train	train
DB01174	C0149931	1	C10	train	train	train	train	train	train	test	train	test	valid
DB01174	C0234533	1	C10	train	train	train	train	train	train	test	train	test	valid
DB01174	C0234974	1	C10	train	train	train	train	train	train	test	train	test	valid
DB01174	C0238111	1	C10	train	train	train	train	train	train	test	train	test	valid
DB01174	C0270851	1	C10	train	train	train	train	train	train	test	train	test	valid
DB01175	C1269683	1	F03	train	train	train	train	train	train	valid	train	valid	train
DB01176	C0018621	1	C08	train	train	train	train	train	train	train	test	train	train
DB01176	C0027497	1	C23	valid	train	test	train	train	train	train	train	train	train
DB01176	C0042571	1	C09	train	train	train	train	test	train	train	train	train	train
DB01176	C0042963	1	C23	valid	train	test	train	train	train	train	train	train	train
DB01177	C0023449	1	C15	train	train	train	valid	train	train	valid	train	train	train
DB01177	C0023467	1	C04	train	train	train	valid	train	train	valid	train	train	train
DB01177	C0023487	1	C04	train	train	train	valid	train	train	valid	train	train	train
DB01177	C1458155	1	C04	train	train	train	valid	train	train	valid	train	train	train
DB01179	C0022593	1	C17	valid	train	valid	train	train	valid	train	train	train	test
DB01181	C0019829	1	C04	train	train	train	valid	train	train	valid	train	train	train
DB01181	C0023434	1	C15	train	train	train	valid	train	train	valid	train	train	train
DB01181	C0023449	1	C15	train	train	train	valid	train	train	valid	train	train	train
DB01181	C0024121	1	C08	train	train	train	train	train	train	train	test	train	train
DB01181	C0024305	1	C04	train	train	train	valid	train	train	valid	train	train	train
DB01181	C0029463	1	C04	train	train	train	valid	train	train	valid	train	train	train
DB01181	C0030297	1	C04	train	train	train	valid	train	train	valid	train	train	train
DB01181	C0038356	1	C06	train	train	train	train	train	train	train	train	train	test
DB01181	C0919267	1	C12	train	train	train	test	valid	train	train	train	train	train
DB01181	C1140680	1	C12	train	train	train	test	valid	train	train	train	train	train
DB01181	C1458155	1	C04	train	train	train	valid	train	train	valid	train	train	train
DB01182	C0003811	1	C14	test	test	train	train	test	train	train	valid	train	train
DB01182	C0004238	1	C14	test	test	train	train	test	train	train	valid	train	train
DB01182	C0030590	1	C14	test	test	train	train	test	train	train	valid	train	train
DB01182	C0039240	1	C14	test	test	train	train	test	train	train	valid	train	train
DB01182	C0042514	1	C14	test	test	train	train	test	train	train	valid	train	train
DB01182	C0235480	1	C14	test	test	train	train	test	train	train	valid	train	train
DB01183	C0030193	1	C23	valid	train	test	train	train	train	train	train	train	train
DB01183	C0036983	1	C23	valid	train	test	train	train	train	train	train	train	train
DB01183	C0235063	1	C08	train	train	train	train	train	train	train	test	train	train
DB01185	C0002994	1	C14	test	test	train	train	test	train	train	valid	train	train
DB01185	C0010417	1	C12	train	train	train	test	valid	train	train	train	train	train
DB01185	C0020619	1	C19	train	train	test	test	train	train	train	train	train	train
DB01185	C0028326	1	C14	test	test	train	train	test	train	train	valid	train	train
DB01185	C0034012	1	C19	train	train	test	test	train	train	train	train	train	train
DB01185	C1458155	1	C04	train	train	train	valid	train	train	valid	train	train	train
DB01185	C2936781	1	C10	train	train	train	train	train	train	test	train	test	valid
DB01186	C0030567	1	C10	train	train	train	train	train	train	test	train	test	valid
DB01186	C0242422	1	C10	train	train	train	train	train	train	test	train	test	valid
DB01188	C0040261	1	C01	train	train	train	train	train	train	train	train	train	train
DB01191	C0028754	1	C18	train	train	train	train	train	test	train	test	valid	train
DB01192	C0030193	1	C23	valid	train	test	train	train	train	train	train	train	train
DB01193	C0003811	1	C14	test	test	train	train	test	train	train	valid	train	train
DB01193	C0020538	1	C14	test	test	train	train	test	train	train	valid	train	train
DB01193	C0027051	1	C14	test	test	train	train	test	train	train	valid	train	train
DB01193	C0042510	1	C14	test	test	train	train	test	train	train	valid	train	train
DB01193	C0042514	1	C14	test	test	train	train	test	train	train	valid	train	train
DB01193	C0151636	1	C14	test	test	train	train	test	train	train	valid	train	train
DB01194	C0017601	1	C11	train	test	train	train	train	train	train	train	train	train
DB01194	C0017612	1	C11	train	test	train	train	train	train	train	train	train	train
DB01194	C0028840	1	C11	train	test	train	train	train	train	train	train	train	train
DB01195	C0003811	1	C14	test	test	train	train	test	train	train	valid	train	train
DB01195	C0004238	1	C14	test	test	train	train	test	train	train	valid	train	train
DB01195	C0030590	1	C14	test	test	train	train	test	train	train	valid	train	train
DB01195	C0039240	1	C14	test	test	train	train	test	train	train	valid	train	train
DB01195	C0042514	1	C14	test	test	train	train	test	train	train	valid	train	train
DB01195	C0235480	1	C14	test	test	train	train	test	train	train	valid	train	train
DB01196	C0033578	1	C12	train	train	train	test	valid	train	train	train	train	train
DB01197	C0003873	1	C05	train	valid	valid	train	train	test	train	train	train	train
DB01197	C0004775	1	C12	train	train	train	test	valid	train	train	train	train	train
DB01197	C0011849	1	C18	train	train	train	train	train	test	train	test	valid	train
DB01197	C0011881	1	C12	train	train	train	test	valid	train	train	train	train	train
DB01197	C0013604	1	C23	valid	train	test	train	train	train	train	train	train	train
DB01197	C0018802	1	C14	test	test	train	train	test	train	train	valid	train	train
DB01197	C0020538	1	C14	test	test	train	train	test	train	train	valid	train	train
DB01197	C0020540	1	C14	test	test	train	train	test	train	train	valid	train	train
DB01197	C0020545	1	C12	train	train	train	test	valid	train	train	train	train	train
DB01197	C0027051	1	C14	test	test	train	train	test	train	train	valid	train	train
DB01197	C0034734	1	C14	test	test	train	train	test	train	train	valid	train	train
DB01197	C0085580	1	C14	test	test	train	train	test	train	train	valid	train	train
DB01197	C0242698	1	C14	test	test	train	train	test	train	train	valid	train	train
DB01198	C0917801	1	C10	train	train	train	train	train	train	test	train	test	valid
DB01199	C0026896	1	C10	train	train	train	train	train	train	test	train	test	valid
DB01200	C0001206	1	C05	train	valid	valid	train	train	test	train	train	train	train
DB01200	C0002453	1	C23	valid	train	test	train	train	train	train	train	train	train
DB01200	C0020514	1	C10	train	train	train	train	train	train	test	train	test	valid
DB01200	C0020619	1	C19	train	train	test	test	train	train	train	train	train	train
DB01200	C0021359	1	C12	train	train	train	test	valid	train	train	train	train	train
DB01200	C0030567	1	C10	train	train	train	train	train	train	test	train	test	valid
DB01200	C0033375	1	C04	train	train	train	valid	train	train	valid	train	train	train
DB01201	C0041296	1	C01	train	train	train	train	train	train	train	train	train	train
DB01202	C0014544	1	C10	train	train	train	train	train	train	test	train	test	valid
DB01202	C0036572	1	C10	train	train	train	train	train	train	test	train	test	valid
DB01202	C0234974	1	C10	train	train	train	train	train	train	test	train	test	valid
DB01203	C0002962	1	C14	test	test	train	train	test	train	train	valid	train	train
DB01203	C0003811	1	C14	test	test	train	train	test	train	train	valid	train	train
DB01203	C0018802	1	C14	test	test	train	train	test	train	train	valid	train	train
DB01203	C0020538	1	C14	test	test	train	train	test	train	train	valid	train	train
DB01203	C0027051	1	C14	test	test	train	train	test	train	train	valid	train	train
DB01204	C0023467	1	C04	train	train	train	valid	train	train	valid	train	train	train
DB01204	C0024299	1	C04	train	train	train	valid	train	train	valid	train	train	train
DB01204	C0026769	1	C10	train	train	train	train	train	train	test	train	test	valid
DB01204	C0033578	1	C12	train	train	train	test	valid	train	train	train	train	train
DB01204	C1261473	1	C04	train	train	train	valid	train	train	valid	train	train	train
DB01204	C1458155	1	C04	train	train	train	valid	train	train	valid	train	train	train
DB01206	C0006118	1	C10	train	train	train	train	train	train	test	train	test	valid
DB01206	C0009375	1	C06	train	train	train	train	train	train	train	train	train	test
DB01206	C0019829	1	C04	train	train	train	valid	train	train	valid	train	train	train
DB01206	C0022665	1	C12	train	train	train	test	valid	train	train	train	train	train
DB01206	C0024121	1	C08	train	train	train	train	train	train	train	test	train	train
DB01206	C0024305	1	C04	train	train	train	valid	train	train	valid	train	train	train
DB01207	C0040053	1	C14	test	test	train	train	test	train	train	valid	train	train
DB01208	C0032285	1	C08	train	train	train	train	train	train	train	test	train	train
DB01208	C0041296	1	C01	train	train	train	train	train	train	train	train	train	train
DB01209	C0030193	1	C23	valid	train	test	train	train	train	train	train	train	train
DB01210	C0017601	1	C11	train	test	train	train	train	train	train	train	train	train
DB01210	C0017612	1	C11	train	test	train	train	train	train	train	train	train	train
DB01210	C0028840	1	C11	train	test	train	train	train	train	train	train	train	train
DB01211	C0013295	1	C06	train	train	train	train	train	train	train	train	train	test
DB01211	C0014038	1	C10	train	train	train	train	train	train	test	train	test	valid
DB01211	C0020523	1	C20	train	train	test	train	valid	train	train	train	train	train
DB01211	C0029882	1	C09	train	train	train	train	test	train	train	train	train	train
DB01211	C0032285	1	C08	train	train	train	train	train	train	train	test	train	train
DB01211	C0037199	1	C08	train	train	train	train	train	train	train	test	train	train
DB01211	C0155862	1	C01	train	train	train	train	train	train	train	train	train	train
DB01212	C0014335	1	C06	train	train	train	train	train	train	train	train	train	test
DB01212	C0014534	1	C12	train	train	train	test	valid	train	train	train	train	train
DB01212	C0014836	1	C01	train	train	train	train	train	train	train	train	train	train
DB01212	C0025289	1	C10	train	train	train	train	train	train	test	train	test	valid
DB01212	C0025294	1	C01	train	train	train	train	train	train	train	train	train	train
DB01212	C0029882	1	C09	train	train	train	train	test	train	train	train	train	train
DB01212	C0031154	1	C01	train	train	train	train	train	train	train	train	train	train
DB01212	C0032285	1	C08	train	train	train	train	train	train	train	test	train	train
DB01214	C0003811	1	C14	test	test	train	train	test	train	train	valid	train	train
DB01214	C0017601	1	C11	train	test	train	train	train	train	train	train	train	train
DB01214	C0017612	1	C11	train	test	train	train	train	train	train	train	train	train
DB01214	C0028840	1	C11	train	test	train	train	train	train	train	train	train	train
DB01215	C0021603	1	C10	train	train	train	train	train	train	test	train	test	valid
DB01216	C0033578	1	C12	train	train	train	test	valid	train	train	train	train	train
DB01216	C2937421	1	C12	train	train	train	test	valid	train	train	train	train	train
DB01216	C4083212	1	C17	valid	train	valid	train	train	valid	train	train	train	test
DB01217	C1458155	1	C04	train	train	train	valid	train	train	valid	train	train	train
DB01219	C0007785	1	C10	train	train	train	train	train	train	test	train	test	valid
DB01219	C0007789	1	C10	train	train	train	train	train	train	test	train	test	valid
DB01219	C0024591	1	C23	valid	train	test	train	train	train	train	train	train	train
DB01219	C0026769	1	C10	train	train	train	train	train	train	test	train	test	valid
DB01219	C0026838	1	C05	train	valid	valid	train	train	test	train	train	train	train
DB01219	C0037763	1	C10	train	train	train	train	train	train	test	train	test	valid
DB01220	C0011991	1	C23	valid	train	test	train	train	train	train	train	train	train
DB01220	C0022104	1	C06	train	train	train	train	train	train	train	train	train	test
DB01220	C0220994	1	C23	valid	train	test	train	train	train	train	train	train	train
DB01222	C0004096	1	C08	train	train	train	train	train	train	train	test	train	train
DB01222	C0010346	1	C06	train	train	train	train	train	train	train	train	train	test
DB01222	C0018621	1	C08	train	train	train	train	train	train	train	test	train	train
DB01222	C0020517	1	C20	train	train	test	train	valid	train	train	train	train	train
DB01222	C0035455	1	C08	train	train	train	train	train	train	train	test	train	train
DB01222	C0035457	1	C08	train	train	train	train	train	train	train	test	train	train
DB01223	C0003578	1	C08	train	train	train	train	train	train	train	test	train	train
DB01223	C0004096	1	C08	train	train	train	train	train	train	train	test	train	train
DB01223	C0008677	1	C08	train	train	train	train	train	train	train	test	train	train
DB01223	C0024115	1	C08	train	train	train	train	train	train	train	test	train	train
DB01223	C0034067	1	C23	valid	train	test	train	train	train	train	train	train	train
DB01223	C0428977	1	C14	test	test	train	train	test	train	train	valid	train	train
DB01224	C0005586	1	F03	train	train	train	train	train	train	valid	train	valid	train
DB01224	C0005587	1	F03	train	train	train	train	train	train	valid	train	valid	train
DB01224	C0036341	1	F03	train	train	train	train	train	train	valid	train	valid	train
DB01228	C0003811	1	C14	test	test	train	train	test	train	train	valid	train	train
DB01228	C0004238	1	C14	test	test	train	train	test	train	train	valid	train	train
DB01228	C0004239	1	C14	test	test	train	train	test	train	train	valid	train	train
DB01228	C0042514	1	C14	test	test	train	train	test	train	train	valid	train	train
DB01228	C0151636	1	C14	test	test	train	train	test	train	train	valid	train	train
DB01229	C0006142	1	C04	train	train	train	valid	train	train	valid	train	train	train
DB01229	C0007131	1	C08	train	train	train	train	train	train	train	test	train	train
DB01229	C0024121	1	C08	train	train	train	train	train	train	train	test	train	train
DB01229	C0028840	1	C11	train	test	train	train	train	train	train	train	train	train
DB01229	C0036220	1	C04	train	train	train	valid	train	train	valid	train	train	train
DB01229	C0678222	1	C04	train	train	train	valid	train	train	valid	train	train	train
DB01229	C0919267	1	C12	train	train	train	test	valid	train	train	train	train	train
DB01229	C1140680	1	C12	train	train	train	test	valid	train	train	train	train	train
DB01229	C1458155	1	C04	train	train	train	valid	train	train	valid	train	train	train
DB01232	C0021051	1	C20	train	train	test	train	valid	train	train	train	train	train
DB01233	C0017168	1	C06	train	train	train	train	train	train	train	train	train	test
DB01233	C0027497	1	C23	valid	train	test	train	train	train	train	train	train	train
DB01233	C0042963	1	C23	valid	train	test	train	train	train	train	train	train	train
DB01233	C0152020	1	C06	train	train	train	train	train	train	train	train	train	test
DB01234	C0001403	1	C19	train	train	test	test	train	train	train	train	train	train
DB01234	C0002871	1	C15	train	train	train	valid	train	train	valid	train	train	train
DB01234	C0002875	1	C15	train	train	train	valid	train	train	valid	train	train	train
DB01234	C0002880	1	C15	train	train	train	valid	train	train	valid	train	train	train
DB01234	C0002994	1	C14	test	test	train	train	test	train	train	valid	train	train
DB01234	C0003868	1	C05	train	valid	valid	train	train	test	train	train	train	train
DB01234	C0003872	1	C05	train	valid	valid	train	train	test	train	train	train	train
DB01234	C0003873	1	C05	train	valid	valid	train	train	test	train	train	train	train
DB01234	C0004096	1	C08	train	train	train	train	train	train	train	test	train	train
DB01234	C0005138	1	C08	train	train	train	train	train	train	train	test	train	train
DB01234	C0006114	1	C10	train	train	train	train	train	train	test	train	test	valid
DB01234	C0006413	1	C01	train	train	train	train	train	train	train	train	train	train
DB01234	C0009324	1	C06	train	train	train	train	train	train	train	train	train	test
DB01234	C0010346	1	C06	train	train	train	train	train	train	train	train	train	test
DB01234	C0011606	1	C17	valid	train	valid	train	train	valid	train	train	train	test
DB01234	C0011615	1	C17	valid	train	valid	train	train	valid	train	train	train	test
DB01234	C0011616	1	C17	valid	train	valid	train	train	valid	train	train	train	test
DB01234	C0013604	1	C23	valid	train	test	train	train	train	train	train	train	train
DB01234	C0014335	1	C06	train	train	train	train	train	train	train	train	train	test
DB01234	C0014742	1	C17	valid	train	valid	train	train	valid	train	train	train	test
DB01234	C0015230	1	C17	valid	train	valid	train	train	valid	train	train	train	test
DB01234	C0015397	1	C11	train	test	train	train	train	train	train	train	train	train
DB01234	C0019829	1	C04	train	train	train	valid	train	train	valid	train	train	train
DB01234	C0020437	1	C18	train	train	train	train	train	test	train	test	valid	train
DB01234	C0020517	1	C20	train	train	test	train	valid	train	train	train	train	train
DB01234	C0021390	1	C06	train	train	train	train	train	train	train	train	train	test
DB01234	C0022073	1	C11	train	test	train	train	train	train	train	train	train	train
DB01234	C0022548	1	A10	train	test	train	train	train	train	train	test	train	train
DB01234	C0022568	1	C11	train	test	train	train	train	train	train	train	train	train
DB01234	C0023052	1	C08	train	train	train	train	train	train	train	test	train	train
DB01234	C0023449	1	C15	train	train	train	valid	train	train	valid	train	train	train
DB01234	C0024138	1	C17	valid	train	valid	train	train	valid	train	train	train	test
DB01234	C0024301	1	C04	train	train	train	valid	train	train	valid	train	train	train
DB01234	C0024305	1	C04	train	train	train	valid	train	train	valid	train	train	train
DB01234	C0026764	1	C15	train	train	train	valid	train	train	valid	train	train	train
DB01234	C0026769	1	C10	train	train	train	train	train	train	test	train	test	valid
DB01234	C0026948	1	C04	train	train	train	valid	train	train	valid	train	train	train
DB01234	C0027726	1	C12	train	train	train	test	valid	train	train	train	train	train
DB01234	C0029408	1	C05	train	valid	valid	train	train	test	train	train	train	train
DB01234	C0030807	1	C17	valid	train	valid	train	train	valid	train	train	train	test
DB01234	C0033860	1	C17	valid	train	valid	train	train	valid	train	train	train	test
DB01234	C0035457	1	C08	train	train	train	train	train	train	train	test	train	train
DB01234	C0035854	1	C17	valid	train	valid	train	train	valid	train	train	train	test
DB01234	C0036202	1	C15	train	train	train	valid	train	train	valid	train	train	train
DB01234	C0036508	1	C17	valid	train	valid	train	train	valid	train	train	train	test
DB01234	C0036830	1	C17	valid	train	valid	train	train	valid	train	train	train	test
DB01234	C0036983	1	C23	valid	train	test	train	train	train	train	train	train	train
DB01234	C0037274	1	C17	valid	train	valid	train	train	valid	train	train	train	test
DB01234	C0038013	1	C05	train	valid	valid	train	train	test	train	train	train	train
DB01234	C0040147	1	C19	train	train	test	test	train	train	train	train	train	train
DB01234	C0042164	1	C11	train	test	train	train	train	train	train	train	train	train
DB01234	C0079744	1	C04	train	train	train	valid	train	train	valid	train	train	train
DB01234	C0405580	1	C19	train	train	test	test	train	train	train	train	train	train
DB01234	C0702166	1	C17	valid	train	valid	train	train	valid	train	train	train	test
DB01234	C1260899	1	C15	train	train	train	valid	train	train	valid	train	train	train
DB01234	C1527311	1	C10	train	train	train	train	train	train	test	train	test	valid
DB01235	C0030567	1	C10	train	train	train	train	train	train	test	train	test	valid
DB01235	C0242422	1	C10	train	train	train	train	train	train	test	train	test	valid
DB01237	C0018621	1	C08	train	train	train	train	train	train	train	test	train	train
DB01237	C0020517	1	C20	train	train	test	train	valid	train	train	train	train	train
DB01237	C0021603	1	C10	train	train	train	train	train	train	test	train	test	valid
DB01237	C0035457	1	C08	train	train	train	train	train	train	train	test	train	train
DB01237	C0042109	1	C17	valid	train	valid	train	train	valid	train	train	train	test
DB01238	C0004352	1	F03	train	train	train	train	train	train	valid	train	valid	train
DB01238	C0005586	1	F03	train	train	train	train	train	train	valid	train	valid	train
DB01239	C0005586	1	F03	train	train	train	train	train	train	valid	train	valid	train
DB01239	C0036341	1	F03	train	train	train	train	train	train	valid	train	valid	train
DB01240	C0034150	1	C23	valid	train	test	train	train	train	train	train	train	train
DB01240	C0035222	1	C08	train	train	train	train	train	train	train	test	train	train
DB01240	C0035455	1	C08	train	train	train	train	train	train	train	test	train	train
DB01240	C0036421	1	C17	valid	train	valid	train	train	valid	train	train	train	test
DB01240	C2973725	1	C08	train	train	train	train	train	train	train	test	train	train
DB01241	C0020443	1	C18	train	train	train	train	train	test	train	test	valid	train
DB01241	C0020473	1	C18	train	train	train	train	train	test	train	test	valid	train
DB01241	C0020476	1	C18	train	train	train	train	train	test	train	test	valid	train
DB01241	C0020480	1	C18	train	train	train	train	train	test	train	test	valid	train
DB01241	C0020481	1	C18	train	train	train	train	train	test	train	test	valid	train
DB01241	C0020557	1	C18	train	train	train	train	train	test	train	test	valid	train
DB01241	C0030305	1	C06	train	train	train	train	train	train	train	train	train	test
DB01242	C0027404	1	C10	train	train	train	train	train	train	test	train	test	valid
DB01242	C0150055	1	C23	valid	train	test	train	train	train	train	train	train	train
DB01243	C0011991	1	C23	valid	train	test	train	train	train	train	train	train	train
DB01243	C0014356	1	C06	train	train	train	train	train	train	train	train	train	test
DB01243	C0036508	1	C17	valid	train	valid	train	train	valid	train	train	train	test
DB01244	C0002962	1	C14	test	test	train	train	test	train	train	valid	train	train
DB01244	C0003811	1	C14	test	test	train	train	test	train	train	valid	train	train
DB01246	C0002994	1	C14	test	test	train	train	test	train	train	valid	train	train
DB01246	C0011615	1	C17	valid	train	valid	train	train	valid	train	train	train	test
DB01246	C0033774	1	C17	valid	train	valid	train	train	valid	train	train	train	test
DB01246	C0035457	1	C08	train	train	train	train	train	train	train	test	train	train
DB01247	C1269683	1	F03	train	train	train	train	train	train	valid	train	valid	train
DB01248	C0007131	1	C08	train	train	train	train	train	train	train	test	train	train
DB01248	C0018671	1	C04	train	train	train	valid	train	train	valid	train	train	train
DB01248	C0025202	1	C04	train	train	train	valid	train	train	valid	train	train	train
DB01248	C0030297	1	C04	train	train	train	valid	train	train	valid	train	train	train
DB01248	C0038356	1	C06	train	train	train	train	train	train	train	train	train	test
DB01248	C0278996	1	C04	train	train	train	valid	train	train	valid	train	train	train
DB01248	C0376358	1	C12	train	train	train	test	valid	train	train	train	train	train
DB01248	C0678222	1	C04	train	train	train	valid	train	train	valid	train	train	train
DB01248	C0919267	1	C12	train	train	train	test	valid	train	train	train	train	train
DB01250	C0009324	1	C06	train	train	train	train	train	train	train	train	train	test
DB01251	C0011849	1	C18	train	train	train	train	train	test	train	test	valid	train
DB01251	C0011860	1	C18	train	train	train	train	train	test	train	test	valid	train
DB01251	C0020456	1	C18	train	train	train	train	train	test	train	test	valid	train
DB01252	C0011849	1	C18	train	train	train	train	train	test	train	test	valid	train
DB01252	C0011860	1	C18	train	train	train	train	train	test	train	test	valid	train
DB01253	C0149931	1	C10	train	train	train	train	train	train	test	train	test	valid
DB01254	C0005699	1	C04	train	train	train	valid	train	train	valid	train	train	train
DB01254	C0023472	1	C15	train	train	train	valid	train	train	valid	train	train	train
DB01257	C0024790	1	C15	train	train	train	valid	train	train	valid	train	train	train
DB01260	C0004096	1	C08	train	train	train	train	train	train	train	test	train	train
DB01260	C0010346	1	C06	train	train	train	train	train	train	train	train	train	test
DB01260	C0011615	1	C17	valid	train	valid	train	train	valid	train	train	train	test
DB01260	C0011616	1	C17	valid	train	valid	train	train	valid	train	train	train	test
DB01260	C0015230	1	C17	valid	train	valid	train	train	valid	train	train	train	test
DB01260	C0015456	1	C17	valid	train	valid	train	train	valid	train	train	train	test
DB01260	C0024138	1	C17	valid	train	valid	train	train	valid	train	train	train	test
DB01260	C0036508	1	C17	valid	train	valid	train	train	valid	train	train	train	test
DB01261	C0011860	1	C18	train	train	train	train	train	test	train	test	valid	train
DB01261	C0020456	1	C18	train	train	train	train	train	test	train	test	valid	train
DB01262	C0002871	1	C15	train	train	train	valid	train	train	valid	train	train	train
DB01262	C0002893	1	C15	train	train	train	valid	train	train	valid	train	train	train
DB01262	C0002894	1	C15	train	train	train	valid	train	train	valid	train	train	train
DB01262	C0023467	1	C04	train	train	train	valid	train	train	valid	train	train	train
DB01262	C0023480	1	C15	train	train	train	valid	train	train	valid	train	train	train
DB01263	C0018133	1	C20	train	train	test	train	valid	train	train	train	train	train
DB01263	C0376545	1	C04	train	train	train	valid	train	train	valid	train	train	train
DB01265	C0524909	1	C01	train	train	train	train	train	train	train	train	train	train
DB01267	C0033975	1	F03	train	train	train	train	train	train	valid	train	valid	train
DB01267	C0036337	1	F03	train	train	train	train	train	train	valid	train	valid	train
DB01267	C0036341	1	F03	train	train	train	train	train	train	valid	train	valid	train
DB01268	C0007134	1	C12	train	train	train	test	valid	train	train	train	train	train
DB01270	C0011884	1	C11	train	test	train	train	train	train	train	train	train	train
DB01270	C0242383	1	C11	train	test	train	train	train	train	train	train	train	train
DB01274	C0004096	1	C08	train	train	train	train	train	train	train	test	train	train
DB01274	C0008677	1	C08	train	train	train	train	train	train	train	test	train	train
DB01274	C0024117	1	C08	train	train	train	train	train	train	train	test	train	train
DB01275	C0018802	1	C14	test	test	train	train	test	train	train	valid	train	train
DB01275	C0020538	1	C14	test	test	train	train	test	train	train	valid	train	train
DB01275	C0020542	1	C08	train	train	train	train	train	train	train	test	train	train
DB01275	C0085580	1	C14	test	test	train	train	test	train	train	valid	train	train
DB01276	C0011849	1	C18	train	train	train	train	train	test	train	test	valid	train
DB01277	C0002736	1	C10	train	train	train	train	train	train	test	train	test	valid
DB01277	C0271568	1	C05	train	valid	valid	train	train	test	train	train	train	train
DB01278	C0011849	1	C18	train	train	train	train	train	test	train	test	valid	train
DB01278	C0020456	1	C18	train	train	train	train	train	test	train	test	valid	train
DB01279	C0026709	1	C16	train	test	train	valid	train	valid	train	test	train	train
DB01280	C1961099	1	C15	train	train	train	valid	train	train	valid	train	train	train
DB01281	C0003873	1	C05	train	valid	valid	train	train	test	train	train	train	train
DB01281	C3495559	1	C05	train	valid	valid	train	train	test	train	train	train	train
DB01282	C0019080	1	C23	valid	train	test	train	train	train	train	train	train	train
DB01282	C0032897	1	C16	train	test	train	valid	train	valid	train	test	train	train
DB01283	C0029408	1	C05	train	valid	valid	train	train	test	train	train	train	train
DB01283	C0409959	1	C05	train	valid	valid	train	train	test	train	train	train	train
DB01284	C0405580	1	C19	train	train	test	test	train	train	train	train	train	train
DB01285	C0038325	1	C17	valid	train	valid	train	train	valid	train	train	train	test
DB01288	C0004096	1	C08	train	train	train	train	train	train	train	test	train	train
DB01288	C0022876	1	C12	train	train	train	test	valid	train	train	train	train	train
DB01291	C0004096	1	C08	train	train	train	train	train	train	train	test	train	train
DB01291	C0006267	1	C08	train	train	train	train	train	train	train	test	train	train
DB01291	C0024115	1	C08	train	train	train	train	train	train	train	test	train	train
DB01295	C0002962	1	C14	test	test	train	train	test	train	train	valid	train	train
DB01295	C0003811	1	C14	test	test	train	train	test	train	train	valid	train	train
DB01296	C0003862	1	C05	train	valid	valid	train	train	test	train	train	train	train
DB01296	C0003873	1	C05	train	valid	valid	train	train	test	train	train	train	train
DB01296	C0231528	1	C05	train	valid	valid	train	train	test	train	train	train	train
DB01297	C0003811	1	C14	test	test	train	train	test	train	train	valid	train	train
DB01303	C0003578	1	C08	train	train	train	train	train	train	train	test	train	train
DB01303	C0004096	1	C08	train	train	train	train	train	train	train	test	train	train
DB01303	C0034067	1	C23	valid	train	test	train	train	train	train	train	train	train
DB01307	C0011849	1	C18	train	train	train	train	train	test	train	test	valid	train
DB01307	C0011854	1	C18	train	train	train	train	train	test	train	test	valid	train
DB01307	C0011860	1	C18	train	train	train	train	train	test	train	test	valid	train
DB01307	C0020456	1	C18	train	train	train	train	train	test	train	test	valid	train
DB01309	C0011849	1	C18	train	train	train	train	train	test	train	test	valid	train
DB01309	C0020456	1	C18	train	train	train	train	train	test	train	test	valid	train
DB01320	C0014544	1	C10	train	train	train	train	train	train	test	train	test	valid
DB01320	C0036572	1	C10	train	train	train	train	train	train	test	train	test	valid
DB01320	C0038220	1	C10	train	train	train	train	train	train	test	train	test	valid
DB01324	C0013604	1	C23	valid	train	test	train	train	train	train	train	train	train
DB01324	C0018802	1	C14	test	test	train	train	test	train	train	valid	train	train
DB01324	C0020538	1	C14	test	test	train	train	test	train	train	valid	train	train
DB01324	C0022661	1	C12	train	train	train	test	valid	train	train	train	train	train
DB01324	C0023890	1	C06	train	train	train	train	train	train	train	train	train	test
DB01325	C0013604	1	C23	valid	train	test	train	train	train	train	train	train	train
DB01325	C0018802	1	C14	test	test	train	train	test	train	train	valid	train	train
DB01325	C0027726	1	C12	train	train	train	test	valid	train	train	train	train	train
DB01327	C0008311	1	C06	train	train	train	train	train	train	train	train	train	test
DB01333	C0032285	1	C08	train	train	train	train	train	train	train	test	train	train
DB01333	C0033581	1	C12	train	train	train	test	valid	train	train	train	train	train
DB01333	C0042029	1	C12	train	train	train	test	valid	train	train	train	train	train
DB01340	C0018802	1	C14	test	test	train	train	test	train	train	valid	train	train
DB01340	C0020538	1	C14	test	test	train	train	test	train	train	valid	train	train
DB01349	C0018801	1	C14	test	test	train	train	test	train	train	valid	train	train
DB01349	C0020538	1	C14	test	test	train	train	test	train	train	valid	train	train
DB01351	C0014544	1	C10	train	train	train	train	train	train	test	train	test	valid
DB01351	C0021603	1	C10	train	train	train	train	train	train	test	train	test	valid
DB01351	C0038220	1	C10	train	train	train	train	train	train	test	train	test	valid
DB01351	C0917801	1	C10	train	train	train	train	train	train	test	train	test	valid
DB01352	C0021603	1	C10	train	train	train	train	train	train	test	train	test	valid
DB01352	C0917801	1	C10	train	train	train	train	train	train	test	train	test	valid
DB01353	C0917801	1	C10	train	train	train	train	train	train	test	train	test	valid
DB01356	C0003873	1	C05	train	valid	valid	train	train	test	train	train	train	train
DB01356	C0005586	1	F03	train	train	train	train	train	train	valid	train	valid	train
DB01356	C0013390	1	C23	valid	train	test	train	train	train	train	train	train	train
DB01356	C0015967	1	C23	valid	train	test	train	train	train	train	train	train	train
DB01356	C0029408	1	C05	train	valid	valid	train	train	test	train	train	train	train
DB01356	C0030193	1	C23	valid	train	test	train	train	train	train	train	train	train
DB01357	C0014175	1	C12	train	train	train	test	valid	train	train	train	train	train
DB01357	C0025323	1	C12	train	train	train	test	valid	train	train	train	train	train
DB01359	C0020538	1	C14	test	test	train	train	test	train	train	valid	train	train
DB01359	C0027051	1	C14	test	test	train	train	test	train	train	valid	train	train
DB01364	C0018621	1	C08	train	train	train	train	train	train	train	test	train	train
DB01364	C0020649	1	C14	test	test	train	train	test	train	train	valid	train	train
DB01364	C0027404	1	C10	train	train	train	train	train	train	test	train	test	valid
DB01364	C0028754	1	C18	train	train	train	train	train	test	train	test	valid	train
DB01364	C0035455	1	C08	train	train	train	train	train	train	train	test	train	train
DB01365	C0020649	1	C14	test	test	train	train	test	train	train	valid	train	train
DB01366	C0004096	1	C08	train	train	train	train	train	train	train	test	train	train
DB01366	C0024117	1	C08	train	train	train	train	train	train	train	test	train	train
DB01367	C0030567	1	C10	train	train	train	train	train	train	test	train	test	valid
DB01378	C0024473	1	C18	train	train	train	train	train	test	train	test	valid	train
DB01380	C0001403	1	C19	train	train	test	test	train	train	train	train	train	train
DB01380	C0001623	1	C19	train	train	test	test	train	train	train	train	train	train
DB01380	C0001627	1	C12	train	train	train	test	valid	train	train	train	train	train
DB01380	C0002875	1	C15	train	train	train	valid	train	train	valid	train	train	train
DB01380	C0002880	1	C15	train	train	train	valid	train	train	valid	train	train	train
DB01380	C0002994	1	C14	test	test	train	train	test	train	train	valid	train	train
DB01380	C0003868	1	C05	train	valid	valid	train	train	test	train	train	train	train
DB01380	C0003872	1	C05	train	valid	valid	train	train	test	train	train	train	train
DB01380	C0003873	1	C05	train	valid	valid	train	train	test	train	train	train	train
DB01380	C0004096	1	C08	train	train	train	train	train	train	train	test	train	train
DB01380	C0004364	1	C20	train	train	test	train	valid	train	train	train	train	train
DB01380	C0005138	1	C08	train	train	train	train	train	train	train	test	train	train
DB01380	C0006114	1	C10	train	train	train	train	train	train	test	train	test	valid
DB01380	C0009324	1	C06	train	train	train	train	train	train	train	train	train	test
DB01380	C0009763	1	C11	train	test	train	train	train	train	train	train	train	train
DB01380	C0010043	1	C11	train	test	train	train	train	train	train	train	train	train
DB01380	C0010346	1	C06	train	train	train	train	train	train	train	train	train	test
DB01380	C0011606	1	C17	valid	train	valid	train	train	valid	train	train	train	test
DB01380	C0011616	1	C17	valid	train	valid	train	train	valid	train	train	train	test
DB01380	C0014742	1	C17	valid	train	valid	train	train	valid	train	train	train	test
DB01380	C0015230	1	C17	valid	train	valid	train	train	valid	train	train	train	test
DB01380	C0015397	1	C11	train	test	train	train	train	train	train	train	train	train
DB01380	C0017563	1	C07	train	test	valid	train	train	train	train	train	train	train
DB01380	C0019112	1	C06	train	train	train	train	train	train	train	train	train	test
DB01380	C0019829	1	C04	train	train	train	valid	train	train	valid	train	train	train
DB01380	C0020517	1	C20	train	train	test	train	valid	train	train	train	train	train
DB01380	C0021390	1	C06	train	train	train	train	train	train	train	train	train	test
DB01380	C0022073	1	C11	train	test	train	train	train	train	train	train	train	train
DB01380	C0022568	1	C11	train	test	train	train	train	train	train	train	train	train
DB01380	C0023052	1	C08	train	train	train	train	train	train	train	test	train	train
DB01380	C0023449	1	C15	train	train	train	valid	train	train	valid	train	train	train
DB01380	C0024138	1	C17	valid	train	valid	train	train	valid	train	train	train	test
DB01380	C0024141	1	C17	valid	train	valid	train	train	valid	train	train	train	test
DB01380	C0024301	1	C04	train	train	train	valid	train	train	valid	train	train	train
DB01380	C0024305	1	C04	train	train	train	valid	train	train	valid	train	train	train
DB01380	C0025289	1	C10	train	train	train	train	train	train	test	train	test	valid
DB01380	C0026769	1	C10	train	train	train	train	train	train	test	train	test	valid
DB01380	C0026948	1	C04	train	train	train	valid	train	train	valid	train	train	train
DB01380	C0027726	1	C12	train	train	train	test	valid	train	train	train	train	train
DB01380	C0029408	1	C05	train	valid	valid	train	train	test	train	train	train	train
DB01380	C0035854	1	C17	valid	train	valid	train	train	valid	train	train	train	test
DB01380	C0036202	1	C15	train	train	train	valid	train	train	valid	train	train	train
DB01380	C0036508	1	C17	valid	train	valid	train	train	valid	train	train	train	test
DB01380	C0036830	1	C17	valid	train	valid	train	train	valid	train	train	train	test
DB01380	C0037274	1	C17	valid	train	valid	train	train	valid	train	train	train	test
DB01380	C0038013	1	C05	train	valid	valid	train	train	test	train	train	train	train
DB01380	C0038363	1	C07	train	test	valid	train	train	train	train	train	train	train
DB01380	C0039103	1	C05	train	valid	valid	train	train	test	train	train	train	train
DB01380	C0040147	1	C19	train	train	test	test	train	train	train	train	train	train
DB01380	C0042109	1	C17	valid	train	valid	train	train	valid	train	train	train	test
DB01380	C0042164	1	C11	train	test	train	train	train	train	train	train	train	train
DB01380	C0405580	1	C19	train	train	test	test	train	train	train	train	train	train
DB01380	C1260899	1	C15	train	train	train	valid	train	train	valid	train	train	train
DB01382	C0011860	1	C18	train	train	train	train	train	test	train	test	valid	train
DB01382	C0020456	1	C18	train	train	train	train	train	test	train	test	valid	train
DB01392	C0242350	1	C12	train	train	train	test	valid	train	train	train	train	train
DB01392	C0428977	1	C14	test	test	train	train	test	train	train	valid	train	train
DB01393	C0011849	1	C18	train	train	train	train	train	test	train	test	valid	train
DB01393	C0020443	1	C18	train	train	train	train	train	test	train	test	valid	train
DB01393	C0020473	1	C18	train	train	train	train	train	test	train	test	valid	train
DB01393	C0020476	1	C18	train	train	train	train	train	test	train	test	valid	train
DB01393	C0020479	1	C18	train	train	train	train	train	test	train	test	valid	train
DB01393	C0020480	1	C18	train	train	train	train	train	test	train	test	valid	train
DB01393	C0020481	1	C18	train	train	train	train	train	test	train	test	valid	train
DB01393	C0745103	1	C18	train	train	train	train	train	test	train	test	valid	train
DB01393	C1704417	1	C18	train	train	train	train	train	test	train	test	valid	train
DB01394	C0015967	1	C23	valid	train	test	train	train	train	train	train	train	train
DB01394	C0018099	1	C05	train	valid	valid	train	train	test	train	train	train	train
DB01395	C0020428	1	C19	train	train	test	test	train	train	train	train	train	train
DB01396	C0003811	1	C14	test	test	train	train	test	train	train	valid	train	train
DB01396	C0004238	1	C14	test	test	train	train	test	train	train	valid	train	train
DB01396	C0004239	1	C14	test	test	train	train	test	train	train	valid	train	train
DB01396	C0018801	1	C14	test	test	train	train	test	train	train	valid	train	train
DB01396	C0018802	1	C14	test	test	train	train	test	train	train	valid	train	train
DB01396	C0039240	1	C14	test	test	train	train	test	train	train	valid	train	train
DB01397	C0003862	1	C05	train	valid	valid	train	train	test	train	train	train	train
DB01397	C0003873	1	C05	train	valid	valid	train	train	test	train	train	train	train
DB01397	C0013390	1	C23	valid	train	test	train	train	train	train	train	train	train
DB01397	C0015967	1	C23	valid	train	test	train	train	train	train	train	train	train
DB01397	C0029408	1	C05	train	valid	valid	train	train	test	train	train	train	train
DB01397	C0030193	1	C23	valid	train	test	train	train	train	train	train	train	train
DB01397	C0039103	1	C05	train	valid	valid	train	train	test	train	train	train	train
DB01399	C0003864	1	C05	train	valid	valid	train	train	test	train	train	train	train
DB01399	C0003873	1	C05	train	valid	valid	train	train	test	train	train	train	train
DB01399	C0029408	1	C05	train	valid	valid	train	train	test	train	train	train	train
DB01400	C0017601	1	C11	train	test	train	train	train	train	train	train	train	train
DB01400	C0026896	1	C10	train	train	train	train	train	train	test	train	test	valid
DB01400	C0080274	1	C12	train	train	train	test	valid	train	train	train	train	train
DB01401	C0003864	1	C05	train	valid	valid	train	train	test	train	train	train	train
DB01403	C0005586	1	F03	train	train	train	train	train	train	valid	train	valid	train
DB01403	C0027497	1	C23	valid	train	test	train	train	train	train	train	train	train
DB01403	C0036341	1	F03	train	train	train	train	train	train	valid	train	valid	train
DB01403	C0917801	1	C10	train	train	train	train	train	train	test	train	test	valid
DB01404	C0242350	1	C12	train	train	train	test	valid	train	train	train	train	train
DB01406	C0002994	1	C14	test	test	train	train	test	train	train	valid	train	train
DB01406	C0013604	1	C23	valid	train	test	train	train	train	train	train	train	train
DB01406	C0014175	1	C12	train	train	train	test	valid	train	train	train	train	train
DB01407	C0004096	1	C08	train	train	train	train	train	train	train	test	train	train
DB01408	C0004096	1	C08	train	train	train	train	train	train	train	test	train	train
DB01408	C0022876	1	C12	train	train	train	test	valid	train	train	train	train	train
DB01408	C0034067	1	C23	valid	train	test	train	train	train	train	train	train	train
DB01409	C0004096	1	C08	train	train	train	train	train	train	train	test	train	train
DB01409	C0008677	1	C08	train	train	train	train	train	train	train	test	train	train
DB01409	C0024117	1	C08	train	train	train	train	train	train	train	test	train	train
DB01409	C0034067	1	C23	valid	train	test	train	train	train	train	train	train	train
DB01410	C0004096	1	C08	train	train	train	train	train	train	train	test	train	train
DB01410	C0018621	1	C08	train	train	train	train	train	train	train	test	train	train
DB01410	C0020517	1	C20	train	train	test	train	valid	train	train	train	train	train
DB01410	C0035457	1	C08	train	train	train	train	train	train	train	test	train	train
DB01411	C0004096	1	C08	train	train	train	train	train	train	train	test	train	train
DB01412	C0004096	1	C08	train	train	train	train	train	train	train	test	train	train
DB01418	C0040038	1	C14	test	test	train	train	test	train	train	valid	train	train
DB01418	C0040053	1	C14	test	test	train	train	test	train	train	valid	train	train
DB01420	C0010417	1	C12	train	train	train	test	valid	train	train	train	train	train
DB01420	C0034012	1	C19	train	train	test	test	train	train	train	train	train	train
DB01425	C0027497	1	C23	valid	train	test	train	train	train	train	train	train	train
DB01426	C0003811	1	C14	test	test	train	train	test	train	train	valid	train	train
DB01426	C0043202	1	C14	test	test	train	train	test	train	train	valid	train	train
DB01427	C0007193	1	C14	test	test	train	train	test	train	train	valid	train	train
DB01427	C0018802	1	C14	test	test	train	train	test	train	train	valid	train	train
DB01427	C0036980	1	C23	valid	train	test	train	train	train	train	train	train	train
DB01429	C0003811	1	C14	test	test	train	train	test	train	train	valid	train	train
DB01430	C0024117	1	C08	train	train	train	train	train	train	train	test	train	train
DB01430	C0235063	1	C08	train	train	train	train	train	train	train	test	train	train
DB01431	C0000786	1	C12	train	train	train	test	valid	train	train	train	train	train
DB01431	C0022876	1	C12	train	train	train	test	valid	train	train	train	train	train
DB01435	C0029882	1	C09	train	train	train	train	test	train	train	train	train	train
DB01436	C0020502	1	C19	train	train	test	test	train	train	train	train	train	train
DB01436	C0020626	1	C19	train	train	test	test	train	train	train	train	train	train
DB01436	C0042842	1	C18	train	train	train	train	train	test	train	test	valid	train
DB01436	C0042870	1	C18	train	train	train	train	train	test	train	test	valid	train
DB01437	C0021603	1	C10	train	train	train	train	train	train	test	train	test	valid
DB01437	C0917801	1	C10	train	train	train	train	train	train	test	train	test	valid
DB01438	C0013428	1	C23	valid	train	test	train	train	train	train	train	train	train
DB01440	C0027404	1	C10	train	train	train	train	train	train	test	train	test	valid
DB01440	C0751362	1	C10	train	train	train	train	train	train	test	train	test	valid
DB01452	C0027051	1	C14	test	test	train	train	test	train	train	valid	train	train
DB01452	C0150055	1	C23	valid	train	test	train	train	train	train	train	train	train
DB01483	C0036572	1	C10	train	train	train	train	train	train	test	train	test	valid
DB01576	C0027404	1	C10	train	train	train	train	train	train	test	train	test	valid
DB01577	C0027404	1	C10	train	train	train	train	train	train	test	train	test	valid
DB01577	C0028754	1	C18	train	train	train	train	train	test	train	test	valid	train
DB01579	C0028754	1	C18	train	train	train	train	train	test	train	test	valid	train
DB01580	C0002962	1	C14	test	test	train	train	test	train	train	valid	train	train
DB01580	C0003467	1	F01	train	train	train	train	train	train	valid	train	train	train
DB01580	C0003811	1	C14	test	test	train	train	test	train	train	valid	train	train
DB01580	C0020538	1	C14	test	test	train	train	test	train	train	valid	train	train
DB01586	C0008312	1	C06	train	train	train	train	train	train	train	train	train	test
DB01586	C0008350	1	C06	train	train	train	train	train	train	train	train	train	test
DB01586	C0023892	1	C06	train	train	train	train	train	train	train	train	train	test
DB01588	C0001957	1	C25	train	train	test	train	train	train	valid	valid	train	train
DB01588	C0003467	1	F01	train	train	train	train	train	train	valid	train	train	train
DB01588	C0013295	1	C06	train	train	train	train	train	train	train	train	train	test
DB01588	C0917801	1	C10	train	train	train	train	train	train	test	train	test	valid
DB01589	C0917801	1	C10	train	train	train	train	train	train	test	train	test	valid
DB01590	C0007134	1	C12	train	train	train	test	valid	train	train	train	train	train
DB01590	C0678222	1	C04	train	train	train	valid	train	train	valid	train	train	train
DB01591	C0042024	1	C12	train	train	train	test	valid	train	train	train	train	train
DB01593	C0042345	1	C14	test	test	train	train	test	train	train	valid	train	train
DB01595	C0014550	1	C10	train	train	train	train	train	train	test	train	test	valid
DB01595	C0917801	1	C10	train	train	train	train	train	train	test	train	test	valid
DB01599	C0020443	1	C18	train	train	train	train	train	test	train	test	valid	train
DB01599	C0020473	1	C18	train	train	train	train	train	test	train	test	valid	train
DB01599	C0020476	1	C18	train	train	train	train	train	test	train	test	valid	train
DB01600	C0003873	1	C05	train	valid	valid	train	train	test	train	train	train	train
DB01600	C0029408	1	C05	train	valid	valid	train	train	test	train	train	train	train
DB01600	C0030193	1	C23	valid	train	test	train	train	train	train	train	train	train
DB01609	C0005283	1	C15	train	train	train	valid	train	train	valid	train	train	train
DB01609	C0282193	1	C18	train	train	train	train	train	test	train	test	valid	train
DB01611	C0003873	1	C05	train	valid	valid	train	train	test	train	train	train	train
DB01611	C0024138	1	C17	valid	train	valid	train	train	valid	train	train	train	test
DB01611	C0024141	1	C17	valid	train	valid	train	train	valid	train	train	train	test
DB01616	C0006142	1	C04	train	train	train	valid	train	train	valid	train	train	train
DB01616	C0022104	1	C06	train	train	train	train	train	train	train	train	train	test
DB01618	C0036341	1	F03	train	train	train	train	train	train	valid	train	valid	train
DB01619	C0015230	1	C17	valid	train	valid	train	train	valid	train	train	train	test
DB01619	C0020517	1	C20	train	train	test	train	valid	train	train	train	train	train
DB01619	C0033774	1	C17	valid	train	valid	train	train	valid	train	train	train	test
DB01619	C0042109	1	C17	valid	train	valid	train	train	valid	train	train	train	test
DB01620	C0015967	1	C23	valid	train	test	train	train	train	train	train	train	train
DB01620	C0018621	1	C08	train	train	train	train	train	train	train	test	train	train
DB01620	C0020517	1	C20	train	train	test	train	valid	train	train	train	train	train
DB01620	C0033774	1	C17	valid	train	valid	train	train	valid	train	train	train	test
DB01620	C0042109	1	C17	valid	train	valid	train	train	valid	train	train	train	test
DB01621	C0036341	1	F03	train	train	train	train	train	train	valid	train	valid	train
DB01622	C0036341	1	F03	train	train	train	train	train	train	valid	train	valid	train
DB01623	C0036341	1	F03	train	train	train	train	train	train	valid	train	valid	train
DB01624	C0005586	1	F03	train	train	train	train	train	train	valid	train	valid	train
DB01624	C0036341	1	F03	train	train	train	train	train	train	valid	train	valid	train
DB01625	C0008350	1	C06	train	train	train	train	train	train	train	train	train	test
DB01625	C0017152	1	C06	train	train	train	train	train	train	train	train	train	test
DB01625	C0022104	1	C06	train	train	train	train	train	train	train	train	train	test
DB01625	C0030920	1	C06	train	train	train	train	train	train	train	train	train	test
DB01626	C0020538	1	C14	test	test	train	train	test	train	train	valid	train	train
DB01628	C0003864	1	C05	train	valid	valid	train	train	test	train	train	train	train
DB01628	C0003872	1	C05	train	valid	valid	train	train	test	train	train	train	train
DB01628	C0003873	1	C05	train	valid	valid	train	train	test	train	train	train	train
DB01628	C0018099	1	C05	train	valid	valid	train	train	test	train	train	train	train
DB01628	C0038013	1	C05	train	valid	valid	train	train	test	train	train	train	train
DB01656	C0004096	1	C08	train	train	train	train	train	train	train	test	train	train
DB01685	C0018099	1	C05	train	valid	valid	train	train	test	train	train	train	train
DB01685	C0740394	1	C23	valid	train	test	train	train	train	train	train	train	train
DB01708	C0001623	1	C19	train	train	test	test	train	train	train	train	train	train
DB01708	C0024141	1	C17	valid	train	valid	train	train	valid	train	train	train	test
DB01708	C0029453	1	C05	train	valid	valid	train	train	test	train	train	train	train
DB01708	C0029456	1	C05	train	valid	valid	train	train	test	train	train	train	train
DB01708	C0149745	1	C07	train	test	valid	train	train	train	train	train	train	train
DB01708	C0242350	1	C12	train	train	train	test	valid	train	train	train	train	train
DB01744	C0004604	1	C23	valid	train	test	train	train	train	train	train	train	train
DB01839	C0022638	1	C18	train	train	train	train	train	test	train	test	valid	train
DB01956	C0003467	1	F01	train	train	train	train	train	train	valid	train	train	train
DB01956	C0917801	1	C10	train	train	train	train	train	train	test	train	test	valid
DB02530	C0014544	1	C10	train	train	train	train	train	train	test	train	test	valid
DB02638	C0020649	1	C14	test	test	train	train	test	train	train	valid	train	train
DB02659	C0005424	1	C06	train	train	train	train	train	train	train	train	train	test
DB02659	C0008350	1	C06	train	train	train	train	train	train	train	train	train	test
DB02659	C0009806	1	C23	valid	train	test	train	train	train	train	train	train	train
DB02659	C0043459	1	C12	train	train	train	test	valid	train	train	train	train	train
DB02659	C0238052	1	C18	train	train	train	train	train	test	train	test	valid	train
DB02659	C0282528	1	C16	train	test	train	valid	train	valid	train	test	train	train
DB02701	C0020473	1	C18	train	train	train	train	train	test	train	test	valid	train
DB02701	C0702166	1	C17	valid	train	valid	train	train	valid	train	train	train	test
DB02709	C0596263	1	C04	train	train	train	valid	train	train	valid	train	train	train
DB03017	C0014356	1	C06	train	train	train	train	train	train	train	train	train	test
DB03017	C0702166	1	C17	valid	train	valid	train	train	valid	train	train	train	test
DB03085	C0022593	1	C17	valid	train	valid	train	train	valid	train	train	train	test
DB03128	C0015672	1	C23	valid	train	test	train	train	train	train	train	train	train
DB03128	C0017601	1	C11	train	test	train	train	train	train	train	train	train	train
DB03128	C0018681	1	C23	valid	train	test	train	train	train	train	train	train	train
DB03255	C0033774	1	C17	valid	train	valid	train	train	valid	train	train	train	test
DB03255	C0038363	1	C07	train	test	valid	train	train	train	train	train	train	train
DB03255	C0042345	1	C14	test	test	train	train	test	train	train	valid	train	train
DB03793	C0011633	1	C17	valid	train	valid	train	train	valid	train	train	train	test
DB03793	C0030807	1	C17	valid	train	valid	train	train	valid	train	train	train	test
DB03793	C0030848	1	C12	train	train	train	test	valid	train	train	train	train	train
DB03793	C0220994	1	C23	valid	train	test	train	train	train	train	train	train	train
DB03852	C0017574	1	C01	train	train	train	train	train	train	train	train	train	train
DB03904	C0011603	1	C17	valid	train	valid	train	train	valid	train	train	train	test
DB03904	C0011616	1	C17	valid	train	valid	train	train	valid	train	train	train	test
DB03904	C0015230	1	C17	valid	train	valid	train	train	valid	train	train	train	test
DB03904	C0020757	1	C16	train	test	train	valid	train	valid	train	test	train	train
DB03904	C0022593	1	C17	valid	train	valid	train	train	valid	train	train	train	test
DB03904	C0028840	1	C11	train	test	train	train	train	train	train	train	train	train
DB03904	C0033860	1	C17	valid	train	valid	train	train	valid	train	train	train	test
DB03904	C0036508	1	C17	valid	train	valid	train	train	valid	train	train	train	test
DB03904	C0079584	1	C17	valid	train	valid	train	train	valid	train	train	train	test
DB03904	C0151740	1	C10	train	train	train	train	train	train	test	train	test	valid
DB04106	C0025202	1	C04	train	train	train	valid	train	train	valid	train	train	train
DB04115	C0014356	1	C06	train	train	train	train	train	train	train	train	train	test
DB04115	C0042345	1	C14	test	test	train	train	test	train	train	valid	train	train
DB04216	C0015672	1	C23	valid	train	test	train	train	train	train	train	train	train
DB04272	C0001126	1	C12	train	train	train	test	valid	train	train	train	train	train
DB04272	C0020517	1	C20	train	train	test	train	valid	train	train	train	train	train
DB04272	C0042035	1	C12	train	train	train	test	valid	train	train	train	train	train
DB04465	C0022951	1	C18	train	train	train	train	train	test	train	test	valid	train
DB04519	C0014356	1	C06	train	train	train	train	train	train	train	train	train	test
DB04552	C0003862	1	C05	train	valid	valid	train	train	test	train	train	train	train
DB04552	C0003873	1	C05	train	valid	valid	train	train	test	train	train	train	train
DB04552	C0231528	1	C05	train	valid	valid	train	train	test	train	train	train	train
DB04572	C0001418	1	C04	train	train	train	valid	train	train	valid	train	train	train
DB04572	C0005695	1	C12	train	train	train	test	valid	train	train	train	train	train
DB04572	C0019829	1	C04	train	train	train	valid	train	train	valid	train	train	train
DB04572	C0024299	1	C04	train	train	train	valid	train	train	valid	train	train	train
DB04572	C0024305	1	C04	train	train	train	valid	train	train	valid	train	train	train
DB04572	C1140680	1	C12	train	train	train	test	valid	train	train	train	train	train
DB04572	C1261473	1	C04	train	train	train	valid	train	train	valid	train	train	train
DB04575	C0376358	1	C12	train	train	train	test	valid	train	train	train	train	train
DB04576	C0011991	1	C23	valid	train	test	train	train	train	train	train	train	train
DB04576	C0014335	1	C06	train	train	train	train	train	train	train	train	train	test
DB04665	C0004096	1	C08	train	train	train	train	train	train	train	test	train	train
DB04665	C0007570	1	C06	train	train	train	train	train	train	train	train	train	test
DB04665	C0009324	1	C06	train	train	train	train	train	train	train	train	train	test
DB04743	C0029408	1	C05	train	valid	valid	train	train	test	train	train	train	train
DB04837	C0035455	1	C08	train	train	train	train	train	train	train	test	train	train
DB04838	C0003850	1	C14	test	test	train	train	test	train	train	valid	train	train
DB04838	C0034734	1	C14	test	test	train	train	test	train	train	valid	train	train
DB04840	C0020544	1	C12	train	train	train	test	valid	train	train	train	train	train
DB04841	C0042571	1	C09	train	train	train	train	test	train	train	train	train	train
DB04841	C1704436	1	C14	test	test	train	train	test	train	train	valid	train	train
DB04842	C0036341	1	F03	train	train	train	train	train	train	valid	train	valid	train
DB04843	C0030920	1	C06	train	train	train	train	train	train	train	train	train	test
DB04843	C0038358	1	C06	train	train	train	train	train	train	train	train	train	test
DB04844	C0008489	1	C10	train	train	train	train	train	train	test	train	test	valid
DB04844	C0020179	1	C10	train	train	train	train	train	train	test	train	test	valid
DB04844	C0026650	1	C10	train	train	train	train	train	train	test	train	test	valid
DB04845	C0006142	1	C04	train	train	train	valid	train	train	valid	train	train	train
DB04845	C0007134	1	C12	train	train	train	test	valid	train	train	train	train	train
DB04845	C0024305	1	C04	train	train	train	valid	train	train	valid	train	train	train
DB04845	C0025202	1	C04	train	train	train	valid	train	train	valid	train	train	train
DB04845	C0278996	1	C04	train	train	train	valid	train	train	valid	train	train	train
DB04845	C0376358	1	C12	train	train	train	test	valid	train	train	train	train	train
DB04845	C0678222	1	C04	train	train	train	valid	train	train	valid	train	train	train
DB04846	C0003811	1	C14	test	test	train	train	test	train	train	valid	train	train
DB04846	C0013720	1	C17	valid	train	valid	train	train	valid	train	train	train	test
DB04846	C0020538	1	C14	test	test	train	train	test	train	train	valid	train	train
DB04854	C0018099	1	C05	train	valid	valid	train	train	test	train	train	train	train
DB04854	C0740394	1	C23	valid	train	test	train	train	train	train	train	train	train
DB04855	C0004238	1	C14	test	test	train	train	test	train	train	valid	train	train
DB04855	C0235480	1	C14	test	test	train	train	test	train	train	valid	train	train
DB04861	C0020538	1	C14	test	test	train	train	test	train	train	valid	train	train
DB04861	C0085580	1	C14	test	test	train	train	test	train	train	valid	train	train
DB04865	C0023467	1	C04	train	train	train	valid	train	train	valid	train	train	train
DB04868	C0023418	1	C04	train	train	train	valid	train	train	valid	train	train	train
DB04871	C0028754	1	C18	train	train	train	train	train	test	train	test	valid	train
DB04876	C0011849	1	C18	train	train	train	train	train	test	train	test	valid	train
DB04876	C0011860	1	C18	train	train	train	train	train	test	train	test	valid	train
DB04876	C0020456	1	C18	train	train	train	train	train	test	train	test	valid	train
DB04878	C0011849	1	C18	train	train	train	train	train	test	train	test	valid	train
DB04878	C0011860	1	C18	train	train	train	train	train	test	train	test	valid	train
DB04878	C0017205	1	C18	train	train	train	train	train	test	train	test	valid	train
DB04878	C0020456	1	C18	train	train	train	train	train	test	train	test	valid	train
DB04880	C0018802	1	C14	test	test	train	train	test	train	train	valid	train	train
DB04890	C0009763	1	C11	train	test	train	train	train	train	train	train	train	train
DB04890	C0020517	1	C20	train	train	test	train	valid	train	train	train	train	train
DB04890	C0042109	1	C17	valid	train	valid	train	train	valid	train	train	train	test
DB04894	C0023890	1	C06	train	train	train	train	train	train	train	train	train	test
DB04896	C0150055	1	C23	valid	train	test	train	train	train	train	train	train	train
DB04898	C0040053	1	C14	test	test	train	train	test	train	train	valid	train	train
DB04899	C0013405	1	C08	train	train	train	train	train	train	train	test	train	train
DB04924	C0003123	1	C23	valid	train	test	train	train	train	train	train	train	train
DB04924	C0018834	1	C23	valid	train	test	train	train	train	train	train	train	train
DB04924	C0027497	1	C23	valid	train	test	train	train	train	train	train	train	train
DB04924	C0042963	1	C23	valid	train	test	train	train	train	train	train	train	train
DB04924	C0152020	1	C06	train	train	train	train	train	train	train	train	train	test
DB04931	C0162568	1	C06	train	train	train	train	train	train	train	train	train	test
DB04931	C0596263	1	C04	train	train	train	valid	train	train	valid	train	train	train
DB04932	C0019156	1	C06	train	train	train	train	train	train	train	train	train	test
DB04932	C0040053	1	C14	test	test	train	train	test	train	train	valid	train	train
DB04938	C0029456	1	C05	train	valid	valid	train	train	test	train	train	train	train
DB04938	C1384606	1	C12	train	train	train	test	valid	train	train	train	train	train
DB04941	C0014356	1	C06	train	train	train	train	train	train	train	train	train	test
DB04942	C0023418	1	C04	train	train	train	valid	train	train	valid	train	train	train
DB04942	C0023487	1	C04	train	train	train	valid	train	train	valid	train	train	train
DB04946	C0036341	1	F03	train	train	train	train	train	train	valid	train	valid	train
DB04951	C1800706	1	C08	train	train	train	train	train	train	train	test	train	train
DB04953	C0014544	1	C10	train	train	train	train	train	train	test	train	test	valid
DB04967	C0036323	1	C01	train	train	train	train	train	train	train	train	train	train
DB05016	C0010674	1	C16	train	test	train	valid	train	valid	train	test	train	train
DB05016	C0013264	1	C16	train	test	train	valid	train	valid	train	test	train	train
DB05039	C0008677	1	C08	train	train	train	train	train	train	train	test	train	train
DB05039	C0024117	1	C08	train	train	train	train	train	train	train	test	train	train
DB05039	C0034067	1	C23	valid	train	test	train	train	train	train	train	train	train
DB05099	C0040053	1	C14	test	test	train	train	test	train	train	valid	train	train
DB05239	C0025202	1	C04	train	train	train	valid	train	train	valid	train	train	train
DB05246	C0014544	1	C10	train	train	train	train	train	train	test	train	test	valid
DB05246	C0036572	1	C10	train	train	train	train	train	train	test	train	test	valid
DB05260	C0020437	1	C18	train	train	train	train	train	test	train	test	valid	train
DB05265	C0013238	1	C11	train	test	train	train	train	train	train	train	train	train
DB05265	C0017168	1	C06	train	train	train	train	train	train	train	train	train	test
DB05265	C0030920	1	C06	train	train	train	train	train	train	train	train	train	test
DB05265	C0041582	1	C23	valid	train	test	train	train	train	train	train	train	train
DB05265	C0596263	1	C04	train	train	train	valid	train	train	valid	train	train	train
DB05266	C0004096	1	C08	train	train	train	train	train	train	train	test	train	train
DB05266	C0007820	1	C10	train	train	train	train	train	train	test	train	test	valid
DB05266	C0026769	1	C10	train	train	train	train	train	train	test	train	test	valid
DB05266	C0038454	1	C10	train	train	train	train	train	train	test	train	test	valid
DB05271	C0030567	1	C10	train	train	train	train	train	train	test	train	test	valid
DB05271	C0035258	1	C10	train	train	train	train	train	train	test	train	test	valid
DB05294	C0007131	1	C08	train	train	train	train	train	train	train	test	train	train
DB05311	C0019243	1	C20	train	train	test	train	valid	train	train	train	train	train
DB05332	C0019080	1	C23	valid	train	test	train	train	train	train	train	train	train
DB05332	C0398650	1	C15	train	train	train	valid	train	train	valid	train	train	train
DB05351	C0017168	1	C06	train	train	train	train	train	train	train	train	train	test
DB05351	C0030920	1	C06	train	train	train	train	train	train	train	train	train	test
DB05389	C0037299	1	C17	valid	train	valid	train	train	valid	train	train	train	test
DB05521	C0524910	1	C01	train	train	train	train	train	train	train	train	train	train
DB05541	C0014544	1	C10	train	train	train	train	train	train	test	train	test	valid
DB05541	C0036572	1	C10	train	train	train	train	train	train	test	train	test	valid
DB05541	C0270736	1	C10	train	train	train	train	train	train	test	train	test	valid
DB05578	C0007131	1	C08	train	train	train	train	train	train	train	test	train	train
DB05630	C0036323	1	C01	train	train	train	train	train	train	train	train	train	train
DB05676	C0003864	1	C05	train	valid	valid	train	train	test	train	train	train	train
DB05676	C0003872	1	C05	train	valid	valid	train	train	test	train	train	train	train
DB05676	C0004096	1	C08	train	train	train	train	train	train	train	test	train	train
DB05676	C0033860	1	C17	valid	train	valid	train	train	valid	train	train	train	test
DB05679	C0003872	1	C05	train	valid	valid	train	train	test	train	train	train	train
DB05679	C0033860	1	C17	valid	train	valid	train	train	valid	train	train	train	test
DB05777	C0040053	1	C14	test	test	train	train	test	train	train	valid	train	train
DB05812	C0376358	1	C12	train	train	train	test	valid	train	train	train	train	train
DB05829	C0020626	1	C19	train	train	test	test	train	train	train	train	train	train
DB05990	C0008312	1	C06	train	train	train	train	train	train	train	train	train	test
DB06016	C0036341	1	F03	train	train	train	train	train	train	valid	train	valid	train
DB06144	C0036341	1	F03	train	train	train	train	train	train	valid	train	valid	train
DB06148	C1269683	1	F03	train	train	train	train	train	train	valid	train	valid	train
DB06151	C0002726	1	C18	train	train	train	train	train	test	train	test	valid	train
DB06151	C0006267	1	C08	train	train	train	train	train	train	train	test	train	train
DB06151	C0010674	1	C16	train	test	train	valid	train	valid	train	test	train	train
DB06151	C0032285	1	C08	train	train	train	train	train	train	train	test	train	train
DB06151	C0034067	1	C23	valid	train	test	train	train	train	train	train	train	train
DB06151	C0035222	1	C08	train	train	train	train	train	train	train	test	train	train
DB06152	C0022876	1	C12	train	train	train	test	valid	train	train	train	train	train
DB06152	C0034734	1	C14	test	test	train	train	test	train	train	valid	train	train
DB06153	C0149931	1	C10	train	train	train	train	train	train	test	train	test	valid
DB06155	C0011860	1	C18	train	train	train	train	train	test	train	test	valid	train
DB06155	C0028754	1	C18	train	train	train	train	train	test	train	test	valid	train
DB06155	C0242339	1	C18	train	train	train	train	train	test	train	test	valid	train
DB06168	C0003868	1	C05	train	valid	valid	train	train	test	train	train	train	train
DB06168	C0003873	1	C05	train	valid	valid	train	train	test	train	train	train	train
DB06168	C0031069	1	C16	train	test	train	valid	train	valid	train	test	train	train
DB06168	C0268390	1	C17	valid	train	valid	train	train	valid	train	train	train	test
DB06168	C0342731	1	C16	train	test	train	valid	train	valid	train	test	train	train
DB06168	C2316212	1	C17	valid	train	valid	train	train	valid	train	train	train	test
DB06193	C0024305	1	C04	train	train	train	valid	train	train	valid	train	train	train
DB06196	C0002994	1	C14	test	test	train	train	test	train	train	valid	train	train
DB06196	C0019243	1	C20	train	train	test	train	valid	train	train	train	train	train
DB06201	C0036572	1	C10	train	train	train	train	train	train	test	train	test	valid
DB06201	C0238111	1	C10	train	train	train	train	train	train	test	train	test	valid
DB06203	C0011849	1	C18	train	train	train	train	train	test	train	test	valid	train
DB06203	C0011860	1	C18	train	train	train	train	train	test	train	test	valid	train
DB06203	C0020456	1	C18	train	train	train	train	train	test	train	test	valid	train
DB06204	C0030193	1	C23	valid	train	test	train	train	train	train	train	train	train
DB06204	C0231528	1	C05	train	valid	valid	train	train	test	train	train	train	train
DB06209	C0027051	1	C14	test	test	train	train	test	train	train	valid	train	train
DB06209	C0038454	1	C10	train	train	train	train	train	train	test	train	test	valid
DB06209	C0040053	1	C14	test	test	train	train	test	train	train	valid	train	train
DB06209	C0948089	1	C14	test	test	train	train	test	train	train	valid	train	train
DB06209	C1956346	1	C14	test	test	train	train	test	train	train	valid	train	train
DB06210	C0002871	1	C15	train	train	train	valid	train	train	valid	train	train	train
DB06210	C0019080	1	C23	valid	train	test	train	train	train	train	train	train	train
DB06210	C0040034	1	C15	train	train	train	valid	train	train	valid	train	train	train
DB06211	C0008325	1	C06	train	train	train	train	train	train	train	train	train	test
DB06211	C0034186	1	C12	train	train	train	test	valid	train	train	train	train	train
DB06212	C0018802	1	C14	test	test	train	train	test	train	train	valid	train	train
DB06212	C0020625	1	C18	train	train	train	train	train	test	train	test	valid	train
DB06212	C0021141	1	C10	train	train	train	train	train	train	test	train	test	valid
DB06212	C0023890	1	C06	train	train	train	train	train	train	train	train	train	test
DB06212	C0085413	1	C12	train	train	train	test	valid	train	train	train	train	train
DB06213	C0878544	1	C14	test	test	train	train	test	train	train	valid	train	train
DB06216	C0005586	1	F03	train	train	train	train	train	train	valid	train	valid	train
DB06216	C0036341	1	F03	train	train	train	train	train	train	valid	train	valid	train
DB06217	C0003811	1	C14	test	test	train	train	test	train	train	valid	train	train
DB06217	C0004238	1	C14	test	test	train	train	test	train	train	valid	train	train
DB06218	C0014544	1	C10	train	train	train	train	train	train	test	train	test	valid
DB06218	C0036572	1	C10	train	train	train	train	train	train	test	train	test	valid
DB06219	C0162627	1	C01	train	train	train	train	train	train	train	train	train	train
DB06228	C0004238	1	C14	test	test	train	train	test	train	train	valid	train	train
DB06228	C0034065	1	C08	train	train	train	train	train	train	train	test	train	train
DB06228	C0038454	1	C10	train	train	train	train	train	train	test	train	test	valid
DB06228	C0040053	1	C14	test	test	train	train	test	train	train	valid	train	train
DB06228	C1861172	1	C14	test	test	train	train	test	train	train	valid	train	train
DB06230	C0235063	1	C08	train	train	train	train	train	train	train	test	train	train
DB06237	C0242350	1	C12	train	train	train	test	valid	train	train	train	train	train
DB06243	C0020555	1	C17	valid	train	valid	train	train	valid	train	train	train	test
DB06262	C0030567	1	C10	train	train	train	train	train	train	test	train	test	valid
DB06262	C0206245	1	C18	train	train	train	train	train	test	train	test	valid	train
DB06264	C0004153	1	C14	test	test	train	train	test	train	train	valid	train	train
DB06264	C0026769	1	C10	train	train	train	train	train	train	test	train	test	valid
DB06264	C0034734	1	C14	test	test	train	train	test	train	train	valid	train	train
DB06264	C0038013	1	C05	train	valid	valid	train	train	test	train	train	train	train
DB06267	C0242350	1	C12	train	train	train	test	valid	train	train	train	train	train
DB06268	C0018802	1	C14	test	test	train	train	test	train	train	valid	train	train
DB06268	C0020542	1	C08	train	train	train	train	train	train	train	test	train	train
DB06268	C2973725	1	C08	train	train	train	train	train	train	train	test	train	train
DB06271	C0011881	1	C12	train	train	train	test	valid	train	train	train	train	train
DB06271	C0011882	1	C10	train	train	train	train	train	train	test	train	test	valid
DB06271	C0040053	1	C14	test	test	train	train	test	train	train	valid	train	train
DB06272	C0020502	1	C19	train	train	test	test	train	train	train	train	train	train
DB06272	C0033860	1	C17	valid	train	valid	train	train	valid	train	train	train	test
DB06272	C0042842	1	C18	train	train	train	train	train	test	train	test	valid	train
DB06272	C0042870	1	C18	train	train	train	train	train	test	train	test	valid	train
DB06272	C0596263	1	C04	train	train	train	valid	train	train	valid	train	train	train
DB06273	C0003873	1	C05	train	valid	valid	train	train	test	train	train	train	train
DB06273	C0017531	1	C15	train	train	train	valid	train	train	valid	train	train	train
DB06282	C0018621	1	C08	train	train	train	train	train	train	train	test	train	train
DB06282	C0042109	1	C17	valid	train	valid	train	train	valid	train	train	train	test
DB06285	C0020626	1	C19	train	train	test	test	train	train	train	train	train	train
DB06285	C0029458	1	C05	train	valid	valid	train	train	test	train	train	train	train
DB06287	C0006142	1	C04	train	train	train	valid	train	train	valid	train	train	train
DB06287	C0007134	1	C12	train	train	train	test	valid	train	train	train	train	train
DB06287	C0024299	1	C04	train	train	train	valid	train	train	valid	train	train	train
DB06288	C0005586	1	F03	train	train	train	train	train	train	valid	train	valid	train
DB06288	C0036341	1	F03	train	train	train	train	train	train	valid	train	valid	train
DB06292	C0011860	1	C18	train	train	train	train	train	test	train	test	valid	train
DB06292	C0020456	1	C18	train	train	train	train	train	test	train	test	valid	train
DB06317	C0026764	1	C15	train	train	train	valid	train	train	valid	train	train	train
DB06335	C0011849	1	C18	train	train	train	train	train	test	train	test	valid	train
DB06335	C0011860	1	C18	train	train	train	train	train	test	train	test	valid	train
DB06335	C0020456	1	C18	train	train	train	train	train	test	train	test	valid	train
DB06335	C0524620	1	C18	train	train	train	train	train	test	train	test	valid	train
DB06401	C0029458	1	C05	train	valid	valid	train	train	test	train	train	train	train
DB06403	C2973725	1	C08	train	train	train	train	train	train	train	test	train	train
DB06410	C0020502	1	C19	train	train	test	test	train	train	train	train	train	train
DB06410	C0020503	1	C19	train	train	test	test	train	train	train	train	train	train
DB06410	C1561643	1	C12	train	train	train	test	valid	train	train	train	train	train
DB06412	C0002871	1	C15	train	train	train	valid	train	train	valid	train	train	train
DB06412	C0002874	1	C15	train	train	train	valid	train	train	valid	train	train	train
DB06412	C0026987	1	C15	train	train	train	valid	train	train	valid	train	train	train
DB06412	C0178416	1	C15	train	train	train	valid	train	train	valid	train	train	train
DB06412	C1260899	1	C15	train	train	train	valid	train	train	valid	train	train	train
DB06413	C0027404	1	C10	train	train	train	train	train	train	test	train	test	valid
DB06413	C0520679	1	C08	train	train	train	train	train	train	train	test	train	train
DB06439	C0010674	1	C16	train	test	train	valid	train	valid	train	test	train	train
DB06439	C0035220	1	C08	train	train	train	train	train	train	train	test	train	train
DB06441	C0040053	1	C14	test	test	train	train	test	train	train	valid	train	train
DB06470	C0030567	1	C10	train	train	train	train	train	train	test	train	test	valid
DB06479	C0038454	1	C10	train	train	train	train	train	train	test	train	test	valid
DB06589	C0007134	1	C12	train	train	train	test	valid	train	train	train	train	train
DB06594	C1269683	1	F03	train	train	train	train	train	train	valid	train	valid	train
DB06603	C0026764	1	C15	train	train	train	valid	train	train	valid	train	train	train
DB06605	C0034065	1	C08	train	train	train	train	train	train	train	test	train	train
DB06605	C0038454	1	C10	train	train	train	train	train	train	test	train	test	valid
DB06605	C0040053	1	C14	test	test	train	train	test	train	train	valid	train	train
DB06616	C0005699	1	C04	train	train	train	valid	train	train	valid	train	train	train
DB06616	C0023472	1	C15	train	train	train	valid	train	train	valid	train	train	train
DB06637	C0026769	1	C10	train	train	train	train	train	train	test	train	test	valid
DB06643	C0029456	1	C05	train	valid	valid	train	train	test	train	train	train	train
DB06643	C0029458	1	C05	train	valid	valid	train	train	test	train	train	train	train
DB06654	C0014544	1	C10	train	train	train	train	train	train	test	train	test	valid
DB06654	C0030567	1	C10	train	train	train	train	train	train	test	train	test	valid
DB06655	C0011849	1	C18	train	train	train	train	train	test	train	test	valid	train
DB06655	C0011860	1	C18	train	train	train	train	train	test	train	test	valid	train
DB06655	C0020456	1	C18	train	train	train	train	train	test	train	test	valid	train
DB06655	C0028754	1	C18	train	train	train	train	train	test	train	test	valid	train
DB06663	C0001206	1	C05	train	valid	valid	train	train	test	train	train	train	train
DB06663	C0010481	1	C19	train	train	test	test	train	train	train	train	train	train
DB06674	C0009324	1	C06	train	train	train	train	train	train	train	train	train	test
DB06684	C1269683	1	F03	train	train	train	train	train	train	valid	train	valid	train
DB06689	C0042345	1	C14	test	test	train	train	test	train	train	valid	train	train
DB06691	C0013390	1	C23	valid	train	test	train	train	train	train	train	train	train
DB06691	C0018621	1	C08	train	train	train	train	train	train	train	test	train	train
DB06691	C0020517	1	C20	train	train	test	train	valid	train	train	train	train	train
DB06691	C0033774	1	C17	valid	train	valid	train	train	valid	train	train	train	test
DB06691	C0035457	1	C08	train	train	train	train	train	train	train	test	train	train
DB06691	C0042109	1	C17	valid	train	valid	train	train	valid	train	train	train	test
DB06695	C0004238	1	C14	test	test	train	train	test	train	train	valid	train	train
DB06695	C0038454	1	C10	train	train	train	train	train	train	test	train	test	valid
DB06695	C0040053	1	C14	test	test	train	train	test	train	train	valid	train	train
DB06695	C1861172	1	C14	test	test	train	train	test	train	train	valid	train	train
DB06697	C0036323	1	C01	train	train	train	train	train	train	train	train	train	train
DB06699	C0376358	1	C12	train	train	train	test	valid	train	train	train	train	train
DB06700	C1269683	1	F03	train	train	train	train	train	train	valid	train	valid	train
DB06702	C0042024	1	C12	train	train	train	test	valid	train	train	train	train	train
DB06702	C0878773	1	C12	train	train	train	test	valid	train	train	train	train	train
DB06706	C0018681	1	C23	valid	train	test	train	train	train	train	train	train	train
DB06706	C0149931	1	C10	train	train	train	train	train	train	test	train	test	valid
DB06707	C0019080	1	C23	valid	train	test	train	train	train	train	train	train	train
DB06707	C0149745	1	C07	train	test	valid	train	train	train	train	train	train	train
DB06709	C0017601	1	C11	train	test	train	train	train	train	train	train	train	train
DB06709	C0085129	1	C08	train	train	train	train	train	train	train	test	train	train
DB06710	C0006142	1	C04	train	train	train	valid	train	train	valid	train	train	train
DB06710	C0020619	1	C19	train	train	test	test	train	train	train	train	train	train
DB06710	C0034012	1	C19	train	train	test	test	train	train	train	train	train	train
DB06710	C0242350	1	C12	train	train	train	test	valid	train	train	train	train	train
DB06710	C1458155	1	C04	train	train	train	valid	train	train	valid	train	train	train
DB06711	C0035455	1	C08	train	train	train	train	train	train	train	test	train	train
DB06711	C0037199	1	C08	train	train	train	train	train	train	train	test	train	train
DB06713	C0002453	1	C23	valid	train	test	train	train	train	train	train	train	train
DB06714	C0028754	1	C18	train	train	train	train	train	test	train	test	valid	train
DB06716	C0038220	1	C10	train	train	train	train	train	train	test	train	test	valid
DB06717	C0027497	1	C23	valid	train	test	train	train	train	train	train	train	train
DB06718	C0002871	1	C15	train	train	train	valid	train	train	valid	train	train	train
DB06718	C0019243	1	C20	train	train	test	train	valid	train	train	train	train	train
DB06720	C0017205	1	C18	train	train	train	train	train	test	train	test	valid	train
DB06720	C1961835	1	C18	train	train	train	train	train	test	train	test	valid	train
DB06725	C0003864	1	C05	train	valid	valid	train	train	test	train	train	train	train
DB06725	C0029408	1	C05	train	valid	valid	train	train	test	train	train	train	train
DB06725	C0030193	1	C23	valid	train	test	train	train	train	train	train	train	train
DB06736	C0003873	1	C05	train	valid	valid	train	train	test	train	train	train	train
DB06736	C0024031	1	C23	valid	train	test	train	train	train	train	train	train	train
DB06736	C0029408	1	C05	train	valid	valid	train	train	test	train	train	train	train
DB06736	C0038013	1	C05	train	valid	valid	train	train	test	train	train	train	train
DB06739	C0004096	1	C08	train	train	train	train	train	train	train	test	train	train
DB06754	C0040053	1	C14	test	test	train	train	test	train	train	valid	train	train
DB06756	C0010692	1	C12	train	train	train	test	valid	train	train	train	train	train
DB06756	C0019880	1	C18	train	train	train	train	train	test	train	test	valid	train
DB06756	C0020473	1	C18	train	train	train	train	train	test	train	test	valid	train
DB06764	C0020452	1	C14	test	test	train	train	test	train	train	valid	train	train
DB06764	C0037199	1	C08	train	train	train	train	train	train	train	test	train	train
DB06766	C0020517	1	C20	train	train	test	train	valid	train	train	train	train	train
DB06774	C0003864	1	C05	train	valid	valid	train	train	test	train	train	train	train
DB06774	C0003873	1	C05	train	valid	valid	train	train	test	train	train	train	train
DB06774	C0004604	1	C23	valid	train	test	train	train	train	train	train	train	train
DB06774	C0011882	1	C10	train	train	train	train	train	train	test	train	test	valid
DB06774	C0027796	1	C10	train	train	train	train	train	train	test	train	test	valid
DB06774	C0032768	1	C10	train	train	train	train	train	train	test	train	test	valid
DB06774	C0231528	1	C05	train	valid	valid	train	train	test	train	train	train	train
DB06775	C0220994	1	C23	valid	train	test	train	train	train	train	train	train	train
DB06777	C0008350	1	C06	train	train	train	train	train	train	train	train	train	test
DB06782	C0311375	1	C10	train	train	train	train	train	train	test	train	test	valid
DB06785	C0085083	1	C12	train	train	train	test	valid	train	train	train	train	train
DB06786	C0011615	1	C17	valid	train	valid	train	train	valid	train	train	train	test
DB06786	C0011616	1	C17	valid	train	valid	train	train	valid	train	train	train	test
DB06786	C0015230	1	C17	valid	train	valid	train	train	valid	train	train	train	test
DB06786	C0015456	1	C17	valid	train	valid	train	train	valid	train	train	train	test
DB06786	C0024138	1	C17	valid	train	valid	train	train	valid	train	train	train	test
DB06788	C0034013	1	C19	train	train	test	test	train	train	train	train	train	train
DB06791	C0001206	1	C05	train	valid	valid	train	train	test	train	train	train	train
DB06800	C0009806	1	C23	valid	train	test	train	train	train	train	train	train	train
DB06803	C0036323	1	C01	train	train	train	train	train	train	train	train	train	train
DB06809	C0024305	1	C04	train	train	train	valid	train	train	valid	train	train	train
DB06809	C0026764	1	C15	train	train	train	valid	train	train	valid	train	train	train
DB06819	C0175683	1	C18	train	train	train	train	train	test	train	test	valid	train
DB06819	C0751753	1	C18	train	train	train	train	train	test	train	test	valid	train
DB06824	C0007134	1	C12	train	train	train	test	valid	train	train	train	train	train
DB06824	C0019202	1	C10	train	train	train	train	train	train	test	train	test	valid
DB06825	C0014175	1	C12	train	train	train	test	valid	train	train	train	train	train
DB06825	C0034013	1	C19	train	train	test	test	train	train	train	train	train	train
DB07477	C0003873	1	C05	train	valid	valid	train	train	test	train	train	train	train
DB07477	C0231528	1	C05	train	valid	valid	train	train	test	train	train	train	train
DB07615	C0004096	1	C08	train	train	train	train	train	train	train	test	train	train
DB07615	C0020517	1	C20	train	train	test	train	valid	train	train	train	train	train
DB07615	C0022548	1	A10	train	test	train	train	train	train	train	test	train	train
DB08604	C0702166	1	C17	valid	train	valid	train	train	valid	train	train	train	test
DB08799	C0009763	1	C11	train	test	train	train	train	train	train	train	train	train
DB08799	C0020517	1	C20	train	train	test	train	valid	train	train	train	train	train
DB08799	C0033774	1	C17	valid	train	valid	train	train	valid	train	train	train	test
DB08799	C0042109	1	C17	valid	train	valid	train	train	valid	train	train	train	test
DB08800	C0004096	1	C08	train	train	train	train	train	train	train	test	train	train
DB08800	C0009763	1	C11	train	test	train	train	train	train	train	train	train	train
DB08800	C0013604	1	C23	valid	train	test	train	train	train	train	train	train	train
DB08801	C0013182	1	C25	train	train	test	train	train	train	valid	valid	train	train
DB08801	C0016470	1	C20	train	train	test	train	valid	train	train	train	train	train
DB08801	C0018621	1	C08	train	train	train	train	train	train	train	test	train	train
DB08801	C0020517	1	C20	train	train	test	train	valid	train	train	train	train	train
DB08801	C0042109	1	C17	valid	train	valid	train	train	valid	train	train	train	test
DB08801	C1527304	1	C20	train	train	test	train	valid	train	train	train	train	train
DB08802	C1527304	1	C20	train	train	test	train	valid	train	train	train	train	train
DB08804	C0002893	1	C15	train	train	train	valid	train	train	valid	train	train	train
DB08804	C0272375	1	C15	train	train	train	valid	train	train	valid	train	train	train
DB08804	C0678222	1	C04	train	train	train	valid	train	train	valid	train	train	train
DB08804	C1565489	1	C12	train	train	train	test	valid	train	train	train	train	train
DB08806	C0013295	1	C06	train	train	train	train	train	train	train	train	train	test
DB08806	C0017152	1	C06	train	train	train	train	train	train	train	train	train	test
DB08806	C0017168	1	C06	train	train	train	train	train	train	train	train	train	test
DB08806	C0030920	1	C06	train	train	train	train	train	train	train	train	train	test
DB08806	C0038358	1	C06	train	train	train	train	train	train	train	train	train	test
DB08807	C0013604	1	C23	valid	train	test	train	train	train	train	train	train	train
DB08807	C0042514	1	C14	test	test	train	train	test	train	train	valid	train	train
DB08807	C1956346	1	C14	test	test	train	train	test	train	train	valid	train	train
DB08808	C0017601	1	C11	train	test	train	train	train	train	train	train	train	train
DB08808	C0020538	1	C14	test	test	train	train	test	train	train	valid	train	train
DB08810	C0017168	1	C06	train	train	train	train	train	train	train	train	train	test
DB08811	C0003467	1	F01	train	train	train	train	train	train	valid	train	train	train
DB08814	C0004238	1	C14	test	test	train	train	test	train	train	valid	train	train
DB08814	C0007785	1	C10	train	train	train	train	train	train	test	train	test	valid
DB08814	C0027051	1	C14	test	test	train	train	test	train	train	valid	train	train
DB08814	C0038454	1	C10	train	train	train	train	train	train	test	train	test	valid
DB08814	C0040053	1	C14	test	test	train	train	test	train	train	valid	train	train
DB08815	C0005587	1	F03	train	train	train	train	train	train	valid	train	valid	train
DB08816	C0027051	1	C14	test	test	train	train	test	train	train	valid	train	train
DB08816	C0038454	1	C10	train	train	train	train	train	train	test	train	test	valid
DB08816	C0040053	1	C14	test	test	train	train	test	train	train	valid	train	train
DB08816	C0085096	1	C14	test	test	train	train	test	train	train	valid	train	train
DB08818	C0003864	1	C05	train	valid	valid	train	train	test	train	train	train	train
DB08818	C0017601	1	C11	train	test	train	train	train	train	train	train	train	train
DB08818	C0029408	1	C05	train	valid	valid	train	train	test	train	train	train	train
DB08818	C0037299	1	C17	valid	train	valid	train	train	valid	train	train	train	test
DB08819	C0017601	1	C11	train	test	train	train	train	train	train	train	train	train
DB08819	C0017612	1	C11	train	test	train	train	train	train	train	train	train	train
DB08819	C0028840	1	C11	train	test	train	train	train	train	train	train	train	train
DB08820	C0010674	1	C16	train	test	train	valid	train	valid	train	test	train	train
DB08822	C0020538	1	C14	test	test	train	train	test	train	train	valid	train	train
DB08826	C0005283	1	C15	train	train	train	valid	train	train	valid	train	train	train
DB08826	C0282193	1	C18	train	train	train	train	train	test	train	test	valid	train
DB08827	C0020473	1	C18	train	train	train	train	train	test	train	test	valid	train
DB08828	C0007117	1	C04	train	train	train	valid	train	train	valid	train	train	train
DB08836	C0011881	1	C12	train	train	train	test	valid	train	train	train	train	train
DB08836	C0018802	1	C14	test	test	train	train	test	train	train	valid	train	train
DB08836	C1956346	1	C14	test	test	train	train	test	train	train	valid	train	train
DB08839	C0003467	1	F01	train	train	train	train	train	train	valid	train	train	train
DB08839	C0917801	1	C10	train	train	train	train	train	train	test	train	test	valid
DB08860	C0020443	1	C18	train	train	train	train	train	test	train	test	valid	train
DB08860	C0020473	1	C18	train	train	train	train	train	test	train	test	valid	train
DB08860	C0020474	1	C18	train	train	train	train	train	test	train	test	valid	train
DB08867	C0042133	1	C04	train	train	train	valid	train	train	valid	train	train	train
DB08868	C0026769	1	C10	train	train	train	train	train	train	test	train	test	valid
DB08868	C0751967	1	C10	train	train	train	train	train	train	test	train	test	valid
DB08869	C0311277	1	C18	train	train	train	train	train	test	train	test	valid	train
DB08870	C0019829	1	C04	train	train	train	valid	train	train	valid	train	train	train
DB08870	C0376545	1	C04	train	train	train	valid	train	train	valid	train	train	train
DB08871	C0023827	1	C04	train	train	train	valid	train	train	valid	train	train	train
DB08872	C0014544	1	C10	train	train	train	train	train	train	test	train	test	valid
DB08872	C0032768	1	C10	train	train	train	train	train	train	test	train	test	valid
DB08872	C0035258	1	C10	train	train	train	train	train	train	test	train	test	valid
DB08873	C0524910	1	C01	train	train	train	train	train	train	train	train	train	train
DB08875	C0007134	1	C12	train	train	train	test	valid	train	train	train	train	train
DB08877	C0026987	1	C15	train	train	train	valid	train	train	valid	train	train	train
DB08877	C0032463	1	C15	train	train	train	valid	train	train	valid	train	train	train
DB08879	C0024141	1	C17	valid	train	valid	train	train	valid	train	train	train	test
DB08880	C0003872	1	C05	train	valid	valid	train	train	test	train	train	train	train
DB08880	C0003873	1	C05	train	valid	valid	train	train	test	train	train	train	train
DB08880	C0026769	1	C10	train	train	train	train	train	train	test	train	test	valid
DB08881	C0025202	1	C04	train	train	train	valid	train	train	valid	train	train	train
DB08882	C0011849	1	C18	train	train	train	train	train	test	train	test	valid	train
DB08883	C0014544	1	C10	train	train	train	train	train	train	test	train	test	valid
DB08883	C0036572	1	C10	train	train	train	train	train	train	test	train	test	valid
DB08888	C0040053	1	C14	test	test	train	train	test	train	train	valid	train	train
DB08889	C0026764	1	C15	train	train	train	valid	train	train	valid	train	train	train
DB08890	C0009806	1	C23	valid	train	test	train	train	train	train	train	train	train
DB08890	C0022104	1	C06	train	train	train	train	train	train	train	train	train	test
DB08893	C0042024	1	C12	train	train	train	test	valid	train	train	train	train	train
DB08893	C0878773	1	C12	train	train	train	test	valid	train	train	train	train	train
DB08894	C0002871	1	C15	train	train	train	valid	train	train	valid	train	train	train
DB08895	C0003873	1	C05	train	valid	valid	train	train	test	train	train	train	train
DB08896	C0238198	1	C06	train	train	train	train	train	train	train	train	train	test
DB08896	C1527249	1	C06	train	train	train	train	train	train	train	train	train	test
DB08897	C0024117	1	C08	train	train	train	train	train	train	train	test	train	train
DB08899	C0376358	1	C12	train	train	train	test	valid	train	train	train	train	train
DB08904	C0003872	1	C05	train	valid	valid	train	train	test	train	train	train	train
DB08904	C0003873	1	C05	train	valid	valid	train	train	test	train	train	train	train
DB08904	C0010346	1	C06	train	train	train	train	train	train	train	train	train	test
DB08904	C0038013	1	C05	train	valid	valid	train	train	test	train	train	train	train
DB08906	C0004096	1	C08	train	train	train	train	train	train	train	test	train	train
DB08906	C0024117	1	C08	train	train	train	train	train	train	train	test	train	train
DB08907	C0011849	1	C18	train	train	train	train	train	test	train	test	valid	train
DB08907	C0011860	1	C18	train	train	train	train	train	test	train	test	valid	train
DB08907	C0020456	1	C18	train	train	train	train	train	test	train	test	valid	train
DB08908	C0026769	1	C10	train	train	train	train	train	train	test	train	test	valid
DB08908	C0033860	1	C17	valid	train	valid	train	train	valid	train	train	train	test
DB08908	C0751967	1	C10	train	train	train	train	train	train	test	train	test	valid
DB08910	C0026764	1	C15	train	train	train	valid	train	train	valid	train	train	train
DB08911	C0025202	1	C04	train	train	train	valid	train	train	valid	train	train	train
DB08912	C0025202	1	C04	train	train	train	valid	train	train	valid	train	train	train
DB08918	C1269683	1	F03	train	train	train	train	train	train	valid	train	valid	train
DB08922	C0005586	1	F03	train	train	train	train	train	train	valid	train	valid	train
DB08922	C0036341	1	F03	train	train	train	train	train	train	valid	train	valid	train
DB08931	C0020542	1	C08	train	train	train	train	train	train	train	test	train	train
DB08931	C2973725	1	C08	train	train	train	train	train	train	train	test	train	train
DB08932	C1800706	1	C08	train	train	train	train	train	train	train	test	train	train
DB08932	C2973725	1	C08	train	train	train	train	train	train	train	test	train	train
DB08935	C0023434	1	C15	train	train	train	valid	train	train	valid	train	train	train
DB08935	C0024299	1	C04	train	train	train	valid	train	train	valid	train	train	train
DB08936	C0018621	1	C08	train	train	train	train	train	train	train	test	train	train
DB08936	C0035457	1	C08	train	train	train	train	train	train	train	test	train	train
DB08941	C0007820	1	C10	train	train	train	train	train	train	test	train	test	valid
DB08941	C0022876	1	C12	train	train	train	test	valid	train	train	train	train	train
DB08941	C0034734	1	C14	test	test	train	train	test	train	train	valid	train	train
DB08941	C0042373	1	C14	test	test	train	train	test	train	train	valid	train	train
DB08955	C0015967	1	C23	valid	train	test	train	train	train	train	train	train	train
DB08957	C0004096	1	C08	train	train	train	train	train	train	train	test	train	train
DB08957	C0022876	1	C12	train	train	train	test	valid	train	train	train	train	train
DB08961	C0013604	1	C23	valid	train	test	train	train	train	train	train	train	train
DB08983	C0020443	1	C18	train	train	train	train	train	test	train	test	valid	train
DB08983	C0020473	1	C18	train	train	train	train	train	test	train	test	valid	train
DB08983	C0020557	1	C18	train	train	train	train	train	test	train	test	valid	train
DB08984	C0003862	1	C05	train	valid	valid	train	train	test	train	train	train	train
DB08984	C0029408	1	C05	train	valid	valid	train	train	test	train	train	train	train
DB08984	C0231528	1	C05	train	valid	valid	train	train	test	train	train	train	train
DB08985	C0015967	1	C23	valid	train	test	train	train	train	train	train	train	train
DB08985	C0018681	1	C23	valid	train	test	train	train	train	train	train	train	train
DB08986	C0003467	1	F01	train	train	train	train	train	train	valid	train	train	train
DB08992	C0002736	1	C10	train	train	train	train	train	train	test	train	test	valid
DB08992	C0037763	1	C10	train	train	train	train	train	train	test	train	test	valid
DB08995	C0013604	1	C23	valid	train	test	train	train	train	train	train	train	train
DB09000	C0003467	1	F01	train	train	train	train	train	train	valid	train	train	train
DB09000	C0036341	1	F03	train	train	train	train	train	train	valid	train	valid	train
DB09006	C0020443	1	C18	train	train	train	train	train	test	train	test	valid	train
DB09006	C0020473	1	C18	train	train	train	train	train	test	train	test	valid	train
DB09006	C0020557	1	C18	train	train	train	train	train	test	train	test	valid	train
DB09010	C1527249	1	C06	train	train	train	train	train	train	train	train	train	test
DB09014	C0003469	1	F03	train	train	train	train	train	train	valid	train	valid	train
DB09015	C0013604	1	C23	valid	train	test	train	train	train	train	train	train	train
DB09015	C0020428	1	C19	train	train	test	test	train	train	train	train	train	train
DB09016	C0011581	1	F03	train	train	train	train	train	train	valid	train	valid	train
DB09018	C0017168	1	C06	train	train	train	train	train	train	train	train	train	test
DB09018	C0027497	1	C23	valid	train	test	train	train	train	train	train	train	train
DB09018	C0042963	1	C23	valid	train	test	train	train	train	train	train	train	train
DB09026	C0020538	1	C14	test	test	train	train	test	train	train	valid	train	train
DB09026	C0085580	1	C14	test	test	train	train	test	train	train	valid	train	train
DB09029	C0003873	1	C05	train	valid	valid	train	train	test	train	train	train	train
DB09029	C0033860	1	C17	valid	train	valid	train	train	valid	train	train	train	test
DB09029	C0042164	1	C11	train	test	train	train	train	train	train	train	train	train
DB09030	C0027051	1	C14	test	test	train	train	test	train	train	valid	train	train
DB09030	C0038454	1	C10	train	train	train	train	train	train	test	train	test	valid
DB09030	C0040053	1	C14	test	test	train	train	test	train	train	valid	train	train
DB09030	C1704436	1	C14	test	test	train	train	test	train	train	valid	train	train
DB09033	C0009324	1	C06	train	train	train	train	train	train	train	train	train	test
DB09033	C0010346	1	C06	train	train	train	train	train	train	train	train	train	test
DB09034	C0917801	1	C10	train	train	train	train	train	train	test	train	test	valid
DB09035	C0007131	1	C08	train	train	train	train	train	train	train	test	train	train
DB09036	C0017531	1	C15	train	train	train	valid	train	train	valid	train	train	train
DB09037	C0007131	1	C08	train	train	train	train	train	train	train	test	train	train
DB09038	C0011849	1	C18	train	train	train	train	train	test	train	test	valid	train
DB09038	C0011860	1	C18	train	train	train	train	train	test	train	test	valid	train
DB09038	C0020456	1	C18	train	train	train	train	train	test	train	test	valid	train
DB09039	C0017205	1	C18	train	train	train	train	train	test	train	test	valid	train
DB09040	C0040261	1	C01	train	train	train	train	train	train	train	train	train	train
DB09043	C0011860	1	C18	train	train	train	train	train	test	train	test	valid	train
DB09043	C0020456	1	C18	train	train	train	train	train	test	train	test	valid	train
DB09045	C0011860	1	C18	train	train	train	train	train	test	train	test	valid	train
DB09045	C0020456	1	C18	train	train	train	train	train	test	train	test	valid	train
DB09046	C0028754	1	C18	train	train	train	train	train	test	train	test	valid	train
DB09047	C0010674	1	C16	train	test	train	valid	train	valid	train	test	train	train
DB09048	C0027497	1	C23	valid	train	test	train	train	train	train	train	train	train
DB09048	C0042963	1	C23	valid	train	test	train	train	train	train	train	train	train
DB09049	C0009806	1	C23	valid	train	test	train	train	train	train	train	train	train
DB09053	C0023434	1	C15	train	train	train	valid	train	train	valid	train	train	train
DB09053	C0024419	1	C15	train	train	train	valid	train	train	valid	train	train	train
DB09053	C0079731	1	C04	train	train	train	valid	train	train	valid	train	train	train
DB09054	C0023434	1	C15	train	train	train	valid	train	train	valid	train	train	train
DB09054	C0024301	1	C04	train	train	train	valid	train	train	valid	train	train	train
DB09059	C0022876	1	C12	train	train	train	test	valid	train	train	train	train	train
DB09064	C0020443	1	C18	train	train	train	train	train	test	train	test	valid	train
DB09064	C0020473	1	C18	train	train	train	train	train	test	train	test	valid	train
DB09064	C0020476	1	C18	train	train	train	train	train	test	train	test	valid	train
DB09067	C0010481	1	C19	train	train	test	test	train	train	train	train	train	train
DB09067	C0405580	1	C19	train	train	test	test	train	train	train	train	train	train
DB09068	C1269683	1	F03	train	train	train	train	train	train	valid	train	valid	train
DB09069	C0002962	1	C14	test	test	train	train	test	train	train	valid	train	train
DB09070	C0014175	1	C12	train	train	train	test	valid	train	train	train	train	train
DB09074	C1140680	1	C12	train	train	train	test	valid	train	train	train	train	train
DB09075	C0004238	1	C14	test	test	train	train	test	train	train	valid	train	train
DB09075	C0034065	1	C08	train	train	train	train	train	train	train	test	train	train
DB09075	C0038454	1	C10	train	train	train	train	train	train	test	train	test	valid
DB09075	C0040038	1	C14	test	test	train	train	test	train	train	valid	train	train
DB09075	C0040053	1	C14	test	test	train	train	test	train	train	valid	train	train
DB09076	C0024117	1	C08	train	train	train	train	train	train	train	test	train	train
DB09078	C0206682	1	C04	train	train	train	valid	train	train	valid	train	train	train
DB09078	C0238463	1	C04	train	train	train	valid	train	train	valid	train	train	train
DB09079	C0007131	1	C08	train	train	train	train	train	train	train	test	train	train
DB09079	C1800706	1	C08	train	train	train	train	train	train	train	test	train	train
DB09080	C0024117	1	C08	train	train	train	train	train	train	train	test	train	train
DB09082	C0004096	1	C08	train	train	train	train	train	train	train	test	train	train
DB09082	C0008677	1	C08	train	train	train	train	train	train	train	test	train	train
DB09082	C0024117	1	C08	train	train	train	train	train	train	train	test	train	train
DB09082	C0034067	1	C23	valid	train	test	train	train	train	train	train	train	train
DB09083	C0002962	1	C14	test	test	train	train	test	train	train	valid	train	train
DB09085	C0033774	1	C17	valid	train	valid	train	train	valid	train	train	train	test
DB09089	C0022104	1	C06	train	train	train	train	train	train	train	train	train	test
DB09090	C0022104	1	C06	train	train	train	train	train	train	train	train	train	test
DB09091	C0014356	1	C06	train	train	train	train	train	train	train	train	train	test
DB09097	C0020514	1	C10	train	train	train	train	train	train	test	train	test	valid
DB09099	C0019080	1	C23	valid	train	test	train	train	train	train	train	train	train
DB09107	C0002871	1	C15	train	train	train	valid	train	train	valid	train	train	train
DB09108	C0019080	1	C23	valid	train	test	train	train	train	train	train	train	train
DB09109	C0019069	1	C15	train	train	train	valid	train	train	valid	train	train	train
DB09109	C0019080	1	C23	valid	train	test	train	train	train	train	train	train	train
DB09118	C0014544	1	C10	train	train	train	train	train	train	test	train	test	valid
DB09118	C0014550	1	C10	train	train	train	train	train	train	test	train	test	valid
DB09118	C0751122	1	C10	train	train	train	train	train	train	test	train	test	valid
DB09119	C0014544	1	C10	train	train	train	train	train	train	test	train	test	valid
DB09121	C0003872	1	C05	train	valid	valid	train	train	test	train	train	train	train
DB09121	C0003873	1	C05	train	valid	valid	train	train	test	train	train	train	train
DB09121	C0030807	1	C17	valid	train	valid	train	train	valid	train	train	train	test
DB09123	C0014175	1	C12	train	train	train	test	valid	train	train	train	train	train
DB09126	C0021361	1	C12	train	train	train	test	valid	train	train	train	train	train
DB09128	C0036341	1	F03	train	train	train	train	train	train	valid	train	valid	train
DB09128	C1269683	1	F03	train	train	train	train	train	train	valid	train	valid	train
DB09140	C0017086	1	C23	valid	train	test	train	train	train	train	train	train	train
DB09140	C0032285	1	C08	train	train	train	train	train	train	train	test	train	train
DB09140	C0034069	1	C08	train	train	train	train	train	train	train	test	train	train
DB09140	C0035229	1	C08	train	train	train	train	train	train	train	test	train	train
DB09143	C0007117	1	C04	train	train	train	valid	train	train	valid	train	train	train
DB09146	C0002871	1	C15	train	train	train	valid	train	train	valid	train	train	train
DB09146	C0085681	1	C18	train	train	train	train	train	test	train	test	valid	train
DB09146	C0162316	1	C15	train	train	train	valid	train	train	valid	train	train	train
DB09166	C0003467	1	F01	train	train	train	train	train	train	valid	train	train	train
DB09166	C0917801	1	C10	train	train	train	train	train	train	test	train	test	valid
DB09167	C1269683	1	F03	train	train	train	train	train	train	valid	train	valid	train
DB09185	C0751362	1	C10	train	train	train	train	train	train	test	train	test	valid
DB09198	C0011860	1	C18	train	train	train	train	train	test	train	test	valid	train
DB09204	C0040822	1	C10	train	train	train	train	train	train	test	train	test	valid
DB09205	C0034734	1	C14	test	test	train	train	test	train	train	valid	train	train
DB09205	C0242350	1	C12	train	train	train	test	valid	train	train	train	train	train
DB09212	C0003873	1	C05	train	valid	valid	train	train	test	train	train	train	train
DB09213	C0003873	1	C05	train	valid	valid	train	train	test	train	train	train	train
DB09213	C0013390	1	C23	valid	train	test	train	train	train	train	train	train	train
DB09213	C0029408	1	C05	train	valid	valid	train	train	test	train	train	train	train
DB09213	C0030193	1	C23	valid	train	test	train	train	train	train	train	train	train
DB09215	C0003873	1	C05	train	valid	valid	train	train	test	train	train	train	train
DB09215	C0029408	1	C05	train	valid	valid	train	train	test	train	train	train	train
DB09217	C0029408	1	C05	train	valid	valid	train	train	test	train	train	train	train
DB09220	C0002962	1	C14	test	test	train	train	test	train	train	valid	train	train
DB09220	C0003811	1	C14	test	test	train	train	test	train	train	valid	train	train
DB09221	C0017168	1	C06	train	train	train	train	train	train	train	train	train	test
DB09221	C0041582	1	C23	valid	train	test	train	train	train	train	train	train	train
DB09223	C0036341	1	F03	train	train	train	train	train	train	valid	train	valid	train
DB09228	C0019243	1	C20	train	train	test	train	valid	train	train	train	train	train
DB09229	C0020538	1	C14	test	test	train	train	test	train	train	valid	train	train
DB09230	C0020538	1	C14	test	test	train	train	test	train	train	valid	train	train
DB09235	C0020538	1	C14	test	test	train	train	test	train	train	valid	train	train
DB09241	C0023869	1	C23	valid	train	test	train	train	train	train	train	train	train
DB09241	C0025637	1	C15	train	train	train	valid	train	train	valid	train	train	train
DB09244	C0011581	1	F03	train	train	train	train	train	train	valid	train	valid	train
DB09245	C0011581	1	F03	train	train	train	train	train	train	valid	train	valid	train
DB09258	C0034065	1	C08	train	train	train	train	train	train	train	test	train	train
DB09262	C0037763	1	C10	train	train	train	train	train	train	test	train	test	valid
DB09265	C0011860	1	C18	train	train	train	train	train	test	train	test	valid	train
DB09265	C0020456	1	C18	train	train	train	train	train	test	train	test	valid	train
DB09270	C0018802	1	C14	test	test	train	train	test	train	train	valid	train	train
DB09270	C0020179	1	C10	train	train	train	train	train	train	test	train	test	valid
DB09270	C0020473	1	C18	train	train	train	train	train	test	train	test	valid	train
DB09271	C0022104	1	C06	train	train	train	train	train	train	train	train	train	test
DB09272	C0014356	1	C06	train	train	train	train	train	train	train	train	train	test
DB09272	C0022104	1	C06	train	train	train	train	train	train	train	train	train	test
DB09273	C0004096	1	C08	train	train	train	train	train	train	train	test	train	train
DB09279	C0018802	1	C14	test	test	train	train	test	train	train	valid	train	train
DB09279	C0020538	1	C14	test	test	train	train	test	train	train	valid	train	train
DB09280	C0010674	1	C16	train	test	train	valid	train	valid	train	test	train	train
DB09282	C1956346	1	C14	test	test	train	train	test	train	train	valid	train	train
DB09283	C1956346	1	C14	test	test	train	train	test	train	train	valid	train	train
DB09286	C0036341	1	F03	train	train	train	train	train	train	valid	train	valid	train
DB09288	C0015967	1	C23	valid	train	test	train	train	train	train	train	train	train
DB09289	C0004096	1	C08	train	train	train	train	train	train	train	test	train	train
DB09289	C0022104	1	C06	train	train	train	train	train	train	train	train	train	test
DB09290	C0022104	1	C06	train	train	train	train	train	train	train	train	train	test
DB09290	C0027497	1	C23	valid	train	test	train	train	train	train	train	train	train
DB09290	C0042963	1	C23	valid	train	test	train	train	train	train	train	train	train
DB09292	C0018802	1	C14	test	test	train	train	test	train	train	valid	train	train
DB09301	C0029408	1	C05	train	valid	valid	train	train	test	train	train	train	train
DB09302	C0020443	1	C18	train	train	train	train	train	test	train	test	valid	train
DB09302	C0020473	1	C18	train	train	train	train	train	test	train	test	valid	train
DB09304	C0014544	1	C10	train	train	train	train	train	train	test	train	test	valid
DB09310	C0019080	1	C23	valid	train	test	train	train	train	train	train	train	train
DB09332	C0022354	1	C23	valid	train	test	train	train	train	train	train	train	train
DB09343	C1527249	1	C06	train	train	train	train	train	train	train	train	train	test
DB09351	C0017612	1	C11	train	test	train	train	train	train	train	train	train	train
DB09351	C0028840	1	C11	train	test	train	train	train	train	train	train	train	train
DB09371	C0002453	1	C23	valid	train	test	train	train	train	train	train	train	train
DB09371	C0014173	1	C12	train	train	train	test	valid	train	train	train	train	train
DB09371	C0021361	1	C12	train	train	train	test	valid	train	train	train	train	train
DB09389	C0025323	1	C12	train	train	train	test	valid	train	train	train	train	train
DB09401	C0002962	1	C14	test	test	train	train	test	train	train	valid	train	train
DB09401	C0017168	1	C06	train	train	train	train	train	train	train	train	train	test
DB09401	C0017601	1	C11	train	test	train	train	train	train	train	train	train	train
DB09401	C0018802	1	C14	test	test	train	train	test	train	train	valid	train	train
DB09401	C1956346	1	C14	test	test	train	train	test	train	train	valid	train	train
DB09418	C0020550	1	C19	train	train	test	test	train	train	train	train	train	train
DB09462	C0009806	1	C23	valid	train	test	train	train	train	train	train	train	train
DB09477	C0003873	1	C05	train	valid	valid	train	train	test	train	train	train	train
DB09477	C0004775	1	C12	train	train	train	test	valid	train	train	train	train	train
DB09477	C0013604	1	C23	valid	train	test	train	train	train	train	train	train	train
DB09477	C0018802	1	C14	test	test	train	train	test	train	train	valid	train	train
DB09477	C0020538	1	C14	test	test	train	train	test	train	train	valid	train	train
DB09477	C0020540	1	C14	test	test	train	train	test	train	train	valid	train	train
DB09481	C0009806	1	C23	valid	train	test	train	train	train	train	train	train	train
DB09481	C0017168	1	C06	train	train	train	train	train	train	train	train	train	test
DB09481	C0018834	1	C23	valid	train	test	train	train	train	train	train	train	train
DB09481	C0030920	1	C06	train	train	train	train	train	train	train	train	train	test
DB09488	C0035457	1	C08	train	train	train	train	train	train	train	test	train	train
DB09488	C0042109	1	C17	valid	train	valid	train	train	valid	train	train	train	test
DB09516	C0162834	1	C17	valid	train	valid	train	train	valid	train	train	train	test
DB09526	C0162834	1	C17	valid	train	valid	train	train	valid	train	train	train	test
DB09555	C0018621	1	C08	train	train	train	train	train	train	train	test	train	train
DB09555	C0042109	1	C17	valid	train	valid	train	train	valid	train	train	train	test
DB09559	C0007131	1	C08	train	train	train	train	train	train	train	test	train	train
DB09564	C0011849	1	C18	train	train	train	train	train	test	train	test	valid	train
DB09568	C0020557	1	C18	train	train	train	train	train	test	train	test	valid	train
DB11059	C0037299	1	C17	valid	train	valid	train	train	valid	train	train	train	test
DB11071	C0282488	1	C12	train	train	train	test	valid	train	train	train	train	train
DB11081	C0702166	1	C17	valid	train	valid	train	train	valid	train	train	train	test
DB11085	C0033860	1	C17	valid	train	valid	train	train	valid	train	train	train	test
DB11085	C0036508	1	C17	valid	train	valid	train	train	valid	train	train	train	test
DB11085	C0702166	1	C17	valid	train	valid	train	train	valid	train	train	train	test
DB11130	C0010346	1	C06	train	train	train	train	train	train	train	train	train	test
DB11130	C0014356	1	C06	train	train	train	train	train	train	train	train	train	test
DB11131	C0003864	1	C05	train	valid	valid	train	train	test	train	train	train	train
DB11136	C0028754	1	C18	train	train	train	train	train	test	train	test	valid	train
DB11157	C0033860	1	C17	valid	train	valid	train	train	valid	train	train	train	test
DB11166	C0040053	1	C14	test	test	train	train	test	train	train	valid	train	train
DB11181	C0026961	1	C11	train	test	train	train	train	train	train	train	train	train
DB11273	C0149931	1	C10	train	train	train	train	train	train	test	train	test	valid
DB11324	C0003873	1	C05	train	valid	valid	train	train	test	train	train	train	train
DB11362	C2973725	1	C08	train	train	train	train	train	train	train	test	train	train
DB11363	C0007131	1	C08	train	train	train	train	train	train	train	test	train	train
DB11560	C0018099	1	C05	train	valid	valid	train	train	test	train	train	train	train
DB11560	C0740394	1	C23	valid	train	test	train	train	train	train	train	train	train
DB11571	C0019080	1	C23	valid	train	test	train	train	train	train	train	train	train
DB11572	C0019080	1	C23	valid	train	test	train	train	train	train	train	train	train
DB11581	C0023434	1	C15	train	train	train	valid	train	train	valid	train	train	train
DB11582	C0026838	1	C05	train	valid	valid	train	train	test	train	train	train	train
DB11591	C0009763	1	C11	train	test	train	train	train	train	train	train	train	train
DB11595	C0007138	1	C04	train	train	train	valid	train	train	valid	train	train	train
DB11598	C0012739	1	C15	train	train	train	valid	train	train	valid	train	train	train
DB11598	C0019156	1	C06	train	train	train	train	train	train	train	train	train	test
DB11598	C0040053	1	C14	test	test	train	train	test	train	train	valid	train	train
DB11598	C0272375	1	C15	train	train	train	valid	train	train	valid	train	train	train
DB11614	C0042109	1	C17	valid	train	valid	train	train	valid	train	train	train	test
DB11619	C0014175	1	C12	train	train	train	test	valid	train	train	train	train	train
DB11629	C0020443	1	C18	train	train	train	train	train	test	train	test	valid	train
DB11629	C0020473	1	C18	train	train	train	train	train	test	train	test	valid	train
DB11629	C0242339	1	C18	train	train	train	train	train	test	train	test	valid	train
DB11632	C0030567	1	C10	train	train	train	train	train	train	test	train	test	valid
DB11635	C0042875	1	C18	train	train	train	train	train	test	train	test	valid	train
DB11656	C0017152	1	C06	train	train	train	train	train	train	train	train	train	test
DB11660	C0017601	1	C11	train	test	train	train	train	train	train	train	train	train
DB11675	C0017168	1	C06	train	train	train	train	train	train	train	train	train	test
DB11675	C0022104	1	C06	train	train	train	train	train	train	train	train	train	test
DB11696	C0011991	1	C23	valid	train	test	train	train	train	train	train	train	train
DB11699	C0027497	1	C23	valid	train	test	train	train	train	train	train	train	train
DB11699	C0042963	1	C23	valid	train	test	train	train	train	train	train	train	train
DB11712	C0010674	1	C16	train	test	train	valid	train	valid	train	test	train	train
DB11742	C0042109	1	C17	valid	train	valid	train	train	valid	train	train	train	test
DB11748	C0024031	1	C23	valid	train	test	train	train	train	train	train	train	train
DB11753	C0041296	1	C01	train	train	train	train	train	train	train	train	train	train
DB11757	C0030567	1	C10	train	train	train	train	train	train	test	train	test	valid
DB11767	C0003873	1	C05	train	valid	valid	train	train	test	train	train	train	train
DB11767	C0038013	1	C05	train	valid	valid	train	train	test	train	train	train	train
DB11783	C0018802	1	C14	test	test	train	train	test	train	train	valid	train	train
DB11792	C0242350	1	C12	train	train	train	test	valid	train	train	train	train	train
DB11817	C0003873	1	C05	train	valid	valid	train	train	test	train	train	train	train
DB11824	C0011849	1	C18	train	train	train	train	train	test	train	test	valid	train
DB11827	C0011849	1	C18	train	train	train	train	train	test	train	test	valid	train
DB11827	C0011860	1	C18	train	train	train	train	train	test	train	test	valid	train
DB11834	C0033860	1	C17	valid	train	valid	train	train	valid	train	train	train	test
DB11950	C0011849	1	C18	train	train	train	train	train	test	train	test	valid	train
DB11988	C0003873	1	C05	train	valid	valid	train	train	test	train	train	train	train
DB11994	C0029408	1	C05	train	valid	valid	train	train	test	train	train	train	train
DB11995	C0019080	1	C23	valid	train	test	train	train	train	train	train	train	train
DB11995	C0040034	1	C15	train	train	train	valid	train	train	valid	train	train	train
DB12010	C0003873	1	C05	train	valid	valid	train	train	test	train	train	train	train
DB12010	C0079731	1	C04	train	train	train	valid	train	train	valid	train	train	train
DB12010	C0398650	1	C15	train	train	train	valid	train	train	valid	train	train	train
DB12023	C0004096	1	C08	train	train	train	train	train	train	train	test	train	train
DB12082	C0018802	1	C14	test	test	train	train	test	train	train	valid	train	train
DB12095	C0024586	1	C04	train	train	train	valid	train	train	valid	train	train	train
DB12153	C0002395	1	C10	train	train	train	train	train	train	test	train	test	valid
DB12153	C0017601	1	C11	train	test	train	train	train	train	train	train	train	train
DB12153	C0030567	1	C10	train	train	train	train	train	train	test	train	test	valid
DB12159	C0011603	1	C17	valid	train	valid	train	train	valid	train	train	train	test
DB12163	C0002962	1	C14	test	test	train	train	test	train	train	valid	train	train
DB12163	C0004153	1	C14	test	test	train	train	test	train	train	valid	train	train
DB12163	C0011849	1	C18	train	train	train	train	train	test	train	test	valid	train
DB12163	C0034734	1	C14	test	test	train	train	test	train	train	valid	train	train
DB12230	C0017601	1	C11	train	test	train	train	train	train	train	train	train	train
DB12233	C0003873	1	C05	train	valid	valid	train	train	test	train	train	train	train
DB12243	C0038454	1	C10	train	train	train	train	train	train	test	train	test	valid
DB12248	C0004096	1	C08	train	train	train	train	train	train	train	test	train	train
DB12278	C0042024	1	C12	train	train	train	test	valid	train	train	train	train	train
DB12319	C0018099	1	C05	train	valid	valid	train	train	test	train	train	train	train
DB12401	C0036341	1	F03	train	train	train	train	train	train	valid	train	valid	train
DB12417	C0011849	1	C18	train	train	train	train	train	test	train	test	valid	train
DB12478	C0012833	1	C23	valid	train	test	train	train	train	train	train	train	train
DB12478	C0030567	1	C10	train	train	train	train	train	train	test	train	test	valid
DB12523	C0042109	1	C17	valid	train	valid	train	train	valid	train	train	train	test
DB12545	C0040053	1	C14	test	test	train	train	test	train	train	valid	train	train
DB12831	C0030305	1	C06	train	train	train	train	train	train	train	train	train	test
DB12833	C0013415	1	F03	train	train	train	train	train	train	valid	train	valid	train
DB12836	C0029408	1	C05	train	valid	valid	train	train	test	train	train	train	train
DB12865	C0020503	1	C19	train	train	test	test	train	train	train	train	train	train
DB12867	C0036341	1	F03	train	train	train	train	train	train	valid	train	valid	train
DB12947	C1527249	1	C06	train	train	train	train	train	train	train	train	train	test
DB13036	C0004096	1	C08	train	train	train	train	train	train	train	test	train	train
DB13036	C1956346	1	C14	test	test	train	train	test	train	train	valid	train	train
DB13152	C0008533	1	C15	train	train	train	valid	train	train	valid	train	train	train
DB13152	C0015503	1	C15	train	train	train	valid	train	train	valid	train	train	train
DB13152	C0015530	1	C15	train	train	train	valid	train	train	valid	train	train	train
DB13152	C0019069	1	C15	train	train	train	valid	train	train	valid	train	train	train
DB13152	C0019080	1	C23	valid	train	test	train	train	train	train	train	train	train
DB13165	C0017601	1	C11	train	test	train	train	train	train	train	train	train	train
DB13167	C0003873	1	C05	train	valid	valid	train	train	test	train	train	train	train
DB13169	C0002871	1	C15	train	train	train	valid	train	train	valid	train	train	train
DB13179	C0004096	1	C08	train	train	train	train	train	train	train	test	train	train
DB13179	C0032285	1	C08	train	train	train	train	train	train	train	test	train	train
DB13179	C0037199	1	C08	train	train	train	train	train	train	train	test	train	train
DB13179	C0155862	1	C01	train	train	train	train	train	train	train	train	train	train
DB13217	C0003862	1	C05	train	valid	valid	train	train	test	train	train	train	train
DB13217	C0231528	1	C05	train	valid	valid	train	train	test	train	train	train	train
DB13345	C0149931	1	C10	train	train	train	train	train	train	test	train	test	valid
DB13500	C0022104	1	C06	train	train	train	train	train	train	train	train	train	test
DB13689	C0033860	1	C17	valid	train	valid	train	train	valid	train	train	train	test
DB13783	C0029408	1	C05	train	valid	valid	train	train	test	train	train	train	train
DB13873	C0020443	1	C18	train	train	train	train	train	test	train	test	valid	train
DB13873	C0020473	1	C18	train	train	train	train	train	test	train	test	valid	train
DB13873	C0242339	1	C18	train	train	train	train	train	test	train	test	valid	train
DB13919	C0018802	1	C14	test	test	train	train	test	train	train	valid	train	train
DB13928	C0011860	1	C18	train	train	train	train	train	test	train	test	valid	train
DB13933	C0019080	1	C23	valid	train	test	train	train	train	train	train	train	train
DB13943	C0029191	1	C12	train	train	train	test	valid	train	train	train	train	train
DB13943	C0271623	1	C19	train	train	test	test	train	train	train	train	train	train
DB13954	C0020619	1	C19	train	train	test	test	train	train	train	train	train	train
DB13996	C0024473	1	C18	train	train	train	train	train	test	train	test	valid	train
DB13999	C0019080	1	C23	valid	train	test	train	train	train	train	train	train	train
DB14006	C0003873	1	C05	train	valid	valid	train	train	test	train	train	train	train
DB14006	C0029408	1	C05	train	valid	valid	train	train	test	train	train	train	train
DB14061	C0036323	1	C01	train	train	train	train	train	train	train	train	train	train
L-Arginine	C0018802	1	C14	test	test	train	train	test	train	train	valid	train	train
L-Arginine	C0021359	1	C12	train	train	train	test	valid	train	train	train	train	train
L-Arginine	C0242350	1	C12	train	train	train	test	valid	train	train	train	train	train
L-Arginine	C1956346	1	C14	test	test	train	train	test	train	train	valid	train	train
L-Citrulline	C0242350	1	C12	train	train	train	test	valid	train	train	train	train	train
SN-38	C1527249	1	C06	train	train	train	train	train	train	train	train	train	test
aceclidine	C0017601	1	C11	train	test	train	train	train	train	train	train	train	train
acefylline	C0004096	1	C08	train	train	train	train	train	train	train	test	train	train
adiphenine	C0037763	1	C10	train	train	train	train	train	train	test	train	test	valid
adrenalone	C0019080	1	C23	valid	train	test	train	train	train	train	train	train	train
aminopentamide	C0027497	1	C23	valid	train	test	train	train	train	train	train	train	train
ammonium-lactate	C0079584	1	C17	valid	train	valid	train	train	valid	train	train	train	test
amtolmetin-guacil	C0003873	1	C05	train	valid	valid	train	train	test	train	train	train	train
amtolmetin-guacil	C0029408	1	C05	train	valid	valid	train	train	test	train	train	train	train
arsenic-trioxide	C0011991	1	C23	valid	train	test	train	train	train	train	train	train	train
azelaic-acid	C0035854	1	C17	valid	train	valid	train	train	valid	train	train	train	test
bendazac	C0003862	1	C05	train	valid	valid	train	train	test	train	train	train	train
bendazac	C0231528	1	C05	train	valid	valid	train	train	test	train	train	train	train
benztropine-mesylate	C0030567	1	C10	train	train	train	train	train	train	test	train	test	valid
bifemelane	C0017601	1	C11	train	test	train	train	train	train	train	train	train	train
budipine	C0030567	1	C10	train	train	train	train	train	train	test	train	test	valid
buflomedil	C1704436	1	C14	test	test	train	train	test	train	train	valid	train	train
butorphanol-(+)-tartrate	C0000737	1	C23	valid	train	test	train	train	train	train	train	train	train
butorphanol-(+)-tartrate	C0018681	1	C23	valid	train	test	train	train	train	train	train	train	train
butorphanol-(+)-tartrate	C0231528	1	C05	train	valid	valid	train	train	test	train	train	train	train
camostat-mesilate	C0030305	1	C06	train	train	train	train	train	train	train	train	train	test
caramiphen	C0030567	1	C10	train	train	train	train	train	train	test	train	test	valid
carazolol	C0002962	1	C14	test	test	train	train	test	train	train	valid	train	train
carazolol	C0027051	1	C14	test	test	train	train	test	train	train	valid	train	train
chlormadinone-acetate	C0002453	1	C23	valid	train	test	train	train	train	train	train	train	train
chlormadinone-acetate	C0028949	1	C23	valid	train	test	train	train	train	train	train	train	train
chlorogenic-acid	C0018681	1	C23	valid	train	test	train	train	train	train	train	train	train
clebopride	C0027497	1	C23	valid	train	test	train	train	train	train	train	train	train
clobetasone-butyrate	C0011603	1	C17	valid	train	valid	train	train	valid	train	train	train	test
clobetasone-butyrate	C0013595	1	C17	valid	train	valid	train	train	valid	train	train	train	test
clobetasone-butyrate	C0033860	1	C17	valid	train	valid	train	train	valid	train	train	train	test
clorprenaline	C0004096	1	C08	train	train	train	train	train	train	train	test	train	train
cortisone	C0003873	1	C05	train	valid	valid	train	train	test	train	train	train	train
cortisone	C0009324	1	C06	train	train	train	train	train	train	train	train	train	test
cortisone	C0013595	1	C17	valid	train	valid	train	train	valid	train	train	train	test
cycloserine-(d)	C0041296	1	C01	train	train	train	train	train	train	train	train	train	train
cyclosporin-a	C0033860	1	C17	valid	train	valid	train	train	valid	train	train	train	test
dabigatran	C0034065	1	C08	train	train	train	train	train	train	train	test	train	train
dabigatran	C0038454	1	C10	train	train	train	train	train	train	test	train	test	valid
dabigatran-etexilate	C0034065	1	C08	train	train	train	train	train	train	train	test	train	train
dabigatran-etexilate	C0038454	1	C10	train	train	train	train	train	train	test	train	test	valid
deracoxib	C0029408	1	C05	train	valid	valid	train	train	test	train	train	train	train
desmopressin-acetate	C0687720	1	C12	train	train	train	test	valid	train	train	train	train	train
desoxycorticosterone-pivalate	C0001403	1	C19	train	train	test	test	train	train	train	train	train	train
dexamethasone-sodium-phosphate	C0002871	1	C15	train	train	train	valid	train	train	valid	train	train	train
dexamethasone-sodium-phosphate	C0003872	1	C05	train	valid	valid	train	train	test	train	train	train	train
dexamethasone-sodium-phosphate	C0003873	1	C05	train	valid	valid	train	train	test	train	train	train	train
dexamethasone-sodium-phosphate	C0009324	1	C06	train	train	train	train	train	train	train	train	train	test
dexamethasone-sodium-phosphate	C0014335	1	C06	train	train	train	train	train	train	train	train	train	test
dexamethasone-sodium-phosphate	C0020437	1	C18	train	train	train	train	train	test	train	test	valid	train
dexamethasone-sodium-phosphate	C0026769	1	C10	train	train	train	train	train	train	test	train	test	valid
dexamethasone-sodium-phosphate	C0027726	1	C12	train	train	train	test	valid	train	train	train	train	train
dexamethasone-sodium-phosphate	C0029408	1	C05	train	valid	valid	train	train	test	train	train	train	train
dexamethasone-sodium-phosphate	C0033860	1	C17	valid	train	valid	train	train	valid	train	train	train	test
diphemanil	C0037763	1	C10	train	train	train	train	train	train	test	train	test	valid
epalrestat	C0011881	1	C12	train	train	train	test	valid	train	train	train	train	train
ephedrine-(racemic)	C0004096	1	C08	train	train	train	train	train	train	train	test	train	train
ephedrine-(racemic)	C0020649	1	C14	test	test	train	train	test	train	train	valid	train	train
ephedrine-(racemic)	C0027404	1	C10	train	train	train	train	train	train	test	train	test	valid
ephedrine-(racemic)	C0028754	1	C18	train	train	train	train	train	test	train	test	valid	train
etofylline	C0004096	1	C08	train	train	train	train	train	train	train	test	train	train
falecalcitriol	C0020502	1	C19	train	train	test	test	train	train	train	train	train	train
fenigam	C0003467	1	F01	train	train	train	train	train	train	valid	train	train	train
flopropione	C0037763	1	C10	train	train	train	train	train	train	test	train	test	valid
fludarabine-phosphate	C0023434	1	C15	train	train	train	valid	train	train	valid	train	train	train
fludrocortisone-acetate	C0001403	1	C19	train	train	test	test	train	train	train	train	train	train
fludrocortisone-acetate	C0302280	1	C12	train	train	train	test	valid	train	train	train	train	train
fluphenazine-decanoate	C0036341	1	F03	train	train	train	train	train	train	valid	train	valid	train
flurbiprofen-(S)-(+)	C0003873	1	C05	train	valid	valid	train	train	test	train	train	train	train
flurbiprofen-(S)-(+)	C0029408	1	C05	train	valid	valid	train	train	test	train	train	train	train
ftorafur	C1527249	1	C06	train	train	train	train	train	train	train	train	train	test
gentamycin	C0025289	1	C10	train	train	train	train	train	train	test	train	test	valid
gentamycin	C0032285	1	C08	train	train	train	train	train	train	train	test	train	train
haloperidol-decanoate	C0036341	1	F03	train	train	train	train	train	train	valid	train	valid	train
hyaluronic-acid	C0029408	1	C05	train	valid	valid	train	train	test	train	train	train	train
hyaluronic-acid	C0282488	1	C12	train	train	train	test	valid	train	train	train	train	train
hydrocortisone-butyrate	C0013595	1	C17	valid	train	valid	train	train	valid	train	train	train	test
hydrocortisone-phosphate	C0004096	1	C08	train	train	train	train	train	train	train	test	train	train
hydrocortisone-phosphate	C0009319	1	C06	train	train	train	train	train	train	train	train	train	test
hydrocortisone-phosphate	C0011616	1	C17	valid	train	valid	train	train	valid	train	train	train	test
hydrocortisone-phosphate	C0014335	1	C06	train	train	train	train	train	train	train	train	train	test
hydrocortisone-phosphate	C0026764	1	C15	train	train	train	valid	train	train	valid	train	train	train
hydrocortisone-phosphate	C0027497	1	C23	valid	train	test	train	train	train	train	train	train	train
hydrocortisone-phosphate	C0042963	1	C23	valid	train	test	train	train	train	train	train	train	train
ibuprofen-lysine	C0013274	1	C14	test	test	train	train	test	train	train	valid	train	train
ipragliflozin-l-proline	C0011849	1	C18	train	train	train	train	train	test	train	test	valid	train
maropitant	C0042963	1	C23	valid	train	test	train	train	train	train	train	train	train
megestrol-acetate	C0006625	1	C23	valid	train	test	train	train	train	train	train	train	train
meldonium	C1956346	1	C14	test	test	train	train	test	train	train	valid	train	train
melevodopa	C0030567	1	C10	train	train	train	train	train	train	test	train	test	valid
methylene-blue	C0025637	1	C15	train	train	train	valid	train	train	valid	train	train	train
methylprednisolone-aceponate	C0001627	1	C12	train	train	train	test	valid	train	train	train	train	train
methylprednisolone-aceponate	C0002871	1	C15	train	train	train	valid	train	train	valid	train	train	train
methylprednisolone-aceponate	C0003873	1	C05	train	valid	valid	train	train	test	train	train	train	train
methylprednisolone-aceponate	C0004096	1	C08	train	train	train	train	train	train	train	test	train	train
methylprednisolone-aceponate	C0009324	1	C06	train	train	train	train	train	train	train	train	train	test
methylprednisolone-aceponate	C0014335	1	C06	train	train	train	train	train	train	train	train	train	test
methylprednisolone-aceponate	C0020437	1	C18	train	train	train	train	train	test	train	test	valid	train
methylprednisolone-aceponate	C0026769	1	C10	train	train	train	train	train	train	test	train	test	valid
methylprednisolone-aceponate	C0029408	1	C05	train	valid	valid	train	train	test	train	train	train	train
methylprednisolone-aceponate	C0033860	1	C17	valid	train	valid	train	train	valid	train	train	train	test
methylprednisolone-aceponate	C0040147	1	C19	train	train	test	test	train	train	train	train	train	train
minodronic-acid	C0029456	1	C05	train	valid	valid	train	train	test	train	train	train	train
mofezolac	C0003873	1	C05	train	valid	valid	train	train	test	train	train	train	train
mofezolac	C0029456	1	C05	train	valid	valid	train	train	test	train	train	train	train
mozavaptan	C0020625	1	C18	train	train	train	train	train	test	train	test	valid	train
nemonapride	C0036341	1	F03	train	train	train	train	train	train	valid	train	valid	train
neridronic-acid	C0029434	1	C05	train	valid	valid	train	train	test	train	train	train	train
omeprazole-magnesium	C0017168	1	C06	train	train	train	train	train	train	train	train	train	test
omeprazole-magnesium	C0018834	1	C23	valid	train	test	train	train	train	train	train	train	train
penfluridol	C0036341	1	F03	train	train	train	train	train	train	valid	train	valid	train
phosphatidylcholine	C0013595	1	C17	valid	train	valid	train	train	valid	train	train	train	test
picotamide	C0040053	1	C14	test	test	train	train	test	train	train	valid	train	train
pimobendan	C0018802	1	C14	test	test	train	train	test	train	train	valid	train	train
pipenzolate	C0037763	1	C10	train	train	train	train	train	train	test	train	test	valid
piperidolate	C0037763	1	C10	train	train	train	train	train	train	test	train	test	valid
pralidoxime-chloride	C0235063	1	C08	train	train	train	train	train	train	train	test	train	train
prednisolone-acetate	C0009763	1	C11	train	test	train	train	train	train	train	train	train	train
prednisolone-acetate	C0035854	1	C17	valid	train	valid	train	train	valid	train	train	train	test
prednisolone-sodium-phosphate	C0001627	1	C12	train	train	train	test	valid	train	train	train	train	train
prednisolone-sodium-phosphate	C0003872	1	C05	train	valid	valid	train	train	test	train	train	train	train
prednisolone-sodium-phosphate	C0003873	1	C05	train	valid	valid	train	train	test	train	train	train	train
prednisolone-sodium-phosphate	C0004096	1	C08	train	train	train	train	train	train	train	test	train	train
prednisolone-sodium-phosphate	C0009324	1	C06	train	train	train	train	train	train	train	train	train	test
prednisolone-sodium-phosphate	C0011616	1	C17	valid	train	valid	train	train	valid	train	train	train	test
prednisolone-sodium-phosphate	C0014335	1	C06	train	train	train	train	train	train	train	train	train	test
prednisolone-sodium-phosphate	C0020437	1	C18	train	train	train	train	train	test	train	test	valid	train
prednisolone-sodium-phosphate	C0025289	1	C10	train	train	train	train	train	train	test	train	test	valid
prednisolone-sodium-phosphate	C0026769	1	C10	train	train	train	train	train	train	test	train	test	valid
prednisolone-sodium-phosphate	C0032285	1	C08	train	train	train	train	train	train	train	test	train	train
prednisolone-sodium-phosphate	C0040147	1	C19	train	train	test	test	train	train	train	train	train	train
psoralen	C0013595	1	C17	valid	train	valid	train	train	valid	train	train	train	test
psoralen	C0033860	1	C17	valid	train	valid	train	train	valid	train	train	train	test
psoralen	C0042900	1	C17	valid	train	valid	train	train	valid	train	train	train	test
quinaprilat	C0002994	1	C14	test	test	train	train	test	train	train	valid	train	train
r(-)-apomorphine	C0030567	1	C10	train	train	train	train	train	train	test	train	test	valid
revaprazan	C0017152	1	C06	train	train	train	train	train	train	train	train	train	test
silibinin	C0023890	1	C06	train	train	train	train	train	train	train	train	train	test
sodium-monofluorophosphate	C0011334	1	C07	train	test	valid	train	train	train	train	train	train	train
sodium-oxybate	C0027404	1	C10	train	train	train	train	train	train	test	train	test	valid
sodium-salicylate	C0015967	1	C23	valid	train	test	train	train	train	train	train	train	train
sodium-tetradecyl-sulfate	C0042345	1	C14	test	test	train	train	test	train	train	valid	train	train
spiperone	C0036341	1	F03	train	train	train	train	train	train	valid	train	valid	train
strontium-ranelate	C0029408	1	C05	train	valid	valid	train	train	test	train	train	train	train
strontium-ranelate	C0029456	1	C05	train	valid	valid	train	train	test	train	train	train	train
taltirelin	C0087012	1	C10	train	train	train	train	train	train	test	train	test	valid
telotristat-ethyl	C0011991	1	C23	valid	train	test	train	train	train	train	train	train	train
tepoxalin	C0003873	1	C05	train	valid	valid	train	train	test	train	train	train	train
tepoxalin	C1328407	1	C26	train	valid	train	train	train	train	train	test	train	train
testosterone-enanthate	C0020619	1	C19	train	train	test	test	train	train	train	train	train	train
testosterone-undecanoate	C0020619	1	C19	train	train	test	test	train	train	train	train	train	train
thiostrepton	C0024894	1	C12	train	train	train	test	valid	train	train	train	train	train
thiram	C0011616	1	C17	valid	train	valid	train	train	valid	train	train	train	test
trepibutone	C0022104	1	C06	train	train	train	train	train	train	train	train	train	test
ufenamate	C0011603	1	C17	valid	train	valid	train	train	valid	train	train	train	test
ufenamate	C0013595	1	C17	valid	train	valid	train	train	valid	train	train	train	test
vinburnine	C0038454	1	C10	train	train	train	train	train	train	test	train	test	valid
xipamide	C0013604	1	C23	valid	train	test	train	train	train	train	train	train	train
zotarolimus	C0948480	1	C14	test	test	train	train	test	train	train	valid	train	train
5-hydroxytryptophan	C0021308	0	C23	valid	train	test	train	train	train	train	train	train	train
5-hydroxytryptophan	C0038525	0	C10	train	train	train	train	train	train	test	train	test	valid
ACT-132577	C0020428	0	C19	train	train	test	test	train	train	train	train	train	train
ACT-132577	C0040261	0	C01	train	train	train	train	train	train	train	train	train	train
ACT-132577	C0042138	0	C12	train	train	train	test	valid	train	train	train	train	train
ACT-132577	C0162627	0	C01	train	train	train	train	train	train	train	train	train	train
DB00001	C0004245	0	C14	test	test	train	train	test	train	train	valid	train	train
DB00001	C0034067	0	C23	valid	train	test	train	train	train	train	train	train	train
DB00001	C0917798	0	C10	train	train	train	train	train	train	test	train	test	valid
DB00002	C0038379	0	C10	train	train	train	train	train	train	test	train	test	valid
DB00004	C0473527	0	C18	train	train	train	train	train	test	train	test	valid	train
DB00005	C0025294	0	C01	train	train	train	train	train	train	train	train	train	train
DB00006	C0007570	0	C06	train	train	train	train	train	train	train	train	train	test
DB00006	C0020217	0	C04	train	train	train	valid	train	train	valid	train	train	train
DB00007	C0006271	0	C08	train	train	train	train	train	train	train	test	train	train
DB00007	C0031046	0	C14	test	test	train	train	test	train	train	valid	train	train
DB00007	C0220994	0	C23	valid	train	test	train	train	train	train	train	train	train
DB00008	C0004364	0	C20	train	train	test	train	valid	train	train	train	train	train
DB00008	C0031511	0	C04	train	train	train	valid	train	train	valid	train	train	train
DB00008	C0033375	0	C04	train	train	train	valid	train	train	valid	train	train	train
DB00008	C2937421	0	C12	train	train	train	test	valid	train	train	train	train	train
DB00009	C0003872	0	C05	train	valid	valid	train	train	test	train	train	train	train
DB00009	C0020757	0	C16	train	test	train	valid	train	valid	train	test	train	train
DB00009	C0021308	0	C23	valid	train	test	train	train	train	train	train	train	train
DB00009	C0043459	0	C12	train	train	train	test	valid	train	train	train	train	train
DB00009	C0080274	0	C12	train	train	train	test	valid	train	train	train	train	train
DB00009	C2930898	0	C11	train	test	train	train	train	train	train	train	train	train
DB00010	C0013720	0	C17	valid	train	valid	train	train	valid	train	train	train	test
DB00010	C0022951	0	C18	train	train	train	train	train	test	train	test	valid	train
DB00012	C0003128	0	C12	train	train	train	test	valid	train	train	train	train	train
DB00012	C0919267	0	C12	train	train	train	test	valid	train	train	train	train	train
DB00013	C0015397	0	C11	train	test	train	train	train	train	train	train	train	train
DB00013	C0028840	0	C11	train	test	train	train	train	train	train	train	train	train
DB00014	C0032460	0	C12	train	train	train	test	valid	train	train	train	train	train
DB00014	C0033975	0	F03	train	train	train	train	train	train	valid	train	valid	train
DB00014	C0036341	0	F03	train	train	train	train	train	train	valid	train	valid	train
DB00014	C0242350	0	C12	train	train	train	test	valid	train	train	train	train	train
DB00015	C0014869	0	C06	train	train	train	train	train	train	train	train	train	test
DB00015	C0027708	0	C12	train	train	train	test	valid	train	train	train	train	train
DB00015	C0030578	0	C17	valid	train	valid	train	train	valid	train	train	train	test
DB00016	C0024473	0	C18	train	train	train	train	train	test	train	test	valid	train
DB00016	C0035229	0	C08	train	train	train	train	train	train	train	test	train	train
DB00016	C0042029	0	C12	train	train	train	test	valid	train	train	train	train	train
DB00017	C0037036	0	C07	train	test	valid	train	train	train	train	train	train	train
DB00017	C0282488	0	C12	train	train	train	test	valid	train	train	train	train	train
DB00017	C2316212	0	C17	valid	train	valid	train	train	valid	train	train	train	test
DB00020	C0002874	0	C15	train	train	train	valid	train	train	valid	train	train	train
DB00020	C0018834	0	C23	valid	train	test	train	train	train	train	train	train	train
DB00020	C0038358	0	C06	train	train	train	train	train	train	train	train	train	test
DB00022	C0011616	0	C17	valid	train	valid	train	train	valid	train	train	train	test
DB00022	C0018203	0	C15	train	train	train	valid	train	train	valid	train	train	train
DB00022	C0030578	0	C17	valid	train	valid	train	train	valid	train	train	train	test
DB00022	C0031099	0	C07	train	test	valid	train	train	train	train	train	train	train
DB00022	C0040136	0	C04	train	train	train	valid	train	train	valid	train	train	train
DB00024	C0001973	0	C25	train	train	test	train	train	train	valid	valid	train	train
DB00024	C0016412	0	C18	train	train	train	train	train	test	train	test	valid	train
DB00024	C0023487	0	C04	train	train	train	valid	train	train	valid	train	train	train
DB00024	C0025149	0	C04	train	train	train	valid	train	train	valid	train	train	train
DB00024	C0041948	0	C12	train	train	train	test	valid	train	train	train	train	train
DB00025	C0004239	0	C14	test	test	train	train	test	train	train	valid	train	train
DB00025	C0018790	0	C14	test	test	train	train	test	train	train	valid	train	train
DB00025	C0020481	0	C18	train	train	train	train	train	test	train	test	valid	train
DB00025	C0029408	0	C05	train	valid	valid	train	train	test	train	train	train	train
DB00026	C0020626	0	C19	train	train	test	test	train	train	train	train	train	train
DB00029	C0002965	0	C14	test	test	train	train	test	train	train	valid	train	train
DB00029	C0079731	0	C04	train	train	train	valid	train	train	valid	train	train	train
DB00030	C0038013	0	C05	train	valid	valid	train	train	test	train	train	train	train
DB00030	C0206686	0	C19	train	train	test	test	train	train	train	train	train	train
DB00031	C0025500	0	C04	train	train	train	valid	train	train	valid	train	train	train
DB00031	C1527336	0	C05	train	valid	valid	train	train	test	train	train	train	train
DB00032	C0022575	0	C11	train	test	train	train	train	train	train	train	train	train
DB00032	C0029408	0	C05	train	valid	valid	train	train	test	train	train	train	train
DB00032	C0041408	0	C12	train	train	train	test	valid	train	train	train	train	train
DB00032	C0042138	0	C12	train	train	train	test	valid	train	train	train	train	train
DB00032	C0042870	0	C18	train	train	train	train	train	test	train	test	valid	train
DB00032	C0079744	0	C04	train	train	train	valid	train	train	valid	train	train	train
DB00033	C0020502	0	C19	train	train	test	test	train	train	train	train	train	train
DB00033	C0042514	0	C14	test	test	train	train	test	train	train	valid	train	train
DB00034	C0014121	0	C01	train	train	train	train	train	train	train	train	train	train
DB00034	C0016470	0	C20	train	train	test	train	valid	train	train	train	train	train
DB00034	C0085417	0	C10	train	train	train	train	train	train	test	train	test	valid
DB00035	C0020542	0	C08	train	train	train	train	train	train	train	test	train	train
DB00035	C0042138	0	C12	train	train	train	test	valid	train	train	train	train	train
DB00036	C0008311	0	C06	train	train	train	train	train	train	train	train	train	test
DB00036	C0011615	0	C17	valid	train	valid	train	train	valid	train	train	train	test
DB00036	C0013428	0	C23	valid	train	test	train	train	train	train	train	train	train
DB00038	C0002888	0	C15	train	train	train	valid	train	train	valid	train	train	train
DB00038	C0026848	0	C05	train	valid	valid	train	train	test	train	train	train	train
DB00038	C0271623	0	C19	train	train	test	test	train	train	train	train	train	train
DB00038	C0276226	0	C01	train	train	train	train	train	train	train	train	train	train
DB00039	C0000786	0	C12	train	train	train	test	valid	train	train	train	train	train
DB00039	C0268390	0	C17	valid	train	valid	train	train	valid	train	train	train	test
DB00040	C0001418	0	C04	train	train	train	valid	train	train	valid	train	train	train
DB00040	C0003578	0	C08	train	train	train	train	train	train	train	test	train	train
DB00040	C0010417	0	C12	train	train	train	test	valid	train	train	train	train	train
DB00040	C0020479	0	C18	train	train	train	train	train	test	train	test	valid	train
DB00040	C0038160	0	C01	train	train	train	train	train	train	train	train	train	train
DB00040	C0151744	0	C14	test	test	train	train	test	train	train	valid	train	train
DB00041	C0001418	0	C04	train	train	train	valid	train	train	valid	train	train	train
DB00041	C0003850	0	C14	test	test	train	train	test	train	train	valid	train	train
DB00041	C0006105	0	C01	train	train	train	train	train	train	train	train	train	train
DB00041	C0037274	0	C17	valid	train	valid	train	train	valid	train	train	train	test
DB00042	C0005283	0	C15	train	train	train	valid	train	train	valid	train	train	train
DB00042	C0024143	0	C12	train	train	train	test	valid	train	train	train	train	train
DB00042	C0036572	0	C10	train	train	train	train	train	train	test	train	test	valid
DB00043	C1261473	0	C04	train	train	train	valid	train	train	valid	train	train	train
DB00044	C0009375	0	C06	train	train	train	train	train	train	train	train	train	test
DB00044	C0017638	0	C04	train	train	train	valid	train	train	valid	train	train	train
DB00044	C0020428	0	C19	train	train	test	test	train	train	train	train	train	train
DB00046	C0017563	0	C07	train	test	valid	train	train	train	train	train	train	train
DB00046	C0024117	0	C08	train	train	train	train	train	train	train	test	train	train
DB00046	C0026848	0	C05	train	valid	valid	train	train	test	train	train	train	train
DB00046	C0029401	0	C05	train	valid	valid	train	train	test	train	train	train	train
DB00046	C0030920	0	C06	train	train	train	train	train	train	train	train	train	test
DB00046	C0042138	0	C12	train	train	train	test	valid	train	train	train	train	train
DB00046	C0085580	0	C14	test	test	train	train	test	train	train	valid	train	train
DB00046	C0343755	0	C01	train	train	train	train	train	train	train	train	train	train
DB00046	C0398623	0	C15	train	train	train	valid	train	train	valid	train	train	train
DB00047	C0020481	0	C18	train	train	train	train	train	test	train	test	valid	train
DB00047	C0751122	0	C10	train	train	train	train	train	train	test	train	test	valid
DB00048	C0022660	0	C12	train	train	train	test	valid	train	train	train	train	train
DB00051	C0026769	0	C10	train	train	train	train	train	train	test	train	test	valid
DB00051	C0038160	0	C01	train	train	train	train	train	train	train	train	train	train
DB00052	C0022638	0	C18	train	train	train	train	train	test	train	test	valid	train
DB00052	C0036690	0	C01	train	train	train	train	train	train	train	train	train	train
DB00052	C0948480	0	C14	test	test	train	train	test	train	train	valid	train	train
DB00054	C0013404	0	C08	train	train	train	train	train	train	train	test	train	train
DB00054	C0019112	0	C06	train	train	train	train	train	train	train	train	train	test
DB00054	C0031069	0	C16	train	test	train	valid	train	valid	train	test	train	train
DB00055	C0027662	0	C04	train	train	train	valid	train	train	valid	train	train	train
DB00055	C0221013	0	C04	train	train	train	valid	train	train	valid	train	train	train
DB00055	C0398650	0	C15	train	train	train	valid	train	train	valid	train	train	train
DB00056	C0023465	0	C04	train	train	train	valid	train	train	valid	train	train	train
DB00056	C0027662	0	C04	train	train	train	valid	train	train	valid	train	train	train
DB00056	C0040034	0	C15	train	train	train	valid	train	train	valid	train	train	train
DB00056	C0042138	0	C12	train	train	train	test	valid	train	train	train	train	train
DB00056	C0268390	0	C17	valid	train	valid	train	train	valid	train	train	train	test
DB00060	C0002171	0	C17	valid	train	valid	train	train	valid	train	train	train	test
DB00060	C0030305	0	C06	train	train	train	train	train	train	train	train	train	test
DB00060	C0042133	0	C04	train	train	train	valid	train	train	valid	train	train	train
DB00060	C3544321	0	F03	train	train	train	train	train	train	valid	train	valid	train
DB00063	C0020437	0	C18	train	train	train	train	train	test	train	test	valid	train
DB00063	C0023449	0	C15	train	train	train	valid	train	train	valid	train	train	train
DB00065	C0011615	0	C17	valid	train	valid	train	train	valid	train	train	train	test
DB00065	C0020557	0	C18	train	train	train	train	train	test	train	test	valid	train
DB00065	C0025874	0	C12	train	train	train	test	valid	train	train	train	train	train
DB00066	C0015371	0	C10	train	train	train	train	train	train	test	train	test	valid
DB00066	C0751434	0	C18	train	train	train	train	train	test	train	test	valid	train
DB00067	C0007785	0	C10	train	train	train	train	train	train	test	train	test	valid
DB00067	C0024138	0	C17	valid	train	valid	train	train	valid	train	train	train	test
DB00068	C0085681	0	C18	train	train	train	train	train	test	train	test	valid	train
DB00068	C0268483	0	C18	train	train	train	train	train	test	train	test	valid	train
DB00069	C0020557	0	C18	train	train	train	train	train	test	train	test	valid	train
DB00069	C0043515	0	C06	train	train	train	train	train	train	train	train	train	test
DB00070	C0014877	0	C10	train	train	train	train	train	train	test	train	test	valid
DB00070	C0023827	0	C04	train	train	train	valid	train	train	valid	train	train	train
DB00071	C0010043	0	C11	train	test	train	train	train	train	train	train	train	train
DB00071	C0020479	0	C18	train	train	train	train	train	test	train	test	valid	train
DB00071	C0025323	0	C12	train	train	train	test	valid	train	train	train	train	train
DB00071	C0036323	0	C01	train	train	train	train	train	train	train	train	train	train
DB00072	C0029134	0	C10	train	train	train	train	train	train	test	train	test	valid
DB00072	C0032787	0	C23	valid	train	test	train	train	train	train	train	train	train
DB00073	C0023443	0	C15	train	train	train	valid	train	train	valid	train	train	train
DB00073	C0023869	0	C23	valid	train	test	train	train	train	train	train	train	train
DB00073	C0029463	0	C04	train	train	train	valid	train	train	valid	train	train	train
DB00075	C0005694	0	C12	train	train	train	test	valid	train	train	train	train	train
DB00075	C0018801	0	C14	test	test	train	train	test	train	train	valid	train	train
DB00075	C0031154	0	C01	train	train	train	train	train	train	train	train	train	train
DB00075	C0278996	0	C04	train	train	train	valid	train	train	valid	train	train	train
DB00078	C0014869	0	C06	train	train	train	train	train	train	train	train	train	test
DB00081	C0010043	0	C11	train	test	train	train	train	train	train	train	train	train
DB00081	C0031190	0	C08	train	train	train	train	train	train	train	test	train	train
DB00081	C0036830	0	C17	valid	train	valid	train	train	valid	train	train	train	test
DB00081	C0149925	0	C08	train	train	train	train	train	train	train	test	train	train
DB00082	C0020615	0	C18	train	train	train	train	train	test	train	test	valid	train
DB00083	C0020625	0	C18	train	train	train	train	train	test	train	test	valid	train
DB00083	C0023448	0	C15	train	train	train	valid	train	train	valid	train	train	train
DB00083	C0032768	0	C10	train	train	train	train	train	train	test	train	test	valid
DB00083	C0043202	0	C14	test	test	train	train	test	train	train	valid	train	train
DB00083	C0242973	0	C14	test	test	train	train	test	train	train	valid	train	train
DB00086	C0020452	0	C14	test	test	train	train	test	train	train	valid	train	train
DB00086	C0040038	0	C14	test	test	train	train	test	train	train	valid	train	train
DB00087	C0017601	0	C11	train	test	train	train	train	train	train	train	train	train
DB00091	C0021364	0	C12	train	train	train	test	valid	train	train	train	train	train
DB00091	C0022876	0	C12	train	train	train	test	valid	train	train	train	train	train
DB00093	C0018273	0	C23	valid	train	test	train	train	train	train	train	train	train
DB00093	C0019080	0	C23	valid	train	test	train	train	train	train	train	train	train
DB00093	C0026705	0	C16	train	test	train	valid	train	valid	train	test	train	train
DB00093	C0035078	0	C12	train	train	train	test	valid	train	train	train	train	train
DB00093	C0700201	0	C10	train	train	train	train	train	train	test	train	test	valid
DB00094	C0014534	0	C12	train	train	train	test	valid	train	train	train	train	train
DB00094	C0270851	0	C10	train	train	train	train	train	train	test	train	test	valid
DB00094	C0343755	0	C01	train	train	train	train	train	train	train	train	train	train
DB00094	C0917805	0	C10	train	train	train	train	train	train	test	train	test	valid
DB00095	C0009806	0	C23	valid	train	test	train	train	train	train	train	train	train
DB00095	C0023449	0	C15	train	train	train	valid	train	train	valid	train	train	train
DB00095	C0878544	0	C14	test	test	train	train	test	train	train	valid	train	train
DB00097	C0011603	0	C17	valid	train	valid	train	train	valid	train	train	train	test
DB00097	C0039240	0	C14	test	test	train	train	test	train	train	valid	train	train
DB00097	C0700201	0	C10	train	train	train	train	train	train	test	train	test	valid
DB00097	C1260899	0	C15	train	train	train	valid	train	train	valid	train	train	train
DB00099	C0009763	0	C11	train	test	train	train	train	train	train	train	train	train
DB00099	C0013428	0	C23	valid	train	test	train	train	train	train	train	train	train
DB00099	C0014869	0	C06	train	train	train	train	train	train	train	train	train	test
DB00099	C0021775	0	C14	test	test	train	train	test	train	train	valid	train	train
DB00099	C1565489	0	C12	train	train	train	test	valid	train	train	train	train	train
DB00100	C0001122	0	C18	train	train	train	train	train	test	train	test	valid	train
DB00100	C0006142	0	C04	train	train	train	valid	train	train	valid	train	train	train
DB00100	C0024143	0	C12	train	train	train	test	valid	train	train	train	train	train
DB00100	C0271650	0	C18	train	train	train	train	train	test	train	test	valid	train
DB00102	C0023869	0	C23	valid	train	test	train	train	train	train	train	train	train
DB00102	C0036202	0	C15	train	train	train	valid	train	train	valid	train	train	train
DB00102	C0085682	0	C18	train	train	train	train	train	test	train	test	valid	train
DB00102	C0271568	0	C05	train	valid	valid	train	train	test	train	train	train	train
DB00102	C0878773	0	C12	train	train	train	test	valid	train	train	train	train	train
DB00104	C0008311	0	C06	train	train	train	train	train	train	train	train	train	test
DB00104	C0040479	0	C14	test	test	train	train	test	train	train	valid	train	train
DB00104	C1140680	0	C12	train	train	train	test	valid	train	train	train	train	train
DB00105	C0007193	0	C14	test	test	train	train	test	train	train	valid	train	train
DB00105	C0020651	0	C10	train	train	train	train	train	train	test	train	test	valid
DB00105	C0036508	0	C17	valid	train	valid	train	train	valid	train	train	train	test
DB00105	C0235063	0	C08	train	train	train	train	train	train	train	test	train	train
DB00105	C0678222	0	C04	train	train	train	valid	train	train	valid	train	train	train
DB00106	C0007786	0	C10	train	train	train	train	train	train	test	train	test	valid
DB00106	C0013238	0	C11	train	test	train	train	train	train	train	train	train	train
DB00107	C0004096	0	C08	train	train	train	train	train	train	train	test	train	train
DB00107	C0016412	0	C18	train	train	train	train	train	test	train	test	valid	train
DB00107	C0020217	0	C04	train	train	train	valid	train	train	valid	train	train	train
DB00107	C0262584	0	C04	train	train	train	valid	train	train	valid	train	train	train
DB00108	C0000744	0	C18	train	train	train	train	train	test	train	test	valid	train
DB00108	C0001206	0	C05	train	valid	valid	train	train	test	train	train	train	train
DB00108	C0002880	0	C15	train	train	train	valid	train	train	valid	train	train	train
DB00108	C0023440	0	C15	train	train	train	valid	train	train	valid	train	train	train
DB00108	C0029927	0	C12	train	train	train	test	valid	train	train	train	train	train
DB00108	C0271568	0	C05	train	valid	valid	train	train	test	train	train	train	train
DB00110	C0013404	0	C08	train	train	train	train	train	train	train	test	train	train
DB00110	C0013604	0	C23	valid	train	test	train	train	train	train	train	train	train
DB00110	C0235480	0	C14	test	test	train	train	test	train	train	valid	train	train
DB00112	C0001957	0	C25	train	train	test	train	train	train	valid	valid	train	train
DB00112	C0008677	0	C08	train	train	train	train	train	train	train	test	train	train
DB00112	C0017563	0	C07	train	test	valid	train	train	train	train	train	train	train
DB00112	C0019087	0	C15	train	train	train	valid	train	train	valid	train	train	train
DB00112	C0020474	0	C18	train	train	train	train	train	test	train	test	valid	train
DB00112	C0020676	0	C19	train	train	test	test	train	train	train	train	train	train
DB00112	C0151636	0	C14	test	test	train	train	test	train	train	valid	train	train
DB00114	C0020517	0	C20	train	train	test	train	valid	train	train	train	train	train
DB00114	C0020625	0	C18	train	train	train	train	train	test	train	test	valid	train
DB00115	C0007134	0	C12	train	train	train	test	valid	train	train	train	train	train
DB00115	C0032460	0	C12	train	train	train	test	valid	train	train	train	train	train
DB00117	C0282193	0	C18	train	train	train	train	train	test	train	test	valid	train
DB00118	C0004604	0	C23	valid	train	test	train	train	train	train	train	train	train
DB00118	C0029453	0	C05	train	valid	valid	train	train	test	train	train	train	train
DB00119	C0010691	0	C12	train	train	train	test	valid	train	train	train	train	train
DB00120	C0008311	0	C06	train	train	train	train	train	train	train	train	train	test
DB00120	C0040136	0	C04	train	train	train	valid	train	train	valid	train	train	train
DB00121	C0002170	0	C17	valid	train	valid	train	train	valid	train	train	train	test
DB00121	C0085417	0	C10	train	train	train	train	train	train	test	train	test	valid
DB00122	C0043202	0	C14	test	test	train	train	test	train	train	valid	train	train
DB00123	C0006413	0	C01	train	train	train	train	train	train	train	train	train	train
DB00123	C0008325	0	C06	train	train	train	train	train	train	train	train	train	test
DB00123	C0042133	0	C04	train	train	train	valid	train	train	valid	train	train	train
DB00123	C0398623	0	C15	train	train	train	valid	train	train	valid	train	train	train
DB00125	C0012739	0	C15	train	train	train	valid	train	train	valid	train	train	train
DB00125	C0030578	0	C17	valid	train	valid	train	train	valid	train	train	train	test
DB00125	C0041948	0	C12	train	train	train	test	valid	train	train	train	train	train
DB00126	C0002880	0	C15	train	train	train	valid	train	train	valid	train	train	train
DB00126	C0009375	0	C06	train	train	train	train	train	train	train	train	train	test
DB00126	C0014867	0	C06	train	train	train	train	train	train	train	train	train	test
DB00127	C0035457	0	C08	train	train	train	train	train	train	train	test	train	train
DB00127	C0040015	0	C15	train	train	train	valid	train	train	valid	train	train	train
DB00128	C0027497	0	C23	valid	train	test	train	train	train	train	train	train	train
DB00129	C0015456	0	C17	valid	train	valid	train	train	valid	train	train	train	test
DB00129	C0015503	0	C15	train	train	train	valid	train	train	valid	train	train	train
DB00129	C0085413	0	C12	train	train	train	test	valid	train	train	train	train	train
DB00129	C0376358	0	C12	train	train	train	test	valid	train	train	train	train	train
DB00130	C0010308	0	C05	train	valid	valid	train	train	test	train	train	train	train
DB00130	C0025202	0	C04	train	train	train	valid	train	train	valid	train	train	train
DB00131	C0005283	0	C15	train	train	train	valid	train	train	valid	train	train	train
DB00131	C0035220	0	C08	train	train	train	train	train	train	train	test	train	train
DB00131	C0162627	0	C01	train	train	train	train	train	train	train	train	train	train
DB00132	C0003872	0	C05	train	valid	valid	train	train	test	train	train	train	train
DB00132	C0020649	0	C14	test	test	train	train	test	train	train	valid	train	train
DB00133	C0014534	0	C12	train	train	train	test	valid	train	train	train	train	train
DB00133	C0014859	0	C06	train	train	train	train	train	train	train	train	train	test
DB00133	C0030920	0	C06	train	train	train	train	train	train	train	train	train	test
DB00133	C0242973	0	C14	test	test	train	train	test	train	train	valid	train	train
DB00136	C0002171	0	C17	valid	train	valid	train	train	valid	train	train	train	test
DB00138	C0004943	0	C17	valid	train	valid	train	train	valid	train	train	train	test
DB00138	C0017563	0	C07	train	test	valid	train	train	train	train	train	train	train
DB00138	C0349464	0	C10	train	train	train	train	train	train	test	train	test	valid
DB00138	C0497327	0	C10	train	train	train	train	train	train	test	train	test	valid
DB00138	C0524620	0	C18	train	train	train	train	train	test	train	test	valid	train
DB00139	C0040028	0	C15	train	train	train	valid	train	train	valid	train	train	train
DB00139	C0920350	0	C19	train	train	test	test	train	train	train	train	train	train
DB00141	C0002171	0	C17	valid	train	valid	train	train	valid	train	train	train	test
DB00141	C0021359	0	C12	train	train	train	test	valid	train	train	train	train	train
DB00141	C0024305	0	C04	train	train	train	valid	train	train	valid	train	train	train
DB00141	C0041296	0	C01	train	train	train	train	train	train	train	train	train	train
DB00143	C0011849	0	C18	train	train	train	train	train	test	train	test	valid	train
DB00143	C1540912	0	C15	train	train	train	valid	train	train	valid	train	train	train
DB00146	C0002874	0	C15	train	train	train	valid	train	train	valid	train	train	train
DB00147	C0007131	0	C08	train	train	train	train	train	train	train	test	train	train
DB00147	C0010072	0	C14	test	test	train	train	test	train	train	valid	train	train
DB00147	C0014170	0	C12	train	train	train	test	valid	train	train	train	train	train
DB00147	C0014534	0	C12	train	train	train	test	valid	train	train	train	train	train
DB00147	C0031154	0	C01	train	train	train	train	train	train	train	train	train	train
DB00147	C0032019	0	C10	train	train	train	train	train	train	test	train	test	valid
DB00147	C0035579	0	C18	train	train	train	train	train	test	train	test	valid	train
DB00148	C0003469	0	F03	train	train	train	train	train	train	valid	train	valid	train
DB00148	C0038525	0	C10	train	train	train	train	train	train	test	train	test	valid
DB00148	C0206682	0	C04	train	train	train	valid	train	train	valid	train	train	train
DB00148	C0268490	0	C18	train	train	train	train	train	test	train	test	valid	train
DB00150	C0018790	0	C14	test	test	train	train	test	train	train	valid	train	train
DB00151	C0017668	0	C12	train	train	train	test	valid	train	train	train	train	train
DB00151	C0022104	0	C06	train	train	train	train	train	train	train	train	train	test
DB00151	C0031190	0	C08	train	train	train	train	train	train	train	test	train	train
DB00152	C0014859	0	C06	train	train	train	train	train	train	train	train	train	test
DB00152	C1328407	0	C26	train	valid	train	train	train	train	train	test	train	train
DB00153	C0005779	0	C15	train	train	train	valid	train	train	valid	train	train	train
DB00153	C0006271	0	C08	train	train	train	train	train	train	train	test	train	train
DB00153	C0020757	0	C16	train	test	train	valid	train	valid	train	test	train	train
DB00154	C0013720	0	C17	valid	train	valid	train	train	valid	train	train	train	test
DB00154	C0030297	0	C04	train	train	train	valid	train	train	valid	train	train	train
DB00154	C0206245	0	C18	train	train	train	train	train	test	train	test	valid	train
DB00154	C0745103	0	C18	train	train	train	train	train	test	train	test	valid	train
DB00155	C0008533	0	C15	train	train	train	valid	train	train	valid	train	train	train
DB00155	C0342731	0	C16	train	test	train	valid	train	valid	train	test	train	train
DB00157	C0020757	0	C16	train	test	train	valid	train	valid	train	test	train	train
DB00157	C0032285	0	C08	train	train	train	train	train	train	train	test	train	train
DB00158	C0005586	0	F03	train	train	train	train	train	train	valid	train	valid	train
DB00158	C0023481	0	C15	train	train	train	valid	train	train	valid	train	train	train
DB00158	C0234533	0	C10	train	train	train	train	train	train	test	train	test	valid
DB00158	C1261473	0	C04	train	train	train	valid	train	train	valid	train	train	train
DB00161	C0008149	0	C01	train	train	train	train	train	train	train	train	train	train
DB00161	C0014742	0	C17	valid	train	valid	train	train	valid	train	train	train	test
DB00161	C0342881	0	C18	train	train	train	train	train	test	train	test	valid	train
DB00162	C0002792	0	C20	train	train	test	train	valid	train	train	train	train	train
DB00162	C0019243	0	C20	train	train	test	train	valid	train	train	train	train	train
DB00163	C0017612	0	C11	train	test	train	train	train	train	train	train	train	train
DB00163	C0018133	0	C20	train	train	test	train	valid	train	train	train	train	train
DB00163	C0021051	0	C20	train	train	test	train	valid	train	train	train	train	train
DB00163	C0024115	0	C08	train	train	train	train	train	train	train	test	train	train
DB00163	C0026650	0	C10	train	train	train	train	train	train	test	train	test	valid
DB00163	C0032285	0	C08	train	train	train	train	train	train	train	test	train	train
DB00163	C0036202	0	C15	train	train	train	valid	train	train	valid	train	train	train
DB00163	C0235974	0	C04	train	train	train	valid	train	train	valid	train	train	train
DB00165	C0006625	0	C23	valid	train	test	train	train	train	train	train	train	train
DB00165	C0022104	0	C06	train	train	train	train	train	train	train	train	train	test
DB00167	C0002875	0	C15	train	train	train	valid	train	train	valid	train	train	train
DB00167	C0003862	0	C05	train	valid	valid	train	train	test	train	train	train	train
DB00167	C0020459	0	C18	train	train	train	train	train	test	train	test	valid	train
DB00167	C0030590	0	C14	test	test	train	train	test	train	train	valid	train	train
DB00167	C0042870	0	C18	train	train	train	train	train	test	train	test	valid	train
DB00167	C0175683	0	C18	train	train	train	train	train	test	train	test	valid	train
DB00169	C0014556	0	C10	train	train	train	train	train	train	test	train	test	valid
DB00170	C0085605	0	C06	train	train	train	train	train	train	train	train	train	test
DB00173	C0008489	0	C10	train	train	train	train	train	train	test	train	test	valid
DB00173	C0013428	0	C23	valid	train	test	train	train	train	train	train	train	train
DB00173	C0023467	0	C04	train	train	train	valid	train	train	valid	train	train	train
DB00174	C0029463	0	C04	train	train	train	valid	train	train	valid	train	train	train
DB00174	C0032580	0	C06	train	train	train	train	train	train	train	train	train	test
DB00174	C0042035	0	C12	train	train	train	test	valid	train	train	train	train	train
DB00174	C0887833	0	C04	train	train	train	valid	train	train	valid	train	train	train
DB00174	C3544321	0	F03	train	train	train	train	train	train	valid	train	valid	train
DB00175	C0002965	0	C14	test	test	train	train	test	train	train	valid	train	train
DB00175	C0026948	0	C04	train	train	train	valid	train	train	valid	train	train	train
DB00175	C0032460	0	C12	train	train	train	test	valid	train	train	train	train	train
DB00175	C0409959	0	C05	train	valid	valid	train	train	test	train	train	train	train
DB00176	C0042133	0	C04	train	train	train	valid	train	train	valid	train	train	train
DB00176	C0751753	0	C18	train	train	train	train	train	test	train	test	valid	train
DB00177	C0003492	0	C14	test	test	train	train	test	train	train	valid	train	train
DB00177	C0008149	0	C01	train	train	train	train	train	train	train	train	train	train
DB00177	C0013404	0	C08	train	train	train	train	train	train	train	test	train	train
DB00177	C0085215	0	C12	train	train	train	test	valid	train	train	train	train	train
DB00178	C0002965	0	C14	test	test	train	train	test	train	train	valid	train	train
DB00178	C0023487	0	C04	train	train	train	valid	train	train	valid	train	train	train
DB00179	C0018621	0	C08	train	train	train	train	train	train	train	test	train	train
DB00179	C0027497	0	C23	valid	train	test	train	train	train	train	train	train	train
DB00179	C0409818	0	C17	valid	train	valid	train	train	valid	train	train	train	test
DB00180	C0020546	0	C14	test	test	train	train	test	train	train	valid	train	train
DB00180	C0024031	0	C23	valid	train	test	train	train	train	train	train	train	train
DB00180	C0162429	0	C18	train	train	train	train	train	test	train	test	valid	train
DB00181	C0026650	0	C10	train	train	train	train	train	train	test	train	test	valid
DB00182	C0023212	0	C14	test	test	train	train	test	train	train	valid	train	train
DB00182	C0023890	0	C06	train	train	train	train	train	train	train	train	train	test
DB00182	C0024894	0	C12	train	train	train	test	valid	train	train	train	train	train
DB00185	C0017612	0	C11	train	test	train	train	train	train	train	train	train	train
DB00185	C0020476	0	C18	train	train	train	train	train	test	train	test	valid	train
DB00185	C0027726	0	C12	train	train	train	test	valid	train	train	train	train	train
DB00186	C0022593	0	C17	valid	train	valid	train	train	valid	train	train	train	test
DB00186	C0677607	0	C19	train	train	test	test	train	train	train	train	train	train
DB00186	C0745103	0	C18	train	train	train	train	train	test	train	test	valid	train
DB00187	C0011616	0	C17	valid	train	valid	train	train	valid	train	train	train	test
DB00187	C0024301	0	C04	train	train	train	valid	train	train	valid	train	train	train
DB00187	C0030848	0	C12	train	train	train	test	valid	train	train	train	train	train
DB00188	C0022073	0	C11	train	test	train	train	train	train	train	train	train	train
DB00188	C0027697	0	C12	train	train	train	test	valid	train	train	train	train	train
DB00188	C0040053	0	C14	test	test	train	train	test	train	train	valid	train	train
DB00189	C0021359	0	C12	train	train	train	test	valid	train	train	train	train	train
DB00189	C0039685	0	C14	test	test	train	train	test	train	train	valid	train	train
DB00191	C0004604	0	C23	valid	train	test	train	train	train	train	train	train	train
DB00191	C0027121	0	C05	train	valid	valid	train	train	test	train	train	train	train
DB00191	C0035335	0	C04	train	train	train	valid	train	train	valid	train	train	train
DB00191	C0262584	0	C04	train	train	train	valid	train	train	valid	train	train	train
DB00192	C0022951	0	C18	train	train	train	train	train	test	train	test	valid	train
DB00192	C0027051	0	C14	test	test	train	train	test	train	train	valid	train	train
DB00193	C0021051	0	C20	train	train	test	train	valid	train	train	train	train	train
DB00193	C0025322	0	C12	train	train	train	test	valid	train	train	train	train	train
DB00195	C0002792	0	C20	train	train	test	train	valid	train	train	train	train	train
DB00195	C0015230	0	C17	valid	train	valid	train	train	valid	train	train	train	test
DB00195	C0019087	0	C15	train	train	train	valid	train	train	valid	train	train	train
DB00195	C0023437	0	C04	train	train	train	valid	train	train	valid	train	train	train
DB00195	C0030920	0	C06	train	train	train	train	train	train	train	train	train	test
DB00195	C1800706	0	C08	train	train	train	train	train	train	train	test	train	train
DB00196	C0011615	0	C17	valid	train	valid	train	train	valid	train	train	train	test
DB00200	C0013386	0	C10	train	train	train	train	train	train	test	train	test	valid
DB00200	C0013604	0	C23	valid	train	test	train	train	train	train	train	train	train
DB00200	C0022661	0	C12	train	train	train	test	valid	train	train	train	train	train
DB00200	C0027697	0	C12	train	train	train	test	valid	train	train	train	train	train
DB00200	C0029396	0	C23	valid	train	test	train	train	train	train	train	train	train
DB00200	C0037763	0	C10	train	train	train	train	train	train	test	train	test	valid
DB00201	C0006287	0	C08	train	train	train	train	train	train	train	test	train	train
DB00201	C0018681	0	C23	valid	train	test	train	train	train	train	train	train	train
DB00201	C0039841	0	C18	train	train	train	train	train	test	train	test	valid	train
DB00203	C0012739	0	C15	train	train	train	valid	train	train	valid	train	train	train
DB00203	C0024141	0	C17	valid	train	valid	train	train	valid	train	train	train	test
DB00203	C0030807	0	C17	valid	train	valid	train	train	valid	train	train	train	test
DB00203	C0231528	0	C05	train	valid	valid	train	train	test	train	train	train	train
DB00204	C0020479	0	C18	train	train	train	train	train	test	train	test	valid	train
DB00204	C0034734	0	C14	test	test	train	train	test	train	train	valid	train	train
DB00204	C0041948	0	C12	train	train	train	test	valid	train	train	train	train	train
DB00206	C0398623	0	C15	train	train	train	valid	train	train	valid	train	train	train
DB00206	C0936215	0	C18	train	train	train	train	train	test	train	test	valid	train
DB00207	C0002888	0	C15	train	train	train	valid	train	train	valid	train	train	train
DB00208	C0013295	0	C06	train	train	train	train	train	train	train	train	train	test
DB00208	C0022548	0	A10	train	test	train	train	train	train	train	test	train	train
DB00208	C0520679	0	C08	train	train	train	train	train	train	train	test	train	train
DB00208	C4083212	0	C17	valid	train	valid	train	train	valid	train	train	train	test
DB00209	C0013428	0	C23	valid	train	test	train	train	train	train	train	train	train
DB00209	C0015624	0	C12	train	train	train	test	valid	train	train	train	train	train
DB00210	C0011603	0	C17	valid	train	valid	train	train	valid	train	train	train	test
DB00210	C0034885	0	C06	train	train	train	train	train	train	train	train	train	test
DB00210	C0040822	0	C10	train	train	train	train	train	train	test	train	test	valid
DB00210	C0162834	0	C17	valid	train	valid	train	train	valid	train	train	train	test
DB00210	C0236964	0	F03	train	train	train	train	train	train	valid	train	valid	train
DB00211	C0001973	0	C25	train	train	test	train	train	train	valid	valid	train	train
DB00211	C0018834	0	C23	valid	train	test	train	train	train	train	train	train	train
DB00211	C0282488	0	C12	train	train	train	test	valid	train	train	train	train	train
DB00211	C0524620	0	C18	train	train	train	train	train	test	train	test	valid	train
DB00212	C0002395	0	C10	train	train	train	train	train	train	test	train	test	valid
DB00212	C0035222	0	C08	train	train	train	train	train	train	train	test	train	train
DB00212	C0085159	0	F03	train	train	train	train	train	train	valid	train	valid	train
DB00213	C0021603	0	C10	train	train	train	train	train	train	test	train	test	valid
DB00213	C0037199	0	C08	train	train	train	train	train	train	train	test	train	train
DB00213	C0085159	0	F03	train	train	train	train	train	train	valid	train	valid	train
DB00213	C0272375	0	C15	train	train	train	valid	train	train	valid	train	train	train
DB00213	C0751674	0	C04	train	train	train	valid	train	train	valid	train	train	train
DB00214	C0013264	0	C16	train	test	train	valid	train	valid	train	test	train	train
DB00215	C0036920	0	C15	train	train	train	valid	train	train	valid	train	train	train
DB00216	C0035222	0	C08	train	train	train	train	train	train	train	test	train	train
DB00218	C0034067	0	C23	valid	train	test	train	train	train	train	train	train	train
DB00218	C0276226	0	C01	train	train	train	train	train	train	train	train	train	train
DB00221	C0000737	0	C23	valid	train	test	train	train	train	train	train	train	train
DB00221	C0018671	0	C04	train	train	train	valid	train	train	valid	train	train	train
DB00221	C0029927	0	C12	train	train	train	test	valid	train	train	train	train	train
DB00221	C0162834	0	C17	valid	train	valid	train	train	valid	train	train	train	test
DB00221	C0238198	0	C06	train	train	train	train	train	train	train	train	train	test
DB00221	C2973725	0	C08	train	train	train	train	train	train	train	test	train	train
DB00222	C0024523	0	C06	train	train	train	train	train	train	train	train	train	test
DB00222	C0268596	0	C18	train	train	train	train	train	test	train	test	valid	train
DB00223	C0018681	0	C23	valid	train	test	train	train	train	train	train	train	train
DB00223	C0024143	0	C12	train	train	train	test	valid	train	train	train	train	train
DB00226	C0020757	0	C16	train	test	train	valid	train	valid	train	test	train	train
DB00226	C0027819	0	C04	train	train	train	valid	train	train	valid	train	train	train
DB00226	C0041341	0	C04	train	train	train	valid	train	train	valid	train	train	train
DB00226	C0398623	0	C15	train	train	train	valid	train	train	valid	train	train	train
DB00227	C0004238	0	C14	test	test	train	train	test	train	train	valid	train	train
DB00227	C0020480	0	C18	train	train	train	train	train	test	train	test	valid	train
DB00227	C0028754	0	C18	train	train	train	train	train	test	train	test	valid	train
DB00227	C0037930	0	C10	train	train	train	train	train	train	test	train	test	valid
DB00227	C0162429	0	C18	train	train	train	train	train	test	train	test	valid	train
DB00228	C0026896	0	C10	train	train	train	train	train	train	test	train	test	valid
DB00228	C0034067	0	C23	valid	train	test	train	train	train	train	train	train	train
DB00228	C0039685	0	C14	test	test	train	train	test	train	train	valid	train	train
DB00230	C0020428	0	C19	train	train	test	test	train	train	train	train	train	train
DB00230	C0268490	0	C18	train	train	train	train	train	test	train	test	valid	train
DB00231	C0008149	0	C01	train	train	train	train	train	train	train	train	train	train
DB00231	C0022596	0	C17	valid	train	valid	train	train	valid	train	train	train	test
DB00231	C0035585	0	C01	train	train	train	train	train	train	train	train	train	train
DB00232	C0002390	0	C08	train	train	train	train	train	train	train	test	train	train
DB00232	C0038356	0	C06	train	train	train	train	train	train	train	train	train	test
DB00233	C0001957	0	C25	train	train	test	train	train	train	valid	valid	train	train
DB00233	C0013428	0	C23	valid	train	test	train	train	train	train	train	train	train
DB00234	C0678222	0	C04	train	train	train	valid	train	train	valid	train	train	train
DB00235	C0043515	0	C06	train	train	train	train	train	train	train	train	train	test
DB00235	C0085417	0	C10	train	train	train	train	train	train	test	train	test	valid
DB00237	C0497327	0	C10	train	train	train	train	train	train	test	train	test	valid
DB00240	C0007138	0	C04	train	train	train	valid	train	train	valid	train	train	train
DB00240	C0010674	0	C16	train	test	train	valid	train	valid	train	test	train	train
DB00240	C0018671	0	C04	train	train	train	valid	train	train	valid	train	train	train
DB00240	C0041341	0	C04	train	train	train	valid	train	train	valid	train	train	train
DB00241	C0017668	0	C12	train	train	train	test	valid	train	train	train	train	train
DB00242	C0027051	0	C14	test	test	train	train	test	train	train	valid	train	train
DB00242	C0334579	0	C04	train	train	train	valid	train	train	valid	train	train	train
DB00243	C0003872	0	C05	train	valid	valid	train	train	test	train	train	train	train
DB00243	C0270736	0	C10	train	train	train	train	train	train	test	train	test	valid
DB00243	C2239176	0	C04	train	train	train	valid	train	train	valid	train	train	train
DB00244	C0034069	0	C08	train	train	train	train	train	train	train	test	train	train
DB00245	C0003850	0	C14	test	test	train	train	test	train	train	valid	train	train
DB00245	C0085580	0	C14	test	test	train	train	test	train	train	valid	train	train
DB00246	C0032768	0	C10	train	train	train	train	train	train	test	train	test	valid
DB00247	C0009763	0	C11	train	test	train	train	train	train	train	train	train	train
DB00247	C0014868	0	C06	train	train	train	train	train	train	train	train	train	test
DB00247	C0042029	0	C12	train	train	train	test	valid	train	train	train	train	train
DB00247	C0687720	0	C12	train	train	train	test	valid	train	train	train	train	train
DB00248	C0007193	0	C14	test	test	train	train	test	train	train	valid	train	train
DB00248	C1861172	0	C14	test	test	train	train	test	train	train	valid	train	train
DB00250	C0002418	0	C10	train	train	train	train	train	train	test	train	test	valid
DB00250	C0011616	0	C17	valid	train	valid	train	train	valid	train	train	train	test
DB00250	C0014175	0	C12	train	train	train	test	valid	train	train	train	train	train
DB00250	C0014859	0	C06	train	train	train	train	train	train	train	train	train	test
DB00250	C0020443	0	C18	train	train	train	train	train	test	train	test	valid	train
DB00250	C0028734	0	C23	valid	train	test	train	train	train	train	train	train	train
DB00250	C0030567	0	C10	train	train	train	train	train	train	test	train	test	valid
DB00252	C0020635	0	C10	train	train	train	train	train	train	test	train	test	valid
DB00252	C0039103	0	C05	train	valid	valid	train	train	test	train	train	train	train
DB00253	C0005967	0	C04	train	train	train	valid	train	train	valid	train	train	train
DB00253	C0017168	0	C06	train	train	train	train	train	train	train	train	train	test
DB00253	C0018834	0	C23	valid	train	test	train	train	train	train	train	train	train
DB00253	C0021655	0	C18	train	train	train	train	train	test	train	test	valid	train
DB00254	C2930898	0	C11	train	test	train	train	train	train	train	train	train	train
DB00255	C0003862	0	C05	train	valid	valid	train	train	test	train	train	train	train
DB00255	C0020459	0	C18	train	train	train	train	train	test	train	test	valid	train
DB00255	C0234974	0	C10	train	train	train	train	train	train	test	train	test	valid
DB00261	C0085417	0	C10	train	train	train	train	train	train	test	train	test	valid
DB00261	C0948008	0	C10	train	train	train	train	train	train	test	train	test	valid
DB00262	C0002171	0	C17	valid	train	valid	train	train	valid	train	train	train	test
DB00262	C0917801	0	C10	train	train	train	train	train	train	test	train	test	valid
DB00262	C0920350	0	C19	train	train	test	test	train	train	train	train	train	train
DB00264	C0008533	0	C15	train	train	train	valid	train	train	valid	train	train	train
DB00264	C0041582	0	C23	valid	train	test	train	train	train	train	train	train	train
DB00264	C0042847	0	C18	train	train	train	train	train	test	train	test	valid	train
DB00264	C0085129	0	C08	train	train	train	train	train	train	train	test	train	train
DB00264	C2973725	0	C08	train	train	train	train	train	train	train	test	train	train
DB00266	C0014474	0	C04	train	train	train	valid	train	train	valid	train	train	train
DB00266	C0020461	0	C18	train	train	train	train	train	test	train	test	valid	train
DB00266	C0022665	0	C12	train	train	train	test	valid	train	train	train	train	train
DB00268	C0032768	0	C10	train	train	train	train	train	train	test	train	test	valid
DB00270	C0001430	0	C04	train	train	train	valid	train	train	valid	train	train	train
DB00270	C0003864	0	C05	train	valid	valid	train	train	test	train	train	train	train
DB00270	C0022573	0	C11	train	test	train	train	train	train	train	train	train	train
DB00270	C0024419	0	C15	train	train	train	valid	train	train	valid	train	train	train
DB00270	C0262584	0	C04	train	train	train	valid	train	train	valid	train	train	train
DB00273	C0004604	0	C23	valid	train	test	train	train	train	train	train	train	train
DB00273	C0010346	0	C06	train	train	train	train	train	train	train	train	train	test
DB00273	C0020433	0	C23	valid	train	test	train	train	train	train	train	train	train
DB00273	C0040015	0	C15	train	train	train	valid	train	train	valid	train	train	train
DB00275	C0030848	0	C12	train	train	train	test	valid	train	train	train	train	train
DB00275	C0039483	0	C14	test	test	train	train	test	train	train	valid	train	train
DB00276	C0027404	0	C10	train	train	train	train	train	train	test	train	test	valid
DB00276	C0040046	0	C14	test	test	train	train	test	train	train	valid	train	train
DB00276	C0175683	0	C18	train	train	train	train	train	test	train	test	valid	train
DB00277	C0008311	0	C06	train	train	train	train	train	train	train	train	train	test
DB00277	C0020625	0	C18	train	train	train	train	train	test	train	test	valid	train
DB00279	C0023467	0	C04	train	train	train	valid	train	train	valid	train	train	train
DB00279	C0878544	0	C14	test	test	train	train	test	train	train	valid	train	train
DB00280	C0038013	0	C05	train	valid	valid	train	train	test	train	train	train	train
DB00281	C0017086	0	C23	valid	train	test	train	train	train	train	train	train	train
DB00281	C0027627	0	C04	train	train	train	valid	train	train	valid	train	train	train
DB00281	C0032987	0	C12	train	train	train	test	valid	train	train	train	train	train
DB00281	C0033578	0	C12	train	train	train	test	valid	train	train	train	train	train
DB00281	C0034012	0	C19	train	train	test	test	train	train	train	train	train	train
DB00281	C0039590	0	C12	train	train	train	test	valid	train	train	train	train	train
DB00284	C0011603	0	C17	valid	train	valid	train	train	valid	train	train	train	test
DB00284	C0026764	0	C15	train	train	train	valid	train	train	valid	train	train	train
DB00285	C0008677	0	C08	train	train	train	train	train	train	train	test	train	train
DB00285	C0037188	0	C14	test	test	train	train	test	train	train	valid	train	train
DB00286	C0011603	0	C17	valid	train	valid	train	train	valid	train	train	train	test
DB00286	C0028734	0	C23	valid	train	test	train	train	train	train	train	train	train
DB00286	C0040053	0	C14	test	test	train	train	test	train	train	valid	train	train
DB00287	C0011882	0	C10	train	train	train	train	train	train	test	train	test	valid
DB00287	C0018273	0	C23	valid	train	test	train	train	train	train	train	train	train
DB00288	C0042029	0	C12	train	train	train	test	valid	train	train	train	train	train
DB00290	C0038325	0	C17	valid	train	valid	train	train	valid	train	train	train	test
DB00290	C0162627	0	C01	train	train	train	train	train	train	train	train	train	train
DB00290	C0473527	0	C18	train	train	train	train	train	test	train	test	valid	train
DB00292	C0018681	0	C23	valid	train	test	train	train	train	train	train	train	train
DB00292	C0020502	0	C19	train	train	test	test	train	train	train	train	train	train
DB00292	C0025149	0	C04	train	train	train	valid	train	train	valid	train	train	train
DB00292	C0085215	0	C12	train	train	train	test	valid	train	train	train	train	train
DB00293	C0011882	0	C10	train	train	train	train	train	train	test	train	test	valid
DB00293	C0236964	0	F03	train	train	train	train	train	train	valid	train	valid	train
DB00295	C0035455	0	C08	train	train	train	train	train	train	train	test	train	train
DB00295	C0042510	0	C14	test	test	train	train	test	train	train	valid	train	train
DB00297	C0019156	0	C06	train	train	train	train	train	train	train	train	train	test
DB00297	C0278996	0	C04	train	train	train	valid	train	train	valid	train	train	train
DB00298	C0037286	0	C04	train	train	train	valid	train	train	valid	train	train	train
DB00300	C0010692	0	C12	train	train	train	test	valid	train	train	train	train	train
DB00300	C0751967	0	C10	train	train	train	train	train	train	test	train	test	valid
DB00302	C0003868	0	C05	train	valid	valid	train	train	test	train	train	train	train
DB00302	C0162565	0	C06	train	train	train	train	train	train	train	train	train	test
DB00304	C0003862	0	C05	train	valid	valid	train	train	test	train	train	train	train
DB00304	C0687720	0	C12	train	train	train	test	valid	train	train	train	train	train
DB00306	C0002871	0	C15	train	train	train	valid	train	train	valid	train	train	train
DB00306	C0002894	0	C15	train	train	train	valid	train	train	valid	train	train	train
DB00306	C0020550	0	C19	train	train	test	test	train	train	train	train	train	train
DB00306	C0032460	0	C12	train	train	train	test	valid	train	train	train	train	train
DB00306	C0042880	0	C15	train	train	train	valid	train	train	valid	train	train	train
DB00307	C0002418	0	C10	train	train	train	train	train	train	test	train	test	valid
DB00307	C0002893	0	C15	train	train	train	valid	train	train	valid	train	train	train
DB00307	C0024437	0	C11	train	test	train	train	train	train	train	train	train	train
DB00308	C0036508	0	C17	valid	train	valid	train	train	valid	train	train	train	test
DB00309	C0020626	0	C19	train	train	test	test	train	train	train	train	train	train
DB00309	C0026764	0	C15	train	train	train	valid	train	train	valid	train	train	train
DB00310	C0011334	0	C07	train	test	valid	train	train	train	train	train	train	train
DB00310	C0032787	0	C23	valid	train	test	train	train	train	train	train	train	train
DB00310	C0042029	0	C12	train	train	train	test	valid	train	train	train	train	train
DB00311	C0004239	0	C14	test	test	train	train	test	train	train	valid	train	train
DB00311	C0020476	0	C18	train	train	train	train	train	test	train	test	valid	train
DB00311	C0030807	0	C17	valid	train	valid	train	train	valid	train	train	train	test
DB00311	C0451641	0	C12	train	train	train	test	valid	train	train	train	train	train
DB00312	C0005694	0	C12	train	train	train	test	valid	train	train	train	train	train
DB00312	C0020179	0	C10	train	train	train	train	train	train	test	train	test	valid
DB00312	C0206686	0	C19	train	train	test	test	train	train	train	train	train	train
DB00313	C0002726	0	C18	train	train	train	train	train	test	train	test	valid	train
DB00313	C0018273	0	C23	valid	train	test	train	train	train	train	train	train	train
DB00313	C0019880	0	C18	train	train	train	train	train	test	train	test	valid	train
DB00313	C0079744	0	C04	train	train	train	valid	train	train	valid	train	train	train
DB00313	C0311375	0	C10	train	train	train	train	train	train	test	train	test	valid
DB00313	C0409818	0	C17	valid	train	valid	train	train	valid	train	train	train	test
DB00315	C0010417	0	C12	train	train	train	test	valid	train	train	train	train	train
DB00315	C0020479	0	C18	train	train	train	train	train	test	train	test	valid	train
DB00315	C0020544	0	C12	train	train	train	test	valid	train	train	train	train	train
DB00316	C0020452	0	C14	test	test	train	train	test	train	train	valid	train	train
DB00316	C0022573	0	C11	train	test	train	train	train	train	train	train	train	train
DB00317	C0040156	0	C19	train	train	test	test	train	train	train	train	train	train
DB00318	C0003850	0	C14	test	test	train	train	test	train	train	valid	train	train
DB00318	C0026848	0	C05	train	valid	valid	train	train	test	train	train	train	train
DB00318	C0038013	0	C05	train	valid	valid	train	train	test	train	train	train	train
DB00318	C1527249	0	C06	train	train	train	train	train	train	train	train	train	test
DB00320	C0342731	0	C16	train	test	train	valid	train	valid	train	test	train	train
DB00322	C1458155	0	C04	train	train	train	valid	train	train	valid	train	train	train
DB00323	C0000809	0	C12	train	train	train	test	valid	train	train	train	train	train
DB00323	C0004114	0	C04	train	train	train	valid	train	train	valid	train	train	train
DB00323	C0031099	0	C07	train	test	valid	train	train	train	train	train	train	train
DB00323	C0038454	0	C10	train	train	train	train	train	train	test	train	test	valid
DB00324	C0004775	0	C12	train	train	train	test	valid	train	train	train	train	train
DB00325	C0013415	0	F03	train	train	train	train	train	train	valid	train	valid	train
DB00327	C0011606	0	C17	valid	train	valid	train	train	valid	train	train	train	test
DB00327	C0013338	0	C05	train	valid	valid	train	train	test	train	train	train	train
DB00327	C0020619	0	C19	train	train	test	test	train	train	train	train	train	train
DB00328	C0014170	0	C12	train	train	train	test	valid	train	train	train	train	train
DB00328	C0036421	0	C17	valid	train	valid	train	train	valid	train	train	train	test
DB00331	C0032463	0	C15	train	train	train	valid	train	train	valid	train	train	train
DB00332	C0004943	0	C17	valid	train	valid	train	train	valid	train	train	train	test
DB00332	C0005138	0	C08	train	train	train	train	train	train	train	test	train	train
DB00332	C0024790	0	C15	train	train	train	valid	train	train	valid	train	train	train
DB00332	C0042029	0	C12	train	train	train	test	valid	train	train	train	train	train
DB00332	C0206245	0	C18	train	train	train	train	train	test	train	test	valid	train
DB00332	C0751865	0	C25	train	train	test	train	train	train	valid	valid	train	train
DB00334	C0005695	0	C12	train	train	train	test	valid	train	train	train	train	train
DB00334	C0018794	0	C14	test	test	train	train	test	train	train	valid	train	train
DB00334	C0024138	0	C17	valid	train	valid	train	train	valid	train	train	train	test
DB00335	C0014549	0	C10	train	train	train	train	train	train	test	train	test	valid
DB00335	C0019151	0	C06	train	train	train	train	train	train	train	train	train	test
DB00335	C0024894	0	C12	train	train	train	test	valid	train	train	train	train	train
DB00335	C0042909	0	C11	train	test	train	train	train	train	train	train	train	train
DB00337	C0019087	0	C15	train	train	train	valid	train	train	valid	train	train	train
DB00337	C0948480	0	C14	test	test	train	train	test	train	train	valid	train	train
DB00338	C0034012	0	C19	train	train	test	test	train	train	train	train	train	train
DB00339	C0001122	0	C18	train	train	train	train	train	test	train	test	valid	train
DB00339	C0002965	0	C14	test	test	train	train	test	train	train	valid	train	train
DB00339	C0016057	0	C04	train	train	train	valid	train	train	valid	train	train	train
DB00339	C0018621	0	C08	train	train	train	train	train	train	train	test	train	train
DB00339	C0030446	0	C06	train	train	train	train	train	train	train	train	train	test
DB00339	C0149958	0	C10	train	train	train	train	train	train	test	train	test	valid
DB00340	C0001418	0	C04	train	train	train	valid	train	train	valid	train	train	train
DB00340	C0003128	0	C12	train	train	train	test	valid	train	train	train	train	train
DB00340	C0003578	0	C08	train	train	train	train	train	train	train	test	train	train
DB00340	C0007138	0	C04	train	train	train	valid	train	train	valid	train	train	train
DB00340	C0020443	0	C18	train	train	train	train	train	test	train	test	valid	train
DB00340	C0020635	0	C10	train	train	train	train	train	train	test	train	test	valid
DB00341	C0009375	0	C06	train	train	train	train	train	train	train	train	train	test
DB00341	C0011875	0	C14	test	test	train	train	test	train	train	valid	train	train
DB00341	C0027708	0	C12	train	train	train	test	valid	train	train	train	train	train
DB00343	C0022595	0	C17	valid	train	valid	train	train	valid	train	train	train	test
DB00343	C0043202	0	C14	test	test	train	train	test	train	train	valid	train	train
DB00343	C0085159	0	F03	train	train	train	train	train	train	valid	train	valid	train
DB00344	C0018418	0	C17	valid	train	valid	train	train	valid	train	train	train	test
DB00344	C0021361	0	C12	train	train	train	test	valid	train	train	train	train	train
DB00344	C0029463	0	C04	train	train	train	valid	train	train	valid	train	train	train
DB00344	C0031117	0	C10	train	train	train	train	train	train	test	train	test	valid
DB00344	C0032987	0	C12	train	train	train	test	valid	train	train	train	train	train
DB00344	C0038325	0	C17	valid	train	valid	train	train	valid	train	train	train	test
DB00344	C0948480	0	C14	test	test	train	train	test	train	train	valid	train	train
DB00347	C0006105	0	C01	train	train	train	train	train	train	train	train	train	train
DB00347	C0019156	0	C06	train	train	train	train	train	train	train	train	train	test
DB00347	C0030920	0	C06	train	train	train	train	train	train	train	train	train	test
DB00347	C0040053	0	C14	test	test	train	train	test	train	train	valid	train	train
DB00347	C1384606	0	C12	train	train	train	test	valid	train	train	train	train	train
DB00348	C0014474	0	C04	train	train	train	valid	train	train	valid	train	train	train
DB00349	C0013238	0	C11	train	test	train	train	train	train	train	train	train	train
DB00349	C0014038	0	C10	train	train	train	train	train	train	test	train	test	valid
DB00349	C0019151	0	C06	train	train	train	train	train	train	train	train	train	test
DB00349	C0019829	0	C04	train	train	train	valid	train	train	valid	train	train	train
DB00350	C0011581	0	F03	train	train	train	train	train	train	valid	train	valid	train
DB00350	C0017601	0	C11	train	test	train	train	train	train	train	train	train	train
DB00350	C0037299	0	C17	valid	train	valid	train	train	valid	train	train	train	test
DB00351	C0017531	0	C15	train	train	train	valid	train	train	valid	train	train	train
DB00351	C0043459	0	C12	train	train	train	test	valid	train	train	train	train	train
DB00351	C0085580	0	C14	test	test	train	train	test	train	train	valid	train	train
DB00352	C0003578	0	C08	train	train	train	train	train	train	train	test	train	train
DB00352	C0005779	0	C15	train	train	train	valid	train	train	valid	train	train	train
DB00352	C0020544	0	C12	train	train	train	test	valid	train	train	train	train	train
DB00352	C0022575	0	C11	train	test	train	train	train	train	train	train	train	train
DB00352	C0025149	0	C04	train	train	train	valid	train	train	valid	train	train	train
DB00352	C0028768	0	F03	train	train	train	train	train	train	valid	train	valid	train
DB00352	C0030578	0	C17	valid	train	valid	train	train	valid	train	train	train	test
DB00352	C0079731	0	C04	train	train	train	valid	train	train	valid	train	train	train
DB00352	C0268579	0	C16	train	test	train	valid	train	valid	train	test	train	train
DB00357	C0000809	0	C12	train	train	train	test	valid	train	train	train	train	train
DB00357	C0007193	0	C14	test	test	train	train	test	train	train	valid	train	train
DB00357	C0206693	0	C04	train	train	train	valid	train	train	valid	train	train	train
DB00361	C0038160	0	C01	train	train	train	train	train	train	train	train	train	train
DB00361	C0162627	0	C01	train	train	train	train	train	train	train	train	train	train
DB00361	C1704417	0	C18	train	train	train	train	train	test	train	test	valid	train
DB00363	C0021655	0	C18	train	train	train	train	train	test	train	test	valid	train
DB00363	C0162627	0	C01	train	train	train	train	train	train	train	train	train	train
DB00364	C0020523	0	C20	train	train	test	train	valid	train	train	train	train	train
DB00364	C0022660	0	C12	train	train	train	test	valid	train	train	train	train	train
DB00364	C0023890	0	C06	train	train	train	train	train	train	train	train	train	test
DB00364	C0034065	0	C08	train	train	train	train	train	train	train	test	train	train
DB00364	C1861172	0	C14	test	test	train	train	test	train	train	valid	train	train
DB00366	C0008325	0	C06	train	train	train	train	train	train	train	train	train	test
DB00366	C0023440	0	C15	train	train	train	valid	train	train	valid	train	train	train
DB00366	C0024115	0	C08	train	train	train	train	train	train	train	test	train	train
DB00366	C0024437	0	C11	train	test	train	train	train	train	train	train	train	train
DB00366	C0032768	0	C10	train	train	train	train	train	train	test	train	test	valid
DB00366	C2930898	0	C11	train	test	train	train	train	train	train	train	train	train
DB00367	C0033860	0	C17	valid	train	valid	train	train	valid	train	train	train	test
DB00367	C0040147	0	C19	train	train	test	test	train	train	train	train	train	train
DB00368	C0003811	0	C14	test	test	train	train	test	train	train	valid	train	train
DB00368	C0162820	0	C17	valid	train	valid	train	train	valid	train	train	train	test
DB00368	C1261473	0	C04	train	train	train	valid	train	train	valid	train	train	train
DB00370	C0009375	0	C06	train	train	train	train	train	train	train	train	train	test
DB00370	C0014877	0	C10	train	train	train	train	train	train	test	train	test	valid
DB00370	C0015371	0	C10	train	train	train	train	train	train	test	train	test	valid
DB00370	C0278996	0	C04	train	train	train	valid	train	train	valid	train	train	train
DB00370	C0740394	0	C23	valid	train	test	train	train	train	train	train	train	train
DB00371	C0020476	0	C18	train	train	train	train	train	test	train	test	valid	train
DB00372	C0009324	0	C06	train	train	train	train	train	train	train	train	train	test
DB00373	C0007117	0	C04	train	train	train	valid	train	train	valid	train	train	train
DB00373	C0018924	0	C05	train	valid	valid	train	train	test	train	train	train	train
DB00373	C0151526	0	C12	train	train	train	test	valid	train	train	train	train	train
DB00373	C0278996	0	C04	train	train	train	valid	train	train	valid	train	train	train
DB00373	C0700201	0	C10	train	train	train	train	train	train	test	train	test	valid
DB00376	C0085096	0	C14	test	test	train	train	test	train	train	valid	train	train
DB00377	C0007095	0	C04	train	train	train	valid	train	train	valid	train	train	train
DB00377	C0020621	0	C18	train	train	train	train	train	test	train	test	valid	train
DB00377	C0282193	0	C18	train	train	train	train	train	test	train	test	valid	train
DB00377	C1540912	0	C15	train	train	train	valid	train	train	valid	train	train	train
DB00378	C0017605	0	C11	train	test	train	train	train	train	train	train	train	train
DB00378	C0035220	0	C08	train	train	train	train	train	train	train	test	train	train
DB00378	C0042880	0	C15	train	train	train	valid	train	train	valid	train	train	train
DB00379	C0004114	0	C04	train	train	train	valid	train	train	valid	train	train	train
DB00379	C0019112	0	C06	train	train	train	train	train	train	train	train	train	test
DB00380	C0001122	0	C18	train	train	train	train	train	test	train	test	valid	train
DB00380	C0007193	0	C14	test	test	train	train	test	train	train	valid	train	train
DB00380	C0030193	0	C23	valid	train	test	train	train	train	train	train	train	train
DB00380	C0035258	0	C10	train	train	train	train	train	train	test	train	test	valid
DB00380	C0235974	0	C04	train	train	train	valid	train	train	valid	train	train	train
DB00381	C0002170	0	C17	valid	train	valid	train	train	valid	train	train	train	test
DB00381	C0010692	0	C12	train	train	train	test	valid	train	train	train	train	train
DB00381	C0018021	0	C19	train	train	test	test	train	train	train	train	train	train
DB00381	C0023440	0	C15	train	train	train	valid	train	train	valid	train	train	train
DB00382	C0036920	0	C15	train	train	train	valid	train	train	valid	train	train	train
DB00382	C0524620	0	C18	train	train	train	train	train	test	train	test	valid	train
DB00383	C0035220	0	C08	train	train	train	train	train	train	train	test	train	train
DB00383	C0036983	0	C23	valid	train	test	train	train	train	train	train	train	train
DB00384	C0012739	0	C15	train	train	train	valid	train	train	valid	train	train	train
DB00384	C0021670	0	C04	train	train	train	valid	train	train	valid	train	train	train
DB00384	C0678222	0	C04	train	train	train	valid	train	train	valid	train	train	train
DB00385	C0002792	0	C20	train	train	test	train	valid	train	train	train	train	train
DB00385	C0008677	0	C08	train	train	train	train	train	train	train	test	train	train
DB00387	C0003128	0	C12	train	train	train	test	valid	train	train	train	train	train
DB00387	C0019880	0	C18	train	train	train	train	train	test	train	test	valid	train
DB00388	C0003873	0	C05	train	valid	valid	train	train	test	train	train	train	train
DB00388	C0004775	0	C12	train	train	train	test	valid	train	train	train	train	train
DB00388	C0014877	0	C10	train	train	train	train	train	train	test	train	test	valid
DB00388	C0022116	0	C23	valid	train	test	train	train	train	train	train	train	train
DB00389	C0024473	0	C18	train	train	train	train	train	test	train	test	valid	train
DB00389	C0038362	0	C07	train	test	valid	train	train	train	train	train	train	train
DB00390	C0002874	0	C15	train	train	train	valid	train	train	valid	train	train	train
DB00390	C0023448	0	C15	train	train	train	valid	train	train	valid	train	train	train
DB00390	C0024419	0	C15	train	train	train	valid	train	train	valid	train	train	train
DB00390	C0034186	0	C12	train	train	train	test	valid	train	train	train	train	train
DB00390	C0740394	0	C23	valid	train	test	train	train	train	train	train	train	train
DB00391	C0020635	0	C10	train	train	train	train	train	train	test	train	test	valid
DB00391	C0029191	0	C12	train	train	train	test	valid	train	train	train	train	train
DB00391	C0034885	0	C06	train	train	train	train	train	train	train	train	train	test
DB00391	C0042164	0	C11	train	test	train	train	train	train	train	train	train	train
DB00392	C0036341	0	F03	train	train	train	train	train	train	valid	train	valid	train
DB00392	C0039685	0	C14	test	test	train	train	test	train	train	valid	train	train
DB00393	C0002418	0	C10	train	train	train	train	train	train	test	train	test	valid
DB00393	C0015397	0	C11	train	test	train	train	train	train	train	train	train	train
DB00393	C0022595	0	C17	valid	train	valid	train	train	valid	train	train	train	test
DB00393	C0022951	0	C18	train	train	train	train	train	test	train	test	valid	train
DB00393	C0029408	0	C05	train	valid	valid	train	train	test	train	train	train	train
DB00394	C0018916	0	C04	train	train	train	valid	train	train	valid	train	train	train
DB00394	C0020557	0	C18	train	train	train	train	train	test	train	test	valid	train
DB00394	C0677607	0	C19	train	train	test	test	train	train	train	train	train	train
DB00395	C0013720	0	C17	valid	train	valid	train	train	valid	train	train	train	test
DB00395	C0022593	0	C17	valid	train	valid	train	train	valid	train	train	train	test
DB00395	C0024523	0	C06	train	train	train	train	train	train	train	train	train	test
DB00395	C0033375	0	C04	train	train	train	valid	train	train	valid	train	train	train
DB00395	C0035335	0	C04	train	train	train	valid	train	train	valid	train	train	train
DB00396	C0020545	0	C12	train	train	train	test	valid	train	train	train	train	train
DB00397	C0027051	0	C14	test	test	train	train	test	train	train	valid	train	train
DB00397	C0919267	0	C12	train	train	train	test	valid	train	train	train	train	train
DB00398	C0018801	0	C14	test	test	train	train	test	train	train	valid	train	train
DB00398	C0024121	0	C08	train	train	train	train	train	train	train	test	train	train
DB00398	C0041296	0	C01	train	train	train	train	train	train	train	train	train	train
DB00399	C0007138	0	C04	train	train	train	valid	train	train	valid	train	train	train
DB00400	C0007642	0	C01	train	train	train	train	train	train	train	train	train	train
DB00400	C0029463	0	C04	train	train	train	valid	train	train	valid	train	train	train
DB00401	C0023467	0	C04	train	train	train	valid	train	train	valid	train	train	train
DB00401	C0029927	0	C12	train	train	train	test	valid	train	train	train	train	train
DB00401	C0031099	0	C07	train	test	valid	train	train	train	train	train	train	train
DB00401	C0036690	0	C01	train	train	train	train	train	train	train	train	train	train
DB00401	C0037188	0	C14	test	test	train	train	test	train	train	valid	train	train
DB00401	C0085681	0	C18	train	train	train	train	train	test	train	test	valid	train
DB00401	C0152020	0	C06	train	train	train	train	train	train	train	train	train	test
DB00402	C0021655	0	C18	train	train	train	train	train	test	train	test	valid	train
DB00402	C0026705	0	C16	train	test	train	valid	train	valid	train	test	train	train
DB00403	C0004114	0	C04	train	train	train	valid	train	train	valid	train	train	train
DB00403	C0015624	0	C12	train	train	train	test	valid	train	train	train	train	train
DB00403	C0149958	0	C10	train	train	train	train	train	train	test	train	test	valid
DB00403	C0242422	0	C10	train	train	train	train	train	train	test	train	test	valid
DB00403	C0268483	0	C18	train	train	train	train	train	test	train	test	valid	train
DB00404	C0027404	0	C10	train	train	train	train	train	train	test	train	test	valid
DB00404	C0033375	0	C04	train	train	train	valid	train	train	valid	train	train	train
DB00404	C0040034	0	C15	train	train	train	valid	train	train	valid	train	train	train
DB00404	C0238463	0	C04	train	train	train	valid	train	train	valid	train	train	train
DB00404	C0271568	0	C05	train	valid	valid	train	train	test	train	train	train	train
DB00404	C3544321	0	F03	train	train	train	train	train	train	valid	train	valid	train
DB00405	C0013390	0	C23	valid	train	test	train	train	train	train	train	train	train
DB00405	C0018802	0	C14	test	test	train	train	test	train	train	valid	train	train
DB00405	C0242383	0	C11	train	test	train	train	train	train	train	train	train	train
DB00408	C0001403	0	C19	train	train	test	test	train	train	train	train	train	train
DB00408	C0037286	0	C04	train	train	train	valid	train	train	valid	train	train	train
DB00412	C0023212	0	C14	test	test	train	train	test	train	train	valid	train	train
DB00412	C0023481	0	C15	train	train	train	valid	train	train	valid	train	train	train
DB00412	C0024143	0	C12	train	train	train	test	valid	train	train	train	train	train
DB00412	C0035220	0	C08	train	train	train	train	train	train	train	test	train	train
DB00413	C0017601	0	C11	train	test	train	train	train	train	train	train	train	train
DB00414	C0001623	0	C19	train	train	test	test	train	train	train	train	train	train
DB00414	C0031190	0	C08	train	train	train	train	train	train	train	test	train	train
DB00414	C0040997	0	C07	train	test	valid	train	train	train	train	train	train	train
DB00414	C2936781	0	C10	train	train	train	train	train	train	test	train	test	valid
DB00415	C0000786	0	C12	train	train	train	test	valid	train	train	train	train	train
DB00415	C0004238	0	C14	test	test	train	train	test	train	train	valid	train	train
DB00415	C0007138	0	C04	train	train	train	valid	train	train	valid	train	train	train
DB00415	C0011884	0	C11	train	test	train	train	train	train	train	train	train	train
DB00415	C0013405	0	C08	train	train	train	train	train	train	train	test	train	train
DB00415	C0023448	0	C15	train	train	train	valid	train	train	valid	train	train	train
DB00415	C0030446	0	C06	train	train	train	train	train	train	train	train	train	test
DB00415	C0031511	0	C04	train	train	train	valid	train	train	valid	train	train	train
DB00415	C0039590	0	C12	train	train	train	test	valid	train	train	train	train	train
DB00417	C0006105	0	C01	train	train	train	train	train	train	train	train	train	train
DB00417	C0085413	0	C12	train	train	train	test	valid	train	train	train	train	train
DB00417	C0524909	0	C01	train	train	train	train	train	train	train	train	train	train
DB00417	C0948480	0	C14	test	test	train	train	test	train	train	valid	train	train
DB00418	C0022575	0	C11	train	test	train	train	train	train	train	train	train	train
DB00418	C1140680	0	C12	train	train	train	test	valid	train	train	train	train	train
DB00419	C0029396	0	C23	valid	train	test	train	train	train	train	train	train	train
DB00419	C1384606	0	C12	train	train	train	test	valid	train	train	train	train	train
DB00420	C0023465	0	C04	train	train	train	valid	train	train	valid	train	train	train
DB00420	C0029458	0	C05	train	valid	valid	train	train	test	train	train	train	train
DB00420	C0162834	0	C17	valid	train	valid	train	train	valid	train	train	train	test
DB00421	C0017181	0	C06	train	train	train	train	train	train	train	train	train	test
DB00421	C0030319	0	F03	train	train	train	train	train	train	valid	train	valid	train
DB00422	C0024894	0	C12	train	train	train	test	valid	train	train	train	train	train
DB00422	C0035455	0	C08	train	train	train	train	train	train	train	test	train	train
DB00422	C0039240	0	C14	test	test	train	train	test	train	train	valid	train	train
DB00423	C0020428	0	C19	train	train	test	test	train	train	train	train	train	train
DB00423	C0036341	0	F03	train	train	train	train	train	train	valid	train	valid	train
DB00423	C0039483	0	C14	test	test	train	train	test	train	train	valid	train	train
DB00424	C0017601	0	C11	train	test	train	train	train	train	train	train	train	train
DB00424	C0020514	0	C10	train	train	train	train	train	train	test	train	test	valid
DB00424	C0234533	0	C10	train	train	train	train	train	train	test	train	test	valid
DB00425	C0031154	0	C01	train	train	train	train	train	train	train	train	train	train
DB00425	C0032787	0	C23	valid	train	test	train	train	train	train	train	train	train
DB00425	C0162566	0	C06	train	train	train	train	train	train	train	train	train	test
DB00427	C0011991	0	C23	valid	train	test	train	train	train	train	train	train	train
DB00427	C0028754	0	C18	train	train	train	train	train	test	train	test	valid	train
DB00427	C1861172	0	C14	test	test	train	train	test	train	train	valid	train	train
DB00429	C0151744	0	C14	test	test	train	train	test	train	train	valid	train	train
DB00429	C0234974	0	C10	train	train	train	train	train	train	test	train	test	valid
DB00432	C0017168	0	C06	train	train	train	train	train	train	train	train	train	test
DB00432	C0023052	0	C08	train	train	train	train	train	train	train	test	train	train
DB00432	C2937421	0	C12	train	train	train	test	valid	train	train	train	train	train
DB00433	C0013274	0	C14	test	test	train	train	test	train	train	valid	train	train
DB00434	C0004352	0	F03	train	train	train	train	train	train	valid	train	valid	train
DB00434	C0012739	0	C15	train	train	train	valid	train	train	valid	train	train	train
DB00434	C0037769	0	C10	train	train	train	train	train	train	test	train	test	valid
DB00434	C0178416	0	C15	train	train	train	valid	train	train	valid	train	train	train
DB00434	C0235063	0	C08	train	train	train	train	train	train	train	test	train	train
DB00435	C0003123	0	C23	valid	train	test	train	train	train	train	train	train	train
DB00435	C0023892	0	C06	train	train	train	train	train	train	train	train	train	test
DB00435	C0085159	0	F03	train	train	train	train	train	train	valid	train	valid	train
DB00435	C0343755	0	C01	train	train	train	train	train	train	train	train	train	train
DB00436	C0014474	0	C04	train	train	train	valid	train	train	valid	train	train	train
DB00436	C0042875	0	C18	train	train	train	train	train	test	train	test	valid	train
DB00437	C0836924	0	C15	train	train	train	valid	train	train	valid	train	train	train
DB00439	C0021670	0	C04	train	train	train	valid	train	train	valid	train	train	train
DB00439	C0037930	0	C10	train	train	train	train	train	train	test	train	test	valid
DB00439	C1800706	0	C08	train	train	train	train	train	train	train	test	train	train
DB00440	C0020179	0	C10	train	train	train	train	train	train	test	train	test	valid
DB00440	C0023890	0	C06	train	train	train	train	train	train	train	train	train	test
DB00443	C0018916	0	C04	train	train	train	valid	train	train	valid	train	train	train
DB00443	C0024031	0	C23	valid	train	test	train	train	train	train	train	train	train
DB00443	C0029456	0	C05	train	valid	valid	train	train	test	train	train	train	train
DB00444	C0023467	0	C04	train	train	train	valid	train	train	valid	train	train	train
DB00444	C0036920	0	C15	train	train	train	valid	train	train	valid	train	train	train
DB00444	C0451641	0	C12	train	train	train	test	valid	train	train	train	train	train
DB00444	C0497327	0	C10	train	train	train	train	train	train	test	train	test	valid
DB00445	C0007095	0	C04	train	train	train	valid	train	train	valid	train	train	train
DB00445	C0013295	0	C06	train	train	train	train	train	train	train	train	train	test
DB00446	C0007095	0	C04	train	train	train	valid	train	train	valid	train	train	train
DB00446	C2316212	0	C17	valid	train	valid	train	train	valid	train	train	train	test
DB00448	C0027430	0	C08	train	train	train	train	train	train	train	test	train	train
DB00448	C0029401	0	C05	train	valid	valid	train	train	test	train	train	train	train
DB00448	C0162316	0	C15	train	train	train	valid	train	train	valid	train	train	train
DB00449	C0014121	0	C01	train	train	train	train	train	train	train	train	train	train
DB00449	C0015530	0	C15	train	train	train	valid	train	train	valid	train	train	train
DB00449	C0024117	0	C08	train	train	train	train	train	train	train	test	train	train
DB00449	C0042842	0	C18	train	train	train	train	train	test	train	test	valid	train
DB00449	C0085413	0	C12	train	train	train	test	valid	train	train	train	train	train
DB00450	C0019618	0	C15	train	train	train	valid	train	train	valid	train	train	train
DB00450	C0242350	0	C12	train	train	train	test	valid	train	train	train	train	train
DB00451	C0021308	0	C23	valid	train	test	train	train	train	train	train	train	train
DB00451	C0037199	0	C08	train	train	train	train	train	train	train	test	train	train
DB00451	C0039590	0	C12	train	train	train	test	valid	train	train	train	train	train
DB00452	C0019112	0	C06	train	train	train	train	train	train	train	train	train	test
DB00452	C0023481	0	C15	train	train	train	valid	train	train	valid	train	train	train
DB00452	C0043459	0	C12	train	train	train	test	valid	train	train	train	train	train
DB00452	C0268390	0	C17	valid	train	valid	train	train	valid	train	train	train	test
DB00452	C1961835	0	C18	train	train	train	train	train	test	train	test	valid	train
DB00454	C3463824	0	C15	train	train	train	valid	train	train	valid	train	train	train
DB00455	C0038013	0	C05	train	valid	valid	train	train	test	train	train	train	train
DB00455	C0087012	0	C10	train	train	train	train	train	train	test	train	test	valid
DB00457	C0005283	0	C15	train	train	train	valid	train	train	valid	train	train	train
DB00458	C0013428	0	C23	valid	train	test	train	train	train	train	train	train	train
DB00458	C0037188	0	C14	test	test	train	train	test	train	train	valid	train	train
DB00459	C0018671	0	C04	train	train	train	valid	train	train	valid	train	train	train
DB00459	C0020676	0	C19	train	train	test	test	train	train	train	train	train	train
DB00459	C0476089	0	C12	train	train	train	test	valid	train	train	train	train	train
DB00461	C0004604	0	C23	valid	train	test	train	train	train	train	train	train	train
DB00461	C0409818	0	C17	valid	train	valid	train	train	valid	train	train	train	test
DB00462	C0678222	0	C04	train	train	train	valid	train	train	valid	train	train	train
DB00463	C0010054	0	C14	test	test	train	train	test	train	train	valid	train	train
DB00463	C0031117	0	C10	train	train	train	train	train	train	test	train	test	valid
DB00463	C0745103	0	C18	train	train	train	train	train	test	train	test	valid	train
DB00464	C0003492	0	C14	test	test	train	train	test	train	train	valid	train	train
DB00464	C0005699	0	C04	train	train	train	valid	train	train	valid	train	train	train
DB00464	C0014550	0	C10	train	train	train	train	train	train	test	train	test	valid
DB00464	C0015230	0	C17	valid	train	valid	train	train	valid	train	train	train	test
DB00467	C0007117	0	C04	train	train	train	valid	train	train	valid	train	train	train
DB00467	C0013264	0	C16	train	test	train	valid	train	valid	train	test	train	train
DB00467	C0036421	0	C17	valid	train	valid	train	train	valid	train	train	train	test
DB00467	C0038358	0	C06	train	train	train	train	train	train	train	train	train	test
DB00469	C0014583	0	C11	train	test	train	train	train	train	train	train	train	train
DB00470	C0020473	0	C18	train	train	train	train	train	test	train	test	valid	train
DB00471	C0010054	0	C14	test	test	train	train	test	train	train	valid	train	train
DB00471	C0019156	0	C06	train	train	train	train	train	train	train	train	train	test
DB00471	C0026691	0	C14	test	test	train	train	test	train	train	valid	train	train
DB00471	C0040028	0	C15	train	train	train	valid	train	train	valid	train	train	train
DB00472	C0039590	0	C12	train	train	train	test	valid	train	train	train	train	train
DB00475	C0019087	0	C15	train	train	train	valid	train	train	valid	train	train	train
DB00475	C0020514	0	C10	train	train	train	train	train	train	test	train	test	valid
DB00475	C0023212	0	C14	test	test	train	train	test	train	train	valid	train	train
DB00475	C0028949	0	C23	valid	train	test	train	train	train	train	train	train	train
DB00475	C0031485	0	C18	train	train	train	train	train	test	train	test	valid	train
DB00475	C0032019	0	C10	train	train	train	train	train	train	test	train	test	valid
DB00475	C0035078	0	C12	train	train	train	test	valid	train	train	train	train	train
DB00475	C0524620	0	C18	train	train	train	train	train	test	train	test	valid	train
DB00475	C1527249	0	C06	train	train	train	train	train	train	train	train	train	test
DB00475	C1561643	0	C12	train	train	train	test	valid	train	train	train	train	train
DB00477	C0023518	0	C15	train	train	train	valid	train	train	valid	train	train	train
DB00477	C0040156	0	C19	train	train	test	test	train	train	train	train	train	train
DB00477	C0042384	0	C14	test	test	train	train	test	train	train	valid	train	train
DB00480	C0001883	0	C08	train	train	train	train	train	train	train	test	train	train
DB00480	C0003128	0	C12	train	train	train	test	valid	train	train	train	train	train
DB00480	C0009375	0	C06	train	train	train	train	train	train	train	train	train	test
DB00481	C0015503	0	C15	train	train	train	valid	train	train	valid	train	train	train
DB00481	C0036508	0	C17	valid	train	valid	train	train	valid	train	train	train	test
DB00482	C0014121	0	C01	train	train	train	train	train	train	train	train	train	train
DB00482	C0015672	0	C23	valid	train	test	train	train	train	train	train	train	train
DB00484	C0002453	0	C23	valid	train	test	train	train	train	train	train	train	train
DB00484	C0007789	0	C10	train	train	train	train	train	train	test	train	test	valid
DB00484	C0035228	0	C08	train	train	train	train	train	train	train	test	train	train
DB00484	C0149958	0	C10	train	train	train	train	train	train	test	train	test	valid
DB00484	C0948008	0	C10	train	train	train	train	train	train	test	train	test	valid
DB00489	C0031069	0	C16	train	test	train	valid	train	valid	train	test	train	train
DB00491	C0013274	0	C14	test	test	train	train	test	train	train	valid	train	train
DB00491	C0019880	0	C18	train	train	train	train	train	test	train	test	valid	train
DB00491	C0020503	0	C19	train	train	test	test	train	train	train	train	train	train
DB00491	C0023480	0	C15	train	train	train	valid	train	train	valid	train	train	train
DB00491	C0276226	0	C01	train	train	train	train	train	train	train	train	train	train
DB00493	C0002895	0	C15	train	train	train	valid	train	train	valid	train	train	train
DB00493	C0018021	0	C19	train	train	test	test	train	train	train	train	train	train
DB00493	C0020649	0	C14	test	test	train	train	test	train	train	valid	train	train
DB00493	C0022661	0	C12	train	train	train	test	valid	train	train	train	train	train
DB00493	C0037199	0	C08	train	train	train	train	train	train	train	test	train	train
DB00494	C0032019	0	C10	train	train	train	train	train	train	test	train	test	valid
DB00496	C0022568	0	C11	train	test	train	train	train	train	train	train	train	train
DB00497	C0020179	0	C10	train	train	train	train	train	train	test	train	test	valid
DB00498	C0003962	0	C23	valid	train	test	train	train	train	train	train	train	train
DB00498	C0015469	0	C07	train	test	valid	train	train	train	train	train	train	train
DB00499	C0029458	0	C05	train	valid	valid	train	train	test	train	train	train	train
DB00499	C0085129	0	C08	train	train	train	train	train	train	train	test	train	train
DB00500	C0013338	0	C05	train	valid	valid	train	train	test	train	train	train	train
DB00501	C0008311	0	C06	train	train	train	train	train	train	train	train	train	test
DB00501	C0008489	0	C10	train	train	train	train	train	train	test	train	test	valid
DB00501	C0011615	0	C17	valid	train	valid	train	train	valid	train	train	train	test
DB00501	C0018671	0	C04	train	train	train	valid	train	train	valid	train	train	train
DB00501	C0079584	0	C17	valid	train	valid	train	train	valid	train	train	train	test
DB00502	C0014474	0	C04	train	train	train	valid	train	train	valid	train	train	train
DB00502	C0014859	0	C06	train	train	train	train	train	train	train	train	train	test
DB00502	C0017168	0	C06	train	train	train	train	train	train	train	train	train	test
DB00502	C0020557	0	C18	train	train	train	train	train	test	train	test	valid	train
DB00502	C0024301	0	C04	train	train	train	valid	train	train	valid	train	train	train
DB00502	C0033375	0	C04	train	train	train	valid	train	train	valid	train	train	train
DB00502	C0151744	0	C14	test	test	train	train	test	train	train	valid	train	train
DB00502	C0476089	0	C12	train	train	train	test	valid	train	train	train	train	train
DB00502	C1956346	0	C14	test	test	train	train	test	train	train	valid	train	train
DB00502	C3544321	0	F03	train	train	train	train	train	train	valid	train	valid	train
DB00503	C0002895	0	C15	train	train	train	valid	train	train	valid	train	train	train
DB00503	C0040147	0	C19	train	train	test	test	train	train	train	train	train	train
DB00504	C0034069	0	C08	train	train	train	train	train	train	train	test	train	train
DB00504	C0398650	0	C15	train	train	train	valid	train	train	valid	train	train	train
DB00504	C0524620	0	C18	train	train	train	train	train	test	train	test	valid	train
DB00505	C0010481	0	C19	train	train	test	test	train	train	train	train	train	train
DB00508	C0023434	0	C15	train	train	train	valid	train	train	valid	train	train	train
DB00508	C0027430	0	C08	train	train	train	train	train	train	train	test	train	train
DB00508	C0030920	0	C06	train	train	train	train	train	train	train	train	train	test
DB00508	C0036983	0	C23	valid	train	test	train	train	train	train	train	train	train
DB00509	C0001122	0	C18	train	train	train	train	train	test	train	test	valid	train
DB00509	C0002894	0	C15	train	train	train	valid	train	train	valid	train	train	train
DB00509	C0006413	0	C01	train	train	train	train	train	train	train	train	train	train
DB00513	C0002893	0	C15	train	train	train	valid	train	train	valid	train	train	train
DB00513	C0020555	0	C17	valid	train	valid	train	train	valid	train	train	train	test
DB00513	C0021359	0	C12	train	train	train	test	valid	train	train	train	train	train
DB00513	C0043202	0	C14	test	test	train	train	test	train	train	valid	train	train
DB00514	C0271650	0	C18	train	train	train	train	train	test	train	test	valid	train
DB00514	C1540912	0	C15	train	train	train	valid	train	train	valid	train	train	train
DB00515	C0010692	0	C12	train	train	train	test	valid	train	train	train	train	train
DB00515	C0017612	0	C11	train	test	train	train	train	train	train	train	train	train
DB00515	C0740394	0	C23	valid	train	test	train	train	train	train	train	train	train
DB00517	C0002895	0	C15	train	train	train	valid	train	train	valid	train	train	train
DB00517	C0003862	0	C05	train	valid	valid	train	train	test	train	train	train	train
DB00517	C0026896	0	C10	train	train	train	train	train	train	test	train	test	valid
DB00517	C0038525	0	C10	train	train	train	train	train	train	test	train	test	valid
DB00517	C0040147	0	C19	train	train	test	test	train	train	train	train	train	train
DB00519	C0016057	0	C04	train	train	train	valid	train	train	valid	train	train	train
DB00519	C0024121	0	C08	train	train	train	train	train	train	train	test	train	train
DB00519	C0039621	0	C10	train	train	train	train	train	train	test	train	test	valid
DB00519	C0042373	0	C14	test	test	train	train	test	train	train	valid	train	train
DB00521	C0003868	0	C05	train	valid	valid	train	train	test	train	train	train	train
DB00521	C0878773	0	C12	train	train	train	test	valid	train	train	train	train	train
DB00524	C0010072	0	C14	test	test	train	train	test	train	train	valid	train	train
DB00524	C0596263	0	C04	train	train	train	valid	train	train	valid	train	train	train
DB00527	C0037036	0	C07	train	test	valid	train	train	train	train	train	train	train
DB00527	C0151744	0	C14	test	test	train	train	test	train	train	valid	train	train
DB00528	C0028326	0	C14	test	test	train	train	test	train	train	valid	train	train
DB00528	C0043352	0	C07	train	test	valid	train	train	train	train	train	train	train
DB00528	C0206693	0	C04	train	train	train	valid	train	train	valid	train	train	train
DB00528	C0268596	0	C18	train	train	train	train	train	test	train	test	valid	train
DB00530	C0162429	0	C18	train	train	train	train	train	test	train	test	valid	train
DB00531	C0004096	0	C08	train	train	train	train	train	train	train	test	train	train
DB00531	C0010072	0	C14	test	test	train	train	test	train	train	valid	train	train
DB00531	C0017152	0	C06	train	train	train	train	train	train	train	train	train	test
DB00531	C0040046	0	C14	test	test	train	train	test	train	train	valid	train	train
DB00532	C0041582	0	C23	valid	train	test	train	train	train	train	train	train	train
DB00533	C0017168	0	C06	train	train	train	train	train	train	train	train	train	test
DB00533	C0040997	0	C07	train	test	valid	train	train	train	train	train	train	train
DB00535	C0021141	0	C10	train	train	train	train	train	train	test	train	test	valid
DB00537	C0002792	0	C20	train	train	test	train	valid	train	train	train	train	train
DB00537	C0010930	0	C11	train	test	train	train	train	train	train	train	train	train
DB00537	C0027819	0	C04	train	train	train	valid	train	train	valid	train	train	train
DB00537	C2936781	0	C10	train	train	train	train	train	train	test	train	test	valid
DB00539	C0011334	0	C07	train	test	valid	train	train	train	train	train	train	train
DB00539	C0017574	0	C01	train	train	train	train	train	train	train	train	train	train
DB00540	C0015230	0	C17	valid	train	valid	train	train	valid	train	train	train	test
DB00541	C0002895	0	C15	train	train	train	valid	train	train	valid	train	train	train
DB00541	C0020480	0	C18	train	train	train	train	train	test	train	test	valid	train
DB00541	C0034150	0	C23	valid	train	test	train	train	train	train	train	train	train
DB00542	C0011848	0	C12	train	train	train	test	valid	train	train	train	train	train
DB00542	C0017612	0	C11	train	test	train	train	train	train	train	train	train	train
DB00542	C0018671	0	C04	train	train	train	valid	train	train	valid	train	train	train
DB00542	C0042847	0	C18	train	train	train	train	train	test	train	test	valid	train
DB00544	C0021361	0	C12	train	train	train	test	valid	train	train	train	train	train
DB00544	C0040053	0	C14	test	test	train	train	test	train	train	valid	train	train
DB00544	C0162565	0	C06	train	train	train	train	train	train	train	train	train	test
DB00545	C0018621	0	C08	train	train	train	train	train	train	train	test	train	train
DB00545	C0027686	0	C23	valid	train	test	train	train	train	train	train	train	train
DB00545	C0038379	0	C10	train	train	train	train	train	train	test	train	test	valid
DB00546	C0020523	0	C20	train	train	test	train	valid	train	train	train	train	train
DB00547	C0004238	0	C14	test	test	train	train	test	train	train	valid	train	train
DB00547	C0020598	0	C18	train	train	train	train	train	test	train	test	valid	train
DB00548	C0010346	0	C06	train	train	train	train	train	train	train	train	train	test
DB00548	C0020538	0	C14	test	test	train	train	test	train	train	valid	train	train
DB00548	C0029134	0	C10	train	train	train	train	train	train	test	train	test	valid
DB00549	C0553580	0	C04	train	train	train	valid	train	train	valid	train	train	train
DB00550	C0026769	0	C10	train	train	train	train	train	train	test	train	test	valid
DB00551	C0011603	0	C17	valid	train	valid	train	train	valid	train	train	train	test
DB00552	C0022951	0	C18	train	train	train	train	train	test	train	test	valid	train
DB00552	C0476089	0	C12	train	train	train	test	valid	train	train	train	train	train
DB00553	C0007117	0	C04	train	train	train	valid	train	train	valid	train	train	train
DB00553	C0021670	0	C04	train	train	train	valid	train	train	valid	train	train	train
DB00553	C0376545	0	C04	train	train	train	valid	train	train	valid	train	train	train
DB00554	C0029463	0	C04	train	train	train	valid	train	train	valid	train	train	train
DB00555	C0002888	0	C15	train	train	train	valid	train	train	valid	train	train	train
DB00555	C0026948	0	C04	train	train	train	valid	train	train	valid	train	train	train
DB00557	C0007131	0	C08	train	train	train	train	train	train	train	test	train	train
DB00559	C0005586	0	F03	train	train	train	train	train	train	valid	train	valid	train
DB00559	C0008350	0	C06	train	train	train	train	train	train	train	train	train	test
DB00559	C0010308	0	C05	train	valid	valid	train	train	test	train	train	train	train
DB00559	C0029434	0	C05	train	valid	valid	train	train	test	train	train	train	train
DB00559	C0038525	0	C10	train	train	train	train	train	train	test	train	test	valid
DB00559	C0162820	0	C17	valid	train	valid	train	train	valid	train	train	train	test
DB00561	C0011603	0	C17	valid	train	valid	train	train	valid	train	train	train	test
DB00561	C0024299	0	C04	train	train	train	valid	train	train	valid	train	train	train
DB00562	C0020555	0	C17	valid	train	valid	train	train	valid	train	train	train	test
DB00562	C0040822	0	C10	train	train	train	train	train	train	test	train	test	valid
DB00562	C1861172	0	C14	test	test	train	train	test	train	train	valid	train	train
DB00563	C0010068	0	C14	test	test	train	train	test	train	train	valid	train	train
DB00563	C0011615	0	C17	valid	train	valid	train	train	valid	train	train	train	test
DB00563	C0023052	0	C08	train	train	train	train	train	train	train	test	train	train
DB00563	C0151526	0	C12	train	train	train	test	valid	train	train	train	train	train
DB00563	C0206245	0	C18	train	train	train	train	train	test	train	test	valid	train
DB00564	C0002895	0	C15	train	train	train	valid	train	train	valid	train	train	train
DB00564	C0005694	0	C12	train	train	train	test	valid	train	train	train	train	train
DB00564	C0022660	0	C12	train	train	train	test	valid	train	train	train	train	train
DB00564	C0035412	0	C04	train	train	train	valid	train	train	valid	train	train	train
DB00564	C0238052	0	C18	train	train	train	train	train	test	train	test	valid	train
DB00568	C0003811	0	C14	test	test	train	train	test	train	train	valid	train	train
DB00568	C0017160	0	C06	train	train	train	train	train	train	train	train	train	test
DB00569	C0008312	0	C06	train	train	train	train	train	train	train	train	train	test
DB00569	C0009952	0	C10	train	train	train	train	train	train	test	train	test	valid
DB00569	C0014836	0	C01	train	train	train	train	train	train	train	train	train	train
DB00569	C0029456	0	C05	train	valid	valid	train	train	test	train	train	train	train
DB00570	C0000737	0	C23	valid	train	test	train	train	train	train	train	train	train
DB00570	C0008489	0	C10	train	train	train	train	train	train	test	train	test	valid
DB00570	C0025874	0	C12	train	train	train	test	valid	train	train	train	train	train
DB00570	C0038356	0	C06	train	train	train	train	train	train	train	train	train	test
DB00570	C0524910	0	C01	train	train	train	train	train	train	train	train	train	train
DB00571	C0014173	0	C12	train	train	train	test	valid	train	train	train	train	train
DB00571	C0022661	0	C12	train	train	train	test	valid	train	train	train	train	train
DB00571	C0043202	0	C14	test	test	train	train	test	train	train	valid	train	train
DB00571	C0268596	0	C18	train	train	train	train	train	test	train	test	valid	train
DB00571	C0428977	0	C14	test	test	train	train	test	train	train	valid	train	train
DB00572	C0001418	0	C04	train	train	train	valid	train	train	valid	train	train	train
DB00572	C0023212	0	C14	test	test	train	train	test	train	train	valid	train	train
DB00572	C0023418	0	C04	train	train	train	valid	train	train	valid	train	train	train
DB00573	C0002893	0	C15	train	train	train	valid	train	train	valid	train	train	train
DB00573	C0011884	0	C11	train	test	train	train	train	train	train	train	train	train
DB00574	C0011882	0	C10	train	train	train	train	train	train	test	train	test	valid
DB00574	C0085096	0	C14	test	test	train	train	test	train	train	valid	train	train
DB00574	C0398650	0	C15	train	train	train	valid	train	train	valid	train	train	train
DB00575	C0017531	0	C15	train	train	train	valid	train	train	valid	train	train	train
DB00575	C0687720	0	C12	train	train	train	test	valid	train	train	train	train	train
DB00579	C0019202	0	C10	train	train	train	train	train	train	test	train	test	valid
DB00579	C0021051	0	C20	train	train	test	train	valid	train	train	train	train	train
DB00579	C0242339	0	C18	train	train	train	train	train	test	train	test	valid	train
DB00580	C0020502	0	C19	train	train	test	test	train	train	train	train	train	train
DB00580	C0026848	0	C05	train	valid	valid	train	train	test	train	train	train	train
DB00583	C0003128	0	C12	train	train	train	test	valid	train	train	train	train	train
DB00583	C0004153	0	C14	test	test	train	train	test	train	train	valid	train	train
DB00583	C0030297	0	C04	train	train	train	valid	train	train	valid	train	train	train
DB00583	C0036572	0	C10	train	train	train	train	train	train	test	train	test	valid
DB00583	C0162568	0	C06	train	train	train	train	train	train	train	train	train	test
DB00585	C0020621	0	C18	train	train	train	train	train	test	train	test	valid	train
DB00585	C0030567	0	C10	train	train	train	train	train	train	test	train	test	valid
DB00586	C0017531	0	C15	train	train	train	valid	train	train	valid	train	train	train
DB00587	C0001206	0	C05	train	valid	valid	train	train	test	train	train	train	train
DB00587	C0014170	0	C12	train	train	train	test	valid	train	train	train	train	train
DB00587	C0036690	0	C01	train	train	train	train	train	train	train	train	train	train
DB00588	C0007138	0	C04	train	train	train	valid	train	train	valid	train	train	train
DB00588	C0029191	0	C12	train	train	train	test	valid	train	train	train	train	train
DB00589	C0032914	0	C12	train	train	train	test	valid	train	train	train	train	train
DB00589	C0036572	0	C10	train	train	train	train	train	train	test	train	test	valid
DB00590	C0018794	0	C14	test	test	train	train	test	train	train	valid	train	train
DB00590	C0029882	0	C09	train	train	train	train	test	train	train	train	train	train
DB00590	C0031117	0	C10	train	train	train	train	train	train	test	train	test	valid
DB00590	C0920350	0	C19	train	train	test	test	train	train	train	train	train	train
DB00591	C0006118	0	C10	train	train	train	train	train	train	test	train	test	valid
DB00591	C0022593	0	C17	valid	train	valid	train	train	valid	train	train	train	test
DB00591	C0033581	0	C12	train	train	train	test	valid	train	train	train	train	train
DB00591	C0034013	0	C19	train	train	test	test	train	train	train	train	train	train
DB00593	C0013421	0	C10	train	train	train	train	train	train	test	train	test	valid
DB00593	C0032460	0	C12	train	train	train	test	valid	train	train	train	train	train
DB00593	C0042029	0	C12	train	train	train	test	valid	train	train	train	train	train
DB00594	C0001883	0	C08	train	train	train	train	train	train	train	test	train	train
DB00594	C0005138	0	C08	train	train	train	train	train	train	train	test	train	train
DB00596	C0007642	0	C01	train	train	train	train	train	train	train	train	train	train
DB00596	C0025289	0	C10	train	train	train	train	train	train	test	train	test	valid
DB00596	C0030446	0	C06	train	train	train	train	train	train	train	train	train	test
DB00596	C0032768	0	C10	train	train	train	train	train	train	test	train	test	valid
DB00596	C0034067	0	C23	valid	train	test	train	train	train	train	train	train	train
DB00596	C0234533	0	C10	train	train	train	train	train	train	test	train	test	valid
DB00596	C0677607	0	C19	train	train	test	test	train	train	train	train	train	train
DB00598	C0001623	0	C19	train	train	test	test	train	train	train	train	train	train
DB00598	C0004352	0	F03	train	train	train	train	train	train	valid	train	valid	train
DB00598	C0024031	0	C23	valid	train	test	train	train	train	train	train	train	train
DB00598	C3495559	0	C05	train	valid	valid	train	train	test	train	train	train	train
DB00599	C0000809	0	C12	train	train	train	test	valid	train	train	train	train	train
DB00599	C0027697	0	C12	train	train	train	test	valid	train	train	train	train	train
DB00599	C0038358	0	C06	train	train	train	train	train	train	train	train	train	test
DB00600	C0020649	0	C14	test	test	train	train	test	train	train	valid	train	train
DB00600	C0031046	0	C14	test	test	train	train	test	train	train	valid	train	train
DB00600	C0032580	0	C06	train	train	train	train	train	train	train	train	train	test
DB00601	C2267227	0	F03	train	train	train	train	train	train	valid	train	valid	train
DB00603	C0003578	0	C08	train	train	train	train	train	train	train	test	train	train
DB00603	C0005779	0	C15	train	train	train	valid	train	train	valid	train	train	train
DB00603	C0019112	0	C06	train	train	train	train	train	train	train	train	train	test
DB00604	C0002390	0	C08	train	train	train	train	train	train	train	test	train	train
DB00604	C0006287	0	C08	train	train	train	train	train	train	train	test	train	train
DB00604	C0014550	0	C10	train	train	train	train	train	train	test	train	test	valid
DB00604	C0018621	0	C08	train	train	train	train	train	train	train	test	train	train
DB00605	C0015469	0	C07	train	test	valid	train	train	train	train	train	train	train
DB00605	C0021141	0	C10	train	train	train	train	train	train	test	train	test	valid
DB00605	C0025874	0	C12	train	train	train	test	valid	train	train	train	train	train
DB00605	C0026691	0	C14	test	test	train	train	test	train	train	valid	train	train
DB00606	C0033117	0	C12	train	train	train	test	valid	train	train	train	train	train
DB00607	C0001623	0	C19	train	train	test	test	train	train	train	train	train	train
DB00607	C0010930	0	C11	train	test	train	train	train	train	train	train	train	train
DB00607	C0026896	0	C10	train	train	train	train	train	train	test	train	test	valid
DB00608	C0009952	0	C10	train	train	train	train	train	train	test	train	test	valid
DB00608	C0014175	0	C12	train	train	train	test	valid	train	train	train	train	train
DB00608	C0022595	0	C17	valid	train	valid	train	train	valid	train	train	train	test
DB00608	C0040034	0	C15	train	train	train	valid	train	train	valid	train	train	train
DB00608	C0042880	0	C15	train	train	train	valid	train	train	valid	train	train	train
DB00608	C0238198	0	C06	train	train	train	train	train	train	train	train	train	test
DB00610	C0001126	0	C12	train	train	train	test	valid	train	train	train	train	train
DB00610	C0018794	0	C14	test	test	train	train	test	train	train	valid	train	train
DB00610	C0019112	0	C06	train	train	train	train	train	train	train	train	train	test
DB00610	C0456909	0	C10	train	train	train	train	train	train	test	train	test	valid
DB00611	C0178416	0	C15	train	train	train	valid	train	train	valid	train	train	train
DB00611	C0917805	0	C10	train	train	train	train	train	train	test	train	test	valid
DB00612	C0018621	0	C08	train	train	train	train	train	train	train	test	train	train
DB00612	C0021361	0	C12	train	train	train	test	valid	train	train	train	train	train
DB00612	C0042109	0	C17	valid	train	valid	train	train	valid	train	train	train	test
DB00612	C0162316	0	C15	train	train	train	valid	train	train	valid	train	train	train
DB00612	C0745103	0	C18	train	train	train	train	train	test	train	test	valid	train
DB00615	C0002893	0	C15	train	train	train	valid	train	train	valid	train	train	train
DB00615	C0029434	0	C05	train	valid	valid	train	train	test	train	train	train	train
DB00615	C0271093	0	C11	train	test	train	train	train	train	train	train	train	train
DB00615	C0271623	0	C19	train	train	test	test	train	train	train	train	train	train
DB00617	C0003864	0	C05	train	valid	valid	train	train	test	train	train	train	train
DB00622	C0011875	0	C14	test	test	train	train	test	train	train	valid	train	train
DB00622	C0014583	0	C11	train	test	train	train	train	train	train	train	train	train
DB00623	C0021308	0	C23	valid	train	test	train	train	train	train	train	train	train
DB00623	C0022593	0	C17	valid	train	valid	train	train	valid	train	train	train	test
DB00623	C0030569	0	C10	train	train	train	train	train	train	test	train	test	valid
DB00623	C0162627	0	C01	train	train	train	train	train	train	train	train	train	train
DB00623	C0282528	0	C16	train	test	train	valid	train	valid	train	test	train	train
DB00624	C0023267	0	C04	train	train	train	valid	train	train	valid	train	train	train
DB00624	C0920350	0	C19	train	train	test	test	train	train	train	train	train	train
DB00626	C0025323	0	C12	train	train	train	test	valid	train	train	train	train	train
DB00626	C0037199	0	C08	train	train	train	train	train	train	train	test	train	train
DB00626	C0039483	0	C14	test	test	train	train	test	train	train	valid	train	train
DB00627	C0011334	0	C07	train	test	valid	train	train	train	train	train	train	train
DB00627	C0017605	0	C11	train	test	train	train	train	train	train	train	train	train
DB00627	C0028754	0	C18	train	train	train	train	train	test	train	test	valid	train
DB00627	C0039621	0	C10	train	train	train	train	train	train	test	train	test	valid
DB00629	C0405580	0	C19	train	train	test	test	train	train	train	train	train	train
DB00630	C0016057	0	C04	train	train	train	valid	train	train	valid	train	train	train
DB00630	C0023467	0	C04	train	train	train	valid	train	train	valid	train	train	train
DB00630	C0038362	0	C07	train	test	valid	train	train	train	train	train	train	train
DB00631	C0023052	0	C08	train	train	train	train	train	train	train	test	train	train
DB00631	C0033860	0	C17	valid	train	valid	train	train	valid	train	train	train	test
DB00631	C0034885	0	C06	train	train	train	train	train	train	train	train	train	test
DB00635	C0235974	0	C04	train	train	train	valid	train	train	valid	train	train	train
DB00635	C0836924	0	C15	train	train	train	valid	train	train	valid	train	train	train
DB00635	C0948480	0	C14	test	test	train	train	test	train	train	valid	train	train
DB00636	C0085682	0	C18	train	train	train	train	train	test	train	test	valid	train
DB00636	C0917805	0	C10	train	train	train	train	train	train	test	train	test	valid
DB00637	C0020217	0	C04	train	train	train	valid	train	train	valid	train	train	train
DB00637	C0021390	0	C06	train	train	train	train	train	train	train	train	train	test
DB00637	C0024591	0	C23	valid	train	test	train	train	train	train	train	train	train
DB00637	C0038358	0	C06	train	train	train	train	train	train	train	train	train	test
DB00640	C0282488	0	C12	train	train	train	test	valid	train	train	train	train	train
DB00641	C0001957	0	C25	train	train	test	train	train	train	valid	valid	train	train
DB00641	C0010346	0	C06	train	train	train	train	train	train	train	train	train	test
DB00641	C0087012	0	C10	train	train	train	train	train	train	test	train	test	valid
DB00641	C0151526	0	C12	train	train	train	test	valid	train	train	train	train	train
DB00642	C0009952	0	C10	train	train	train	train	train	train	test	train	test	valid
DB00642	C0025289	0	C10	train	train	train	train	train	train	test	train	test	valid
DB00642	C0026961	0	C11	train	test	train	train	train	train	train	train	train	train
DB00642	C0039841	0	C18	train	train	train	train	train	test	train	test	valid	train
DB00642	C0877792	0	C10	train	train	train	train	train	train	test	train	test	valid
DB00643	C0220756	0	C18	train	train	train	train	train	test	train	test	valid	train
DB00643	C0917805	0	C10	train	train	train	train	train	train	test	train	test	valid
DB00644	C0022665	0	C12	train	train	train	test	valid	train	train	train	train	train
DB00645	C0018273	0	C23	valid	train	test	train	train	train	train	train	train	train
DB00645	C0020517	0	C20	train	train	test	train	valid	train	train	train	train	train
DB00647	C0021141	0	C10	train	train	train	train	train	train	test	train	test	valid
DB00650	C0030297	0	C04	train	train	train	valid	train	train	valid	train	train	train
DB00650	C0039240	0	C14	test	test	train	train	test	train	train	valid	train	train
DB00650	C0079731	0	C04	train	train	train	valid	train	train	valid	train	train	train
DB00651	C0006105	0	C01	train	train	train	train	train	train	train	train	train	train
DB00652	C0014121	0	C01	train	train	train	train	train	train	train	train	train	train
DB00652	C0015230	0	C17	valid	train	valid	train	train	valid	train	train	train	test
DB00652	C0020514	0	C10	train	train	train	train	train	train	test	train	test	valid
DB00652	C0020550	0	C19	train	train	test	test	train	train	train	train	train	train
DB00652	C0021670	0	C04	train	train	train	valid	train	train	valid	train	train	train
DB00652	C0024894	0	C12	train	train	train	test	valid	train	train	train	train	train
DB00653	C0038160	0	C01	train	train	train	train	train	train	train	train	train	train
DB00654	C0013404	0	C08	train	train	train	train	train	train	train	test	train	train
DB00654	C0014553	0	C10	train	train	train	train	train	train	test	train	test	valid
DB00654	C0023467	0	C04	train	train	train	valid	train	train	valid	train	train	train
DB00654	C0085417	0	C10	train	train	train	train	train	train	test	train	test	valid
DB00655	C0004238	0	C14	test	test	train	train	test	train	train	valid	train	train
DB00656	C0007095	0	C04	train	train	train	valid	train	train	valid	train	train	train
DB00656	C0013415	0	F03	train	train	train	train	train	train	valid	train	valid	train
DB00656	C0022596	0	C17	valid	train	valid	train	train	valid	train	train	train	test
DB00657	C0013720	0	C17	valid	train	valid	train	train	valid	train	train	train	test
DB00659	C0002893	0	C15	train	train	train	valid	train	train	valid	train	train	train
DB00659	C0011991	0	C23	valid	train	test	train	train	train	train	train	train	train
DB00659	C0023518	0	C15	train	train	train	valid	train	train	valid	train	train	train
DB00659	C0162820	0	C17	valid	train	valid	train	train	valid	train	train	train	test
DB00661	C0013404	0	C08	train	train	train	train	train	train	train	test	train	train
DB00662	C0001618	0	C19	train	train	test	test	train	train	train	train	train	train
DB00662	C0010692	0	C12	train	train	train	test	valid	train	train	train	train	train
DB00662	C0013415	0	F03	train	train	train	train	train	train	valid	train	valid	train
DB00662	C0014553	0	C10	train	train	train	train	train	train	test	train	test	valid
DB00663	C0025202	0	C04	train	train	train	valid	train	train	valid	train	train	train
DB00663	C0040822	0	C10	train	train	train	train	train	train	test	train	test	valid
DB00663	C0042963	0	C23	valid	train	test	train	train	train	train	train	train	train
DB00665	C0027404	0	C10	train	train	train	train	train	train	test	train	test	valid
DB00666	C0024894	0	C12	train	train	train	test	valid	train	train	train	train	train
DB00666	C0398623	0	C15	train	train	train	valid	train	train	valid	train	train	train
DB00666	C3495559	0	C05	train	valid	valid	train	train	test	train	train	train	train
DB00668	C0002736	0	C10	train	train	train	train	train	train	test	train	test	valid
DB00668	C0007193	0	C14	test	test	train	train	test	train	train	valid	train	train
DB00668	C0022575	0	C11	train	test	train	train	train	train	train	train	train	train
DB00668	C0036572	0	C10	train	train	train	train	train	train	test	train	test	valid
DB00668	C0151744	0	C14	test	test	train	train	test	train	train	valid	train	train
DB00670	C0027051	0	C14	test	test	train	train	test	train	train	valid	train	train
DB00670	C0029134	0	C10	train	train	train	train	train	train	test	train	test	valid
DB00670	C0030193	0	C23	valid	train	test	train	train	train	train	train	train	train
DB00670	C0877792	0	C10	train	train	train	train	train	train	test	train	test	valid
DB00672	C0034186	0	C12	train	train	train	test	valid	train	train	train	train	train
DB00672	C0035579	0	C18	train	train	train	train	train	test	train	test	valid	train
DB00673	C0020217	0	C04	train	train	train	valid	train	train	valid	train	train	train
DB00673	C0035258	0	C10	train	train	train	train	train	train	test	train	test	valid
DB00673	C2267227	0	F03	train	train	train	train	train	train	valid	train	valid	train
DB00674	C0003492	0	C14	test	test	train	train	test	train	train	valid	train	train
DB00674	C0018794	0	C14	test	test	train	train	test	train	train	valid	train	train
DB00674	C0023470	0	C04	train	train	train	valid	train	train	valid	train	train	train
DB00674	C0023869	0	C23	valid	train	test	train	train	train	train	train	train	train
DB00674	C0042963	0	C23	valid	train	test	train	train	train	train	train	train	train
DB00674	C0043202	0	C14	test	test	train	train	test	train	train	valid	train	train
DB00675	C0017563	0	C07	train	test	valid	train	train	train	train	train	train	train
DB00675	C0018916	0	C04	train	train	train	valid	train	train	valid	train	train	train
DB00675	C0032285	0	C08	train	train	train	train	train	train	train	test	train	train
DB00675	C0035222	0	C08	train	train	train	train	train	train	train	test	train	train
DB00675	C0497327	0	C10	train	train	train	train	train	train	test	train	test	valid
DB00677	C0001418	0	C04	train	train	train	valid	train	train	valid	train	train	train
DB00677	C0039590	0	C12	train	train	train	test	valid	train	train	train	train	train
DB00678	C0014550	0	C10	train	train	train	train	train	train	test	train	test	valid
DB00678	C0017181	0	C06	train	train	train	train	train	train	train	train	train	test
DB00678	C0030319	0	F03	train	train	train	train	train	train	valid	train	valid	train
DB00679	C0007786	0	C10	train	train	train	train	train	train	test	train	test	valid
DB00679	C0013415	0	F03	train	train	train	train	train	train	valid	train	valid	train
DB00679	C0014544	0	C10	train	train	train	train	train	train	test	train	test	valid
DB00679	C0014550	0	C10	train	train	train	train	train	train	test	train	test	valid
DB00679	C0019202	0	C10	train	train	train	train	train	train	test	train	test	valid
DB00679	C0027661	0	C04	train	train	train	valid	train	train	valid	train	train	train
DB00679	C0035585	0	C01	train	train	train	train	train	train	train	train	train	train
DB00679	C0042164	0	C11	train	test	train	train	train	train	train	train	train	train
DB00680	C0017638	0	C04	train	train	train	valid	train	train	valid	train	train	train
DB00680	C0023440	0	C15	train	train	train	valid	train	train	valid	train	train	train
DB00680	C0085417	0	C10	train	train	train	train	train	train	test	train	test	valid
DB00680	C0206682	0	C04	train	train	train	valid	train	train	valid	train	train	train
DB00682	C0002895	0	C15	train	train	train	valid	train	train	valid	train	train	train
DB00682	C0007194	0	C14	test	test	train	train	test	train	train	valid	train	train
DB00682	C0022593	0	C17	valid	train	valid	train	train	valid	train	train	train	test
DB00682	C0023890	0	C06	train	train	train	train	train	train	train	train	train	test
DB00682	C0677607	0	C19	train	train	test	test	train	train	train	train	train	train
DB00682	C0700201	0	C10	train	train	train	train	train	train	test	train	test	valid
DB00682	C1328407	0	C26	train	valid	train	train	train	train	train	test	train	train
DB00683	C0005587	0	F03	train	train	train	train	train	train	valid	train	valid	train
DB00683	C0079584	0	C17	valid	train	valid	train	train	valid	train	train	train	test
DB00685	C0013604	0	C23	valid	train	test	train	train	train	train	train	train	train
DB00685	C0019829	0	C04	train	train	train	valid	train	train	valid	train	train	train
DB00685	C0042345	0	C14	test	test	train	train	test	train	train	valid	train	train
DB00685	C0042870	0	C18	train	train	train	train	train	test	train	test	valid	train
DB00685	C0162565	0	C06	train	train	train	train	train	train	train	train	train	test
DB00685	C0398650	0	C15	train	train	train	valid	train	train	valid	train	train	train
DB00686	C0027697	0	C12	train	train	train	test	valid	train	train	train	train	train
DB00686	C0035229	0	C08	train	train	train	train	train	train	train	test	train	train
DB00688	C0039483	0	C14	test	test	train	train	test	train	train	valid	train	train
DB00690	C0020546	0	C14	test	test	train	train	test	train	train	valid	train	train
DB00690	C0022073	0	C11	train	test	train	train	train	train	train	train	train	train
DB00691	C0020474	0	C18	train	train	train	train	train	test	train	test	valid	train
DB00691	C1956346	0	C14	test	test	train	train	test	train	train	valid	train	train
DB00692	C0011849	0	C18	train	train	train	train	train	test	train	test	valid	train
DB00694	C0002736	0	C10	train	train	train	train	train	train	test	train	test	valid
DB00694	C0020676	0	C19	train	train	test	test	train	train	train	train	train	train
DB00694	C0022661	0	C12	train	train	train	test	valid	train	train	train	train	train
DB00694	C0035222	0	C08	train	train	train	train	train	train	train	test	train	train
DB00696	C0178416	0	C15	train	train	train	valid	train	train	valid	train	train	train
DB00696	C0220756	0	C18	train	train	train	train	train	test	train	test	valid	train
DB00697	C0035457	0	C08	train	train	train	train	train	train	train	test	train	train
DB00697	C0242339	0	C18	train	train	train	train	train	test	train	test	valid	train
DB00697	C1961835	0	C18	train	train	train	train	train	test	train	test	valid	train
DB00699	C0004096	0	C08	train	train	train	train	train	train	train	test	train	train
DB00699	C0013421	0	C10	train	train	train	train	train	train	test	train	test	valid
DB00699	C0020502	0	C19	train	train	test	test	train	train	train	train	train	train
DB00700	C0001623	0	C19	train	train	test	test	train	train	train	train	train	train
DB00700	C0020433	0	C23	valid	train	test	train	train	train	train	train	train	train
DB00703	C0006413	0	C01	train	train	train	train	train	train	train	train	train	train
DB00703	C0022116	0	C23	valid	train	test	train	train	train	train	train	train	train
DB00703	C0025500	0	C04	train	train	train	valid	train	train	valid	train	train	train
DB00703	C0428977	0	C14	test	test	train	train	test	train	train	valid	train	train
DB00704	C0004239	0	C14	test	test	train	train	test	train	train	valid	train	train
DB00704	C0034012	0	C19	train	train	test	test	train	train	train	train	train	train
DB00706	C0002792	0	C20	train	train	test	train	valid	train	train	train	train	train
DB00706	C0006105	0	C01	train	train	train	train	train	train	train	train	train	train
DB00706	C0019080	0	C23	valid	train	test	train	train	train	train	train	train	train
DB00706	C0036421	0	C17	valid	train	valid	train	train	valid	train	train	train	test
DB00707	C0021670	0	C04	train	train	train	valid	train	train	valid	train	train	train
DB00710	C0026848	0	C05	train	valid	valid	train	train	test	train	train	train	train
DB00710	C0034065	0	C08	train	train	train	train	train	train	train	test	train	train
DB00710	C0278996	0	C04	train	train	train	valid	train	train	valid	train	train	train
DB00712	C0034885	0	C06	train	train	train	train	train	train	train	train	train	test
DB00713	C0034734	0	C14	test	test	train	train	test	train	train	valid	train	train
DB00713	C0079584	0	C17	valid	train	valid	train	train	valid	train	train	train	test
DB00714	C0001957	0	C25	train	train	test	train	train	train	valid	valid	train	train
DB00714	C0021603	0	C10	train	train	train	train	train	train	test	train	test	valid
DB00714	C0220994	0	C23	valid	train	test	train	train	train	train	train	train	train
DB00714	C0234533	0	C10	train	train	train	train	train	train	test	train	test	valid
DB00715	C0002880	0	C15	train	train	train	valid	train	train	valid	train	train	train
DB00715	C0005138	0	C08	train	train	train	train	train	train	train	test	train	train
DB00715	C0017205	0	C18	train	train	train	train	train	test	train	test	valid	train
DB00715	C0018790	0	C14	test	test	train	train	test	train	train	valid	train	train
DB00715	C0024790	0	C15	train	train	train	valid	train	train	valid	train	train	train
DB00715	C0038356	0	C06	train	train	train	train	train	train	train	train	train	test
DB00716	C0015503	0	C15	train	train	train	valid	train	train	valid	train	train	train
DB00716	C0032787	0	C23	valid	train	test	train	train	train	train	train	train	train
DB00716	C0428977	0	C14	test	test	train	train	test	train	train	valid	train	train
DB00717	C0036323	0	C01	train	train	train	train	train	train	train	train	train	train
DB00719	C0014859	0	C06	train	train	train	train	train	train	train	train	train	test
DB00719	C0039103	0	C05	train	valid	valid	train	train	test	train	train	train	train
DB00719	C0524620	0	C18	train	train	train	train	train	test	train	test	valid	train
DB00720	C0011616	0	C17	valid	train	valid	train	train	valid	train	train	train	test
DB00720	C0027051	0	C14	test	test	train	train	test	train	train	valid	train	train
DB00720	C0155862	0	C01	train	train	train	train	train	train	train	train	train	train
DB00722	C0008325	0	C06	train	train	train	train	train	train	train	train	train	test
DB00723	C0027686	0	C23	valid	train	test	train	train	train	train	train	train	train
DB00723	C0030193	0	C23	valid	train	test	train	train	train	train	train	train	train
DB00723	C0221013	0	C04	train	train	train	valid	train	train	valid	train	train	train
DB00724	C0042875	0	C18	train	train	train	train	train	test	train	test	valid	train
DB00724	C0917798	0	C10	train	train	train	train	train	train	test	train	test	valid
DB00725	C0013390	0	C23	valid	train	test	train	train	train	train	train	train	train
DB00726	C0025500	0	C04	train	train	train	valid	train	train	valid	train	train	train
DB00726	C0039590	0	C12	train	train	train	test	valid	train	train	train	train	train
DB00726	C0040046	0	C14	test	test	train	train	test	train	train	valid	train	train
DB00727	C0031154	0	C01	train	train	train	train	train	train	train	train	train	train
DB00729	C0001126	0	C12	train	train	train	test	valid	train	train	train	train	train
DB00729	C0007193	0	C14	test	test	train	train	test	train	train	valid	train	train
DB00729	C0020459	0	C18	train	train	train	train	train	test	train	test	valid	train
DB00729	C0022660	0	C12	train	train	train	test	valid	train	train	train	train	train
DB00729	C0031117	0	C10	train	train	train	train	train	train	test	train	test	valid
DB00729	C0037299	0	C17	valid	train	valid	train	train	valid	train	train	train	test
DB00731	C0010054	0	C14	test	test	train	train	test	train	train	valid	train	train
DB00731	C0013274	0	C14	test	test	train	train	test	train	train	valid	train	train
DB00733	C0003578	0	C08	train	train	train	train	train	train	train	test	train	train
DB00733	C0031069	0	C16	train	test	train	valid	train	valid	train	test	train	train
DB00733	C0032580	0	C06	train	train	train	train	train	train	train	train	train	test
DB00734	C0004245	0	C14	test	test	train	train	test	train	train	valid	train	train
DB00734	C0011615	0	C17	valid	train	valid	train	train	valid	train	train	train	test
DB00734	C0027627	0	C04	train	train	train	valid	train	train	valid	train	train	train
DB00734	C0029442	0	C18	train	train	train	train	train	test	train	test	valid	train
DB00736	C0000744	0	C18	train	train	train	train	train	test	train	test	valid	train
DB00737	C0020649	0	C14	test	test	train	train	test	train	train	valid	train	train
DB00737	C0917798	0	C10	train	train	train	train	train	train	test	train	test	valid
DB00738	C0006413	0	C01	train	train	train	train	train	train	train	train	train	train
DB00740	C0079731	0	C04	train	train	train	valid	train	train	valid	train	train	train
DB00744	C0040479	0	C14	test	test	train	train	test	train	train	valid	train	train
DB00745	C0008350	0	C06	train	train	train	train	train	train	train	train	train	test
DB00745	C0010691	0	C12	train	train	train	test	valid	train	train	train	train	train
DB00745	C0024143	0	C12	train	train	train	test	valid	train	train	train	train	train
DB00745	C0376545	0	C04	train	train	train	valid	train	train	valid	train	train	train
DB00745	C0451641	0	C12	train	train	train	test	valid	train	train	train	train	train
DB00745	C0919267	0	C12	train	train	train	test	valid	train	train	train	train	train
DB00746	C0520679	0	C08	train	train	train	train	train	train	train	test	train	train
DB00746	C2937421	0	C12	train	train	train	test	valid	train	train	train	train	train
DB00747	C0020481	0	C18	train	train	train	train	train	test	train	test	valid	train
DB00747	C0520679	0	C08	train	train	train	train	train	train	train	test	train	train
DB00748	C0014556	0	C10	train	train	train	train	train	train	test	train	test	valid
DB00748	C0019202	0	C10	train	train	train	train	train	train	test	train	test	valid
DB00748	C0271568	0	C05	train	valid	valid	train	train	test	train	train	train	train
DB00749	C0020635	0	C10	train	train	train	train	train	train	test	train	test	valid
DB00749	C0042029	0	C12	train	train	train	test	valid	train	train	train	train	train
DB00751	C0003872	0	C05	train	valid	valid	train	train	test	train	train	train	train
DB00754	C0006271	0	C08	train	train	train	train	train	train	train	test	train	train
DB00754	C0014173	0	C12	train	train	train	test	valid	train	train	train	train	train
DB00754	C0282528	0	C16	train	test	train	valid	train	valid	train	test	train	train
DB00757	C0007789	0	C10	train	train	train	train	train	train	test	train	test	valid
DB00757	C0014121	0	C01	train	train	train	train	train	train	train	train	train	train
DB00757	C0038356	0	C06	train	train	train	train	train	train	train	train	train	test
DB00758	C0033806	0	C18	train	train	train	train	train	test	train	test	valid	train
DB00758	C0878773	0	C12	train	train	train	test	valid	train	train	train	train	train
DB00758	C2973725	0	C08	train	train	train	train	train	train	train	test	train	train
DB00759	C0023470	0	C04	train	train	train	valid	train	train	valid	train	train	train
DB00759	C0085580	0	C14	test	test	train	train	test	train	train	valid	train	train
DB00759	C0242383	0	C11	train	test	train	train	train	train	train	train	train	train
DB00759	C3463824	0	C15	train	train	train	valid	train	train	valid	train	train	train
DB00761	C0004114	0	C04	train	train	train	valid	train	train	valid	train	train	train
DB00762	C0007789	0	C10	train	train	train	train	train	train	test	train	test	valid
DB00762	C0028754	0	C18	train	train	train	train	train	test	train	test	valid	train
DB00762	C0034012	0	C19	train	train	test	test	train	train	train	train	train	train
DB00763	C0036220	0	C04	train	train	train	valid	train	train	valid	train	train	train
DB00763	C0040147	0	C19	train	train	test	test	train	train	train	train	train	train
DB00764	C0027627	0	C04	train	train	train	valid	train	train	valid	train	train	train
DB00764	C1260899	0	C15	train	train	train	valid	train	train	valid	train	train	train
DB00765	C0002171	0	C17	valid	train	valid	train	train	valid	train	train	train	test
DB00765	C0022876	0	C12	train	train	train	test	valid	train	train	train	train	train
DB00765	C0024143	0	C12	train	train	train	test	valid	train	train	train	train	train
DB00765	C0030590	0	C14	test	test	train	train	test	train	train	valid	train	train
DB00765	C0473527	0	C18	train	train	train	train	train	test	train	test	valid	train
DB00768	C0021390	0	C06	train	train	train	train	train	train	train	train	train	test
DB00768	C0041582	0	C23	valid	train	test	train	train	train	train	train	train	train
DB00768	C0220756	0	C18	train	train	train	train	train	test	train	test	valid	train
DB00770	C0027726	0	C12	train	train	train	test	valid	train	train	train	train	train
DB00770	C0035220	0	C08	train	train	train	train	train	train	train	test	train	train
DB00770	C0038220	0	C10	train	train	train	train	train	train	test	train	test	valid
DB00771	C0085083	0	C12	train	train	train	test	valid	train	train	train	train	train
DB00773	C0026848	0	C05	train	valid	valid	train	train	test	train	train	train	train
DB00774	C0007131	0	C08	train	train	train	train	train	train	train	test	train	train
DB00774	C0151744	0	C14	test	test	train	train	test	train	train	valid	train	train
DB00775	C0013421	0	C10	train	train	train	train	train	train	test	train	test	valid
DB00775	C0014742	0	C17	valid	train	valid	train	train	valid	train	train	train	test
DB00775	C0019880	0	C18	train	train	train	train	train	test	train	test	valid	train
DB00776	C0004352	0	F03	train	train	train	train	train	train	valid	train	valid	train
DB00776	C0020542	0	C08	train	train	train	train	train	train	train	test	train	train
DB00776	C0024523	0	C06	train	train	train	train	train	train	train	train	train	test
DB00776	C0036508	0	C17	valid	train	valid	train	train	valid	train	train	train	test
DB00777	C0015672	0	C23	valid	train	test	train	train	train	train	train	train	train
DB00777	C0034734	0	C14	test	test	train	train	test	train	train	valid	train	train
DB00780	C0023827	0	C04	train	train	train	valid	train	train	valid	train	train	train
DB00780	C0751122	0	C10	train	train	train	train	train	train	test	train	test	valid
DB00782	C0002888	0	C15	train	train	train	valid	train	train	valid	train	train	train
DB00782	C0020676	0	C19	train	train	test	test	train	train	train	train	train	train
DB00783	C0034067	0	C23	valid	train	test	train	train	train	train	train	train	train
DB00784	C0012833	0	C23	valid	train	test	train	train	train	train	train	train	train
DB00784	C2239176	0	C04	train	train	train	valid	train	train	valid	train	train	train
DB00787	C0034069	0	C08	train	train	train	train	train	train	train	test	train	train
DB00787	C0221013	0	C04	train	train	train	valid	train	train	valid	train	train	train
DB00787	C0836924	0	C15	train	train	train	valid	train	train	valid	train	train	train
DB00788	C0018834	0	C23	valid	train	test	train	train	train	train	train	train	train
DB00788	C0085129	0	C08	train	train	train	train	train	train	train	test	train	train
DB00790	C0011334	0	C07	train	test	valid	train	train	train	train	train	train	train
DB00790	C0020437	0	C18	train	train	train	train	train	test	train	test	valid	train
DB00792	C0007117	0	C04	train	train	train	valid	train	train	valid	train	train	train
DB00792	C0031190	0	C08	train	train	train	train	train	train	train	test	train	train
DB00792	C0040015	0	C15	train	train	train	valid	train	train	valid	train	train	train
DB00792	C1527311	0	C10	train	train	train	train	train	train	test	train	test	valid
DB00794	C0008149	0	C01	train	train	train	train	train	train	train	train	train	train
DB00794	C0011616	0	C17	valid	train	valid	train	train	valid	train	train	train	test
DB00794	C0014121	0	C01	train	train	train	train	train	train	train	train	train	train
DB00795	C0009806	0	C23	valid	train	test	train	train	train	train	train	train	train
DB00795	C0014534	0	C12	train	train	train	test	valid	train	train	train	train	train
DB00796	C0011848	0	C12	train	train	train	test	valid	train	train	train	train	train
DB00796	C0021390	0	C06	train	train	train	train	train	train	train	train	train	test
DB00796	C0042109	0	C17	valid	train	valid	train	train	valid	train	train	train	test
DB00797	C0018802	0	C14	test	test	train	train	test	train	train	valid	train	train
DB00797	C0019243	0	C20	train	train	test	train	valid	train	train	train	train	train
DB00797	C0027661	0	C04	train	train	train	valid	train	train	valid	train	train	train
DB00797	C0342881	0	C18	train	train	train	train	train	test	train	test	valid	train
DB00799	C0007194	0	C14	test	test	train	train	test	train	train	valid	train	train
DB00799	C0015624	0	C12	train	train	train	test	valid	train	train	train	train	train
DB00799	C0030193	0	C23	valid	train	test	train	train	train	train	train	train	train
DB00800	C0002965	0	C14	test	test	train	train	test	train	train	valid	train	train
DB00800	C0005699	0	C04	train	train	train	valid	train	train	valid	train	train	train
DB00800	C0020538	0	C14	test	test	train	train	test	train	train	valid	train	train
DB00800	C0025500	0	C04	train	train	train	valid	train	train	valid	train	train	train
DB00800	C0041582	0	C23	valid	train	test	train	train	train	train	train	train	train
DB00800	C1800706	0	C08	train	train	train	train	train	train	train	test	train	train
DB00801	C0524909	0	C01	train	train	train	train	train	train	train	train	train	train
DB00804	C0023437	0	C04	train	train	train	valid	train	train	valid	train	train	train
DB00804	C0036508	0	C17	valid	train	valid	train	train	valid	train	train	train	test
DB00804	C0040034	0	C15	train	train	train	valid	train	train	valid	train	train	train
DB00804	C0085159	0	F03	train	train	train	train	train	train	valid	train	valid	train
DB00804	C1269683	0	F03	train	train	train	train	train	train	valid	train	valid	train
DB00805	C0006625	0	C23	valid	train	test	train	train	train	train	train	train	train
DB00805	C0010068	0	C14	test	test	train	train	test	train	train	valid	train	train
DB00805	C0023518	0	C15	train	train	train	valid	train	train	valid	train	train	train
DB00805	C0029191	0	C12	train	train	train	test	valid	train	train	train	train	train
DB00805	C0085413	0	C12	train	train	train	test	valid	train	train	train	train	train
DB00806	C0152020	0	C06	train	train	train	train	train	train	train	train	train	test
DB00808	C0376358	0	C12	train	train	train	test	valid	train	train	train	train	train
DB00808	C0451641	0	C12	train	train	train	test	valid	train	train	train	train	train
DB00809	C0008149	0	C01	train	train	train	train	train	train	train	train	train	train
DB00809	C0017601	0	C11	train	test	train	train	train	train	train	train	train	train
DB00809	C0020625	0	C18	train	train	train	train	train	test	train	test	valid	train
DB00809	C0036220	0	C04	train	train	train	valid	train	train	valid	train	train	train
DB00809	C0085215	0	C12	train	train	train	test	valid	train	train	train	train	train
DB00809	C0175683	0	C18	train	train	train	train	train	test	train	test	valid	train
DB00810	C0004153	0	C14	test	test	train	train	test	train	train	valid	train	train
DB00810	C0004943	0	C17	valid	train	valid	train	train	valid	train	train	train	test
DB00810	C0022650	0	C12	train	train	train	test	valid	train	train	train	train	train
DB00810	C0702166	0	C17	valid	train	valid	train	train	valid	train	train	train	test
DB00811	C0014553	0	C10	train	train	train	train	train	train	test	train	test	valid
DB00811	C0039685	0	C14	test	test	train	train	test	train	train	valid	train	train
DB00811	C0040136	0	C04	train	train	train	valid	train	train	valid	train	train	train
DB00812	C0003872	0	C05	train	valid	valid	train	train	test	train	train	train	train
DB00812	C0005587	0	F03	train	train	train	train	train	train	valid	train	valid	train
DB00812	C0006267	0	C08	train	train	train	train	train	train	train	test	train	train
DB00812	C0008325	0	C06	train	train	train	train	train	train	train	train	train	test
DB00812	C0021141	0	C10	train	train	train	train	train	train	test	train	test	valid
DB00812	C2267227	0	F03	train	train	train	train	train	train	valid	train	valid	train
DB00813	C0002888	0	C15	train	train	train	valid	train	train	valid	train	train	train
DB00813	C0015371	0	C10	train	train	train	train	train	train	test	train	test	valid
DB00813	C0024141	0	C17	valid	train	valid	train	train	valid	train	train	train	test
DB00813	C0033578	0	C12	train	train	train	test	valid	train	train	train	train	train
DB00814	C0034013	0	C19	train	train	test	test	train	train	train	train	train	train
DB00814	C0751967	0	C10	train	train	train	train	train	train	test	train	test	valid
DB00816	C0028754	0	C18	train	train	train	train	train	test	train	test	valid	train
DB00818	C0014743	0	C17	valid	train	valid	train	train	valid	train	train	train	test
DB00818	C0311277	0	C18	train	train	train	train	train	test	train	test	valid	train
DB00819	C0004096	0	C08	train	train	train	train	train	train	train	test	train	train
DB00819	C0010481	0	C19	train	train	test	test	train	train	train	train	train	train
DB00819	C0018916	0	C04	train	train	train	valid	train	train	valid	train	train	train
DB00820	C0035455	0	C08	train	train	train	train	train	train	train	test	train	train
DB00820	C0038325	0	C17	valid	train	valid	train	train	valid	train	train	train	test
DB00821	C0014474	0	C04	train	train	train	valid	train	train	valid	train	train	train
DB00821	C0149925	0	C08	train	train	train	train	train	train	train	test	train	train
DB00822	C0023443	0	C15	train	train	train	valid	train	train	valid	train	train	train
DB00822	C0032987	0	C12	train	train	train	test	valid	train	train	train	train	train
DB00822	C0040038	0	C14	test	test	train	train	test	train	train	valid	train	train
DB00823	C0014173	0	C12	train	train	train	test	valid	train	train	train	train	train
DB00824	C0037299	0	C17	valid	train	valid	train	train	valid	train	train	train	test
DB00824	C0085580	0	C14	test	test	train	train	test	train	train	valid	train	train
DB00825	C0010692	0	C12	train	train	train	test	valid	train	train	train	train	train
DB00825	C0037769	0	C10	train	train	train	train	train	train	test	train	test	valid
DB00825	C0038358	0	C06	train	train	train	train	train	train	train	train	train	test
DB00825	C0041408	0	C12	train	train	train	test	valid	train	train	train	train	train
DB00829	C0017638	0	C04	train	train	train	valid	train	train	valid	train	train	train
DB00829	C0030848	0	C12	train	train	train	test	valid	train	train	train	train	train
DB00829	C0032768	0	C10	train	train	train	train	train	train	test	train	test	valid
DB00829	C0032987	0	C12	train	train	train	test	valid	train	train	train	train	train
DB00829	C0041341	0	C04	train	train	train	valid	train	train	valid	train	train	train
DB00829	C0149931	0	C10	train	train	train	train	train	train	test	train	test	valid
DB00830	C0014583	0	C11	train	test	train	train	train	train	train	train	train	train
DB00831	C0009375	0	C06	train	train	train	train	train	train	train	train	train	test
DB00831	C0015530	0	C15	train	train	train	valid	train	train	valid	train	train	train
DB00832	C0004775	0	C12	train	train	train	test	valid	train	train	train	train	train
DB00834	C0005697	0	C12	train	train	train	test	valid	train	train	train	train	train
DB00834	C0035258	0	C10	train	train	train	train	train	train	test	train	test	valid
DB00834	C0042133	0	C04	train	train	train	valid	train	train	valid	train	train	train
DB00834	C0271093	0	C11	train	test	train	train	train	train	train	train	train	train
DB00835	C0025322	0	C12	train	train	train	test	valid	train	train	train	train	train
DB00836	C0028754	0	C18	train	train	train	train	train	test	train	test	valid	train
DB00837	C0002390	0	C08	train	train	train	train	train	train	train	test	train	train
DB00837	C0010930	0	C11	train	test	train	train	train	train	train	train	train	train
DB00837	C0014743	0	C17	valid	train	valid	train	train	valid	train	train	train	test
DB00837	C0022660	0	C12	train	train	train	test	valid	train	train	train	train	train
DB00837	C0023465	0	C04	train	train	train	valid	train	train	valid	train	train	train
DB00837	C0024437	0	C11	train	test	train	train	train	train	train	train	train	train
DB00837	C0242488	0	C08	train	train	train	train	train	train	train	test	train	train
DB00837	C2316212	0	C17	valid	train	valid	train	train	valid	train	train	train	test
DB00838	C0027051	0	C14	test	test	train	train	test	train	train	valid	train	train
DB00839	C0009763	0	C11	train	test	train	train	train	train	train	train	train	train
DB00839	C0020544	0	C12	train	train	train	test	valid	train	train	train	train	train
DB00839	C0162566	0	C06	train	train	train	train	train	train	train	train	train	test
DB00842	C0013428	0	C23	valid	train	test	train	train	train	train	train	train	train
DB00842	C0037188	0	C14	test	test	train	train	test	train	train	valid	train	train
DB00842	C0042842	0	C18	train	train	train	train	train	test	train	test	valid	train
DB00843	C0005695	0	C12	train	train	train	test	valid	train	train	train	train	train
DB00843	C0027819	0	C04	train	train	train	valid	train	train	valid	train	train	train
DB00843	C0033806	0	C18	train	train	train	train	train	test	train	test	valid	train
DB00844	C0002171	0	C17	valid	train	valid	train	train	valid	train	train	train	test
DB00844	C0003862	0	C05	train	valid	valid	train	train	test	train	train	train	train
DB00844	C0020473	0	C18	train	train	train	train	train	test	train	test	valid	train
DB00844	C0023890	0	C06	train	train	train	train	train	train	train	train	train	test
DB00846	C0011334	0	C07	train	test	valid	train	train	train	train	train	train	train
DB00846	C0023448	0	C15	train	train	train	valid	train	train	valid	train	train	train
DB00846	C0042842	0	C18	train	train	train	train	train	test	train	test	valid	train
DB00846	C0079731	0	C04	train	train	train	valid	train	train	valid	train	train	train
DB00846	C0155862	0	C01	train	train	train	train	train	train	train	train	train	train
DB00846	C0920350	0	C19	train	train	test	test	train	train	train	train	train	train
DB00847	C0085215	0	C12	train	train	train	test	valid	train	train	train	train	train
DB00848	C0028949	0	C23	valid	train	test	train	train	train	train	train	train	train
DB00848	C0036421	0	C17	valid	train	valid	train	train	valid	train	train	train	test
DB00849	C0008533	0	C15	train	train	train	valid	train	train	valid	train	train	train
DB00849	C0024121	0	C08	train	train	train	train	train	train	train	test	train	train
DB00849	C0027497	0	C23	valid	train	test	train	train	train	train	train	train	train
DB00849	C0036421	0	C17	valid	train	valid	train	train	valid	train	train	train	test
DB00850	C0005586	0	F03	train	train	train	train	train	train	valid	train	valid	train
DB00850	C0008350	0	C06	train	train	train	train	train	train	train	train	train	test
DB00850	C0008677	0	C08	train	train	train	train	train	train	train	test	train	train
DB00850	C0013390	0	C23	valid	train	test	train	train	train	train	train	train	train
DB00851	C0020615	0	C18	train	train	train	train	train	test	train	test	valid	train
DB00851	C0037763	0	C10	train	train	train	train	train	train	test	train	test	valid
DB00852	C0017152	0	C06	train	train	train	train	train	train	train	train	train	test
DB00853	C0002390	0	C08	train	train	train	train	train	train	train	test	train	train
DB00853	C0019156	0	C06	train	train	train	train	train	train	train	train	train	test
DB00853	C0023465	0	C04	train	train	train	valid	train	train	valid	train	train	train
DB00854	C0027819	0	C04	train	train	train	valid	train	train	valid	train	train	train
DB00854	C0038362	0	C07	train	test	valid	train	train	train	train	train	train	train
DB00857	C0024419	0	C15	train	train	train	valid	train	train	valid	train	train	train
DB00857	C0029191	0	C12	train	train	train	test	valid	train	train	train	train	train
DB00857	C0037930	0	C10	train	train	train	train	train	train	test	train	test	valid
DB00857	C0038013	0	C05	train	valid	valid	train	train	test	train	train	train	train
DB00858	C0005138	0	C08	train	train	train	train	train	train	train	test	train	train
DB00858	C0042029	0	C12	train	train	train	test	valid	train	train	train	train	train
DB00858	C2973725	0	C08	train	train	train	train	train	train	train	test	train	train
DB00860	C0020476	0	C18	train	train	train	train	train	test	train	test	valid	train
DB00860	C0028326	0	C14	test	test	train	train	test	train	train	valid	train	train
DB00860	C0751753	0	C18	train	train	train	train	train	test	train	test	valid	train
DB00861	C0013421	0	C10	train	train	train	train	train	train	test	train	test	valid
DB00861	C0080274	0	C12	train	train	train	test	valid	train	train	train	train	train
DB00862	C0004238	0	C14	test	test	train	train	test	train	train	valid	train	train
DB00862	C0007095	0	C04	train	train	train	valid	train	train	valid	train	train	train
DB00863	C0004604	0	C23	valid	train	test	train	train	train	train	train	train	train
DB00863	C0013415	0	F03	train	train	train	train	train	train	valid	train	valid	train
DB00863	C0037930	0	C10	train	train	train	train	train	train	test	train	test	valid
DB00864	C0006114	0	C10	train	train	train	train	train	train	test	train	test	valid
DB00864	C0015371	0	C10	train	train	train	train	train	train	test	train	test	valid
DB00864	C0033581	0	C12	train	train	train	test	valid	train	train	train	train	train
DB00864	C0036421	0	C17	valid	train	valid	train	train	valid	train	train	train	test
DB00864	C0038220	0	C10	train	train	train	train	train	train	test	train	test	valid
DB00865	C0013428	0	C23	valid	train	test	train	train	train	train	train	train	train
DB00865	C0020550	0	C19	train	train	test	test	train	train	train	train	train	train
DB00865	C0268596	0	C18	train	train	train	train	train	test	train	test	valid	train
DB00866	C0028840	0	C11	train	test	train	train	train	train	train	train	train	train
DB00866	C0349464	0	C10	train	train	train	train	train	train	test	train	test	valid
DB00867	C0002726	0	C18	train	train	train	train	train	test	train	test	valid	train
DB00867	C0022073	0	C11	train	test	train	train	train	train	train	train	train	train
DB00867	C0041948	0	C12	train	train	train	test	valid	train	train	train	train	train
DB00868	C0007138	0	C04	train	train	train	valid	train	train	valid	train	train	train
DB00868	C0010692	0	C12	train	train	train	test	valid	train	train	train	train	train
DB00868	C0020545	0	C12	train	train	train	test	valid	train	train	train	train	train
DB00868	C0024899	0	C04	train	train	train	valid	train	train	valid	train	train	train
DB00868	C0027726	0	C12	train	train	train	test	valid	train	train	train	train	train
DB00869	C0018273	0	C23	valid	train	test	train	train	train	train	train	train	train
DB00869	C0042870	0	C18	train	train	train	train	train	test	train	test	valid	train
DB00869	C0272375	0	C15	train	train	train	valid	train	train	valid	train	train	train
DB00869	C0343755	0	C01	train	train	train	train	train	train	train	train	train	train
DB00869	C1140680	0	C12	train	train	train	test	valid	train	train	train	train	train
DB00871	C0030569	0	C10	train	train	train	train	train	train	test	train	test	valid
DB00872	C0001973	0	C25	train	train	test	train	train	train	valid	valid	train	train
DB00872	C0917801	0	C10	train	train	train	train	train	train	test	train	test	valid
DB00872	C2973725	0	C08	train	train	train	train	train	train	train	test	train	train
DB00873	C0013295	0	C06	train	train	train	train	train	train	train	train	train	test
DB00873	C0023480	0	C15	train	train	train	valid	train	train	valid	train	train	train
DB00873	C0085159	0	F03	train	train	train	train	train	train	valid	train	valid	train
DB00875	C0035220	0	C08	train	train	train	train	train	train	train	test	train	train
DB00875	C0268490	0	C18	train	train	train	train	train	test	train	test	valid	train
DB00876	C0020503	0	C19	train	train	test	test	train	train	train	train	train	train
DB00876	C0039621	0	C10	train	train	train	train	train	train	test	train	test	valid
DB00876	C0085096	0	C14	test	test	train	train	test	train	train	valid	train	train
DB00877	C0017636	0	C04	train	train	train	valid	train	train	valid	train	train	train
DB00877	C0030567	0	C10	train	train	train	train	train	train	test	train	test	valid
DB00877	C0032000	0	C10	train	train	train	train	train	train	test	train	test	valid
DB00880	C0023487	0	C04	train	train	train	valid	train	train	valid	train	train	train
DB00880	C0235480	0	C14	test	test	train	train	test	train	train	valid	train	train
DB00880	C1140680	0	C12	train	train	train	test	valid	train	train	train	train	train
DB00881	C0007138	0	C04	train	train	train	valid	train	train	valid	train	train	train
DB00881	C0018801	0	C14	test	test	train	train	test	train	train	valid	train	train
DB00881	C0020461	0	C18	train	train	train	train	train	test	train	test	valid	train
DB00881	C0026848	0	C05	train	valid	valid	train	train	test	train	train	train	train
DB00881	C0150055	0	C23	valid	train	test	train	train	train	train	train	train	train
DB00882	C0023479	0	C04	train	train	train	valid	train	train	valid	train	train	train
DB00882	C0042373	0	C14	test	test	train	train	test	train	train	valid	train	train
DB00883	C0013238	0	C11	train	test	train	train	train	train	train	train	train	train
DB00883	C0085096	0	C14	test	test	train	train	test	train	train	valid	train	train
DB00883	C0878544	0	C14	test	test	train	train	test	train	train	valid	train	train
DB00884	C0023418	0	C04	train	train	train	valid	train	train	valid	train	train	train
DB00885	C0001430	0	C04	train	train	train	valid	train	train	valid	train	train	train
DB00885	C1861172	0	C14	test	test	train	train	test	train	train	valid	train	train
DB00887	C0028949	0	C23	valid	train	test	train	train	train	train	train	train	train
DB00889	C0006142	0	C04	train	train	train	valid	train	train	valid	train	train	train
DB00889	C0039240	0	C14	test	test	train	train	test	train	train	valid	train	train
DB00890	C0042847	0	C18	train	train	train	train	train	test	train	test	valid	train
DB00894	C0010346	0	C06	train	train	train	train	train	train	train	train	train	test
DB00894	C0022548	0	A10	train	test	train	train	train	train	train	test	train	train
DB00894	C0030305	0	C06	train	train	train	train	train	train	train	train	train	test
DB00894	C0040053	0	C14	test	test	train	train	test	train	train	valid	train	train
DB00896	C0011603	0	C17	valid	train	valid	train	train	valid	train	train	train	test
DB00896	C0011860	0	C18	train	train	train	train	train	test	train	test	valid	train
DB00896	C0022660	0	C12	train	train	train	test	valid	train	train	train	train	train
DB00896	C0024790	0	C15	train	train	train	valid	train	train	valid	train	train	train
DB00896	C0027404	0	C10	train	train	train	train	train	train	test	train	test	valid
DB00896	C0037769	0	C10	train	train	train	train	train	train	test	train	test	valid
DB00896	C0042487	0	C14	test	test	train	train	test	train	train	valid	train	train
DB00897	C0009324	0	C06	train	train	train	train	train	train	train	train	train	test
DB00897	C0017605	0	C11	train	test	train	train	train	train	train	train	train	train
DB00897	C0026896	0	C10	train	train	train	train	train	train	test	train	test	valid
DB00897	C0034013	0	C19	train	train	test	test	train	train	train	train	train	train
DB00898	C0035335	0	C04	train	train	train	valid	train	train	valid	train	train	train
DB00898	C0206682	0	C04	train	train	train	valid	train	train	valid	train	train	train
DB00902	C0008311	0	C06	train	train	train	train	train	train	train	train	train	test
DB00902	C0022876	0	C12	train	train	train	test	valid	train	train	train	train	train
DB00903	C0006118	0	C10	train	train	train	train	train	train	test	train	test	valid
DB00903	C0027627	0	C04	train	train	train	valid	train	train	valid	train	train	train
DB00904	C0011848	0	C12	train	train	train	test	valid	train	train	train	train	train
DB00904	C0031154	0	C01	train	train	train	train	train	train	train	train	train	train
DB00905	C0033806	0	C18	train	train	train	train	train	test	train	test	valid	train
DB00905	C0037036	0	C07	train	test	valid	train	train	train	train	train	train	train
DB00906	C0036830	0	C17	valid	train	valid	train	train	valid	train	train	train	test
DB00906	C0040147	0	C19	train	train	test	test	train	train	train	train	train	train
DB00906	C0877792	0	C10	train	train	train	train	train	train	test	train	test	valid
DB00908	C0008533	0	C15	train	train	train	valid	train	train	valid	train	train	train
DB00908	C0018995	0	C18	train	train	train	train	train	test	train	test	valid	train
DB00908	C0026650	0	C10	train	train	train	train	train	train	test	train	test	valid
DB00909	C0014335	0	C06	train	train	train	train	train	train	train	train	train	test
DB00909	C0015371	0	C10	train	train	train	train	train	train	test	train	test	valid
DB00909	C0029456	0	C05	train	valid	valid	train	train	test	train	train	train	train
DB00909	C0451641	0	C12	train	train	train	test	valid	train	train	train	train	train
DB00909	C1384606	0	C12	train	train	train	test	valid	train	train	train	train	train
DB00910	C0006413	0	C01	train	train	train	train	train	train	train	train	train	train
DB00912	C0020217	0	C04	train	train	train	valid	train	train	valid	train	train	train
DB00912	C0035457	0	C08	train	train	train	train	train	train	train	test	train	train
DB00912	C0162820	0	C17	valid	train	valid	train	train	valid	train	train	train	test
DB00914	C0002962	0	C14	test	test	train	train	test	train	train	valid	train	train
DB00914	C0751674	0	C04	train	train	train	valid	train	train	valid	train	train	train
DB00915	C0334579	0	C04	train	train	train	valid	train	train	valid	train	train	train
DB00916	C0002418	0	C10	train	train	train	train	train	train	test	train	test	valid
DB00916	C0014553	0	C10	train	train	train	train	train	train	test	train	test	valid
DB00916	C0014583	0	C11	train	test	train	train	train	train	train	train	train	train
DB00916	C0023052	0	C08	train	train	train	train	train	train	train	test	train	train
DB00916	C0026987	0	C15	train	train	train	valid	train	train	valid	train	train	train
DB00916	C0151744	0	C14	test	test	train	train	test	train	train	valid	train	train
DB00916	C0242350	0	C12	train	train	train	test	valid	train	train	train	train	train
DB00916	C2267227	0	F03	train	train	train	train	train	train	valid	train	valid	train
DB00917	C0015530	0	C15	train	train	train	valid	train	train	valid	train	train	train
DB00917	C0037763	0	C10	train	train	train	train	train	train	test	train	test	valid
DB00917	C0473527	0	C18	train	train	train	train	train	test	train	test	valid	train
DB00918	C0006114	0	C10	train	train	train	train	train	train	test	train	test	valid
DB00918	C0018203	0	C15	train	train	train	valid	train	train	valid	train	train	train
DB00918	C0037299	0	C17	valid	train	valid	train	train	valid	train	train	train	test
DB00920	C0020456	0	C18	train	train	train	train	train	test	train	test	valid	train
DB00920	C0021361	0	C12	train	train	train	test	valid	train	train	train	train	train
DB00920	C0023465	0	C04	train	train	train	valid	train	train	valid	train	train	train
DB00921	C0007642	0	C01	train	train	train	train	train	train	train	train	train	train
DB00921	C0014550	0	C10	train	train	train	train	train	train	test	train	test	valid
DB00921	C0018995	0	C18	train	train	train	train	train	test	train	test	valid	train
DB00921	C0085159	0	F03	train	train	train	train	train	train	valid	train	valid	train
DB00921	C1527311	0	C10	train	train	train	train	train	train	test	train	test	valid
DB00922	C0019151	0	C06	train	train	train	train	train	train	train	train	train	test
DB00922	C0020625	0	C18	train	train	train	train	train	test	train	test	valid	train
DB00922	C1261473	0	C04	train	train	train	valid	train	train	valid	train	train	train
DB00924	C0001403	0	C19	train	train	test	test	train	train	train	train	train	train
DB00924	C0013390	0	C23	valid	train	test	train	train	train	train	train	train	train
DB00924	C1384606	0	C12	train	train	train	test	valid	train	train	train	train	train
DB00925	C0020502	0	C19	train	train	test	test	train	train	train	train	train	train
DB00927	C0029463	0	C04	train	train	train	valid	train	train	valid	train	train	train
DB00927	C0034013	0	C19	train	train	test	test	train	train	train	train	train	train
DB00928	C0039483	0	C14	test	test	train	train	test	train	train	valid	train	train
DB00929	C0000809	0	C12	train	train	train	test	valid	train	train	train	train	train
DB00933	C0037769	0	C10	train	train	train	train	train	train	test	train	test	valid
DB00933	C0040046	0	C14	test	test	train	train	test	train	train	valid	train	train
DB00933	C0751865	0	C25	train	train	test	train	train	train	valid	valid	train	train
DB00934	C0017168	0	C06	train	train	train	train	train	train	train	train	train	test
DB00934	C0023434	0	C15	train	train	train	valid	train	train	valid	train	train	train
DB00934	C0751753	0	C18	train	train	train	train	train	test	train	test	valid	train
DB00935	C0001403	0	C19	train	train	test	test	train	train	train	train	train	train
DB00935	C0029453	0	C05	train	valid	valid	train	train	test	train	train	train	train
DB00935	C0029927	0	C12	train	train	train	test	valid	train	train	train	train	train
DB00936	C0002874	0	C15	train	train	train	valid	train	train	valid	train	train	train
DB00936	C0013428	0	C23	valid	train	test	train	train	train	train	train	train	train
DB00936	C0020557	0	C18	train	train	train	train	train	test	train	test	valid	train
DB00936	C0039240	0	C14	test	test	train	train	test	train	train	valid	train	train
DB00937	C0011860	0	C18	train	train	train	train	train	test	train	test	valid	train
DB00937	C0020540	0	C14	test	test	train	train	test	train	train	valid	train	train
DB00937	C0026838	0	C05	train	valid	valid	train	train	test	train	train	train	train
DB00937	C0040261	0	C01	train	train	train	train	train	train	train	train	train	train
DB00938	C0023212	0	C14	test	test	train	train	test	train	train	valid	train	train
DB00938	C0037763	0	C10	train	train	train	train	train	train	test	train	test	valid
DB00938	C4048328	0	C12	train	train	train	test	valid	train	train	train	train	train
DB00939	C0035579	0	C18	train	train	train	train	train	test	train	test	valid	train
DB00939	C1260899	0	C15	train	train	train	valid	train	train	valid	train	train	train
DB00940	C0025294	0	C01	train	train	train	train	train	train	train	train	train	train
DB00940	C0025500	0	C04	train	train	train	valid	train	train	valid	train	train	train
DB00940	C0042164	0	C11	train	test	train	train	train	train	train	train	train	train
DB00942	C0003864	0	C05	train	valid	valid	train	train	test	train	train	train	train
DB00942	C0005424	0	C06	train	train	train	train	train	train	train	train	train	test
DB00942	C0015503	0	C15	train	train	train	valid	train	train	valid	train	train	train
DB00942	C0553580	0	C04	train	train	train	valid	train	train	valid	train	train	train
DB00944	C0002871	0	C15	train	train	train	valid	train	train	valid	train	train	train
DB00944	C0005699	0	C04	train	train	train	valid	train	train	valid	train	train	train
DB00944	C0026769	0	C10	train	train	train	train	train	train	test	train	test	valid
DB00944	C0242973	0	C14	test	test	train	train	test	train	train	valid	train	train
DB00945	C0007138	0	C04	train	train	train	valid	train	train	valid	train	train	train
DB00945	C0013415	0	F03	train	train	train	train	train	train	valid	train	valid	train
DB00945	C0042963	0	C23	valid	train	test	train	train	train	train	train	train	train
DB00945	C0155862	0	C01	train	train	train	train	train	train	train	train	train	train
DB00945	C0751362	0	C10	train	train	train	train	train	train	test	train	test	valid
DB00945	C0751753	0	C18	train	train	train	train	train	test	train	test	valid	train
DB00946	C0003492	0	C14	test	test	train	train	test	train	train	valid	train	train
DB00946	C0022596	0	C17	valid	train	valid	train	train	valid	train	train	train	test
DB00946	C0032987	0	C12	train	train	train	test	valid	train	train	train	train	train
DB00946	C0043515	0	C06	train	train	train	train	train	train	train	train	train	test
DB00946	C0234974	0	C10	train	train	train	train	train	train	test	train	test	valid
DB00947	C0020757	0	C16	train	test	train	valid	train	valid	train	test	train	train
DB00949	C0000744	0	C18	train	train	train	train	train	test	train	test	valid	train
DB00949	C0024138	0	C17	valid	train	valid	train	train	valid	train	train	train	test
DB00949	C0027819	0	C04	train	train	train	valid	train	train	valid	train	train	train
DB00950	C0002792	0	C20	train	train	test	train	valid	train	train	train	train	train
DB00950	C0040147	0	C19	train	train	test	test	train	train	train	train	train	train
DB00950	C0242422	0	C10	train	train	train	train	train	train	test	train	test	valid
DB00950	C4048328	0	C12	train	train	train	test	valid	train	train	train	train	train
DB00951	C0031154	0	C01	train	train	train	train	train	train	train	train	train	train
DB00951	C0751967	0	C10	train	train	train	train	train	train	test	train	test	valid
DB00952	C0029458	0	C05	train	valid	valid	train	train	test	train	train	train	train
DB00952	C0034150	0	C23	valid	train	test	train	train	train	train	train	train	train
DB00952	C0042345	0	C14	test	test	train	train	test	train	train	valid	train	train
DB00952	C0231528	0	C05	train	valid	valid	train	train	test	train	train	train	train
DB00952	C0948089	0	C14	test	test	train	train	test	train	train	valid	train	train
DB00953	C0020540	0	C14	test	test	train	train	test	train	train	valid	train	train
DB00956	C0015624	0	C12	train	train	train	test	valid	train	train	train	train	train
DB00956	C0023434	0	C15	train	train	train	valid	train	train	valid	train	train	train
DB00956	C0023481	0	C15	train	train	train	valid	train	train	valid	train	train	train
DB00956	C0040479	0	C14	test	test	train	train	test	train	train	valid	train	train
DB00957	C0002726	0	C18	train	train	train	train	train	test	train	test	valid	train
DB00957	C0009319	0	C06	train	train	train	train	train	train	train	train	train	test
DB00957	C0023052	0	C08	train	train	train	train	train	train	train	test	train	train
DB00957	C0034063	0	C08	train	train	train	train	train	train	train	test	train	train
DB00957	C0041341	0	C04	train	train	train	valid	train	train	valid	train	train	train
DB00959	C0018790	0	C14	test	test	train	train	test	train	train	valid	train	train
DB00959	C0022116	0	C23	valid	train	test	train	train	train	train	train	train	train
DB00959	C0029927	0	C12	train	train	train	test	valid	train	train	train	train	train
DB00962	C0010481	0	C19	train	train	test	test	train	train	train	train	train	train
DB00962	C0015456	0	C17	valid	train	valid	train	train	valid	train	train	train	test
DB00962	C0343755	0	C01	train	train	train	train	train	train	train	train	train	train
DB00964	C0014550	0	C10	train	train	train	train	train	train	test	train	test	valid
DB00964	C0014583	0	C11	train	test	train	train	train	train	train	train	train	train
DB00964	C0040147	0	C19	train	train	test	test	train	train	train	train	train	train
DB00964	C0473527	0	C18	train	train	train	train	train	test	train	test	valid	train
DB00966	C0009324	0	C06	train	train	train	train	train	train	train	train	train	test
DB00967	C0006625	0	C23	valid	train	test	train	train	train	train	train	train	train
DB00968	C0015397	0	C11	train	test	train	train	train	train	train	train	train	train
DB00968	C0751434	0	C18	train	train	train	train	train	test	train	test	valid	train
DB00969	C0038454	0	C10	train	train	train	train	train	train	test	train	test	valid
DB00969	C0376358	0	C12	train	train	train	test	valid	train	train	train	train	train
DB00970	C0234974	0	C10	train	train	train	train	train	train	test	train	test	valid
DB00972	C0013238	0	C11	train	test	train	train	train	train	train	train	train	train
DB00972	C0031511	0	C04	train	train	train	valid	train	train	valid	train	train	train
DB00972	C0231528	0	C05	train	valid	valid	train	train	test	train	train	train	train
DB00973	C0020757	0	C16	train	test	train	valid	train	valid	train	test	train	train
DB00976	C0038362	0	C07	train	test	valid	train	train	train	train	train	train	train
DB00976	C0040156	0	C19	train	train	test	test	train	train	train	train	train	train
DB00977	C0001126	0	C12	train	train	train	test	valid	train	train	train	train	train
DB00977	C0023890	0	C06	train	train	train	train	train	train	train	train	train	test
DB00977	C0026838	0	C05	train	valid	valid	train	train	test	train	train	train	train
DB00978	C0149925	0	C08	train	train	train	train	train	train	train	test	train	train
DB00979	C0005697	0	C12	train	train	train	test	valid	train	train	train	train	train
DB00979	C0022593	0	C17	valid	train	valid	train	train	valid	train	train	train	test
DB00980	C0023481	0	C15	train	train	train	valid	train	train	valid	train	train	train
DB00980	C0029458	0	C05	train	valid	valid	train	train	test	train	train	train	train
DB00981	C0004096	0	C08	train	train	train	train	train	train	train	test	train	train
DB00981	C0027819	0	C04	train	train	train	valid	train	train	valid	train	train	train
DB00982	C0005741	0	C11	train	test	train	train	train	train	train	train	train	train
DB00982	C0017601	0	C11	train	test	train	train	train	train	train	train	train	train
DB00982	C0019151	0	C06	train	train	train	train	train	train	train	train	train	test
DB00982	C0028768	0	F03	train	train	train	train	train	train	valid	train	valid	train
DB00982	C0032787	0	C23	valid	train	test	train	train	train	train	train	train	train
DB00982	C0040038	0	C14	test	test	train	train	test	train	train	valid	train	train
DB00982	C0376545	0	C04	train	train	train	valid	train	train	valid	train	train	train
DB00983	C0020179	0	C10	train	train	train	train	train	train	test	train	test	valid
DB00983	C0020452	0	C14	test	test	train	train	test	train	train	valid	train	train
DB00983	C0023869	0	C23	valid	train	test	train	train	train	train	train	train	train
DB00983	C0026961	0	C11	train	test	train	train	train	train	train	train	train	train
DB00983	C0042029	0	C12	train	train	train	test	valid	train	train	train	train	train
DB00985	C0014038	0	C10	train	train	train	train	train	train	test	train	test	valid
DB00985	C0020545	0	C12	train	train	train	test	valid	train	train	train	train	train
DB00985	C0042487	0	C14	test	test	train	train	test	train	train	valid	train	train
DB00986	C0007117	0	C04	train	train	train	valid	train	train	valid	train	train	train
DB00986	C0027686	0	C23	valid	train	test	train	train	train	train	train	train	train
DB00987	C0001206	0	C05	train	valid	valid	train	train	test	train	train	train	train
DB00987	C0009763	0	C11	train	test	train	train	train	train	train	train	train	train
DB00987	C0149958	0	C10	train	train	train	train	train	train	test	train	test	valid
DB00988	C0024143	0	C12	train	train	train	test	valid	train	train	train	train	train
DB00988	C0037769	0	C10	train	train	train	train	train	train	test	train	test	valid
DB00988	C1861172	0	C14	test	test	train	train	test	train	train	valid	train	train
DB00989	C0010930	0	C11	train	test	train	train	train	train	train	train	train	train
DB00989	C0031154	0	C01	train	train	train	train	train	train	train	train	train	train
DB00990	C0023472	0	C15	train	train	train	valid	train	train	valid	train	train	train
DB00990	C0035455	0	C08	train	train	train	train	train	train	train	test	train	train
DB00991	C0002726	0	C18	train	train	train	train	train	test	train	test	valid	train
DB00991	C0008312	0	C06	train	train	train	train	train	train	train	train	train	test
DB00991	C0009763	0	C11	train	test	train	train	train	train	train	train	train	train
DB00991	C0023470	0	C04	train	train	train	valid	train	train	valid	train	train	train
DB00991	C0025202	0	C04	train	train	train	valid	train	train	valid	train	train	train
DB00991	C0029456	0	C05	train	valid	valid	train	train	test	train	train	train	train
DB00993	C0013404	0	C08	train	train	train	train	train	train	train	test	train	train
DB00993	C0023418	0	C04	train	train	train	valid	train	train	valid	train	train	train
DB00993	C0026764	0	C15	train	train	train	valid	train	train	valid	train	train	train
DB00994	C0018203	0	C15	train	train	train	valid	train	train	valid	train	train	train
DB00995	C0008312	0	C06	train	train	train	train	train	train	train	train	train	test
DB00995	C0040156	0	C19	train	train	test	test	train	train	train	train	train	train
DB00996	C0008325	0	C06	train	train	train	train	train	train	train	train	train	test
DB00996	C0162627	0	C01	train	train	train	train	train	train	train	train	train	train
DB00997	C0006105	0	C01	train	train	train	train	train	train	train	train	train	train
DB00997	C0020545	0	C12	train	train	train	test	valid	train	train	train	train	train
DB00997	C0085681	0	C18	train	train	train	train	train	test	train	test	valid	train
DB00997	C0270851	0	C10	train	train	train	train	train	train	test	train	test	valid
DB00998	C0019087	0	C15	train	train	train	valid	train	train	valid	train	train	train
DB00999	C0014869	0	C06	train	train	train	train	train	train	train	train	train	test
DB00999	C0016057	0	C04	train	train	train	valid	train	train	valid	train	train	train
DB00999	C0029456	0	C05	train	valid	valid	train	train	test	train	train	train	train
DB00999	C0920350	0	C19	train	train	test	test	train	train	train	train	train	train
DB01001	C0005697	0	C12	train	train	train	test	valid	train	train	train	train	train
DB01001	C0024305	0	C04	train	train	train	valid	train	train	valid	train	train	train
DB01001	C0032463	0	C15	train	train	train	valid	train	train	valid	train	train	train
DB01001	C1261473	0	C04	train	train	train	valid	train	train	valid	train	train	train
DB01001	C1328407	0	C26	train	valid	train	train	train	train	train	test	train	train
DB01003	C0024031	0	C23	valid	train	test	train	train	train	train	train	train	train
DB01005	C0002792	0	C20	train	train	test	train	valid	train	train	train	train	train
DB01005	C0020502	0	C19	train	train	test	test	train	train	train	train	train	train
DB01005	C0022548	0	A10	train	test	train	train	train	train	train	test	train	train
DB01005	C0151740	0	C10	train	train	train	train	train	train	test	train	test	valid
DB01006	C0007134	0	C12	train	train	train	test	valid	train	train	train	train	train
DB01006	C0011884	0	C11	train	test	train	train	train	train	train	train	train	train
DB01006	C0012833	0	C23	valid	train	test	train	train	train	train	train	train	train
DB01006	C0023448	0	C15	train	train	train	valid	train	train	valid	train	train	train
DB01006	C0034069	0	C08	train	train	train	train	train	train	train	test	train	train
DB01006	C0038160	0	C01	train	train	train	train	train	train	train	train	train	train
DB01006	C0242698	0	C14	test	test	train	train	test	train	train	valid	train	train
DB01009	C0020540	0	C14	test	test	train	train	test	train	train	valid	train	train
DB01010	C0003128	0	C12	train	train	train	test	valid	train	train	train	train	train
DB01010	C0012833	0	C23	valid	train	test	train	train	train	train	train	train	train
DB01010	C0019080	0	C23	valid	train	test	train	train	train	train	train	train	train
DB01010	C0019156	0	C06	train	train	train	train	train	train	train	train	train	test
DB01011	C0004239	0	C14	test	test	train	train	test	train	train	valid	train	train
DB01011	C0023434	0	C15	train	train	train	valid	train	train	valid	train	train	train
DB01012	C0001618	0	C19	train	train	test	test	train	train	train	train	train	train
DB01012	C0009763	0	C11	train	test	train	train	train	train	train	train	train	train
DB01012	C0033581	0	C12	train	train	train	test	valid	train	train	train	train	train
DB01012	C0038356	0	C06	train	train	train	train	train	train	train	train	train	test
DB01012	C0271623	0	C19	train	train	test	test	train	train	train	train	train	train
DB01013	C0011633	0	C17	valid	train	valid	train	train	valid	train	train	train	test
DB01013	C0019151	0	C06	train	train	train	train	train	train	train	train	train	test
DB01013	C0149931	0	C10	train	train	train	train	train	train	test	train	test	valid
DB01013	C0751362	0	C10	train	train	train	train	train	train	test	train	test	valid
DB01013	C0949116	0	C15	train	train	train	valid	train	train	valid	train	train	train
DB01015	C0028326	0	C14	test	test	train	train	test	train	train	valid	train	train
DB01015	C0276226	0	C01	train	train	train	train	train	train	train	train	train	train
DB01016	C0001126	0	C12	train	train	train	test	valid	train	train	train	train	train
DB01016	C0005695	0	C12	train	train	train	test	valid	train	train	train	train	train
DB01016	C0009806	0	C23	valid	train	test	train	train	train	train	train	train	train
DB01017	C0018798	0	C14	test	test	train	train	test	train	train	valid	train	train
DB01017	C0020555	0	C17	valid	train	valid	train	train	valid	train	train	train	test
DB01017	C0020615	0	C18	train	train	train	train	train	test	train	test	valid	train
DB01017	C0026769	0	C10	train	train	train	train	train	train	test	train	test	valid
DB01018	C0007789	0	C10	train	train	train	train	train	train	test	train	test	valid
DB01018	C0007820	0	C10	train	train	train	train	train	train	test	train	test	valid
DB01018	C0041408	0	C12	train	train	train	test	valid	train	train	train	train	train
DB01019	C0024419	0	C15	train	train	train	valid	train	train	valid	train	train	train
DB01019	C0042133	0	C04	train	train	train	valid	train	train	valid	train	train	train
DB01019	C0553580	0	C04	train	train	train	valid	train	train	valid	train	train	train
DB01020	C0030578	0	C17	valid	train	valid	train	train	valid	train	train	train	test
DB01020	C2316212	0	C17	valid	train	valid	train	train	valid	train	train	train	test
DB01021	C1140680	0	C12	train	train	train	test	valid	train	train	train	train	train
DB01022	C0003872	0	C05	train	valid	valid	train	train	test	train	train	train	train
DB01022	C0008325	0	C06	train	train	train	train	train	train	train	train	train	test
DB01022	C0021364	0	C12	train	train	train	test	valid	train	train	train	train	train
DB01022	C0751674	0	C04	train	train	train	valid	train	train	valid	train	train	train
DB01022	C1961835	0	C18	train	train	train	train	train	test	train	test	valid	train
DB01023	C0009806	0	C23	valid	train	test	train	train	train	train	train	train	train
DB01023	C0024586	0	C04	train	train	train	valid	train	train	valid	train	train	train
DB01023	C0029456	0	C05	train	valid	valid	train	train	test	train	train	train	train
DB01025	C0013421	0	C10	train	train	train	train	train	train	test	train	test	valid
DB01025	C0017181	0	C06	train	train	train	train	train	train	train	train	train	test
DB01025	C0019618	0	C15	train	train	train	valid	train	train	valid	train	train	train
DB01025	C0032460	0	C12	train	train	train	test	valid	train	train	train	train	train
DB01025	C1861172	0	C14	test	test	train	train	test	train	train	valid	train	train
DB01026	C0014743	0	C17	valid	train	valid	train	train	valid	train	train	train	test
DB01029	C0036980	0	C23	valid	train	test	train	train	train	train	train	train	train
DB01030	C0022660	0	C12	train	train	train	test	valid	train	train	train	train	train
DB01030	C0025323	0	C12	train	train	train	test	valid	train	train	train	train	train
DB01030	C0033581	0	C12	train	train	train	test	valid	train	train	train	train	train
DB01030	C0037274	0	C17	valid	train	valid	train	train	valid	train	train	train	test
DB01031	C0029134	0	C10	train	train	train	train	train	train	test	train	test	valid
DB01031	C0042909	0	C11	train	test	train	train	train	train	train	train	train	train
DB01031	C0343755	0	C01	train	train	train	train	train	train	train	train	train	train
DB01032	C0014877	0	C10	train	train	train	train	train	train	test	train	test	valid
DB01032	C0015672	0	C23	valid	train	test	train	train	train	train	train	train	train
DB01032	C0017668	0	C12	train	train	train	test	valid	train	train	train	train	train
DB01032	C0026650	0	C10	train	train	train	train	train	train	test	train	test	valid
DB01033	C0002962	0	C14	test	test	train	train	test	train	train	valid	train	train
DB01033	C0007785	0	C10	train	train	train	train	train	train	test	train	test	valid
DB01033	C0020456	0	C18	train	train	train	train	train	test	train	test	valid	train
DB01033	C0029453	0	C05	train	valid	valid	train	train	test	train	train	train	train
DB01033	C0035854	0	C17	valid	train	valid	train	train	valid	train	train	train	test
DB01033	C0242973	0	C14	test	test	train	train	test	train	train	valid	train	train
DB01033	C0405580	0	C19	train	train	test	test	train	train	train	train	train	train
DB01033	C0920350	0	C19	train	train	test	test	train	train	train	train	train	train
DB01034	C0026896	0	C10	train	train	train	train	train	train	test	train	test	valid
DB01034	C2937421	0	C12	train	train	train	test	valid	train	train	train	train	train
DB01035	C0005694	0	C12	train	train	train	test	valid	train	train	train	train	train
DB01035	C0010691	0	C12	train	train	train	test	valid	train	train	train	train	train
DB01035	C0751122	0	C10	train	train	train	train	train	train	test	train	test	valid
DB01037	C0409959	0	C05	train	valid	valid	train	train	test	train	train	train	train
DB01039	C0023827	0	C04	train	train	train	valid	train	train	valid	train	train	train
DB01039	C0031485	0	C18	train	train	train	train	train	test	train	test	valid	train
DB01039	C0751865	0	C25	train	train	test	train	train	train	valid	valid	train	train
DB01041	C0041296	0	C01	train	train	train	train	train	train	train	train	train	train
DB01041	C0149931	0	C10	train	train	train	train	train	train	test	train	test	valid
DB01043	C0702166	0	C17	valid	train	valid	train	train	valid	train	train	train	test
DB01045	C0014743	0	C17	valid	train	valid	train	train	valid	train	train	train	test
DB01045	C0022665	0	C12	train	train	train	test	valid	train	train	train	train	train
DB01045	C0028949	0	C23	valid	train	test	train	train	train	train	train	train	train
DB01045	C0036341	0	F03	train	train	train	train	train	train	valid	train	valid	train
DB01045	C0040038	0	C14	test	test	train	train	test	train	train	valid	train	train
DB01045	C0302280	0	C12	train	train	train	test	valid	train	train	train	train	train
DB01045	C0343755	0	C01	train	train	train	train	train	train	train	train	train	train
DB01045	C0920350	0	C19	train	train	test	test	train	train	train	train	train	train
DB01046	C0029408	0	C05	train	valid	valid	train	train	test	train	train	train	train
DB01046	C0162566	0	C06	train	train	train	train	train	train	train	train	train	test
DB01046	C0238198	0	C06	train	train	train	train	train	train	train	train	train	test
DB01046	C0270736	0	C10	train	train	train	train	train	train	test	train	test	valid
DB01047	C0024141	0	C17	valid	train	valid	train	train	valid	train	train	train	test
DB01047	C0206682	0	C04	train	train	train	valid	train	train	valid	train	train	train
DB01049	C0019243	0	C20	train	train	test	train	valid	train	train	train	train	train
DB01049	C0029443	0	C01	train	train	train	train	train	train	train	train	train	train
DB01050	C0027686	0	C23	valid	train	test	train	train	train	train	train	train	train
DB01050	C0035078	0	C12	train	train	train	test	valid	train	train	train	train	train
DB01050	C0687720	0	C12	train	train	train	test	valid	train	train	train	train	train
DB01053	C0027627	0	C04	train	train	train	valid	train	train	valid	train	train	train
DB01053	C0027726	0	C12	train	train	train	test	valid	train	train	train	train	train
DB01053	C0702166	0	C17	valid	train	valid	train	train	valid	train	train	train	test
DB01056	C0005967	0	C04	train	train	train	valid	train	train	valid	train	train	train
DB01056	C4083212	0	C17	valid	train	valid	train	train	valid	train	train	train	test
DB01057	C0014742	0	C17	valid	train	valid	train	train	valid	train	train	train	test
DB01057	C0018418	0	C17	valid	train	valid	train	train	valid	train	train	train	test
DB01057	C0020217	0	C04	train	train	train	valid	train	train	valid	train	train	train
DB01059	C0013238	0	C11	train	test	train	train	train	train	train	train	train	train
DB01060	C0027697	0	C12	train	train	train	test	valid	train	train	train	train	train
DB01060	C0036508	0	C17	valid	train	valid	train	train	valid	train	train	train	test
DB01060	C0311277	0	C18	train	train	train	train	train	test	train	test	valid	train
DB01062	C0032027	0	C17	valid	train	valid	train	train	valid	train	train	train	test
DB01062	C0917805	0	C10	train	train	train	train	train	train	test	train	test	valid
DB01063	C0023472	0	C15	train	train	train	valid	train	train	valid	train	train	train
DB01063	C0027697	0	C12	train	train	train	test	valid	train	train	train	train	train
DB01063	C0039685	0	C14	test	test	train	train	test	train	train	valid	train	train
DB01064	C0001623	0	C19	train	train	test	test	train	train	train	train	train	train
DB01064	C0687720	0	C12	train	train	train	test	valid	train	train	train	train	train
DB01065	C0011334	0	C07	train	test	valid	train	train	train	train	train	train	train
DB01065	C0018995	0	C18	train	train	train	train	train	test	train	test	valid	train
DB01067	C0019156	0	C06	train	train	train	train	train	train	train	train	train	test
DB01067	C0043202	0	C14	test	test	train	train	test	train	train	valid	train	train
DB01067	C1561643	0	C12	train	train	train	test	valid	train	train	train	train	train
DB01067	C3463824	0	C15	train	train	train	valid	train	train	valid	train	train	train
DB01068	C0025323	0	C12	train	train	train	test	valid	train	train	train	train	train
DB01069	C0085580	0	C14	test	test	train	train	test	train	train	valid	train	train
DB01071	C0014869	0	C06	train	train	train	train	train	train	train	train	train	test
DB01071	C0042963	0	C23	valid	train	test	train	train	train	train	train	train	train
DB01071	C4048328	0	C12	train	train	train	test	valid	train	train	train	train	train
DB01073	C0005779	0	C15	train	train	train	valid	train	train	valid	train	train	train
DB01073	C0036202	0	C15	train	train	train	valid	train	train	valid	train	train	train
DB01075	C0035078	0	C12	train	train	train	test	valid	train	train	train	train	train
DB01075	C0037286	0	C04	train	train	train	valid	train	train	valid	train	train	train
DB01075	C0040046	0	C14	test	test	train	train	test	train	train	valid	train	train
DB01075	C0151526	0	C12	train	train	train	test	valid	train	train	train	train	train
DB01076	C0025289	0	C10	train	train	train	train	train	train	test	train	test	valid
DB01077	C0023481	0	C15	train	train	train	valid	train	train	valid	train	train	train
DB01077	C0025202	0	C04	train	train	train	valid	train	train	valid	train	train	train
DB01077	C0026769	0	C10	train	train	train	train	train	train	test	train	test	valid
DB01078	C0029442	0	C18	train	train	train	train	train	test	train	test	valid	train
DB01078	C0034951	0	C11	train	test	train	train	train	train	train	train	train	train
DB01078	C0302280	0	C12	train	train	train	test	valid	train	train	train	train	train
DB01079	C0917805	0	C10	train	train	train	train	train	train	test	train	test	valid
DB01081	C0034013	0	C19	train	train	test	test	train	train	train	train	train	train
DB01081	C1704417	0	C18	train	train	train	train	train	test	train	test	valid	train
DB01082	C0002965	0	C14	test	test	train	train	test	train	train	valid	train	train
DB01083	C0005699	0	C04	train	train	train	valid	train	train	valid	train	train	train
DB01083	C0007642	0	C01	train	train	train	train	train	train	train	train	train	train
DB01083	C0033581	0	C12	train	train	train	test	valid	train	train	train	train	train
DB01084	C0029456	0	C05	train	valid	valid	train	train	test	train	train	train	train
DB01084	C0033975	0	F03	train	train	train	train	train	train	valid	train	valid	train
DB01084	C0085682	0	C18	train	train	train	train	train	test	train	test	valid	train
DB01084	C0751753	0	C18	train	train	train	train	train	test	train	test	valid	train
DB01085	C0023437	0	C04	train	train	train	valid	train	train	valid	train	train	train
DB01085	C0751434	0	C18	train	train	train	train	train	test	train	test	valid	train
DB01086	C0023465	0	C04	train	train	train	valid	train	train	valid	train	train	train
DB01086	C0024586	0	C04	train	train	train	valid	train	train	valid	train	train	train
DB01086	C0037763	0	C10	train	train	train	train	train	train	test	train	test	valid
DB01086	C0149925	0	C08	train	train	train	train	train	train	train	test	train	train
DB01088	C0032987	0	C12	train	train	train	test	valid	train	train	train	train	train
DB01089	C0011615	0	C17	valid	train	valid	train	train	valid	train	train	train	test
DB01090	C0029396	0	C23	valid	train	test	train	train	train	train	train	train	train
DB01090	C0033375	0	C04	train	train	train	valid	train	train	valid	train	train	train
DB01090	C0040479	0	C14	test	test	train	train	test	train	train	valid	train	train
DB01090	C0920350	0	C19	train	train	test	test	train	train	train	train	train	train
DB01094	C0029401	0	C05	train	valid	valid	train	train	test	train	train	train	train
DB01094	C2973725	0	C08	train	train	train	train	train	train	train	test	train	train
DB01095	C0030305	0	C06	train	train	train	train	train	train	train	train	train	test
DB01095	C0038018	0	C05	train	valid	valid	train	train	test	train	train	train	train
DB01097	C0014170	0	C12	train	train	train	test	valid	train	train	train	train	train
DB01097	C0020452	0	C14	test	test	train	train	test	train	train	valid	train	train
DB01097	C0220994	0	C23	valid	train	test	train	train	train	train	train	train	train
DB01098	C0017612	0	C11	train	test	train	train	train	train	train	train	train	train
DB01098	C0025202	0	C04	train	train	train	valid	train	train	valid	train	train	train
DB01098	C0029463	0	C04	train	train	train	valid	train	train	valid	train	train	train
DB01099	C0001418	0	C04	train	train	train	valid	train	train	valid	train	train	train
DB01099	C0038454	0	C10	train	train	train	train	train	train	test	train	test	valid
DB01100	C0001122	0	C18	train	train	train	train	train	test	train	test	valid	train
DB01100	C0022638	0	C18	train	train	train	train	train	test	train	test	valid	train
DB01100	C1861172	0	C14	test	test	train	train	test	train	train	valid	train	train
DB01101	C0014335	0	C06	train	train	train	train	train	train	train	train	train	test
DB01101	C0017612	0	C11	train	test	train	train	train	train	train	train	train	train
DB01102	C0014544	0	C10	train	train	train	train	train	train	test	train	test	valid
DB01102	C0017601	0	C11	train	test	train	train	train	train	train	train	train	train
DB01102	C0079744	0	C04	train	train	train	valid	train	train	valid	train	train	train
DB01104	C0003492	0	C14	test	test	train	train	test	train	train	valid	train	train
DB01104	C0018273	0	C23	valid	train	test	train	train	train	train	train	train	train
DB01104	C0027819	0	C04	train	train	train	valid	train	train	valid	train	train	train
DB01104	C0302280	0	C12	train	train	train	test	valid	train	train	train	train	train
DB01105	C0020557	0	C18	train	train	train	train	train	test	train	test	valid	train
DB01105	C0040147	0	C19	train	train	test	test	train	train	train	train	train	train
DB01105	C0162820	0	C17	valid	train	valid	train	train	valid	train	train	train	test
DB01105	C0836924	0	C15	train	train	train	valid	train	train	valid	train	train	train
DB01106	C0032285	0	C08	train	train	train	train	train	train	train	test	train	train
DB01106	C0751865	0	C25	train	train	test	train	train	train	valid	valid	train	train
DB01107	C0034013	0	C19	train	train	test	test	train	train	train	train	train	train
DB01107	C0040261	0	C01	train	train	train	train	train	train	train	train	train	train
DB01107	C0242488	0	C08	train	train	train	train	train	train	train	test	train	train
DB01108	C0008677	0	C08	train	train	train	train	train	train	train	test	train	train
DB01108	C0011848	0	C12	train	train	train	test	valid	train	train	train	train	train
DB01108	C0016470	0	C20	train	train	test	train	valid	train	train	train	train	train
DB01108	C0022548	0	A10	train	test	train	train	train	train	train	test	train	train
DB01109	C0013238	0	C11	train	test	train	train	train	train	train	train	train	train
DB01109	C0014553	0	C10	train	train	train	train	train	train	test	train	test	valid
DB01109	C0021364	0	C12	train	train	train	test	valid	train	train	train	train	train
DB01110	C0016470	0	C20	train	train	test	train	valid	train	train	train	train	train
DB01110	C0020615	0	C18	train	train	train	train	train	test	train	test	valid	train
DB01113	C0023465	0	C04	train	train	train	valid	train	train	valid	train	train	train
DB01113	C0024117	0	C08	train	train	train	train	train	train	train	test	train	train
DB01114	C0014335	0	C06	train	train	train	train	train	train	train	train	train	test
DB01114	C0017168	0	C06	train	train	train	train	train	train	train	train	train	test
DB01114	C0028768	0	F03	train	train	train	train	train	train	valid	train	valid	train
DB01114	C0948089	0	C14	test	test	train	train	test	train	train	valid	train	train
DB01114	C1140680	0	C12	train	train	train	test	valid	train	train	train	train	train
DB01115	C0003862	0	C05	train	valid	valid	train	train	test	train	train	train	train
DB01115	C0008312	0	C06	train	train	train	train	train	train	train	train	train	test
DB01115	C0034013	0	C19	train	train	test	test	train	train	train	train	train	train
DB01115	C0035078	0	C12	train	train	train	test	valid	train	train	train	train	train
DB01115	C0745103	0	C18	train	train	train	train	train	test	train	test	valid	train
DB01115	C3495559	0	C05	train	valid	valid	train	train	test	train	train	train	train
DB01118	C0011849	0	C18	train	train	train	train	train	test	train	test	valid	train
DB01118	C0022548	0	A10	train	test	train	train	train	train	train	test	train	train
DB01118	C0085682	0	C18	train	train	train	train	train	test	train	test	valid	train
DB01118	C0877792	0	C10	train	train	train	train	train	train	test	train	test	valid
DB01119	C0011616	0	C17	valid	train	valid	train	train	valid	train	train	train	test
DB01119	C0029458	0	C05	train	valid	valid	train	train	test	train	train	train	train
DB01119	C0032987	0	C12	train	train	train	test	valid	train	train	train	train	train
DB01119	C0262584	0	C04	train	train	train	valid	train	train	valid	train	train	train
DB01120	C0004114	0	C04	train	train	train	valid	train	train	valid	train	train	train
DB01120	C0015967	0	C23	valid	train	test	train	train	train	train	train	train	train
DB01120	C0242488	0	C08	train	train	train	train	train	train	train	test	train	train
DB01121	C0041948	0	C12	train	train	train	test	valid	train	train	train	train	train
DB01122	C0751967	0	C10	train	train	train	train	train	train	test	train	test	valid
DB01124	C0021364	0	C12	train	train	train	test	valid	train	train	train	train	train
DB01125	C0006413	0	C01	train	train	train	train	train	train	train	train	train	train
DB01125	C0014859	0	C06	train	train	train	train	train	train	train	train	train	test
DB01125	C0151636	0	C14	test	test	train	train	test	train	train	valid	train	train
DB01125	C0398650	0	C15	train	train	train	valid	train	train	valid	train	train	train
DB01126	C0019618	0	C15	train	train	train	valid	train	train	valid	train	train	train
DB01126	C0021359	0	C12	train	train	train	test	valid	train	train	train	train	train
DB01126	C0524909	0	C01	train	train	train	train	train	train	train	train	train	train
DB01128	C0031046	0	C14	test	test	train	train	test	train	train	valid	train	train
DB01128	C0036920	0	C15	train	train	train	valid	train	train	valid	train	train	train
DB01128	C0042900	0	C17	valid	train	valid	train	train	valid	train	train	train	test
DB01129	C0018995	0	C18	train	train	train	train	train	test	train	test	valid	train
DB01129	C0085159	0	F03	train	train	train	train	train	train	valid	train	valid	train
DB01130	C0003467	0	F01	train	train	train	train	train	train	valid	train	train	train
DB01130	C0025202	0	C04	train	train	train	valid	train	train	valid	train	train	train
DB01130	C0032897	0	C16	train	test	train	valid	train	valid	train	test	train	train
DB01130	C0040997	0	C07	train	test	valid	train	train	train	train	train	train	train
DB01130	C0085413	0	C12	train	train	train	test	valid	train	train	train	train	train
DB01132	C0005741	0	C11	train	test	train	train	train	train	train	train	train	train
DB01132	C0037930	0	C10	train	train	train	train	train	train	test	train	test	valid
DB01133	C0003873	0	C05	train	valid	valid	train	train	test	train	train	train	train
DB01133	C0009763	0	C11	train	test	train	train	train	train	train	train	train	train
DB01133	C0035220	0	C08	train	train	train	train	train	train	train	test	train	train
DB01133	C0038379	0	C10	train	train	train	train	train	train	test	train	test	valid
DB01136	C0003467	0	F01	train	train	train	train	train	train	valid	train	train	train
DB01136	C0004114	0	C04	train	train	train	valid	train	train	valid	train	train	train
DB01136	C0023518	0	C15	train	train	train	valid	train	train	valid	train	train	train
DB01136	C0085580	0	C14	test	test	train	train	test	train	train	valid	train	train
DB01138	C0023518	0	C15	train	train	train	valid	train	train	valid	train	train	train
DB01138	C0026709	0	C16	train	test	train	valid	train	valid	train	test	train	train
DB01138	C0038325	0	C17	valid	train	valid	train	train	valid	train	train	train	test
DB01142	C0005779	0	C15	train	train	train	valid	train	train	valid	train	train	train
DB01142	C0085413	0	C12	train	train	train	test	valid	train	train	train	train	train
DB01143	C0003123	0	C23	valid	train	test	train	train	train	train	train	train	train
DB01143	C0220756	0	C18	train	train	train	train	train	test	train	test	valid	train
DB01143	C0524620	0	C18	train	train	train	train	train	test	train	test	valid	train
DB01143	C0878773	0	C12	train	train	train	test	valid	train	train	train	train	train
DB01143	C1561643	0	C12	train	train	train	test	valid	train	train	train	train	train
DB01143	C1704417	0	C18	train	train	train	train	train	test	train	test	valid	train
DB01144	C0020635	0	C10	train	train	train	train	train	train	test	train	test	valid
DB01144	C0702166	0	C17	valid	train	valid	train	train	valid	train	train	train	test
DB01146	C0010043	0	C11	train	test	train	train	train	train	train	train	train	train
DB01146	C0035412	0	C04	train	train	train	valid	train	train	valid	train	train	train
DB01146	C0042870	0	C18	train	train	train	train	train	test	train	test	valid	train
DB01148	C0042109	0	C17	valid	train	valid	train	train	valid	train	train	train	test
DB01149	C0008677	0	C08	train	train	train	train	train	train	train	test	train	train
DB01149	C0010481	0	C19	train	train	test	test	train	train	train	train	train	train
DB01151	C0030446	0	C06	train	train	train	train	train	train	train	train	train	test
DB01151	C0036830	0	C17	valid	train	valid	train	train	valid	train	train	train	test
DB01156	C0040053	0	C14	test	test	train	train	test	train	train	valid	train	train
DB01156	C0040479	0	C14	test	test	train	train	test	train	train	valid	train	train
DB01156	C0282488	0	C12	train	train	train	test	valid	train	train	train	train	train
DB01157	C0028768	0	F03	train	train	train	train	train	train	valid	train	valid	train
DB01158	C0027686	0	C23	valid	train	test	train	train	train	train	train	train	train
DB01162	C0003469	0	F03	train	train	train	train	train	train	valid	train	valid	train
DB01162	C0009375	0	C06	train	train	train	train	train	train	train	train	train	test
DB01162	C0014743	0	C17	valid	train	valid	train	train	valid	train	train	train	test
DB01162	C0042842	0	C18	train	train	train	train	train	test	train	test	valid	train
DB01162	C0042870	0	C18	train	train	train	train	train	test	train	test	valid	train
DB01164	C0003492	0	C14	test	test	train	train	test	train	train	valid	train	train
DB01164	C0034012	0	C19	train	train	test	test	train	train	train	train	train	train
DB01167	C0043202	0	C14	test	test	train	train	test	train	train	valid	train	train
DB01168	C0151526	0	C12	train	train	train	test	valid	train	train	train	train	train
DB01169	C0020546	0	C14	test	test	train	train	test	train	train	valid	train	train
DB01169	C0268390	0	C17	valid	train	valid	train	train	valid	train	train	train	test
DB01170	C0020523	0	C20	train	train	test	train	valid	train	train	train	train	train
DB01171	C0006142	0	C04	train	train	train	valid	train	train	valid	train	train	train
DB01171	C0027708	0	C12	train	train	train	test	valid	train	train	train	train	train
DB01173	C0033578	0	C12	train	train	train	test	valid	train	train	train	train	train
DB01173	C0036341	0	F03	train	train	train	train	train	train	valid	train	valid	train
DB01174	C0006142	0	C04	train	train	train	valid	train	train	valid	train	train	train
DB01174	C0024031	0	C23	valid	train	test	train	train	train	train	train	train	train
DB01174	C0029134	0	C10	train	train	train	train	train	train	test	train	test	valid
DB01175	C0002736	0	C10	train	train	train	train	train	train	test	train	test	valid
DB01175	C0018671	0	C04	train	train	train	valid	train	train	valid	train	train	train
DB01175	C0019087	0	C15	train	train	train	valid	train	train	valid	train	train	train
DB01175	C0020437	0	C18	train	train	train	train	train	test	train	test	valid	train
DB01176	C0029434	0	C05	train	valid	valid	train	train	test	train	train	train	train
DB01176	C0035457	0	C08	train	train	train	train	train	train	train	test	train	train
DB01177	C0020474	0	C18	train	train	train	train	train	test	train	test	valid	train
DB01177	C0030305	0	C06	train	train	train	train	train	train	train	train	train	test
DB01179	C0025637	0	C15	train	train	train	valid	train	train	valid	train	train	train
DB01179	C0031069	0	C16	train	test	train	valid	train	valid	train	test	train	train
DB01179	C1328407	0	C26	train	valid	train	train	train	train	train	test	train	train
DB01181	C0005779	0	C15	train	train	train	valid	train	train	valid	train	train	train
DB01181	C0151744	0	C14	test	test	train	train	test	train	train	valid	train	train
DB01182	C0001122	0	C18	train	train	train	train	train	test	train	test	valid	train
DB01182	C0007138	0	C04	train	train	train	valid	train	train	valid	train	train	train
DB01182	C0023472	0	C15	train	train	train	valid	train	train	valid	train	train	train
DB01182	C0155862	0	C01	train	train	train	train	train	train	train	train	train	train
DB01183	C0004114	0	C04	train	train	train	valid	train	train	valid	train	train	train
DB01183	C0004604	0	C23	valid	train	test	train	train	train	train	train	train	train
DB01183	C0030446	0	C06	train	train	train	train	train	train	train	train	train	test
DB01184	C0029927	0	C12	train	train	train	test	valid	train	train	train	train	train
DB01184	C0342543	0	C19	train	train	test	test	train	train	train	train	train	train
DB01185	C0038379	0	C10	train	train	train	train	train	train	test	train	test	valid
DB01185	C0040822	0	C10	train	train	train	train	train	train	test	train	test	valid
DB01186	C0010072	0	C14	test	test	train	train	test	train	train	valid	train	train
DB01186	C0022548	0	A10	train	test	train	train	train	train	train	test	train	train
DB01186	C0034065	0	C08	train	train	train	train	train	train	train	test	train	train
DB01186	C0036220	0	C04	train	train	train	valid	train	train	valid	train	train	train
DB01186	C0042164	0	C11	train	test	train	train	train	train	train	train	train	train
DB01188	C0271093	0	C11	train	test	train	train	train	train	train	train	train	train
DB01188	C0553580	0	C04	train	train	train	valid	train	train	valid	train	train	train
DB01191	C0019080	0	C23	valid	train	test	train	train	train	train	train	train	train
DB01192	C0003578	0	C08	train	train	train	train	train	train	train	test	train	train
DB01192	C0018834	0	C23	valid	train	test	train	train	train	train	train	train	train
DB01193	C0005779	0	C15	train	train	train	valid	train	train	valid	train	train	train
DB01193	C0020635	0	C10	train	train	train	train	train	train	test	train	test	valid
DB01193	C0022073	0	C11	train	test	train	train	train	train	train	train	train	train
DB01193	C0030567	0	C10	train	train	train	train	train	train	test	train	test	valid
DB01194	C0001627	0	C12	train	train	train	test	valid	train	train	train	train	train
DB01194	C0013415	0	F03	train	train	train	train	train	train	valid	train	valid	train
DB01195	C0007785	0	C10	train	train	train	train	train	train	test	train	test	valid
DB01195	C0282488	0	C12	train	train	train	test	valid	train	train	train	train	train
DB01196	C0004943	0	C17	valid	train	valid	train	train	valid	train	train	train	test
DB01196	C0014474	0	C04	train	train	train	valid	train	train	valid	train	train	train
DB01196	C0022104	0	C06	train	train	train	train	train	train	train	train	train	test
DB01196	C0032027	0	C17	valid	train	valid	train	train	valid	train	train	train	test
DB01196	C0236964	0	F03	train	train	train	train	train	train	valid	train	valid	train
DB01197	C0002390	0	C08	train	train	train	train	train	train	train	test	train	train
DB01197	C0022596	0	C17	valid	train	valid	train	train	valid	train	train	train	test
DB01197	C0023465	0	C04	train	train	train	valid	train	train	valid	train	train	train
DB01197	C0751434	0	C18	train	train	train	train	train	test	train	test	valid	train
DB01198	C0029458	0	C05	train	valid	valid	train	train	test	train	train	train	train
DB01199	C0029456	0	C05	train	valid	valid	train	train	test	train	train	train	train
DB01199	C0039590	0	C12	train	train	train	test	valid	train	train	train	train	train
DB01200	C0010346	0	C06	train	train	train	train	train	train	train	train	train	test
DB01200	C0018621	0	C08	train	train	train	train	train	train	train	test	train	train
DB01200	C0024031	0	C23	valid	train	test	train	train	train	train	train	train	train
DB01201	C0002170	0	C17	valid	train	valid	train	train	valid	train	train	train	test
DB01201	C0018681	0	C23	valid	train	test	train	train	train	train	train	train	train
DB01201	C0024141	0	C17	valid	train	valid	train	train	valid	train	train	train	test
DB01201	C0271568	0	C05	train	valid	valid	train	train	test	train	train	train	train
DB01201	C1527336	0	C05	train	valid	valid	train	train	test	train	train	train	train
DB01202	C0020476	0	C18	train	train	train	train	train	test	train	test	valid	train
DB01202	C0030920	0	C06	train	train	train	train	train	train	train	train	train	test
DB01202	C1704436	0	C14	test	test	train	train	test	train	train	valid	train	train
DB01203	C0018801	0	C14	test	test	train	train	test	train	train	valid	train	train
DB01203	C0018995	0	C18	train	train	train	train	train	test	train	test	valid	train
DB01203	C0022548	0	A10	train	test	train	train	train	train	train	test	train	train
DB01203	C0031485	0	C18	train	train	train	train	train	test	train	test	valid	train
DB01203	C0409818	0	C17	valid	train	valid	train	train	valid	train	train	train	test
DB01204	C0001403	0	C19	train	train	test	test	train	train	train	train	train	train
DB01204	C0025202	0	C04	train	train	train	valid	train	train	valid	train	train	train
DB01204	C0040015	0	C15	train	train	train	valid	train	train	valid	train	train	train
DB01204	C0238463	0	C04	train	train	train	valid	train	train	valid	train	train	train
DB01206	C0003962	0	C23	valid	train	test	train	train	train	train	train	train	train
DB01206	C0013386	0	C10	train	train	train	train	train	train	test	train	test	valid
DB01206	C0018418	0	C17	valid	train	valid	train	train	valid	train	train	train	test
DB01208	C0002874	0	C15	train	train	train	valid	train	train	valid	train	train	train
DB01208	C0004239	0	C14	test	test	train	train	test	train	train	valid	train	train
DB01208	C0007134	0	C12	train	train	train	test	valid	train	train	train	train	train
DB01209	C0010674	0	C16	train	test	train	valid	train	valid	train	test	train	train
DB01209	C0015944	0	C12	train	train	train	test	valid	train	train	train	train	train
DB01209	C0028326	0	C14	test	test	train	train	test	train	train	valid	train	train
DB01209	C0035412	0	C04	train	train	train	valid	train	train	valid	train	train	train
DB01209	C0751434	0	C18	train	train	train	train	train	test	train	test	valid	train
DB01209	C0751753	0	C18	train	train	train	train	train	test	train	test	valid	train
DB01210	C0002895	0	C15	train	train	train	valid	train	train	valid	train	train	train
DB01211	C0001623	0	C19	train	train	test	test	train	train	train	train	train	train
DB01211	C0020649	0	C14	test	test	train	train	test	train	train	valid	train	train
DB01211	C0022575	0	C11	train	test	train	train	train	train	train	train	train	train
DB01211	C0023440	0	C15	train	train	train	valid	train	train	valid	train	train	train
DB01211	C0035220	0	C08	train	train	train	train	train	train	train	test	train	train
DB01212	C0022548	0	A10	train	test	train	train	train	train	train	test	train	train
DB01212	C0042133	0	C04	train	train	train	valid	train	train	valid	train	train	train
DB01214	C0013182	0	C25	train	train	test	train	train	train	valid	valid	train	train
DB01214	C0027708	0	C12	train	train	train	test	valid	train	train	train	train	train
DB01214	C0031069	0	C16	train	test	train	valid	train	valid	train	test	train	train
DB01215	C0025149	0	C04	train	train	train	valid	train	train	valid	train	train	train
DB01215	C0026987	0	C15	train	train	train	valid	train	train	valid	train	train	train
DB01215	C0085417	0	C10	train	train	train	train	train	train	test	train	test	valid
DB01216	C0018802	0	C14	test	test	train	train	test	train	train	valid	train	train
DB01216	C0020544	0	C12	train	train	train	test	valid	train	train	train	train	train
DB01217	C0007194	0	C14	test	test	train	train	test	train	train	valid	train	train
DB01217	C0009763	0	C11	train	test	train	train	train	train	train	train	train	train
DB01217	C0018021	0	C19	train	train	test	test	train	train	train	train	train	train
DB01217	C0022575	0	C11	train	test	train	train	train	train	train	train	train	train
DB01217	C0024138	0	C17	valid	train	valid	train	train	valid	train	train	train	test
DB01217	C0036508	0	C17	valid	train	valid	train	train	valid	train	train	train	test
DB01219	C1384606	0	C12	train	train	train	test	valid	train	train	train	train	train
DB01220	C0002875	0	C15	train	train	train	valid	train	train	valid	train	train	train
DB01220	C0005138	0	C08	train	train	train	train	train	train	train	test	train	train
DB01220	C0271650	0	C18	train	train	train	train	train	test	train	test	valid	train
DB01222	C0001122	0	C18	train	train	train	train	train	test	train	test	valid	train
DB01222	C0021141	0	C10	train	train	train	train	train	train	test	train	test	valid
DB01222	C0023437	0	C04	train	train	train	valid	train	train	valid	train	train	train
DB01222	C0028734	0	C23	valid	train	test	train	train	train	train	train	train	train
DB01222	C0238463	0	C04	train	train	train	valid	train	train	valid	train	train	train
DB01223	C0005283	0	C15	train	train	train	valid	train	train	valid	train	train	train
DB01223	C0014583	0	C11	train	test	train	train	train	train	train	train	train	train
DB01223	C0018099	0	C05	train	valid	valid	train	train	test	train	train	train	train
DB01223	C0023480	0	C15	train	train	train	valid	train	train	valid	train	train	train
DB01223	C0035258	0	C10	train	train	train	train	train	train	test	train	test	valid
DB01223	C0178416	0	C15	train	train	train	valid	train	train	valid	train	train	train
DB01224	C0009319	0	C06	train	train	train	train	train	train	train	train	train	test
DB01224	C0014836	0	C01	train	train	train	train	train	train	train	train	train	train
DB01224	C0024591	0	C23	valid	train	test	train	train	train	train	train	train	train
DB01224	C0029134	0	C10	train	train	train	train	train	train	test	train	test	valid
DB01225	C0042373	0	C14	test	test	train	train	test	train	train	valid	train	train
DB01225	C4048328	0	C12	train	train	train	test	valid	train	train	train	train	train
DB01228	C0005283	0	C15	train	train	train	valid	train	train	valid	train	train	train
DB01228	C0032285	0	C08	train	train	train	train	train	train	train	test	train	train
DB01228	C0034063	0	C08	train	train	train	train	train	train	train	test	train	train
DB01229	C0026769	0	C10	train	train	train	train	train	train	test	train	test	valid
DB01229	C0027430	0	C08	train	train	train	train	train	train	train	test	train	train
DB01229	C0149931	0	C10	train	train	train	train	train	train	test	train	test	valid
DB01231	C0031046	0	C14	test	test	train	train	test	train	train	valid	train	train
DB01232	C0017181	0	C06	train	train	train	train	train	train	train	train	train	test
DB01234	C0001618	0	C19	train	train	test	test	train	train	train	train	train	train
DB01234	C0005695	0	C12	train	train	train	test	valid	train	train	train	train	train
DB01234	C0017160	0	C06	train	train	train	train	train	train	train	train	train	test
DB01234	C0231528	0	C05	train	valid	valid	train	train	test	train	train	train	train
DB01235	C0014836	0	C01	train	train	train	train	train	train	train	train	train	train
DB01235	C0021390	0	C06	train	train	train	train	train	train	train	train	train	test
DB01235	C0028840	0	C11	train	test	train	train	train	train	train	train	train	train
DB01235	C0039841	0	C18	train	train	train	train	train	test	train	test	valid	train
DB01237	C0026961	0	C11	train	test	train	train	train	train	train	train	train	train
DB01237	C0751362	0	C10	train	train	train	train	train	train	test	train	test	valid
DB01237	C1861172	0	C14	test	test	train	train	test	train	train	valid	train	train
DB01238	C0021361	0	C12	train	train	train	test	valid	train	train	train	train	train
DB01238	C0034734	0	C14	test	test	train	train	test	train	train	valid	train	train
DB01239	C0003123	0	C23	valid	train	test	train	train	train	train	train	train	train
DB01239	C0038018	0	C05	train	valid	valid	train	train	test	train	train	train	train
DB01239	C0349464	0	C10	train	train	train	train	train	train	test	train	test	valid
DB01240	C0003128	0	C12	train	train	train	test	valid	train	train	train	train	train
DB01240	C0014038	0	C10	train	train	train	train	train	train	test	train	test	valid
DB01240	C0014553	0	C10	train	train	train	train	train	train	test	train	test	valid
DB01240	C0085129	0	C08	train	train	train	train	train	train	train	test	train	train
DB01241	C0001403	0	C19	train	train	test	test	train	train	train	train	train	train
DB01241	C0005283	0	C15	train	train	train	valid	train	train	valid	train	train	train
DB01241	C0009324	0	C06	train	train	train	train	train	train	train	train	train	test
DB01241	C0022073	0	C11	train	test	train	train	train	train	train	train	train	train
DB01241	C0026948	0	C04	train	train	train	valid	train	train	valid	train	train	train
DB01241	C0178416	0	C15	train	train	train	valid	train	train	valid	train	train	train
DB01243	C0017563	0	C07	train	test	valid	train	train	train	train	train	train	train
DB01243	C0024301	0	C04	train	train	train	valid	train	train	valid	train	train	train
DB01243	C0034069	0	C08	train	train	train	train	train	train	train	test	train	train
DB01243	C0042035	0	C12	train	train	train	test	valid	train	train	train	train	train
DB01244	C0004775	0	C12	train	train	train	test	valid	train	train	train	train	train
DB01244	C0007642	0	C01	train	train	train	train	train	train	train	train	train	train
DB01244	C0010043	0	C11	train	test	train	train	train	train	train	train	train	train
DB01244	C0022573	0	C11	train	test	train	train	train	train	train	train	train	train
DB01244	C0949116	0	C15	train	train	train	valid	train	train	valid	train	train	train
DB01246	C0022951	0	C18	train	train	train	train	train	test	train	test	valid	train
DB01246	C0152020	0	C06	train	train	train	train	train	train	train	train	train	test
DB01246	C0155862	0	C01	train	train	train	train	train	train	train	train	train	train
DB01246	C0270851	0	C10	train	train	train	train	train	train	test	train	test	valid
DB01247	C0020503	0	C19	train	train	test	test	train	train	train	train	train	train
DB01247	C0025323	0	C12	train	train	train	test	valid	train	train	train	train	train
DB01247	C0042514	0	C14	test	test	train	train	test	train	train	valid	train	train
DB01248	C0004153	0	C14	test	test	train	train	test	train	train	valid	train	train
DB01248	C0021359	0	C12	train	train	train	test	valid	train	train	train	train	train
DB01248	C0027662	0	C04	train	train	train	valid	train	train	valid	train	train	train
DB01250	C0033578	0	C12	train	train	train	test	valid	train	train	train	train	train
DB01250	C0282193	0	C18	train	train	train	train	train	test	train	test	valid	train
DB01250	C3463824	0	C15	train	train	train	valid	train	train	valid	train	train	train
DB01251	C0010674	0	C16	train	test	train	valid	train	valid	train	test	train	train
DB01251	C0027708	0	C12	train	train	train	test	valid	train	train	train	train	train
DB01251	C0043459	0	C12	train	train	train	test	valid	train	train	train	train	train
DB01251	C0311375	0	C10	train	train	train	train	train	train	test	train	test	valid
DB01252	C0029191	0	C12	train	train	train	test	valid	train	train	train	train	train
DB01253	C0037286	0	C04	train	train	train	valid	train	train	valid	train	train	train
DB01254	C0002880	0	C15	train	train	train	valid	train	train	valid	train	train	train
DB01254	C0006114	0	C10	train	train	train	train	train	train	test	train	test	valid
DB01254	C0011633	0	C17	valid	train	valid	train	train	valid	train	train	train	test
DB01254	C0678222	0	C04	train	train	train	valid	train	train	valid	train	train	train
DB01255	C0035854	0	C17	valid	train	valid	train	train	valid	train	train	train	test
DB01255	C0162429	0	C18	train	train	train	train	train	test	train	test	valid	train
DB01257	C0079731	0	C04	train	train	train	valid	train	train	valid	train	train	train
DB01260	C0005967	0	C04	train	train	train	valid	train	train	valid	train	train	train
DB01260	C0040517	0	C10	train	train	train	train	train	train	test	train	test	valid
DB01260	C0700201	0	C10	train	train	train	train	train	train	test	train	test	valid
DB01261	C0001627	0	C12	train	train	train	test	valid	train	train	train	train	train
DB01261	C0020452	0	C14	test	test	train	train	test	train	train	valid	train	train
DB01261	C0206682	0	C04	train	train	train	valid	train	train	valid	train	train	train
DB01261	C0282488	0	C12	train	train	train	test	valid	train	train	train	train	train
DB01261	C2316212	0	C17	valid	train	valid	train	train	valid	train	train	train	test
DB01262	C0011848	0	C12	train	train	train	test	valid	train	train	train	train	train
DB01262	C0027686	0	C23	valid	train	test	train	train	train	train	train	train	train
DB01262	C0036421	0	C17	valid	train	valid	train	train	valid	train	train	train	test
DB01262	C0917801	0	C10	train	train	train	train	train	train	test	train	test	valid
DB01263	C0242350	0	C12	train	train	train	test	valid	train	train	train	train	train
DB01267	C0376358	0	C12	train	train	train	test	valid	train	train	train	train	train
DB01270	C0003469	0	F03	train	train	train	train	train	train	valid	train	valid	train
DB01270	C0005741	0	C11	train	test	train	train	train	train	train	train	train	train
DB01271	C0001623	0	C19	train	train	test	test	train	train	train	train	train	train
DB01271	C0003467	0	F01	train	train	train	train	train	train	valid	train	train	train
DB01271	C0009319	0	C06	train	train	train	train	train	train	train	train	train	test
DB01271	C0039685	0	C14	test	test	train	train	test	train	train	valid	train	train
DB01271	C0042510	0	C14	test	test	train	train	test	train	train	valid	train	train
DB01274	C0007138	0	C04	train	train	train	valid	train	train	valid	train	train	train
DB01274	C0035412	0	C04	train	train	train	valid	train	train	valid	train	train	train
DB01275	C0038454	0	C10	train	train	train	train	train	train	test	train	test	valid
DB01276	C0010674	0	C16	train	test	train	valid	train	valid	train	test	train	train
DB01277	C0020502	0	C19	train	train	test	test	train	train	train	train	train	train
DB01278	C0022354	0	C23	valid	train	test	train	train	train	train	train	train	train
DB01278	C0040147	0	C19	train	train	test	test	train	train	train	train	train	train
DB01280	C0018273	0	C23	valid	train	test	train	train	train	train	train	train	train
DB01280	C0278996	0	C04	train	train	train	valid	train	train	valid	train	train	train
DB01280	C0451641	0	C12	train	train	train	test	valid	train	train	train	train	train
DB01281	C0000786	0	C12	train	train	train	test	valid	train	train	train	train	train
DB01281	C0038358	0	C06	train	train	train	train	train	train	train	train	train	test
DB01281	C1961099	0	C15	train	train	train	valid	train	train	valid	train	train	train
DB01282	C0018801	0	C14	test	test	train	train	test	train	train	valid	train	train
DB01282	C0029442	0	C18	train	train	train	train	train	test	train	test	valid	train
DB01282	C0031485	0	C18	train	train	train	train	train	test	train	test	valid	train
DB01282	C0206682	0	C04	train	train	train	valid	train	train	valid	train	train	train
DB01282	C0687720	0	C12	train	train	train	test	valid	train	train	train	train	train
DB01283	C0001623	0	C19	train	train	test	test	train	train	train	train	train	train
DB01283	C0013405	0	C08	train	train	train	train	train	train	train	test	train	train
DB01283	C0038018	0	C05	train	valid	valid	train	train	test	train	train	train	train
DB01284	C0001883	0	C08	train	train	train	train	train	train	train	test	train	train
DB01284	C0008311	0	C06	train	train	train	train	train	train	train	train	train	test
DB01284	C0011633	0	C17	valid	train	valid	train	train	valid	train	train	train	test
DB01285	C0005283	0	C15	train	train	train	valid	train	train	valid	train	train	train
DB01285	C0023480	0	C15	train	train	train	valid	train	train	valid	train	train	train
DB01285	C0030578	0	C17	valid	train	valid	train	train	valid	train	train	train	test
DB01285	C0035335	0	C04	train	train	train	valid	train	train	valid	train	train	train
DB01285	C0037299	0	C17	valid	train	valid	train	train	valid	train	train	train	test
DB01285	C0836924	0	C15	train	train	train	valid	train	train	valid	train	train	train
DB01288	C0022116	0	C23	valid	train	test	train	train	train	train	train	train	train
DB01291	C0020476	0	C18	train	train	train	train	train	test	train	test	valid	train
DB01291	C0020540	0	C14	test	test	train	train	test	train	train	valid	train	train
DB01291	C0038220	0	C10	train	train	train	train	train	train	test	train	test	valid
DB01291	C0042345	0	C14	test	test	train	train	test	train	train	valid	train	train
DB01295	C0031046	0	C14	test	test	train	train	test	train	train	valid	train	train
DB01296	C0020557	0	C18	train	train	train	train	train	test	train	test	valid	train
DB01296	C0037199	0	C08	train	train	train	train	train	train	train	test	train	train
DB01296	C0038379	0	C10	train	train	train	train	train	train	test	train	test	valid
DB01296	C0398623	0	C15	train	train	train	valid	train	train	valid	train	train	train
DB01297	C0006271	0	C08	train	train	train	train	train	train	train	test	train	train
DB01297	C0023212	0	C14	test	test	train	train	test	train	train	valid	train	train
DB01297	C0038018	0	C05	train	valid	valid	train	train	test	train	train	train	train
DB01303	C0018681	0	C23	valid	train	test	train	train	train	train	train	train	train
DB01303	C0022660	0	C12	train	train	train	test	valid	train	train	train	train	train
DB01303	C0026896	0	C10	train	train	train	train	train	train	test	train	test	valid
DB01303	C0037299	0	C17	valid	train	valid	train	train	valid	train	train	train	test
DB01306	C0004245	0	C14	test	test	train	train	test	train	train	valid	train	train
DB01306	C0024473	0	C18	train	train	train	train	train	test	train	test	valid	train
DB01306	C0029463	0	C04	train	train	train	valid	train	train	valid	train	train	train
DB01307	C0004352	0	F03	train	train	train	train	train	train	valid	train	valid	train
DB01307	C0005424	0	C06	train	train	train	train	train	train	train	train	train	test
DB01307	C0020433	0	C23	valid	train	test	train	train	train	train	train	train	train
DB01307	C0022951	0	C18	train	train	train	train	train	test	train	test	valid	train
DB01307	C0038362	0	C07	train	test	valid	train	train	train	train	train	train	train
DB01307	C0917801	0	C10	train	train	train	train	train	train	test	train	test	valid
DB01309	C0036690	0	C01	train	train	train	train	train	train	train	train	train	train
DB01309	C0040015	0	C15	train	train	train	valid	train	train	valid	train	train	train
DB01320	C0010308	0	C05	train	valid	valid	train	train	test	train	train	train	train
DB01320	C0023448	0	C15	train	train	train	valid	train	train	valid	train	train	train
DB01320	C0242698	0	C14	test	test	train	train	test	train	train	valid	train	train
DB01320	C0398650	0	C15	train	train	train	valid	train	train	valid	train	train	train
DB01324	C0010068	0	C14	test	test	train	train	test	train	train	valid	train	train
DB01324	C0030305	0	C06	train	train	train	train	train	train	train	train	train	test
DB01324	C0451641	0	C12	train	train	train	test	valid	train	train	train	train	train
DB01324	C0456909	0	C10	train	train	train	train	train	train	test	train	test	valid
DB01325	C0020428	0	C19	train	train	test	test	train	train	train	train	train	train
DB01325	C0042109	0	C17	valid	train	valid	train	train	valid	train	train	train	test
DB01325	C0042510	0	C14	test	test	train	train	test	train	train	valid	train	train
DB01327	C0026705	0	C16	train	test	train	valid	train	valid	train	test	train	train
DB01327	C0029434	0	C05	train	valid	valid	train	train	test	train	train	train	train
DB01333	C0003862	0	C05	train	valid	valid	train	train	test	train	train	train	train
DB01333	C0023467	0	C04	train	train	train	valid	train	train	valid	train	train	train
DB01333	C0149925	0	C08	train	train	train	train	train	train	train	test	train	train
DB01333	C0473527	0	C18	train	train	train	train	train	test	train	test	valid	train
DB01340	C0015967	0	C23	valid	train	test	train	train	train	train	train	train	train
DB01340	C0023470	0	C04	train	train	train	valid	train	train	valid	train	train	train
DB01348	C0010692	0	C12	train	train	train	test	valid	train	train	train	train	train
DB01348	C0020502	0	C19	train	train	test	test	train	train	train	train	train	train
DB01349	C0000809	0	C12	train	train	train	test	valid	train	train	train	train	train
DB01349	C0002453	0	C23	valid	train	test	train	train	train	train	train	train	train
DB01349	C0011581	0	F03	train	train	train	train	train	train	valid	train	valid	train
DB01349	C0017636	0	C04	train	train	train	valid	train	train	valid	train	train	train
DB01349	C0023449	0	C15	train	train	train	valid	train	train	valid	train	train	train
DB01349	C0024790	0	C15	train	train	train	valid	train	train	valid	train	train	train
DB01349	C0085215	0	C12	train	train	train	test	valid	train	train	train	train	train
DB01351	C0018273	0	C23	valid	train	test	train	train	train	train	train	train	train
DB01351	C0023892	0	C06	train	train	train	train	train	train	train	train	train	test
DB01351	C0270736	0	C10	train	train	train	train	train	train	test	train	test	valid
DB01351	C1861172	0	C14	test	test	train	train	test	train	train	valid	train	train
DB01356	C0033806	0	C18	train	train	train	train	train	test	train	test	valid	train
DB01356	C0473527	0	C18	train	train	train	train	train	test	train	test	valid	train
DB01356	C2930898	0	C11	train	test	train	train	train	train	train	train	train	train
DB01357	C0015967	0	C23	valid	train	test	train	train	train	train	train	train	train
DB01357	C0020473	0	C18	train	train	train	train	train	test	train	test	valid	train
DB01357	C0042109	0	C17	valid	train	valid	train	train	valid	train	train	train	test
DB01357	C0042880	0	C15	train	train	train	valid	train	train	valid	train	train	train
DB01357	C1961099	0	C15	train	train	train	valid	train	train	valid	train	train	train
DB01359	C0004364	0	C20	train	train	test	train	valid	train	train	train	train	train
DB01359	C0006105	0	C01	train	train	train	train	train	train	train	train	train	train
DB01359	C0031154	0	C01	train	train	train	train	train	train	train	train	train	train
DB01359	C0162627	0	C01	train	train	train	train	train	train	train	train	train	train
DB01365	C0007786	0	C10	train	train	train	train	train	train	test	train	test	valid
DB01365	C0020474	0	C18	train	train	train	train	train	test	train	test	valid	train
DB01365	C0023440	0	C15	train	train	train	valid	train	train	valid	train	train	train
DB01365	C0023869	0	C23	valid	train	test	train	train	train	train	train	train	train
DB01365	C0040028	0	C15	train	train	train	valid	train	train	valid	train	train	train
DB01365	C1704417	0	C18	train	train	train	train	train	test	train	test	valid	train
DB01366	C0014733	0	C01	train	train	train	train	train	train	train	train	train	train
DB01366	C0024121	0	C08	train	train	train	train	train	train	train	test	train	train
DB01366	C0497327	0	C10	train	train	train	train	train	train	test	train	test	valid
DB01367	C0019829	0	C04	train	train	train	valid	train	train	valid	train	train	train
DB01367	C0149931	0	C10	train	train	train	train	train	train	test	train	test	valid
DB01378	C0023890	0	C06	train	train	train	train	train	train	train	train	train	test
DB01380	C0003467	0	F01	train	train	train	train	train	train	valid	train	train	train
DB01380	C0005424	0	C06	train	train	train	train	train	train	train	train	train	test
DB01380	C0020481	0	C18	train	train	train	train	train	test	train	test	valid	train
DB01380	C0024523	0	C06	train	train	train	train	train	train	train	train	train	test
DB01380	C0030920	0	C06	train	train	train	train	train	train	train	train	train	test
DB01382	C0032019	0	C10	train	train	train	train	train	train	test	train	test	valid
DB01382	C0428977	0	C14	test	test	train	train	test	train	train	valid	train	train
DB01392	C0030193	0	C23	valid	train	test	train	train	train	train	train	train	train
DB01392	C0036920	0	C15	train	train	train	valid	train	train	valid	train	train	train
DB01392	C0278996	0	C04	train	train	train	valid	train	train	valid	train	train	train
DB01392	C0740394	0	C23	valid	train	test	train	train	train	train	train	train	train
DB01394	C0002871	0	C15	train	train	train	valid	train	train	valid	train	train	train
DB01394	C0025202	0	C04	train	train	train	valid	train	train	valid	train	train	train
DB01395	C0007095	0	C04	train	train	train	valid	train	train	valid	train	train	train
DB01395	C0042384	0	C14	test	test	train	train	test	train	train	valid	train	train
DB01395	C2973725	0	C08	train	train	train	train	train	train	train	test	train	train
DB01396	C0013720	0	C17	valid	train	valid	train	train	valid	train	train	train	test
DB01396	C0018099	0	C05	train	valid	valid	train	train	test	train	train	train	train
DB01396	C0027819	0	C04	train	train	train	valid	train	train	valid	train	train	train
DB01397	C0009404	0	C06	train	train	train	train	train	train	train	train	train	test
DB01397	C0021359	0	C12	train	train	train	test	valid	train	train	train	train	train
DB01397	C0553580	0	C04	train	train	train	valid	train	train	valid	train	train	train
DB01399	C0014859	0	C06	train	train	train	train	train	train	train	train	train	test
DB01399	C0037769	0	C10	train	train	train	train	train	train	test	train	test	valid
DB01399	C0149931	0	C10	train	train	train	train	train	train	test	train	test	valid
DB01399	C1328407	0	C26	train	valid	train	train	train	train	train	test	train	train
DB01400	C0030319	0	F03	train	train	train	train	train	train	valid	train	valid	train
DB01401	C0042109	0	C17	valid	train	valid	train	train	valid	train	train	train	test
DB01403	C0004153	0	C14	test	test	train	train	test	train	train	valid	train	train
DB01403	C0038013	0	C05	train	valid	valid	train	train	test	train	train	train	train
DB01404	C0011881	0	C12	train	train	train	test	valid	train	train	train	train	train
DB01404	C0023487	0	C04	train	train	train	valid	train	train	valid	train	train	train
DB01404	C0700201	0	C10	train	train	train	train	train	train	test	train	test	valid
DB01404	C0920350	0	C19	train	train	test	test	train	train	train	train	train	train
DB01406	C0003862	0	C05	train	valid	valid	train	train	test	train	train	train	train
DB01406	C0022575	0	C11	train	test	train	train	train	train	train	train	train	train
DB01406	C0037769	0	C10	train	train	train	train	train	train	test	train	test	valid
DB01406	C2937421	0	C12	train	train	train	test	valid	train	train	train	train	train
DB01407	C0023448	0	C15	train	train	train	valid	train	train	valid	train	train	train
DB01407	C0027404	0	C10	train	train	train	train	train	train	test	train	test	valid
DB01408	C0014170	0	C12	train	train	train	test	valid	train	train	train	train	train
DB01408	C0022593	0	C17	valid	train	valid	train	train	valid	train	train	train	test
DB01408	C0027708	0	C12	train	train	train	test	valid	train	train	train	train	train
DB01409	C0040046	0	C14	test	test	train	train	test	train	train	valid	train	train
DB01410	C1527249	0	C06	train	train	train	train	train	train	train	train	train	test
DB01411	C0017563	0	C07	train	test	valid	train	train	train	train	train	train	train
DB01411	C0026691	0	C14	test	test	train	train	test	train	train	valid	train	train
DB01412	C0014175	0	C12	train	train	train	test	valid	train	train	train	train	train
DB01412	C0017205	0	C18	train	train	train	train	train	test	train	test	valid	train
DB01412	C0022661	0	C12	train	train	train	test	valid	train	train	train	train	train
DB01412	C0042510	0	C14	test	test	train	train	test	train	train	valid	train	train
DB01418	C0018418	0	C17	valid	train	valid	train	train	valid	train	train	train	test
DB01418	C0042963	0	C23	valid	train	test	train	train	train	train	train	train	train
DB01420	C0000786	0	C12	train	train	train	test	valid	train	train	train	train	train
DB01420	C0006625	0	C23	valid	train	test	train	train	train	train	train	train	train
DB01426	C0014877	0	C10	train	train	train	train	train	train	test	train	test	valid
DB01426	C0311277	0	C18	train	train	train	train	train	test	train	test	valid	train
DB01427	C0236964	0	F03	train	train	train	train	train	train	valid	train	valid	train
DB01427	C0268490	0	C18	train	train	train	train	train	test	train	test	valid	train
DB01429	C0002895	0	C15	train	train	train	valid	train	train	valid	train	train	train
DB01430	C0008312	0	C06	train	train	train	train	train	train	train	train	train	test
DB01430	C0030446	0	C06	train	train	train	train	train	train	train	train	train	test
DB01430	C0031046	0	C14	test	test	train	train	test	train	train	valid	train	train
DB01430	C0242488	0	C08	train	train	train	train	train	train	train	test	train	train
DB01431	C0007786	0	C10	train	train	train	train	train	train	test	train	test	valid
DB01431	C0009324	0	C06	train	train	train	train	train	train	train	train	train	test
DB01435	C0006413	0	C01	train	train	train	train	train	train	train	train	train	train
DB01435	C0020476	0	C18	train	train	train	train	train	test	train	test	valid	train
DB01435	C0035078	0	C12	train	train	train	test	valid	train	train	train	train	train
DB01435	C0238111	0	C10	train	train	train	train	train	train	test	train	test	valid
DB01436	C0005967	0	C04	train	train	train	valid	train	train	valid	train	train	train
DB01436	C0877792	0	C10	train	train	train	train	train	train	test	train	test	valid
DB01437	C0007193	0	C14	test	test	train	train	test	train	train	valid	train	train
DB01437	C0015230	0	C17	valid	train	valid	train	train	valid	train	train	train	test
DB01437	C0020503	0	C19	train	train	test	test	train	train	train	train	train	train
DB01437	C0026961	0	C11	train	test	train	train	train	train	train	train	train	train
DB01437	C0033975	0	F03	train	train	train	train	train	train	valid	train	valid	train
DB01438	C0018834	0	C23	valid	train	test	train	train	train	train	train	train	train
DB01438	C0026896	0	C10	train	train	train	train	train	train	test	train	test	valid
DB01438	C0027697	0	C12	train	train	train	test	valid	train	train	train	train	train
DB01438	C0028326	0	C14	test	test	train	train	test	train	train	valid	train	train
DB01438	C0032897	0	C16	train	test	train	valid	train	valid	train	test	train	train
DB01438	C0041341	0	C04	train	train	train	valid	train	train	valid	train	train	train
DB01438	C0271623	0	C19	train	train	test	test	train	train	train	train	train	train
DB01440	C0014175	0	C12	train	train	train	test	valid	train	train	train	train	train
DB01440	C0036421	0	C17	valid	train	valid	train	train	valid	train	train	train	test
DB01440	C0042035	0	C12	train	train	train	test	valid	train	train	train	train	train
DB01483	C0010308	0	C05	train	valid	valid	train	train	test	train	train	train	train
DB01483	C0042138	0	C12	train	train	train	test	valid	train	train	train	train	train
DB01558	C0005587	0	F03	train	train	train	train	train	train	valid	train	valid	train
DB01558	C0018790	0	C14	test	test	train	train	test	train	train	valid	train	train
DB01558	C0032897	0	C16	train	test	train	valid	train	valid	train	test	train	train
DB01576	C0020502	0	C19	train	train	test	test	train	train	train	train	train	train
DB01576	C0035228	0	C08	train	train	train	train	train	train	train	test	train	train
DB01577	C0020445	0	C18	train	train	train	train	train	test	train	test	valid	train
DB01577	C0023472	0	C15	train	train	train	valid	train	train	valid	train	train	train
DB01577	C0042138	0	C12	train	train	train	test	valid	train	train	train	train	train
DB01579	C0029463	0	C04	train	train	train	valid	train	train	valid	train	train	train
DB01579	C0149745	0	C07	train	test	valid	train	train	train	train	train	train	train
DB01586	C0005967	0	C04	train	train	train	valid	train	train	valid	train	train	train
DB01586	C0035229	0	C08	train	train	train	train	train	train	train	test	train	train
DB01588	C0002880	0	C15	train	train	train	valid	train	train	valid	train	train	train
DB01588	C0002893	0	C15	train	train	train	valid	train	train	valid	train	train	train
DB01588	C0002965	0	C14	test	test	train	train	test	train	train	valid	train	train
DB01589	C0004604	0	C23	valid	train	test	train	train	train	train	train	train	train
DB01589	C0020626	0	C19	train	train	test	test	train	train	train	train	train	train
DB01591	C0017605	0	C11	train	test	train	train	train	train	train	train	train	train
DB01592	C0039240	0	C14	test	test	train	train	test	train	train	valid	train	train
DB01592	C0085083	0	C12	train	train	train	test	valid	train	train	train	train	train
DB01593	C0003850	0	C14	test	test	train	train	test	train	train	valid	train	train
DB01593	C0238463	0	C04	train	train	train	valid	train	train	valid	train	train	train
DB01595	C0001623	0	C19	train	train	test	test	train	train	train	train	train	train
DB01595	C0013415	0	F03	train	train	train	train	train	train	valid	train	valid	train
DB01595	C0149745	0	C07	train	test	valid	train	train	train	train	train	train	train
DB01595	C0235063	0	C08	train	train	train	train	train	train	train	test	train	train
DB01595	C1527249	0	C06	train	train	train	train	train	train	train	train	train	test
DB01597	C0004239	0	C14	test	test	train	train	test	train	train	valid	train	train
DB01597	C2930898	0	C11	train	test	train	train	train	train	train	train	train	train
DB01599	C0023890	0	C06	train	train	train	train	train	train	train	train	train	test
DB01599	C0149958	0	C10	train	train	train	train	train	train	test	train	test	valid
DB01600	C0036341	0	F03	train	train	train	train	train	train	valid	train	valid	train
DB01609	C0023869	0	C23	valid	train	test	train	train	train	train	train	train	train
DB01609	C0042571	0	C09	train	train	train	train	test	train	train	train	train	train
DB01611	C0021775	0	C14	test	test	train	train	test	train	train	valid	train	train
DB01611	C0029134	0	C10	train	train	train	train	train	train	test	train	test	valid
DB01611	C0040517	0	C10	train	train	train	train	train	train	test	train	test	valid
DB01611	C0043352	0	C07	train	test	valid	train	train	train	train	train	train	train
DB01615	C0011884	0	C11	train	test	train	train	train	train	train	train	train	train
DB01615	C0020461	0	C18	train	train	train	train	train	test	train	test	valid	train
DB01615	C0238111	0	C10	train	train	train	train	train	train	test	train	test	valid
DB01616	C0009319	0	C06	train	train	train	train	train	train	train	train	train	test
DB01616	C0009806	0	C23	valid	train	test	train	train	train	train	train	train	train
DB01616	C0011616	0	C17	valid	train	valid	train	train	valid	train	train	train	test
DB01616	C0023470	0	C04	train	train	train	valid	train	train	valid	train	train	train
DB01616	C0242350	0	C12	train	train	train	test	valid	train	train	train	train	train
DB01618	C0013720	0	C17	valid	train	valid	train	train	valid	train	train	train	test
DB01618	C0023448	0	C15	train	train	train	valid	train	train	valid	train	train	train
DB01618	C0342731	0	C16	train	test	train	valid	train	valid	train	test	train	train
DB01619	C0080274	0	C12	train	train	train	test	valid	train	train	train	train	train
DB01619	C1565489	0	C12	train	train	train	test	valid	train	train	train	train	train
DB01620	C0004153	0	C14	test	test	train	train	test	train	train	valid	train	train
DB01620	C0020461	0	C18	train	train	train	train	train	test	train	test	valid	train
DB01620	C0033578	0	C12	train	train	train	test	valid	train	train	train	train	train
DB01620	C0282528	0	C16	train	test	train	valid	train	valid	train	test	train	train
DB01620	C1704436	0	C14	test	test	train	train	test	train	train	valid	train	train
DB01621	C0005697	0	C12	train	train	train	test	valid	train	train	train	train	train
DB01621	C0010930	0	C11	train	test	train	train	train	train	train	train	train	train
DB01621	C0018790	0	C14	test	test	train	train	test	train	train	valid	train	train
DB01622	C0020676	0	C19	train	train	test	test	train	train	train	train	train	train
DB01622	C0022354	0	C23	valid	train	test	train	train	train	train	train	train	train
DB01622	C0042384	0	C14	test	test	train	train	test	train	train	valid	train	train
DB01623	C0004775	0	C12	train	train	train	test	valid	train	train	train	train	train
DB01623	C0013274	0	C14	test	test	train	train	test	train	train	valid	train	train
DB01623	C0013421	0	C10	train	train	train	train	train	train	test	train	test	valid
DB01624	C0008350	0	C06	train	train	train	train	train	train	train	train	train	test
DB01625	C0005586	0	F03	train	train	train	train	train	train	valid	train	valid	train
DB01625	C0013428	0	C23	valid	train	test	train	train	train	train	train	train	train
DB01625	C0085159	0	F03	train	train	train	train	train	train	valid	train	valid	train
DB01626	C0001430	0	C04	train	train	train	valid	train	train	valid	train	train	train
DB01628	C0000744	0	C18	train	train	train	train	train	test	train	test	valid	train
DB01628	C0017181	0	C06	train	train	train	train	train	train	train	train	train	test
DB01656	C0025323	0	C12	train	train	train	test	valid	train	train	train	train	train
DB01685	C0020649	0	C14	test	test	train	train	test	train	train	valid	train	train
DB01698	C0010043	0	C11	train	test	train	train	train	train	train	train	train	train
DB01698	C0023892	0	C06	train	train	train	train	train	train	train	train	train	test
DB01708	C0002170	0	C17	valid	train	valid	train	train	valid	train	train	train	test
DB01708	C0020481	0	C18	train	train	train	train	train	test	train	test	valid	train
DB01708	C0026948	0	C04	train	train	train	valid	train	train	valid	train	train	train
DB01744	C0040479	0	C14	test	test	train	train	test	train	train	valid	train	train
DB01839	C0010054	0	C14	test	test	train	train	test	train	train	valid	train	train
DB01839	C0011615	0	C17	valid	train	valid	train	train	valid	train	train	train	test
DB01839	C0042138	0	C12	train	train	train	test	valid	train	train	train	train	train
DB01956	C0001883	0	C08	train	train	train	train	train	train	train	test	train	train
DB01956	C0003811	0	C14	test	test	train	train	test	train	train	valid	train	train
DB01956	C0018203	0	C15	train	train	train	valid	train	train	valid	train	train	train
DB02300	C0033375	0	C04	train	train	train	valid	train	train	valid	train	train	train
DB02530	C0002965	0	C14	test	test	train	train	test	train	train	valid	train	train
DB02530	C0005587	0	F03	train	train	train	train	train	train	valid	train	valid	train
DB02530	C0020545	0	C12	train	train	train	test	valid	train	train	train	train	train
DB02546	C0014335	0	C06	train	train	train	train	train	train	train	train	train	test
DB02546	C0017181	0	C06	train	train	train	train	train	train	train	train	train	test
DB02546	C0022876	0	C12	train	train	train	test	valid	train	train	train	train	train
DB02546	C0026650	0	C10	train	train	train	train	train	train	test	train	test	valid
DB02546	C0162627	0	C01	train	train	train	train	train	train	train	train	train	train
DB02659	C0020502	0	C19	train	train	test	test	train	train	train	train	train	train
DB02709	C0010691	0	C12	train	train	train	test	valid	train	train	train	train	train
DB02709	C0019080	0	C23	valid	train	test	train	train	train	train	train	train	train
DB02709	C0026848	0	C05	train	valid	valid	train	train	test	train	train	train	train
DB02709	C0029463	0	C04	train	train	train	valid	train	train	valid	train	train	train
DB02709	C0031099	0	C07	train	test	valid	train	train	train	train	train	train	train
DB02709	C0042847	0	C18	train	train	train	train	train	test	train	test	valid	train
DB02772	C0023465	0	C04	train	train	train	valid	train	train	valid	train	train	train
DB02772	C0034734	0	C14	test	test	train	train	test	train	train	valid	train	train
DB02772	C0238052	0	C18	train	train	train	train	train	test	train	test	valid	train
DB02901	C0009324	0	C06	train	train	train	train	train	train	train	train	train	test
DB02901	C0021308	0	C23	valid	train	test	train	train	train	train	train	train	train
DB02925	C0020626	0	C19	train	train	test	test	train	train	train	train	train	train
DB02925	C0027661	0	C04	train	train	train	valid	train	train	valid	train	train	train
DB02925	C0271650	0	C18	train	train	train	train	train	test	train	test	valid	train
DB03017	C0011581	0	F03	train	train	train	train	train	train	valid	train	valid	train
DB03085	C0018801	0	C14	test	test	train	train	test	train	train	valid	train	train
DB03085	C0020507	0	C23	valid	train	test	train	train	train	train	train	train	train
DB03085	C0030569	0	C10	train	train	train	train	train	train	test	train	test	valid
DB03085	C0032897	0	C16	train	test	train	valid	train	valid	train	test	train	train
DB03128	C0011581	0	F03	train	train	train	train	train	train	valid	train	valid	train
DB03128	C0020523	0	C20	train	train	test	train	valid	train	train	train	train	train
DB03128	C0751362	0	C10	train	train	train	train	train	train	test	train	test	valid
DB03255	C0014170	0	C12	train	train	train	test	valid	train	train	train	train	train
DB03255	C0022568	0	C11	train	test	train	train	train	train	train	train	train	train
DB03255	C0268490	0	C18	train	train	train	train	train	test	train	test	valid	train
DB03619	C0011882	0	C10	train	train	train	train	train	train	test	train	test	valid
DB03754	C0002894	0	C15	train	train	train	valid	train	train	valid	train	train	train
DB03754	C0015230	0	C17	valid	train	valid	train	train	valid	train	train	train	test
DB03754	C0018802	0	C14	test	test	train	train	test	train	train	valid	train	train
DB03754	C0206693	0	C04	train	train	train	valid	train	train	valid	train	train	train
DB03793	C0033117	0	C12	train	train	train	test	valid	train	train	train	train	train
DB03793	C0034012	0	C19	train	train	test	test	train	train	train	train	train	train
DB03793	C0040015	0	C15	train	train	train	valid	train	train	valid	train	train	train
DB03852	C0039483	0	C14	test	test	train	train	test	train	train	valid	train	train
DB03904	C0040034	0	C15	train	train	train	valid	train	train	valid	train	train	train
DB04106	C0010691	0	C12	train	train	train	test	valid	train	train	train	train	train
DB04106	C0018924	0	C05	train	valid	valid	train	train	test	train	train	train	train
DB04106	C0024790	0	C15	train	train	train	valid	train	train	valid	train	train	train
DB04106	C0079744	0	C04	train	train	train	valid	train	train	valid	train	train	train
DB04115	C0036323	0	C01	train	train	train	train	train	train	train	train	train	train
DB04216	C0175683	0	C18	train	train	train	train	train	test	train	test	valid	train
DB04216	C0451641	0	C12	train	train	train	test	valid	train	train	train	train	train
DB04272	C0002965	0	C14	test	test	train	train	test	train	train	valid	train	train
DB04272	C0014743	0	C17	valid	train	valid	train	train	valid	train	train	train	test
DB04272	C0026650	0	C10	train	train	train	train	train	train	test	train	test	valid
DB04465	C0020433	0	C23	valid	train	test	train	train	train	train	train	train	train
DB04465	C0020626	0	C19	train	train	test	test	train	train	train	train	train	train
DB04465	C0023479	0	C04	train	train	train	valid	train	train	valid	train	train	train
DB04519	C0005424	0	C06	train	train	train	train	train	train	train	train	train	test
DB04519	C0006118	0	C10	train	train	train	train	train	train	test	train	test	valid
DB04519	C0027686	0	C23	valid	train	test	train	train	train	train	train	train	train
DB04519	C0262584	0	C04	train	train	train	valid	train	train	valid	train	train	train
DB04552	C0006114	0	C10	train	train	train	train	train	train	test	train	test	valid
DB04552	C0029434	0	C05	train	valid	valid	train	train	test	train	train	train	train
DB04552	C0037199	0	C08	train	train	train	train	train	train	train	test	train	train
DB04552	C0040034	0	C15	train	train	train	valid	train	train	valid	train	train	train
DB04552	C2930898	0	C11	train	test	train	train	train	train	train	train	train	train
DB04572	C0003811	0	C14	test	test	train	train	test	train	train	valid	train	train
DB04572	C0013182	0	C25	train	train	test	train	train	train	valid	valid	train	train
DB04572	C0015456	0	C17	valid	train	valid	train	train	valid	train	train	train	test
DB04575	C0002726	0	C18	train	train	train	train	train	test	train	test	valid	train
DB04575	C0003469	0	F03	train	train	train	train	train	train	valid	train	valid	train
DB04575	C0024523	0	C06	train	train	train	train	train	train	train	train	train	test
DB04575	C0042029	0	C12	train	train	train	test	valid	train	train	train	train	train
DB04575	C0085413	0	C12	train	train	train	test	valid	train	train	train	train	train
DB04665	C0013595	0	C17	valid	train	valid	train	train	valid	train	train	train	test
DB04665	C0027404	0	C10	train	train	train	train	train	train	test	train	test	valid
DB04743	C0020445	0	C18	train	train	train	train	train	test	train	test	valid	train
DB04743	C0032019	0	C10	train	train	train	train	train	train	test	train	test	valid
DB04743	C1260899	0	C15	train	train	train	valid	train	train	valid	train	train	train
DB04837	C0012739	0	C15	train	train	train	valid	train	train	valid	train	train	train
DB04838	C0013428	0	C23	valid	train	test	train	train	train	train	train	train	train
DB04838	C0014038	0	C10	train	train	train	train	train	train	test	train	test	valid
DB04838	C0025149	0	C04	train	train	train	valid	train	train	valid	train	train	train
DB04838	C2936781	0	C10	train	train	train	train	train	train	test	train	test	valid
DB04840	C0002888	0	C15	train	train	train	valid	train	train	valid	train	train	train
DB04840	C0020459	0	C18	train	train	train	train	train	test	train	test	valid	train
DB04840	C0553580	0	C04	train	train	train	valid	train	train	valid	train	train	train
DB04841	C0013390	0	C23	valid	train	test	train	train	train	train	train	train	train
DB04841	C2937421	0	C12	train	train	train	test	valid	train	train	train	train	train
DB04843	C0009952	0	C10	train	train	train	train	train	train	test	train	test	valid
DB04843	C0020474	0	C18	train	train	train	train	train	test	train	test	valid	train
DB04843	C0025149	0	C04	train	train	train	valid	train	train	valid	train	train	train
DB04843	C0027697	0	C12	train	train	train	test	valid	train	train	train	train	train
DB04843	C0035412	0	C04	train	train	train	valid	train	train	valid	train	train	train
DB04843	C2973725	0	C08	train	train	train	train	train	train	train	test	train	train
DB04843	C3544321	0	F03	train	train	train	train	train	train	valid	train	valid	train
DB04844	C0268483	0	C18	train	train	train	train	train	test	train	test	valid	train
DB04845	C0002880	0	C15	train	train	train	valid	train	train	valid	train	train	train
DB04846	C0003862	0	C05	train	valid	valid	train	train	test	train	train	train	train
DB04846	C0005587	0	F03	train	train	train	train	train	train	valid	train	valid	train
DB04846	C0009952	0	C10	train	train	train	train	train	train	test	train	test	valid
DB04846	C0018213	0	C19	train	train	test	test	train	train	train	train	train	train
DB04846	C0023440	0	C15	train	train	train	valid	train	train	valid	train	train	train
DB04854	C0004096	0	C08	train	train	train	train	train	train	train	test	train	train
DB04854	C0020445	0	C18	train	train	train	train	train	test	train	test	valid	train
DB04854	C0020538	0	C14	test	test	train	train	test	train	train	valid	train	train
DB04854	C0022104	0	C06	train	train	train	train	train	train	train	train	train	test
DB04854	C0037199	0	C08	train	train	train	train	train	train	train	test	train	train
DB04854	C0476089	0	C12	train	train	train	test	valid	train	train	train	train	train
DB04855	C0007789	0	C10	train	train	train	train	train	train	test	train	test	valid
DB04855	C0012833	0	C23	valid	train	test	train	train	train	train	train	train	train
DB04855	C0042847	0	C18	train	train	train	train	train	test	train	test	valid	train
DB04861	C0014742	0	C17	valid	train	valid	train	train	valid	train	train	train	test
DB04861	C0023212	0	C14	test	test	train	train	test	train	train	valid	train	train
DB04865	C0021655	0	C18	train	train	train	train	train	test	train	test	valid	train
DB04865	C0021775	0	C14	test	test	train	train	test	train	train	valid	train	train
DB04865	C0028734	0	C23	valid	train	test	train	train	train	train	train	train	train
DB04865	C0031485	0	C18	train	train	train	train	train	test	train	test	valid	train
DB04865	C0038362	0	C07	train	test	valid	train	train	train	train	train	train	train
DB04865	C0042373	0	C14	test	test	train	train	test	train	train	valid	train	train
DB04865	C0042487	0	C14	test	test	train	train	test	train	train	valid	train	train
DB04866	C0002171	0	C17	valid	train	valid	train	train	valid	train	train	train	test
DB04866	C0013386	0	C10	train	train	train	train	train	train	test	train	test	valid
DB04866	C0014743	0	C17	valid	train	valid	train	train	valid	train	train	train	test
DB04866	C0026691	0	C14	test	test	train	train	test	train	train	valid	train	train
DB04866	C0034069	0	C08	train	train	train	train	train	train	train	test	train	train
DB04868	C0003578	0	C08	train	train	train	train	train	train	train	test	train	train
DB04868	C0004364	0	C20	train	train	test	train	valid	train	train	train	train	train
DB04868	C0015672	0	C23	valid	train	test	train	train	train	train	train	train	train
DB04868	C0021141	0	C10	train	train	train	train	train	train	test	train	test	valid
DB04868	C0028840	0	C11	train	test	train	train	train	train	train	train	train	train
DB04868	C3495559	0	C05	train	valid	valid	train	train	test	train	train	train	train
DB04871	C0026961	0	C11	train	test	train	train	train	train	train	train	train	train
DB04876	C0042510	0	C14	test	test	train	train	test	train	train	valid	train	train
DB04878	C0004943	0	C17	valid	train	valid	train	train	valid	train	train	train	test
DB04878	C0018802	0	C14	test	test	train	train	test	train	train	valid	train	train
DB04880	C0020476	0	C18	train	train	train	train	train	test	train	test	valid	train
DB04880	C0036830	0	C17	valid	train	valid	train	train	valid	train	train	train	test
DB04880	C0917805	0	C10	train	train	train	train	train	train	test	train	test	valid
DB04890	C0020550	0	C19	train	train	test	test	train	train	train	train	train	train
DB04890	C0022951	0	C18	train	train	train	train	train	test	train	test	valid	train
DB04890	C0037286	0	C04	train	train	train	valid	train	train	valid	train	train	train
DB04894	C0004775	0	C12	train	train	train	test	valid	train	train	train	train	train
DB04894	C0042345	0	C14	test	test	train	train	test	train	train	valid	train	train
DB04895	C0015230	0	C17	valid	train	valid	train	train	valid	train	train	train	test
DB04895	C0085096	0	C14	test	test	train	train	test	train	train	valid	train	train
DB04896	C0001403	0	C19	train	train	test	test	train	train	train	train	train	train
DB04896	C0007786	0	C10	train	train	train	train	train	train	test	train	test	valid
DB04896	C0278996	0	C04	train	train	train	valid	train	train	valid	train	train	train
DB04898	C0025323	0	C12	train	train	train	test	valid	train	train	train	train	train
DB04898	C4083212	0	C17	valid	train	valid	train	train	valid	train	train	train	test
DB04899	C0010308	0	C05	train	valid	valid	train	train	test	train	train	train	train
DB04899	C0023448	0	C15	train	train	train	valid	train	train	valid	train	train	train
DB04899	C0024591	0	C23	valid	train	test	train	train	train	train	train	train	train
DB04899	C0034150	0	C23	valid	train	test	train	train	train	train	train	train	train
DB04899	C0151636	0	C14	test	test	train	train	test	train	train	valid	train	train
DB04899	C0262584	0	C04	train	train	train	valid	train	train	valid	train	train	train
DB04899	C0268596	0	C18	train	train	train	train	train	test	train	test	valid	train
DB04899	C0271650	0	C18	train	train	train	train	train	test	train	test	valid	train
DB04899	C0524620	0	C18	train	train	train	train	train	test	train	test	valid	train
DB04899	C0687720	0	C12	train	train	train	test	valid	train	train	train	train	train
DB04920	C0005424	0	C06	train	train	train	train	train	train	train	train	train	test
DB04920	C0017152	0	C06	train	train	train	train	train	train	train	train	train	test
DB04920	C0038160	0	C01	train	train	train	train	train	train	train	train	train	train
DB04920	C0473527	0	C18	train	train	train	train	train	test	train	test	valid	train
DB04924	C0024141	0	C17	valid	train	valid	train	train	valid	train	train	train	test
DB04924	C0087012	0	C10	train	train	train	train	train	train	test	train	test	valid
DB04931	C0877792	0	C10	train	train	train	train	train	train	test	train	test	valid
DB04932	C0003872	0	C05	train	valid	valid	train	train	test	train	train	train	train
DB04932	C0019618	0	C15	train	train	train	valid	train	train	valid	train	train	train
DB04932	C1140680	0	C12	train	train	train	test	valid	train	train	train	train	train
DB04938	C0002736	0	C10	train	train	train	train	train	train	test	train	test	valid
DB04938	C0002792	0	C20	train	train	test	train	valid	train	train	train	train	train
DB04938	C0011848	0	C12	train	train	train	test	valid	train	train	train	train	train
DB04938	C0028949	0	C23	valid	train	test	train	train	train	train	train	train	train
DB04938	C0878544	0	C14	test	test	train	train	test	train	train	valid	train	train
DB04941	C0013595	0	C17	valid	train	valid	train	train	valid	train	train	train	test
DB04941	C0023467	0	C04	train	train	train	valid	train	train	valid	train	train	train
DB04941	C0027661	0	C04	train	train	train	valid	train	train	valid	train	train	train
DB04941	C0282193	0	C18	train	train	train	train	train	test	train	test	valid	train
DB04942	C0162627	0	C01	train	train	train	train	train	train	train	train	train	train
DB04946	C0004604	0	C23	valid	train	test	train	train	train	train	train	train	train
DB04946	C0005694	0	C12	train	train	train	test	valid	train	train	train	train	train
DB04946	C0008489	0	C10	train	train	train	train	train	train	test	train	test	valid
DB04946	C0017574	0	C01	train	train	train	train	train	train	train	train	train	train
DB04946	C0025294	0	C01	train	train	train	train	train	train	train	train	train	train
DB04946	C0030807	0	C17	valid	train	valid	train	train	valid	train	train	train	test
DB04946	C0242350	0	C12	train	train	train	test	valid	train	train	train	train	train
DB04951	C0001883	0	C08	train	train	train	train	train	train	train	test	train	train
DB04951	C0020473	0	C18	train	train	train	train	train	test	train	test	valid	train
DB04951	C0040479	0	C14	test	test	train	train	test	train	train	valid	train	train
DB04951	C0948008	0	C10	train	train	train	train	train	train	test	train	test	valid
DB04953	C0014356	0	C06	train	train	train	train	train	train	train	train	train	test
DB04953	C0022548	0	A10	train	test	train	train	train	train	train	test	train	train
DB04967	C0003850	0	C14	test	test	train	train	test	train	train	valid	train	train
DB04967	C0018802	0	C14	test	test	train	train	test	train	train	valid	train	train
DB04967	C0023869	0	C23	valid	train	test	train	train	train	train	train	train	train
DB04967	C0038356	0	C06	train	train	train	train	train	train	train	train	train	test
DB04967	C2267227	0	F03	train	train	train	train	train	train	valid	train	valid	train
DB05015	C0003872	0	C05	train	valid	valid	train	train	test	train	train	train	train
DB05015	C0007137	0	C04	train	train	train	valid	train	train	valid	train	train	train
DB05015	C0020523	0	C20	train	train	test	train	valid	train	train	train	train	train
DB05015	C0036421	0	C17	valid	train	valid	train	train	valid	train	train	train	test
DB05015	C0040034	0	C15	train	train	train	valid	train	train	valid	train	train	train
DB05016	C0002453	0	C23	valid	train	test	train	train	train	train	train	train	train
DB05016	C0027796	0	C10	train	train	train	train	train	train	test	train	test	valid
DB05016	C0031485	0	C18	train	train	train	train	train	test	train	test	valid	train
DB05039	C0009763	0	C11	train	test	train	train	train	train	train	train	train	train
DB05039	C0948008	0	C10	train	train	train	train	train	train	test	train	test	valid
DB05099	C0005695	0	C12	train	train	train	test	valid	train	train	train	train	train
DB05099	C0034065	0	C08	train	train	train	train	train	train	train	test	train	train
DB05099	C0034734	0	C14	test	test	train	train	test	train	train	valid	train	train
DB05239	C0162820	0	C17	valid	train	valid	train	train	valid	train	train	train	test
DB05246	C0149925	0	C08	train	train	train	train	train	train	train	test	train	train
DB05265	C0006413	0	C01	train	train	train	train	train	train	train	train	train	train
DB05265	C0017638	0	C04	train	train	train	valid	train	train	valid	train	train	train
DB05265	C0268579	0	C16	train	test	train	valid	train	valid	train	test	train	train
DB05266	C0020514	0	C10	train	train	train	train	train	train	test	train	test	valid
DB05266	C0042024	0	C12	train	train	train	test	valid	train	train	train	train	train
DB05266	C0268390	0	C17	valid	train	valid	train	train	valid	train	train	train	test
DB05266	C0271623	0	C19	train	train	test	test	train	train	train	train	train	train
DB05271	C0040147	0	C19	train	train	test	test	train	train	train	train	train	train
DB05271	C1861172	0	C14	test	test	train	train	test	train	train	valid	train	train
DB05294	C0018834	0	C23	valid	train	test	train	train	train	train	train	train	train
DB05294	C0020428	0	C19	train	train	test	test	train	train	train	train	train	train
DB05294	C0023418	0	C04	train	train	train	valid	train	train	valid	train	train	train
DB05311	C0002875	0	C15	train	train	train	valid	train	train	valid	train	train	train
DB05311	C0022595	0	C17	valid	train	valid	train	train	valid	train	train	train	test
DB05311	C0268596	0	C18	train	train	train	train	train	test	train	test	valid	train
DB05311	C0497327	0	C10	train	train	train	train	train	train	test	train	test	valid
DB05332	C0020557	0	C18	train	train	train	train	train	test	train	test	valid	train
DB05332	C0037188	0	C14	test	test	train	train	test	train	train	valid	train	train
DB05389	C0001403	0	C19	train	train	test	test	train	train	train	train	train	train
DB05389	C0020635	0	C10	train	train	train	train	train	train	test	train	test	valid
DB05389	C0022876	0	C12	train	train	train	test	valid	train	train	train	train	train
DB05521	C0001418	0	C04	train	train	train	valid	train	train	valid	train	train	train
DB05521	C0022575	0	C11	train	test	train	train	train	train	train	train	train	train
DB05521	C0036341	0	F03	train	train	train	train	train	train	valid	train	valid	train
DB05541	C0002874	0	C15	train	train	train	valid	train	train	valid	train	train	train
DB05541	C0553580	0	C04	train	train	train	valid	train	train	valid	train	train	train
DB05578	C0004364	0	C20	train	train	test	train	valid	train	train	train	train	train
DB05578	C0041948	0	C12	train	train	train	test	valid	train	train	train	train	train
DB05630	C0013390	0	C23	valid	train	test	train	train	train	train	train	train	train
DB05630	C0025500	0	C04	train	train	train	valid	train	train	valid	train	train	train
DB05630	C0042109	0	C17	valid	train	valid	train	train	valid	train	train	train	test
DB05676	C1140680	0	C12	train	train	train	test	valid	train	train	train	train	train
DB05679	C0018798	0	C14	test	test	train	train	test	train	train	valid	train	train
DB05679	C0043515	0	C06	train	train	train	train	train	train	train	train	train	test
DB05777	C0039103	0	C05	train	valid	valid	train	train	test	train	train	train	train
DB05777	C0039621	0	C10	train	train	train	train	train	train	test	train	test	valid
DB05829	C0004096	0	C08	train	train	train	train	train	train	train	test	train	train
DB05829	C0031511	0	C04	train	train	train	valid	train	train	valid	train	train	train
DB05990	C0040997	0	C07	train	test	valid	train	train	train	train	train	train	train
DB06016	C2239176	0	C04	train	train	train	valid	train	train	valid	train	train	train
DB06148	C0002894	0	C15	train	train	train	valid	train	train	valid	train	train	train
DB06148	C0022638	0	C18	train	train	train	train	train	test	train	test	valid	train
DB06148	C0042875	0	C18	train	train	train	train	train	test	train	test	valid	train
DB06151	C0006114	0	C10	train	train	train	train	train	train	test	train	test	valid
DB06151	C0020517	0	C20	train	train	test	train	valid	train	train	train	train	train
DB06151	C0025500	0	C04	train	train	train	valid	train	train	valid	train	train	train
DB06151	C0042875	0	C18	train	train	train	train	train	test	train	test	valid	train
DB06151	C3463824	0	C15	train	train	train	valid	train	train	valid	train	train	train
DB06152	C0041948	0	C12	train	train	train	test	valid	train	train	train	train	train
DB06152	C0524910	0	C01	train	train	train	train	train	train	train	train	train	train
DB06153	C0019829	0	C04	train	train	train	valid	train	train	valid	train	train	train
DB06153	C0878544	0	C14	test	test	train	train	test	train	train	valid	train	train
DB06155	C0014173	0	C12	train	train	train	test	valid	train	train	train	train	train
DB06155	C0020546	0	C14	test	test	train	train	test	train	train	valid	train	train
DB06168	C0019829	0	C04	train	train	train	valid	train	train	valid	train	train	train
DB06168	C0027708	0	C12	train	train	train	test	valid	train	train	train	train	train
DB06168	C0037299	0	C17	valid	train	valid	train	train	valid	train	train	train	test
DB06168	C1527311	0	C10	train	train	train	train	train	train	test	train	test	valid
DB06176	C0002895	0	C15	train	train	train	valid	train	train	valid	train	train	train
DB06176	C1800706	0	C08	train	train	train	train	train	train	train	test	train	train
DB06193	C0020479	0	C18	train	train	train	train	train	test	train	test	valid	train
DB06193	C0024437	0	C11	train	test	train	train	train	train	train	train	train	train
DB06193	C2267227	0	F03	train	train	train	train	train	train	valid	train	valid	train
DB06196	C0011849	0	C18	train	train	train	train	train	test	train	test	valid	train
DB06196	C0021603	0	C10	train	train	train	train	train	train	test	train	test	valid
DB06201	C0001430	0	C04	train	train	train	valid	train	train	valid	train	train	train
DB06201	C0031099	0	C07	train	test	valid	train	train	train	train	train	train	train
DB06201	C0677607	0	C19	train	train	test	test	train	train	train	train	train	train
DB06201	C2973725	0	C08	train	train	train	train	train	train	train	test	train	train
DB06202	C0013182	0	C25	train	train	test	train	train	train	valid	valid	train	train
DB06202	C0020538	0	C14	test	test	train	train	test	train	train	valid	train	train
DB06203	C0002962	0	C14	test	test	train	train	test	train	train	valid	train	train
DB06203	C0018916	0	C04	train	train	train	valid	train	train	valid	train	train	train
DB06203	C0036920	0	C15	train	train	train	valid	train	train	valid	train	train	train
DB06203	C0405580	0	C19	train	train	test	test	train	train	train	train	train	train
DB06204	C0017636	0	C04	train	train	train	valid	train	train	valid	train	train	train
DB06204	C0023052	0	C08	train	train	train	train	train	train	train	test	train	train
DB06204	C0034951	0	C11	train	test	train	train	train	train	train	train	train	train
DB06210	C0020523	0	C20	train	train	test	train	valid	train	train	train	train	train
DB06210	C0677607	0	C19	train	train	test	test	train	train	train	train	train	train
DB06211	C0023481	0	C15	train	train	train	valid	train	train	valid	train	train	train
DB06211	C0236964	0	F03	train	train	train	train	train	train	valid	train	valid	train
DB06212	C0004775	0	C12	train	train	train	test	valid	train	train	train	train	train
DB06212	C0015469	0	C07	train	test	valid	train	train	train	train	train	train	train
DB06212	C0031117	0	C10	train	train	train	train	train	train	test	train	test	valid
DB06212	C0038454	0	C10	train	train	train	train	train	train	test	train	test	valid
DB06213	C0014173	0	C12	train	train	train	test	valid	train	train	train	train	train
DB06213	C0085681	0	C18	train	train	train	train	train	test	train	test	valid	train
DB06217	C0030848	0	C12	train	train	train	test	valid	train	train	train	train	train
DB06217	C0473527	0	C18	train	train	train	train	train	test	train	test	valid	train
DB06218	C0010054	0	C14	test	test	train	train	test	train	train	valid	train	train
DB06218	C0023479	0	C04	train	train	train	valid	train	train	valid	train	train	train
DB06218	C0025289	0	C10	train	train	train	train	train	train	test	train	test	valid
DB06218	C0030569	0	C10	train	train	train	train	train	train	test	train	test	valid
DB06218	C0040046	0	C14	test	test	train	train	test	train	train	valid	train	train
DB06218	C0085605	0	C06	train	train	train	train	train	train	train	train	train	test
DB06218	C0268483	0	C18	train	train	train	train	train	test	train	test	valid	train
DB06219	C0013595	0	C17	valid	train	valid	train	train	valid	train	train	train	test
DB06228	C0349464	0	C10	train	train	train	train	train	train	test	train	test	valid
DB06230	C0020459	0	C18	train	train	train	train	train	test	train	test	valid	train
DB06237	C0019069	0	C15	train	train	train	valid	train	train	valid	train	train	train
DB06243	C0017668	0	C12	train	train	train	test	valid	train	train	train	train	train
DB06243	C0020598	0	C18	train	train	train	train	train	test	train	test	valid	train
DB06243	C0027708	0	C12	train	train	train	test	valid	train	train	train	train	train
DB06243	C0029453	0	C05	train	valid	valid	train	train	test	train	train	train	train
DB06243	C0038325	0	C17	valid	train	valid	train	train	valid	train	train	train	test
DB06243	C0342543	0	C19	train	train	test	test	train	train	train	train	train	train
DB06262	C0002895	0	C15	train	train	train	valid	train	train	valid	train	train	train
DB06264	C0020523	0	C20	train	train	test	train	valid	train	train	train	train	train
DB06264	C0162568	0	C06	train	train	train	train	train	train	train	train	train	test
DB06264	C0271093	0	C11	train	test	train	train	train	train	train	train	train	train
DB06267	C0010417	0	C12	train	train	train	test	valid	train	train	train	train	train
DB06267	C0024586	0	C04	train	train	train	valid	train	train	valid	train	train	train
DB06267	C0034065	0	C08	train	train	train	train	train	train	train	test	train	train
DB06267	C0242383	0	C11	train	test	train	train	train	train	train	train	train	train
DB06267	C2936781	0	C10	train	train	train	train	train	train	test	train	test	valid
DB06268	C0018021	0	C19	train	train	test	test	train	train	train	train	train	train
DB06268	C0021390	0	C06	train	train	train	train	train	train	train	train	train	test
DB06268	C1561643	0	C12	train	train	train	test	valid	train	train	train	train	train
DB06271	C0020459	0	C18	train	train	train	train	train	test	train	test	valid	train
DB06271	C0026838	0	C05	train	valid	valid	train	train	test	train	train	train	train
DB06271	C0221013	0	C04	train	train	train	valid	train	train	valid	train	train	train
DB06272	C0020481	0	C18	train	train	train	train	train	test	train	test	valid	train
DB06272	C0028949	0	C23	valid	train	test	train	train	train	train	train	train	train
DB06272	C0271093	0	C11	train	test	train	train	train	train	train	train	train	train
DB06273	C0039483	0	C14	test	test	train	train	test	train	train	valid	train	train
DB06282	C0005587	0	F03	train	train	train	train	train	train	valid	train	valid	train
DB06282	C0018671	0	C04	train	train	train	valid	train	train	valid	train	train	train
DB06282	C0030567	0	C10	train	train	train	train	train	train	test	train	test	valid
DB06282	C0031069	0	C16	train	test	train	valid	train	valid	train	test	train	train
DB06282	C0151526	0	C12	train	train	train	test	valid	train	train	train	train	train
DB06285	C0024121	0	C08	train	train	train	train	train	train	train	test	train	train
DB06285	C0149958	0	C10	train	train	train	train	train	train	test	train	test	valid
DB06287	C0021051	0	C20	train	train	test	train	valid	train	train	train	train	train
DB06287	C0037274	0	C17	valid	train	valid	train	train	valid	train	train	train	test
DB06287	C0038356	0	C06	train	train	train	train	train	train	train	train	train	test
DB06288	C0032019	0	C10	train	train	train	train	train	train	test	train	test	valid
DB06288	C0032987	0	C12	train	train	train	test	valid	train	train	train	train	train
DB06288	C2936781	0	C10	train	train	train	train	train	train	test	train	test	valid
DB06290	C0001403	0	C19	train	train	test	test	train	train	train	train	train	train
DB06290	C0005779	0	C15	train	train	train	valid	train	train	valid	train	train	train
DB06290	C0017160	0	C06	train	train	train	train	train	train	train	train	train	test
DB06292	C0036980	0	C23	valid	train	test	train	train	train	train	train	train	train
DB06317	C0002888	0	C15	train	train	train	valid	train	train	valid	train	train	train
DB06317	C0003492	0	C14	test	test	train	train	test	train	train	valid	train	train
DB06335	C0036572	0	C10	train	train	train	train	train	train	test	train	test	valid
DB06372	C0024143	0	C12	train	train	train	test	valid	train	train	train	train	train
DB06372	C0030920	0	C06	train	train	train	train	train	train	train	train	train	test
DB06372	C0042875	0	C18	train	train	train	train	train	test	train	test	valid	train
DB06372	C0282528	0	C16	train	test	train	valid	train	valid	train	test	train	train
DB06401	C0018995	0	C18	train	train	train	train	train	test	train	test	valid	train
DB06401	C0029453	0	C05	train	valid	valid	train	train	test	train	train	train	train
DB06403	C0020545	0	C12	train	train	train	test	valid	train	train	train	train	train
DB06403	C0023869	0	C23	valid	train	test	train	train	train	train	train	train	train
DB06403	C0311277	0	C18	train	train	train	train	train	test	train	test	valid	train
DB06410	C0003128	0	C12	train	train	train	test	valid	train	train	train	train	train
DB06410	C0008312	0	C06	train	train	train	train	train	train	train	train	train	test
DB06410	C0010481	0	C19	train	train	test	test	train	train	train	train	train	train
DB06410	C0282528	0	C16	train	test	train	valid	train	valid	train	test	train	train
DB06412	C0008149	0	C01	train	train	train	train	train	train	train	train	train	train
DB06412	C0020542	0	C08	train	train	train	train	train	train	train	test	train	train
DB06412	C0027430	0	C08	train	train	train	train	train	train	train	test	train	train
DB06439	C0035585	0	C01	train	train	train	train	train	train	train	train	train	train
DB06441	C0006271	0	C08	train	train	train	train	train	train	train	test	train	train
DB06441	C0007785	0	C10	train	train	train	train	train	train	test	train	test	valid
DB06470	C0003872	0	C05	train	valid	valid	train	train	test	train	train	train	train
DB06470	C0004153	0	C14	test	test	train	train	test	train	train	valid	train	train
DB06470	C0029396	0	C23	valid	train	test	train	train	train	train	train	train	train
DB06479	C0003811	0	C14	test	test	train	train	test	train	train	valid	train	train
DB06479	C0162568	0	C06	train	train	train	train	train	train	train	train	train	test
DB06480	C0000744	0	C18	train	train	train	train	train	test	train	test	valid	train
DB06480	C0018021	0	C19	train	train	test	test	train	train	train	train	train	train
DB06480	C0085159	0	F03	train	train	train	train	train	train	valid	train	valid	train
DB06589	C0008350	0	C06	train	train	train	train	train	train	train	train	train	test
DB06589	C0016470	0	C20	train	train	test	train	valid	train	train	train	train	train
DB06589	C0043515	0	C06	train	train	train	train	train	train	train	train	train	test
DB06594	C0002390	0	C08	train	train	train	train	train	train	train	test	train	train
DB06594	C0008149	0	C01	train	train	train	train	train	train	train	train	train	train
DB06594	C0036983	0	C23	valid	train	test	train	train	train	train	train	train	train
DB06594	C0038356	0	C06	train	train	train	train	train	train	train	train	train	test
DB06594	C0085681	0	C18	train	train	train	train	train	test	train	test	valid	train
DB06603	C0079744	0	C04	train	train	train	valid	train	train	valid	train	train	train
DB06603	C0405580	0	C19	train	train	test	test	train	train	train	train	train	train
DB06603	C1260899	0	C15	train	train	train	valid	train	train	valid	train	train	train
DB06603	C1527304	0	C20	train	train	test	train	valid	train	train	train	train	train
DB06605	C0018099	0	C05	train	valid	valid	train	train	test	train	train	train	train
DB06605	C0020540	0	C14	test	test	train	train	test	train	train	valid	train	train
DB06605	C0022876	0	C12	train	train	train	test	valid	train	train	train	train	train
DB06605	C0033578	0	C12	train	train	train	test	valid	train	train	train	train	train
DB06605	C0278996	0	C04	train	train	train	valid	train	train	valid	train	train	train
DB06616	C0020538	0	C14	test	test	train	train	test	train	train	valid	train	train
DB06616	C0024117	0	C08	train	train	train	train	train	train	train	test	train	train
DB06616	C0038013	0	C05	train	valid	valid	train	train	test	train	train	train	train
DB06616	C0242488	0	C08	train	train	train	train	train	train	train	test	train	train
DB06626	C0003467	0	F01	train	train	train	train	train	train	valid	train	train	train
DB06626	C0405580	0	C19	train	train	test	test	train	train	train	train	train	train
DB06637	C0013338	0	C05	train	valid	valid	train	train	test	train	train	train	train
DB06637	C0020428	0	C19	train	train	test	test	train	train	train	train	train	train
DB06637	C0021308	0	C23	valid	train	test	train	train	train	train	train	train	train
DB06637	C0022104	0	C06	train	train	train	train	train	train	train	train	train	test
DB06637	C0029191	0	C12	train	train	train	test	valid	train	train	train	train	train
DB06637	C0029456	0	C05	train	valid	valid	train	train	test	train	train	train	train
DB06643	C0018418	0	C17	valid	train	valid	train	train	valid	train	train	train	test
DB06643	C0019880	0	C18	train	train	train	train	train	test	train	test	valid	train
DB06643	C0020615	0	C18	train	train	train	train	train	test	train	test	valid	train
DB06643	C0026650	0	C10	train	train	train	train	train	train	test	train	test	valid
DB06643	C0030807	0	C17	valid	train	valid	train	train	valid	train	train	train	test
DB06643	C0037274	0	C17	valid	train	valid	train	train	valid	train	train	train	test
DB06643	C0041341	0	C04	train	train	train	valid	train	train	valid	train	train	train
DB06643	C1527336	0	C05	train	valid	valid	train	train	test	train	train	train	train
DB06650	C0013274	0	C14	test	test	train	train	test	train	train	valid	train	train
DB06650	C0015371	0	C10	train	train	train	train	train	train	test	train	test	valid
DB06650	C0024117	0	C08	train	train	train	train	train	train	train	test	train	train
DB06650	C0042842	0	C18	train	train	train	train	train	test	train	test	valid	train
DB06650	C0162820	0	C17	valid	train	valid	train	train	valid	train	train	train	test
DB06654	C0005586	0	F03	train	train	train	train	train	train	valid	train	valid	train
DB06654	C0038325	0	C17	valid	train	valid	train	train	valid	train	train	train	test
DB06654	C0234533	0	C10	train	train	train	train	train	train	test	train	test	valid
DB06655	C0002875	0	C15	train	train	train	valid	train	train	valid	train	train	train
DB06663	C0013405	0	C08	train	train	train	train	train	train	train	test	train	train
DB06663	C4048328	0	C12	train	train	train	test	valid	train	train	train	train	train
DB06674	C0023449	0	C15	train	train	train	valid	train	train	valid	train	train	train
DB06674	C0024301	0	C04	train	train	train	valid	train	train	valid	train	train	train
DB06674	C0024473	0	C18	train	train	train	train	train	test	train	test	valid	train
DB06674	C0032000	0	C10	train	train	train	train	train	train	test	train	test	valid
DB06684	C0007137	0	C04	train	train	train	valid	train	train	valid	train	train	train
DB06684	C0036220	0	C04	train	train	train	valid	train	train	valid	train	train	train
DB06688	C0023480	0	C15	train	train	train	valid	train	train	valid	train	train	train
DB06689	C0000786	0	C12	train	train	train	test	valid	train	train	train	train	train
DB06689	C0270736	0	C10	train	train	train	train	train	train	test	train	test	valid
DB06691	C0011616	0	C17	valid	train	valid	train	train	valid	train	train	train	test
DB06691	C0040038	0	C14	test	test	train	train	test	train	train	valid	train	train
DB06691	C0751967	0	C10	train	train	train	train	train	train	test	train	test	valid
DB06691	C3495559	0	C05	train	valid	valid	train	train	test	train	train	train	train
DB06692	C0004153	0	C14	test	test	train	train	test	train	train	valid	train	train
DB06692	C0018794	0	C14	test	test	train	train	test	train	train	valid	train	train
DB06692	C0026948	0	C04	train	train	train	valid	train	train	valid	train	train	train
DB06692	C0150055	0	C23	valid	train	test	train	train	train	train	train	train	train
DB06692	C1260899	0	C15	train	train	train	valid	train	train	valid	train	train	train
DB06694	C0015469	0	C07	train	test	valid	train	train	train	train	train	train	train
DB06694	C0016470	0	C20	train	train	test	train	valid	train	train	train	train	train
DB06694	C0030446	0	C06	train	train	train	train	train	train	train	train	train	test
DB06695	C0007131	0	C08	train	train	train	train	train	train	train	test	train	train
DB06695	C0007789	0	C10	train	train	train	train	train	train	test	train	test	valid
DB06695	C0020456	0	C18	train	train	train	train	train	test	train	test	valid	train
DB06695	C0948480	0	C14	test	test	train	train	test	train	train	valid	train	train
DB06697	C0020546	0	C14	test	test	train	train	test	train	train	valid	train	train
DB06697	C0023443	0	C15	train	train	train	valid	train	train	valid	train	train	train
DB06697	C0030567	0	C10	train	train	train	train	train	train	test	train	test	valid
DB06697	C0032019	0	C10	train	train	train	train	train	train	test	train	test	valid
DB06697	C0032285	0	C08	train	train	train	train	train	train	train	test	train	train
DB06697	C0036220	0	C04	train	train	train	valid	train	train	valid	train	train	train
DB06697	C0079584	0	C17	valid	train	valid	train	train	valid	train	train	train	test
DB06699	C0011875	0	C14	test	test	train	train	test	train	train	valid	train	train
DB06699	C0014869	0	C06	train	train	train	train	train	train	train	train	train	test
DB06699	C0018418	0	C17	valid	train	valid	train	train	valid	train	train	train	test
DB06699	C0268490	0	C18	train	train	train	train	train	test	train	test	valid	train
DB06700	C0037286	0	C04	train	train	train	valid	train	train	valid	train	train	train
DB06701	C0282528	0	C16	train	test	train	valid	train	valid	train	test	train	train
DB06701	C0917805	0	C10	train	train	train	train	train	train	test	train	test	valid
DB06702	C0021670	0	C04	train	train	train	valid	train	train	valid	train	train	train
DB06702	C0031117	0	C10	train	train	train	train	train	train	test	train	test	valid
DB06702	C1956346	0	C14	test	test	train	train	test	train	train	valid	train	train
DB06706	C0028840	0	C11	train	test	train	train	train	train	train	train	train	train
DB06707	C0010068	0	C14	test	test	train	train	test	train	train	valid	train	train
DB06707	C0949116	0	C15	train	train	train	valid	train	train	valid	train	train	train
DB06709	C0011581	0	F03	train	train	train	train	train	train	valid	train	valid	train
DB06709	C0039590	0	C12	train	train	train	test	valid	train	train	train	train	train
DB06709	C0043459	0	C12	train	train	train	test	valid	train	train	train	train	train
DB06709	C0917798	0	C10	train	train	train	train	train	train	test	train	test	valid
DB06711	C0003872	0	C05	train	valid	valid	train	train	test	train	train	train	train
DB06711	C0014170	0	C12	train	train	train	test	valid	train	train	train	train	train
DB06711	C0040517	0	C10	train	train	train	train	train	train	test	train	test	valid
DB06713	C0016412	0	C18	train	train	train	train	train	test	train	test	valid	train
DB06713	C0020502	0	C19	train	train	test	test	train	train	train	train	train	train
DB06713	C0702166	0	C17	valid	train	valid	train	train	valid	train	train	train	test
DB06714	C0016057	0	C04	train	train	train	valid	train	train	valid	train	train	train
DB06716	C0001883	0	C08	train	train	train	train	train	train	train	test	train	train
DB06716	C0013238	0	C11	train	test	train	train	train	train	train	train	train	train
DB06716	C0013720	0	C17	valid	train	valid	train	train	valid	train	train	train	test
DB06716	C0034885	0	C06	train	train	train	train	train	train	train	train	train	test
DB06716	C0376545	0	C04	train	train	train	valid	train	train	valid	train	train	train
DB06717	C0003123	0	C23	valid	train	test	train	train	train	train	train	train	train
DB06717	C0029134	0	C10	train	train	train	train	train	train	test	train	test	valid
DB06717	C1621958	0	C04	train	train	train	valid	train	train	valid	train	train	train
DB06718	C0027404	0	C10	train	train	train	train	train	train	test	train	test	valid
DB06718	C0085682	0	C18	train	train	train	train	train	test	train	test	valid	train
DB06720	C0009806	0	C23	valid	train	test	train	train	train	train	train	train	train
DB06720	C0027627	0	C04	train	train	train	valid	train	train	valid	train	train	train
DB06725	C0005699	0	C04	train	train	train	valid	train	train	valid	train	train	train
DB06725	C0040038	0	C14	test	test	train	train	test	train	train	valid	train	train
DB06739	C0005694	0	C12	train	train	train	test	valid	train	train	train	train	train
DB06739	C0005967	0	C04	train	train	train	valid	train	train	valid	train	train	train
DB06739	C0022575	0	C11	train	test	train	train	train	train	train	train	train	train
DB06739	C0342543	0	C19	train	train	test	test	train	train	train	train	train	train
DB06754	C0014038	0	C10	train	train	train	train	train	train	test	train	test	valid
DB06754	C0022951	0	C18	train	train	train	train	train	test	train	test	valid	train
DB06754	C0024790	0	C15	train	train	train	valid	train	train	valid	train	train	train
DB06754	C0042487	0	C14	test	test	train	train	test	train	train	valid	train	train
DB06756	C0020649	0	C14	test	test	train	train	test	train	train	valid	train	train
DB06756	C0206245	0	C18	train	train	train	train	train	test	train	test	valid	train
DB06756	C0524620	0	C18	train	train	train	train	train	test	train	test	valid	train
DB06764	C0015469	0	C07	train	test	valid	train	train	train	train	train	train	train
DB06764	C0020546	0	C14	test	test	train	train	test	train	train	valid	train	train
DB06764	C0282488	0	C12	train	train	train	test	valid	train	train	train	train	train
DB06764	C0409959	0	C05	train	valid	valid	train	train	test	train	train	train	train
DB06766	C0039685	0	C14	test	test	train	train	test	train	train	valid	train	train
DB06766	C0278996	0	C04	train	train	train	valid	train	train	valid	train	train	train
DB06774	C0011849	0	C18	train	train	train	train	train	test	train	test	valid	train
DB06774	C0014550	0	C10	train	train	train	train	train	train	test	train	test	valid
DB06774	C0022650	0	C12	train	train	train	test	valid	train	train	train	train	train
DB06774	C0149745	0	C07	train	test	valid	train	train	train	train	train	train	train
DB06775	C0017563	0	C07	train	test	valid	train	train	train	train	train	train	train
DB06775	C0030305	0	C06	train	train	train	train	train	train	train	train	train	test
DB06775	C0476089	0	C12	train	train	train	test	valid	train	train	train	train	train
DB06775	C1328407	0	C26	train	valid	train	train	train	train	train	test	train	train
DB06777	C0001883	0	C08	train	train	train	train	train	train	train	test	train	train
DB06777	C0013390	0	C23	valid	train	test	train	train	train	train	train	train	train
DB06777	C0151636	0	C14	test	test	train	train	test	train	train	valid	train	train
DB06777	C0398623	0	C15	train	train	train	valid	train	train	valid	train	train	train
DB06777	C0524620	0	C18	train	train	train	train	train	test	train	test	valid	train
DB06777	C1956346	0	C14	test	test	train	train	test	train	train	valid	train	train
DB06782	C0001430	0	C04	train	train	train	valid	train	train	valid	train	train	train
DB06782	C0017160	0	C06	train	train	train	train	train	train	train	train	train	test
DB06782	C0023467	0	C04	train	train	train	valid	train	train	valid	train	train	train
DB06782	C0026764	0	C15	train	train	train	valid	train	train	valid	train	train	train
DB06782	C0476089	0	C12	train	train	train	test	valid	train	train	train	train	train
DB06785	C0018671	0	C04	train	train	train	valid	train	train	valid	train	train	train
DB06785	C0034065	0	C08	train	train	train	train	train	train	train	test	train	train
DB06786	C0282488	0	C12	train	train	train	test	valid	train	train	train	train	train
DB06791	C0004114	0	C04	train	train	train	valid	train	train	valid	train	train	train
DB06791	C0311375	0	C10	train	train	train	train	train	train	test	train	test	valid
DB06800	C4083212	0	C17	valid	train	valid	train	train	valid	train	train	train	test
DB06803	C0027796	0	C10	train	train	train	train	train	train	test	train	test	valid
DB06803	C0043352	0	C07	train	test	valid	train	train	train	train	train	train	train
DB06803	C0272375	0	C15	train	train	train	valid	train	train	valid	train	train	train
DB06809	C0026705	0	C16	train	test	train	valid	train	valid	train	test	train	train
DB06813	C0024790	0	C15	train	train	train	valid	train	train	valid	train	train	train
DB06819	C0003467	0	F01	train	train	train	train	train	train	valid	train	train	train
DB06819	C0003873	0	C05	train	valid	valid	train	train	test	train	train	train	train
DB06819	C0006625	0	C23	valid	train	test	train	train	train	train	train	train	train
DB06819	C0033806	0	C18	train	train	train	train	train	test	train	test	valid	train
DB06819	C0035579	0	C18	train	train	train	train	train	test	train	test	valid	train
DB06824	C0002893	0	C15	train	train	train	valid	train	train	valid	train	train	train
DB06824	C0010043	0	C11	train	test	train	train	train	train	train	train	train	train
DB06824	C0033578	0	C12	train	train	train	test	valid	train	train	train	train	train
DB06825	C0013595	0	C17	valid	train	valid	train	train	valid	train	train	train	test
DB06825	C0022354	0	C23	valid	train	test	train	train	train	train	train	train	train
DB06825	C0178416	0	C15	train	train	train	valid	train	train	valid	train	train	train
DB06825	C0405580	0	C19	train	train	test	test	train	train	train	train	train	train
DB07615	C0409818	0	C17	valid	train	valid	train	train	valid	train	train	train	test
DB08604	C0014550	0	C10	train	train	train	train	train	train	test	train	test	valid
DB08604	C0206245	0	C18	train	train	train	train	train	test	train	test	valid	train
DB08800	C0006287	0	C08	train	train	train	train	train	train	train	test	train	train
DB08800	C0036202	0	C15	train	train	train	valid	train	train	valid	train	train	train
DB08800	C0206693	0	C04	train	train	train	valid	train	train	valid	train	train	train
DB08800	C1269683	0	F03	train	train	train	train	train	train	valid	train	valid	train
DB08800	C1540912	0	C15	train	train	train	valid	train	train	valid	train	train	train
DB08801	C0013595	0	C17	valid	train	valid	train	train	valid	train	train	train	test
DB08801	C0042487	0	C14	test	test	train	train	test	train	train	valid	train	train
DB08801	C0936215	0	C18	train	train	train	train	train	test	train	test	valid	train
DB08802	C0029453	0	C05	train	valid	valid	train	train	test	train	train	train	train
DB08804	C0011854	0	C18	train	train	train	train	train	test	train	test	valid	train
DB08804	C0035222	0	C08	train	train	train	train	train	train	train	test	train	train
DB08806	C0008350	0	C06	train	train	train	train	train	train	train	train	train	test
DB08807	C0004153	0	C14	test	test	train	train	test	train	train	valid	train	train
DB08807	C0036202	0	C15	train	train	train	valid	train	train	valid	train	train	train
DB08807	C1261473	0	C04	train	train	train	valid	train	train	valid	train	train	train
DB08808	C0031154	0	C01	train	train	train	train	train	train	train	train	train	train
DB08808	C0040822	0	C10	train	train	train	train	train	train	test	train	test	valid
DB08808	C0311277	0	C18	train	train	train	train	train	test	train	test	valid	train
DB08810	C0014356	0	C06	train	train	train	train	train	train	train	train	train	test
DB08810	C0015503	0	C15	train	train	train	valid	train	train	valid	train	train	train
DB08810	C0023449	0	C15	train	train	train	valid	train	train	valid	train	train	train
DB08810	C0042024	0	C12	train	train	train	test	valid	train	train	train	train	train
DB08810	C0520679	0	C08	train	train	train	train	train	train	train	test	train	train
DB08811	C0004114	0	C04	train	train	train	valid	train	train	valid	train	train	train
DB08811	C0024305	0	C04	train	train	train	valid	train	train	valid	train	train	train
DB08814	C0024894	0	C12	train	train	train	test	valid	train	train	train	train	train
DB08814	C0034013	0	C19	train	train	test	test	train	train	train	train	train	train
DB08814	C0041948	0	C12	train	train	train	test	valid	train	train	train	train	train
DB08815	C0014877	0	C10	train	train	train	train	train	train	test	train	test	valid
DB08815	C0018133	0	C20	train	train	test	train	valid	train	train	train	train	train
DB08816	C0024419	0	C15	train	train	train	valid	train	train	valid	train	train	train
DB08818	C0014868	0	C06	train	train	train	train	train	train	train	train	train	test
DB08818	C0017668	0	C12	train	train	train	test	valid	train	train	train	train	train
DB08818	C0020540	0	C14	test	test	train	train	test	train	train	valid	train	train
DB08818	C0024419	0	C15	train	train	train	valid	train	train	valid	train	train	train
DB08818	C0043202	0	C14	test	test	train	train	test	train	train	valid	train	train
DB08819	C0018418	0	C17	valid	train	valid	train	train	valid	train	train	train	test
DB08819	C0149745	0	C07	train	test	valid	train	train	train	train	train	train	train
DB08820	C0015397	0	C11	train	test	train	train	train	train	train	train	train	train
DB08820	C0020473	0	C18	train	train	train	train	train	test	train	test	valid	train
DB08820	C0151636	0	C14	test	test	train	train	test	train	train	valid	train	train
DB08820	C0242422	0	C10	train	train	train	train	train	train	test	train	test	valid
DB08826	C0006118	0	C10	train	train	train	train	train	train	test	train	test	valid
DB08826	C0009404	0	C06	train	train	train	train	train	train	train	train	train	test
DB08826	C0019243	0	C20	train	train	test	train	valid	train	train	train	train	train
DB08826	C0028768	0	F03	train	train	train	train	train	train	valid	train	valid	train
DB08826	C1458155	0	C04	train	train	train	valid	train	train	valid	train	train	train
DB08827	C0002875	0	C15	train	train	train	valid	train	train	valid	train	train	train
DB08827	C0007194	0	C14	test	test	train	train	test	train	train	valid	train	train
DB08827	C0014356	0	C06	train	train	train	train	train	train	train	train	train	test
DB08827	C0017638	0	C04	train	train	train	valid	train	train	valid	train	train	train
DB08827	C0039240	0	C14	test	test	train	train	test	train	train	valid	train	train
DB08828	C0015503	0	C15	train	train	train	valid	train	train	valid	train	train	train
DB08828	C0032987	0	C12	train	train	train	test	valid	train	train	train	train	train
DB08828	C0036920	0	C15	train	train	train	valid	train	train	valid	train	train	train
DB08828	C0342543	0	C19	train	train	test	test	train	train	train	train	train	train
DB08835	C0007095	0	C04	train	train	train	valid	train	train	valid	train	train	train
DB08835	C0025874	0	C12	train	train	train	test	valid	train	train	train	train	train
DB08836	C0006271	0	C08	train	train	train	train	train	train	train	test	train	train
DB08836	C0085580	0	C14	test	test	train	train	test	train	train	valid	train	train
DB08836	C0162568	0	C06	train	train	train	train	train	train	train	train	train	test
DB08839	C0006287	0	C08	train	train	train	train	train	train	train	test	train	train
DB08839	C0010930	0	C11	train	test	train	train	train	train	train	train	train	train
DB08839	C0021655	0	C18	train	train	train	train	train	test	train	test	valid	train
DB08839	C0029434	0	C05	train	valid	valid	train	train	test	train	train	train	train
DB08839	C0036220	0	C04	train	train	train	valid	train	train	valid	train	train	train
DB08839	C0040261	0	C01	train	train	train	train	train	train	train	train	train	train
DB08839	C0276226	0	C01	train	train	train	train	train	train	train	train	train	train
DB08860	C0003467	0	F01	train	train	train	train	train	train	valid	train	train	train
DB08867	C0024305	0	C04	train	train	train	valid	train	train	valid	train	train	train
DB08867	C1540912	0	C15	train	train	train	valid	train	train	valid	train	train	train
DB08868	C0002390	0	C08	train	train	train	train	train	train	train	test	train	train
DB08868	C0038018	0	C05	train	valid	valid	train	train	test	train	train	train	train
DB08868	C0242383	0	C11	train	test	train	train	train	train	train	train	train	train
DB08869	C0030920	0	C06	train	train	train	train	train	train	train	train	train	test
DB08869	C0751674	0	C04	train	train	train	valid	train	train	valid	train	train	train
DB08869	C1328407	0	C26	train	valid	train	train	train	train	train	test	train	train
DB08870	C0007820	0	C10	train	train	train	train	train	train	test	train	test	valid
DB08870	C0936215	0	C18	train	train	train	train	train	test	train	test	valid	train
DB08871	C0004114	0	C04	train	train	train	valid	train	train	valid	train	train	train
DB08871	C0014836	0	C01	train	train	train	train	train	train	train	train	train	train
DB08871	C0019069	0	C15	train	train	train	valid	train	train	valid	train	train	train
DB08871	C0032000	0	C10	train	train	train	train	train	train	test	train	test	valid
DB08872	C0035455	0	C08	train	train	train	train	train	train	train	test	train	train
DB08872	C0342543	0	C19	train	train	test	test	train	train	train	train	train	train
DB08872	C0428977	0	C14	test	test	train	train	test	train	train	valid	train	train
DB08873	C0011881	0	C12	train	train	train	test	valid	train	train	train	train	train
DB08873	C0030807	0	C17	valid	train	valid	train	train	valid	train	train	train	test
DB08875	C0019151	0	C06	train	train	train	train	train	train	train	train	train	test
DB08877	C0018133	0	C20	train	train	test	train	valid	train	train	train	train	train
DB08877	C0019112	0	C06	train	train	train	train	train	train	train	train	train	test
DB08877	C0020480	0	C18	train	train	train	train	train	test	train	test	valid	train
DB08877	C0022638	0	C18	train	train	train	train	train	test	train	test	valid	train
DB08877	C0085605	0	C06	train	train	train	train	train	train	train	train	train	test
DB08879	C0022573	0	C11	train	test	train	train	train	train	train	train	train	train
DB08879	C0032019	0	C10	train	train	train	train	train	train	test	train	test	valid
DB08879	C4048328	0	C12	train	train	train	test	valid	train	train	train	train	train
DB08880	C0008325	0	C06	train	train	train	train	train	train	train	train	train	test
DB08880	C0017668	0	C12	train	train	train	test	valid	train	train	train	train	train
DB08880	C0027819	0	C04	train	train	train	valid	train	train	valid	train	train	train
DB08880	C0029442	0	C18	train	train	train	train	train	test	train	test	valid	train
DB08880	C0036341	0	F03	train	train	train	train	train	train	valid	train	valid	train
DB08881	C0014869	0	C06	train	train	train	train	train	train	train	train	train	test
DB08881	C0031511	0	C04	train	train	train	valid	train	train	valid	train	train	train
DB08881	C0034150	0	C23	valid	train	test	train	train	train	train	train	train	train
DB08881	C0035585	0	C01	train	train	train	train	train	train	train	train	train	train
DB08881	C0162834	0	C17	valid	train	valid	train	train	valid	train	train	train	test
DB08882	C0018099	0	C05	train	valid	valid	train	train	test	train	train	train	train
DB08882	C0019069	0	C15	train	train	train	valid	train	train	valid	train	train	train
DB08882	C0020555	0	C17	valid	train	valid	train	train	valid	train	train	train	test
DB08882	C0024899	0	C04	train	train	train	valid	train	train	valid	train	train	train
DB08882	C0038160	0	C01	train	train	train	train	train	train	train	train	train	train
DB08883	C0024299	0	C04	train	train	train	valid	train	train	valid	train	train	train
DB08889	C0029453	0	C05	train	valid	valid	train	train	test	train	train	train	train
DB08889	C0268483	0	C18	train	train	train	train	train	test	train	test	valid	train
DB08889	C0342731	0	C16	train	test	train	valid	train	valid	train	test	train	train
DB08890	C0017152	0	C06	train	train	train	train	train	train	train	train	train	test
DB08890	C0034069	0	C08	train	train	train	train	train	train	train	test	train	train
DB08890	C0040479	0	C14	test	test	train	train	test	train	train	valid	train	train
DB08890	C0043459	0	C12	train	train	train	test	valid	train	train	train	train	train
DB08890	C0220994	0	C23	valid	train	test	train	train	train	train	train	train	train
DB08893	C0021308	0	C23	valid	train	test	train	train	train	train	train	train	train
DB08894	C0014549	0	C10	train	train	train	train	train	train	test	train	test	valid
DB08894	C0028326	0	C14	test	test	train	train	test	train	train	valid	train	train
DB08894	C0311375	0	C10	train	train	train	train	train	train	test	train	test	valid
DB08895	C0013604	0	C23	valid	train	test	train	train	train	train	train	train	train
DB08895	C0026961	0	C11	train	test	train	train	train	train	train	train	train	train
DB08895	C0036202	0	C15	train	train	train	valid	train	train	valid	train	train	train
DB08896	C0003467	0	F01	train	train	train	train	train	train	valid	train	train	train
DB08896	C0023827	0	C04	train	train	train	valid	train	train	valid	train	train	train
DB08897	C0037763	0	C10	train	train	train	train	train	train	test	train	test	valid
DB08899	C0001418	0	C04	train	train	train	valid	train	train	valid	train	train	train
DB08899	C0282193	0	C18	train	train	train	train	train	test	train	test	valid	train
DB08901	C0206693	0	C04	train	train	train	valid	train	train	valid	train	train	train
DB08906	C0005695	0	C12	train	train	train	test	valid	train	train	train	train	train
DB08907	C0311277	0	C18	train	train	train	train	train	test	train	test	valid	train
DB08908	C0001627	0	C12	train	train	train	test	valid	train	train	train	train	train
DB08908	C0021775	0	C14	test	test	train	train	test	train	train	valid	train	train
DB08908	C0036830	0	C17	valid	train	valid	train	train	valid	train	train	train	test
DB08908	C0268596	0	C18	train	train	train	train	train	test	train	test	valid	train
DB08910	C0015456	0	C17	valid	train	valid	train	train	valid	train	train	train	test
DB08910	C0028949	0	C23	valid	train	test	train	train	train	train	train	train	train
DB08910	C2316212	0	C17	valid	train	valid	train	train	valid	train	train	train	test
DB08911	C0013604	0	C23	valid	train	test	train	train	train	train	train	train	train
DB08911	C2267227	0	F03	train	train	train	train	train	train	valid	train	valid	train
DB08912	C0010054	0	C14	test	test	train	train	test	train	train	valid	train	train
DB08912	C0027686	0	C23	valid	train	test	train	train	train	train	train	train	train
DB08912	C0036920	0	C15	train	train	train	valid	train	train	valid	train	train	train
DB08912	C0040028	0	C15	train	train	train	valid	train	train	valid	train	train	train
DB08918	C0014335	0	C06	train	train	train	train	train	train	train	train	train	test
DB08918	C0162565	0	C06	train	train	train	train	train	train	train	train	train	test
DB08918	C0456909	0	C10	train	train	train	train	train	train	test	train	test	valid
DB08922	C0020473	0	C18	train	train	train	train	train	test	train	test	valid	train
DB08922	C0022548	0	A10	train	test	train	train	train	train	train	test	train	train
DB08922	C0043202	0	C14	test	test	train	train	test	train	train	valid	train	train
DB08931	C0162568	0	C06	train	train	train	train	train	train	train	train	train	test
DB08932	C0002893	0	C15	train	train	train	valid	train	train	valid	train	train	train
DB08932	C0037036	0	C07	train	test	valid	train	train	train	train	train	train	train
DB08935	C0021359	0	C12	train	train	train	test	valid	train	train	train	train	train
DB08935	C0030319	0	F03	train	train	train	train	train	train	valid	train	valid	train
DB08935	C0149925	0	C08	train	train	train	train	train	train	train	test	train	train
DB08935	C0206245	0	C18	train	train	train	train	train	test	train	test	valid	train
DB08936	C0002875	0	C15	train	train	train	valid	train	train	valid	train	train	train
DB08936	C0020542	0	C08	train	train	train	train	train	train	train	test	train	train
DB08936	C0026961	0	C11	train	test	train	train	train	train	train	train	train	train
DB08936	C0271623	0	C19	train	train	test	test	train	train	train	train	train	train
DB08936	C0520679	0	C08	train	train	train	train	train	train	train	test	train	train
DB08936	C2973725	0	C08	train	train	train	train	train	train	train	test	train	train
DB08941	C0005695	0	C12	train	train	train	test	valid	train	train	train	train	train
DB08941	C0024299	0	C04	train	train	train	valid	train	train	valid	train	train	train
DB08941	C0085417	0	C10	train	train	train	train	train	train	test	train	test	valid
DB08941	C2936781	0	C10	train	train	train	train	train	train	test	train	test	valid
DB08955	C0002871	0	C15	train	train	train	valid	train	train	valid	train	train	train
DB08955	C0018834	0	C23	valid	train	test	train	train	train	train	train	train	train
DB08955	C0042963	0	C23	valid	train	test	train	train	train	train	train	train	train
DB08955	C0268490	0	C18	train	train	train	train	train	test	train	test	valid	train
DB08957	C0002994	0	C14	test	test	train	train	test	train	train	valid	train	train
DB08957	C0019080	0	C23	valid	train	test	train	train	train	train	train	train	train
DB08957	C0038013	0	C05	train	valid	valid	train	train	test	train	train	train	train
DB08957	C0376358	0	C12	train	train	train	test	valid	train	train	train	train	train
DB08961	C0016470	0	C20	train	train	test	train	valid	train	train	train	train	train
DB08961	C0020598	0	C18	train	train	train	train	train	test	train	test	valid	train
DB08961	C0020676	0	C19	train	train	test	test	train	train	train	train	train	train
DB08961	C0026961	0	C11	train	test	train	train	train	train	train	train	train	train
DB08961	C0473527	0	C18	train	train	train	train	train	test	train	test	valid	train
DB08983	C0006114	0	C10	train	train	train	train	train	train	test	train	test	valid
DB08983	C0020546	0	C14	test	test	train	train	test	train	train	valid	train	train
DB08983	C0029401	0	C05	train	valid	valid	train	train	test	train	train	train	train
DB08983	C0038018	0	C05	train	valid	valid	train	train	test	train	train	train	train
DB08984	C0012833	0	C23	valid	train	test	train	train	train	train	train	train	train
DB08984	C0032768	0	C10	train	train	train	train	train	train	test	train	test	valid
DB08985	C0027686	0	C23	valid	train	test	train	train	train	train	train	train	train
DB08985	C0040028	0	C15	train	train	train	valid	train	train	valid	train	train	train
DB08985	C0428977	0	C14	test	test	train	train	test	train	train	valid	train	train
DB08985	C0920350	0	C19	train	train	test	test	train	train	train	train	train	train
DB08986	C0017601	0	C11	train	test	train	train	train	train	train	train	train	train
DB08986	C0028754	0	C18	train	train	train	train	train	test	train	test	valid	train
DB08986	C0032914	0	C12	train	train	train	test	valid	train	train	train	train	train
DB08986	C0042842	0	C18	train	train	train	train	train	test	train	test	valid	train
DB08992	C0151740	0	C10	train	train	train	train	train	train	test	train	test	valid
DB08992	C0231528	0	C05	train	valid	valid	train	train	test	train	train	train	train
DB08992	C0405580	0	C19	train	train	test	test	train	train	train	train	train	train
DB08992	C0745103	0	C18	train	train	train	train	train	test	train	test	valid	train
DB08995	C0016412	0	C18	train	train	train	train	train	test	train	test	valid	train
DB08995	C0020621	0	C18	train	train	train	train	train	test	train	test	valid	train
DB08995	C0022575	0	C11	train	test	train	train	train	train	train	train	train	train
DB08995	C0030920	0	C06	train	train	train	train	train	train	train	train	train	test
DB08995	C0238463	0	C04	train	train	train	valid	train	train	valid	train	train	train
DB09000	C0014836	0	C01	train	train	train	train	train	train	train	train	train	train
DB09000	C0948008	0	C10	train	train	train	train	train	train	test	train	test	valid
DB09006	C0242422	0	C10	train	train	train	train	train	train	test	train	test	valid
DB09010	C1260899	0	C15	train	train	train	valid	train	train	valid	train	train	train
DB09014	C0085083	0	C12	train	train	train	test	valid	train	train	train	train	train
DB09015	C0003868	0	C05	train	valid	valid	train	train	test	train	train	train	train
DB09015	C0162565	0	C06	train	train	train	train	train	train	train	train	train	test
DB09016	C0031046	0	C14	test	test	train	train	test	train	train	valid	train	train
DB09016	C0032027	0	C17	valid	train	valid	train	train	valid	train	train	train	test
DB09016	C0206682	0	C04	train	train	train	valid	train	train	valid	train	train	train
DB09016	C0751967	0	C10	train	train	train	train	train	train	test	train	test	valid
DB09018	C2936781	0	C10	train	train	train	train	train	train	test	train	test	valid
DB09026	C0037274	0	C17	valid	train	valid	train	train	valid	train	train	train	test
DB09029	C0021361	0	C12	train	train	train	test	valid	train	train	train	train	train
DB09029	C0028949	0	C23	valid	train	test	train	train	train	train	train	train	train
DB09029	C0473527	0	C18	train	train	train	train	train	test	train	test	valid	train
DB09030	C0008533	0	C15	train	train	train	valid	train	train	valid	train	train	train
DB09030	C0014733	0	C01	train	train	train	train	train	train	train	train	train	train
DB09030	C0524620	0	C18	train	train	train	train	train	test	train	test	valid	train
DB09033	C0028949	0	C23	valid	train	test	train	train	train	train	train	train	train
DB09033	C0042035	0	C12	train	train	train	test	valid	train	train	train	train	train
DB09034	C0001623	0	C19	train	train	test	test	train	train	train	train	train	train
DB09035	C1961099	0	C15	train	train	train	valid	train	train	valid	train	train	train
DB09036	C0008312	0	C06	train	train	train	train	train	train	train	train	train	test
DB09036	C0017168	0	C06	train	train	train	train	train	train	train	train	train	test
DB09036	C0017636	0	C04	train	train	train	valid	train	train	valid	train	train	train
DB09036	C0030297	0	C04	train	train	train	valid	train	train	valid	train	train	train
DB09036	C0032027	0	C17	valid	train	valid	train	train	valid	train	train	train	test
DB09036	C0038454	0	C10	train	train	train	train	train	train	test	train	test	valid
DB09038	C0008533	0	C15	train	train	train	valid	train	train	valid	train	train	train
DB09038	C0022661	0	C12	train	train	train	test	valid	train	train	train	train	train
DB09038	C4048328	0	C12	train	train	train	test	valid	train	train	train	train	train
DB09039	C0022104	0	C06	train	train	train	train	train	train	train	train	train	test
DB09039	C0038363	0	C07	train	test	valid	train	train	train	train	train	train	train
DB09039	C0085417	0	C10	train	train	train	train	train	train	test	train	test	valid
DB09040	C0020437	0	C18	train	train	train	train	train	test	train	test	valid	train
DB09040	C0021361	0	C12	train	train	train	test	valid	train	train	train	train	train
DB09040	C0026838	0	C05	train	valid	valid	train	train	test	train	train	train	train
DB09040	C0036202	0	C15	train	train	train	valid	train	train	valid	train	train	train
DB09043	C0005697	0	C12	train	train	train	test	valid	train	train	train	train	train
DB09043	C3463824	0	C15	train	train	train	valid	train	train	valid	train	train	train
DB09045	C0009806	0	C23	valid	train	test	train	train	train	train	train	train	train
DB09046	C0042571	0	C09	train	train	train	train	test	train	train	train	train	train
DB09046	C0271650	0	C18	train	train	train	train	train	test	train	test	valid	train
DB09046	C0687720	0	C12	train	train	train	test	valid	train	train	train	train	train
DB09047	C0017181	0	C06	train	train	train	train	train	train	train	train	train	test
DB09047	C0020625	0	C18	train	train	train	train	train	test	train	test	valid	train
DB09047	C0034734	0	C14	test	test	train	train	test	train	train	valid	train	train
DB09048	C0023212	0	C14	test	test	train	train	test	train	train	valid	train	train
DB09048	C0032914	0	C12	train	train	train	test	valid	train	train	train	train	train
DB09048	C0035457	0	C08	train	train	train	train	train	train	train	test	train	train
DB09048	C0042024	0	C12	train	train	train	test	valid	train	train	train	train	train
DB09048	C0278996	0	C04	train	train	train	valid	train	train	valid	train	train	train
DB09048	C0405580	0	C19	train	train	test	test	train	train	train	train	train	train
DB09049	C0029443	0	C01	train	train	train	train	train	train	train	train	train	train
DB09049	C0311375	0	C10	train	train	train	train	train	train	test	train	test	valid
DB09049	C0677607	0	C19	train	train	test	test	train	train	train	train	train	train
DB09053	C0010346	0	C06	train	train	train	train	train	train	train	train	train	test
DB09053	C0035258	0	C10	train	train	train	train	train	train	test	train	test	valid
DB09054	C0011881	0	C12	train	train	train	test	valid	train	train	train	train	train
DB09054	C0027497	0	C23	valid	train	test	train	train	train	train	train	train	train
DB09054	C0036508	0	C17	valid	train	valid	train	train	valid	train	train	train	test
DB09054	C0040479	0	C14	test	test	train	train	test	train	train	valid	train	train
DB09059	C0085681	0	C18	train	train	train	train	train	test	train	test	valid	train
DB09064	C0022073	0	C11	train	test	train	train	train	train	train	train	train	train
DB09064	C0029463	0	C04	train	train	train	valid	train	train	valid	train	train	train
DB09064	C0034186	0	C12	train	train	train	test	valid	train	train	train	train	train
DB09064	C1961835	0	C18	train	train	train	train	train	test	train	test	valid	train
DB09067	C0005424	0	C06	train	train	train	train	train	train	train	train	train	test
DB09067	C0013720	0	C17	valid	train	valid	train	train	valid	train	train	train	test
DB09068	C0006114	0	C10	train	train	train	train	train	train	test	train	test	valid
DB09068	C0010692	0	C12	train	train	train	test	valid	train	train	train	train	train
DB09068	C0014175	0	C12	train	train	train	test	valid	train	train	train	train	train
DB09068	C0029134	0	C10	train	train	train	train	train	train	test	train	test	valid
DB09068	C0033581	0	C12	train	train	train	test	valid	train	train	train	train	train
DB09069	C0006287	0	C08	train	train	train	train	train	train	train	test	train	train
DB09070	C0013404	0	C08	train	train	train	train	train	train	train	test	train	train
DB09074	C0022638	0	C18	train	train	train	train	train	test	train	test	valid	train
DB09074	C0029882	0	C09	train	train	train	train	test	train	train	train	train	train
DB09074	C0751674	0	C04	train	train	train	valid	train	train	valid	train	train	train
DB09075	C0017086	0	C23	valid	train	test	train	train	train	train	train	train	train
DB09075	C0017574	0	C01	train	train	train	train	train	train	train	train	train	train
DB09075	C0020507	0	C23	valid	train	test	train	train	train	train	train	train	train
DB09075	C0020550	0	C19	train	train	test	test	train	train	train	train	train	train
DB09075	C0028949	0	C23	valid	train	test	train	train	train	train	train	train	train
DB09075	C0268490	0	C18	train	train	train	train	train	test	train	test	valid	train
DB09075	C0271568	0	C05	train	valid	valid	train	train	test	train	train	train	train
DB09076	C0007820	0	C10	train	train	train	train	train	train	test	train	test	valid
DB09076	C0039483	0	C14	test	test	train	train	test	train	train	valid	train	train
DB09078	C0004364	0	C20	train	train	test	train	valid	train	train	train	train	train
DB09078	C0005697	0	C12	train	train	train	test	valid	train	train	train	train	train
DB09078	C0014583	0	C11	train	test	train	train	train	train	train	train	train	train
DB09078	C0020598	0	C18	train	train	train	train	train	test	train	test	valid	train
DB09078	C0034065	0	C08	train	train	train	train	train	train	train	test	train	train
DB09078	C0036341	0	F03	train	train	train	train	train	train	valid	train	valid	train
DB09079	C0014868	0	C06	train	train	train	train	train	train	train	train	train	test
DB09079	C0162565	0	C06	train	train	train	train	train	train	train	train	train	test
DB09079	C0751674	0	C04	train	train	train	valid	train	train	valid	train	train	train
DB09080	C0014859	0	C06	train	train	train	train	train	train	train	train	train	test
DB09080	C0020540	0	C14	test	test	train	train	test	train	train	valid	train	train
DB09082	C0001418	0	C04	train	train	train	valid	train	train	valid	train	train	train
DB09082	C0002874	0	C15	train	train	train	valid	train	train	valid	train	train	train
DB09082	C0023487	0	C04	train	train	train	valid	train	train	valid	train	train	train
DB09082	C0040053	0	C14	test	test	train	train	test	train	train	valid	train	train
DB09082	C0276226	0	C01	train	train	train	train	train	train	train	train	train	train
DB09083	C0043459	0	C12	train	train	train	test	valid	train	train	train	train	train
DB09083	C0271093	0	C11	train	test	train	train	train	train	train	train	train	train
DB09089	C0024899	0	C04	train	train	train	valid	train	train	valid	train	train	train
DB09089	C0036337	0	F03	train	train	train	train	train	train	valid	train	valid	train
DB09097	C0025323	0	C12	train	train	train	test	valid	train	train	train	train	train
DB09097	C0039103	0	C05	train	valid	valid	train	train	test	train	train	train	train
DB09097	C0268483	0	C18	train	train	train	train	train	test	train	test	valid	train
DB09099	C0013415	0	F03	train	train	train	train	train	train	valid	train	valid	train
DB09099	C0019087	0	C15	train	train	train	valid	train	train	valid	train	train	train
DB09099	C0020480	0	C18	train	train	train	train	train	test	train	test	valid	train
DB09099	C0020555	0	C17	valid	train	valid	train	train	valid	train	train	train	test
DB09107	C0006114	0	C10	train	train	train	train	train	train	test	train	test	valid
DB09107	C0020473	0	C18	train	train	train	train	train	test	train	test	valid	train
DB09107	C0024031	0	C23	valid	train	test	train	train	train	train	train	train	train
DB09107	C0029442	0	C18	train	train	train	train	train	test	train	test	valid	train
DB09107	C0085682	0	C18	train	train	train	train	train	test	train	test	valid	train
DB09108	C0029401	0	C05	train	valid	valid	train	train	test	train	train	train	train
DB09108	C0039841	0	C18	train	train	train	train	train	test	train	test	valid	train
DB09108	C0311277	0	C18	train	train	train	train	train	test	train	test	valid	train
DB09108	C0948089	0	C14	test	test	train	train	test	train	train	valid	train	train
DB09109	C0036421	0	C17	valid	train	valid	train	train	valid	train	train	train	test
DB09109	C0150055	0	C23	valid	train	test	train	train	train	train	train	train	train
DB09118	C0009806	0	C23	valid	train	test	train	train	train	train	train	train	train
DB09118	C0021670	0	C04	train	train	train	valid	train	train	valid	train	train	train
DB09119	C0015530	0	C15	train	train	train	valid	train	train	valid	train	train	train
DB09121	C0020507	0	C23	valid	train	test	train	train	train	train	train	train	train
DB09121	C0022650	0	C12	train	train	train	test	valid	train	train	train	train	train
DB09121	C0022665	0	C12	train	train	train	test	valid	train	train	train	train	train
DB09123	C0751753	0	C18	train	train	train	train	train	test	train	test	valid	train
DB09126	C0877792	0	C10	train	train	train	train	train	train	test	train	test	valid
DB09128	C0003123	0	C23	valid	train	test	train	train	train	train	train	train	train
DB09128	C0004114	0	C04	train	train	train	valid	train	train	valid	train	train	train
DB09128	C0004604	0	C23	valid	train	test	train	train	train	train	train	train	train
DB09128	C0008533	0	C15	train	train	train	valid	train	train	valid	train	train	train
DB09128	C0020545	0	C12	train	train	train	test	valid	train	train	train	train	train
DB09128	C0024117	0	C08	train	train	train	train	train	train	train	test	train	train
DB09128	C0031069	0	C16	train	test	train	valid	train	valid	train	test	train	train
DB09131	C0007137	0	C04	train	train	train	valid	train	train	valid	train	train	train
DB09131	C0042035	0	C12	train	train	train	test	valid	train	train	train	train	train
DB09140	C0021364	0	C12	train	train	train	test	valid	train	train	train	train	train
DB09143	C0010068	0	C14	test	test	train	train	test	train	train	valid	train	train
DB09143	C0021603	0	C10	train	train	train	train	train	train	test	train	test	valid
DB09143	C0035579	0	C18	train	train	train	train	train	test	train	test	valid	train
DB09143	C0242339	0	C18	train	train	train	train	train	test	train	test	valid	train
DB09143	C0268390	0	C17	valid	train	valid	train	train	valid	train	train	train	test
DB09146	C0001430	0	C04	train	train	train	valid	train	train	valid	train	train	train
DB09146	C0017636	0	C04	train	train	train	valid	train	train	valid	train	train	train
DB09146	C0596263	0	C04	train	train	train	valid	train	train	valid	train	train	train
DB09166	C0013386	0	C10	train	train	train	train	train	train	test	train	test	valid
DB09167	C0002893	0	C15	train	train	train	valid	train	train	valid	train	train	train
DB09167	C0003864	0	C05	train	valid	valid	train	train	test	train	train	train	train
DB09167	C0036421	0	C17	valid	train	valid	train	train	valid	train	train	train	test
DB09185	C0011882	0	C10	train	train	train	train	train	train	test	train	test	valid
DB09185	C3544321	0	F03	train	train	train	train	train	train	valid	train	valid	train
DB09198	C0008149	0	C01	train	train	train	train	train	train	train	train	train	train
DB09198	C0021670	0	C04	train	train	train	valid	train	train	valid	train	train	train
DB09198	C0041341	0	C04	train	train	train	valid	train	train	valid	train	train	train
DB09204	C0010691	0	C12	train	train	train	test	valid	train	train	train	train	train
DB09204	C0027661	0	C04	train	train	train	valid	train	train	valid	train	train	train
DB09204	C0029882	0	C09	train	train	train	train	test	train	train	train	train	train
DB09204	C0034734	0	C14	test	test	train	train	test	train	train	valid	train	train
DB09204	C0151636	0	C14	test	test	train	train	test	train	train	valid	train	train
DB09204	C4048328	0	C12	train	train	train	test	valid	train	train	train	train	train
DB09205	C0206686	0	C19	train	train	test	test	train	train	train	train	train	train
DB09212	C0014556	0	C10	train	train	train	train	train	train	test	train	test	valid
DB09212	C0040038	0	C14	test	test	train	train	test	train	train	valid	train	train
DB09212	C0236964	0	F03	train	train	train	train	train	train	valid	train	valid	train
DB09212	C0262584	0	C04	train	train	train	valid	train	train	valid	train	train	train
DB09213	C0033774	0	C17	valid	train	valid	train	train	valid	train	train	train	test
DB09215	C0030567	0	C10	train	train	train	train	train	train	test	train	test	valid
DB09215	C0038379	0	C10	train	train	train	train	train	train	test	train	test	valid
DB09215	C0342543	0	C19	train	train	test	test	train	train	train	train	train	train
DB09217	C0034013	0	C19	train	train	test	test	train	train	train	train	train	train
DB09217	C0150055	0	C23	valid	train	test	train	train	train	train	train	train	train
DB09220	C0002395	0	C10	train	train	train	train	train	train	test	train	test	valid
DB09220	C0005967	0	C04	train	train	train	valid	train	train	valid	train	train	train
DB09220	C0152020	0	C06	train	train	train	train	train	train	train	train	train	test
DB09221	C0004775	0	C12	train	train	train	test	valid	train	train	train	train	train
DB09221	C0005741	0	C11	train	test	train	train	train	train	train	train	train	train
DB09223	C0003864	0	C05	train	valid	valid	train	train	test	train	train	train	train
DB09223	C0023440	0	C15	train	train	train	valid	train	train	valid	train	train	train
DB09223	C0039240	0	C14	test	test	train	train	test	train	train	valid	train	train
DB09225	C0013595	0	C17	valid	train	valid	train	train	valid	train	train	train	test
DB09225	C0029456	0	C05	train	valid	valid	train	train	test	train	train	train	train
DB09225	C0038356	0	C06	train	train	train	train	train	train	train	train	train	test
DB09225	C0039103	0	C05	train	valid	valid	train	train	test	train	train	train	train
DB09225	C0087012	0	C10	train	train	train	train	train	train	test	train	test	valid
DB09229	C0002962	0	C14	test	test	train	train	test	train	train	valid	train	train
DB09230	C0007820	0	C10	train	train	train	train	train	train	test	train	test	valid
DB09230	C0010481	0	C19	train	train	test	test	train	train	train	train	train	train
DB09230	C0013405	0	C08	train	train	train	train	train	train	train	test	train	train
DB09230	C0018418	0	C17	valid	train	valid	train	train	valid	train	train	train	test
DB09230	C0271568	0	C05	train	valid	valid	train	train	test	train	train	train	train
DB09230	C0376545	0	C04	train	train	train	valid	train	train	valid	train	train	train
DB09235	C0021775	0	C14	test	test	train	train	test	train	train	valid	train	train
DB09235	C0032914	0	C12	train	train	train	test	valid	train	train	train	train	train
DB09235	C0878773	0	C12	train	train	train	test	valid	train	train	train	train	train
DB09241	C0020626	0	C19	train	train	test	test	train	train	train	train	train	train
DB09241	C0023449	0	C15	train	train	train	valid	train	train	valid	train	train	train
DB09241	C0042138	0	C12	train	train	train	test	valid	train	train	train	train	train
DB09241	C0220994	0	C23	valid	train	test	train	train	train	train	train	train	train
DB09244	C0004364	0	C20	train	train	test	train	valid	train	train	train	train	train
DB09244	C0030920	0	C06	train	train	train	train	train	train	train	train	train	test
DB09244	C0033806	0	C18	train	train	train	train	train	test	train	test	valid	train
DB09244	C0042571	0	C09	train	train	train	train	test	train	train	train	train	train
DB09244	C0678222	0	C04	train	train	train	valid	train	train	valid	train	train	train
DB09245	C0020550	0	C19	train	train	test	test	train	train	train	train	train	train
DB09245	C0020555	0	C17	valid	train	valid	train	train	valid	train	train	train	test
DB09245	C0022573	0	C11	train	test	train	train	train	train	train	train	train	train
DB09245	C3495559	0	C05	train	valid	valid	train	train	test	train	train	train	train
DB09258	C0003862	0	C05	train	valid	valid	train	train	test	train	train	train	train
DB09258	C0014550	0	C10	train	train	train	train	train	train	test	train	test	valid
DB09262	C0041296	0	C01	train	train	train	train	train	train	train	train	train	train
DB09262	C0042510	0	C14	test	test	train	train	test	train	train	valid	train	train
DB09265	C0036341	0	F03	train	train	train	train	train	train	valid	train	valid	train
DB09265	C0079744	0	C04	train	train	train	valid	train	train	valid	train	train	train
DB09270	C0005967	0	C04	train	train	train	valid	train	train	valid	train	train	train
DB09270	C0011334	0	C07	train	test	valid	train	train	train	train	train	train	train
DB09270	C0017181	0	C06	train	train	train	train	train	train	train	train	train	test
DB09270	C0018273	0	C23	valid	train	test	train	train	train	train	train	train	train
DB09271	C0028840	0	C11	train	test	train	train	train	train	train	train	train	train
DB09271	C0031190	0	C08	train	train	train	train	train	train	train	test	train	train
DB09272	C0011581	0	F03	train	train	train	train	train	train	valid	train	valid	train
DB09272	C0022951	0	C18	train	train	train	train	train	test	train	test	valid	train
DB09272	C0032000	0	C10	train	train	train	train	train	train	test	train	test	valid
DB09273	C0020625	0	C18	train	train	train	train	train	test	train	test	valid	train
DB09273	C0042133	0	C04	train	train	train	valid	train	train	valid	train	train	train
DB09273	C0476089	0	C12	train	train	train	test	valid	train	train	train	train	train
DB09273	C0678222	0	C04	train	train	train	valid	train	train	valid	train	train	train
DB09279	C0013404	0	C08	train	train	train	train	train	train	train	test	train	train
DB09279	C0014742	0	C17	valid	train	valid	train	train	valid	train	train	train	test
DB09280	C0010072	0	C14	test	test	train	train	test	train	train	valid	train	train
DB09280	C0018798	0	C14	test	test	train	train	test	train	train	valid	train	train
DB09280	C0030807	0	C17	valid	train	valid	train	train	valid	train	train	train	test
DB09280	C0033975	0	F03	train	train	train	train	train	train	valid	train	valid	train
DB09282	C0017086	0	C23	valid	train	test	train	train	train	train	train	train	train
DB09282	C0020544	0	C12	train	train	train	test	valid	train	train	train	train	train
DB09282	C0036341	0	F03	train	train	train	train	train	train	valid	train	valid	train
DB09282	C0751122	0	C10	train	train	train	train	train	train	test	train	test	valid
DB09283	C0023434	0	C15	train	train	train	valid	train	train	valid	train	train	train
DB09283	C0206245	0	C18	train	train	train	train	train	test	train	test	valid	train
DB09283	C0268579	0	C16	train	test	train	valid	train	valid	train	test	train	train
DB09283	C0524910	0	C01	train	train	train	train	train	train	train	train	train	train
DB09286	C0025149	0	C04	train	train	train	valid	train	train	valid	train	train	train
DB09286	C0029434	0	C05	train	valid	valid	train	train	test	train	train	train	train
DB09288	C0001627	0	C12	train	train	train	test	valid	train	train	train	train	train
DB09288	C0023418	0	C04	train	train	train	valid	train	train	valid	train	train	train
DB09288	C0919267	0	C12	train	train	train	test	valid	train	train	train	train	train
DB09289	C0006105	0	C01	train	train	train	train	train	train	train	train	train	train
DB09289	C0020452	0	C14	test	test	train	train	test	train	train	valid	train	train
DB09289	C0023827	0	C04	train	train	train	valid	train	train	valid	train	train	train
DB09289	C0025323	0	C12	train	train	train	test	valid	train	train	train	train	train
DB09289	C0033578	0	C12	train	train	train	test	valid	train	train	train	train	train
DB09289	C0035258	0	C10	train	train	train	train	train	train	test	train	test	valid
DB09290	C0007137	0	C04	train	train	train	valid	train	train	valid	train	train	train
DB09290	C0026691	0	C14	test	test	train	train	test	train	train	valid	train	train
DB09290	C0032000	0	C10	train	train	train	train	train	train	test	train	test	valid
DB09292	C0011848	0	C12	train	train	train	test	valid	train	train	train	train	train
DB09292	C0013421	0	C10	train	train	train	train	train	train	test	train	test	valid
DB09301	C0002875	0	C15	train	train	train	valid	train	train	valid	train	train	train
DB09302	C0023487	0	C04	train	train	train	valid	train	train	valid	train	train	train
DB09302	C0042133	0	C04	train	train	train	valid	train	train	valid	train	train	train
DB09302	C0342731	0	C16	train	test	train	valid	train	valid	train	test	train	train
DB09302	C0524909	0	C01	train	train	train	train	train	train	train	train	train	train
DB09304	C0017205	0	C18	train	train	train	train	train	test	train	test	valid	train
DB09304	C0032580	0	C06	train	train	train	train	train	train	train	train	train	test
DB09310	C0020437	0	C18	train	train	train	train	train	test	train	test	valid	train
DB09310	C0085215	0	C12	train	train	train	test	valid	train	train	train	train	train
DB09331	C0017152	0	C06	train	train	train	train	train	train	train	train	train	test
DB09331	C0025323	0	C12	train	train	train	test	valid	train	train	train	train	train
DB09332	C0162627	0	C01	train	train	train	train	train	train	train	train	train	train
DB09343	C0005779	0	C15	train	train	train	valid	train	train	valid	train	train	train
DB09343	C0013390	0	C23	valid	train	test	train	train	train	train	train	train	train
DB09351	C0001430	0	C04	train	train	train	valid	train	train	valid	train	train	train
DB09351	C0013415	0	F03	train	train	train	train	train	train	valid	train	valid	train
DB09351	C0018916	0	C04	train	train	train	valid	train	train	valid	train	train	train
DB09351	C0020544	0	C12	train	train	train	test	valid	train	train	train	train	train
DB09351	C0020625	0	C18	train	train	train	train	train	test	train	test	valid	train
DB09351	C0027796	0	C10	train	train	train	train	train	train	test	train	test	valid
DB09351	C0149931	0	C10	train	train	train	train	train	train	test	train	test	valid
DB09371	C0011334	0	C07	train	test	valid	train	train	train	train	train	train	train
DB09371	C0021603	0	C10	train	train	train	train	train	train	test	train	test	valid
DB09371	C1800706	0	C08	train	train	train	train	train	train	train	test	train	train
DB09389	C0013604	0	C23	valid	train	test	train	train	train	train	train	train	train
DB09389	C0018418	0	C17	valid	train	valid	train	train	valid	train	train	train	test
DB09389	C0149745	0	C07	train	test	valid	train	train	train	train	train	train	train
DB09401	C0001973	0	C25	train	train	test	train	train	train	valid	valid	train	train
DB09401	C0003492	0	C14	test	test	train	train	test	train	train	valid	train	train
DB09401	C0011875	0	C14	test	test	train	train	test	train	train	valid	train	train
DB09401	C0026987	0	C15	train	train	train	valid	train	train	valid	train	train	train
DB09401	C0342731	0	C16	train	test	train	valid	train	valid	train	test	train	train
DB09418	C0031154	0	C01	train	train	train	train	train	train	train	train	train	train
DB09418	C0032000	0	C10	train	train	train	train	train	train	test	train	test	valid
DB09418	C0035078	0	C12	train	train	train	test	valid	train	train	train	train	train
DB09462	C0005424	0	C06	train	train	train	train	train	train	train	train	train	test
DB09462	C0008149	0	C01	train	train	train	train	train	train	train	train	train	train
DB09462	C0022575	0	C11	train	test	train	train	train	train	train	train	train	train
DB09462	C0040038	0	C14	test	test	train	train	test	train	train	valid	train	train
DB09477	C0007134	0	C12	train	train	train	test	valid	train	train	train	train	train
DB09477	C0019880	0	C18	train	train	train	train	train	test	train	test	valid	train
DB09477	C0028768	0	F03	train	train	train	train	train	train	valid	train	valid	train
DB09477	C0040997	0	C07	train	test	valid	train	train	train	train	train	train	train
DB09481	C0004153	0	C14	test	test	train	train	test	train	train	valid	train	train
DB09481	C0021655	0	C18	train	train	train	train	train	test	train	test	valid	train
DB09481	C0024143	0	C12	train	train	train	test	valid	train	train	train	train	train
DB09516	C0020481	0	C18	train	train	train	train	train	test	train	test	valid	train
DB09516	C0041341	0	C04	train	train	train	valid	train	train	valid	train	train	train
DB09516	C0231528	0	C05	train	valid	valid	train	train	test	train	train	train	train
DB09516	C4083212	0	C17	valid	train	valid	train	train	valid	train	train	train	test
DB09517	C0013421	0	C10	train	train	train	train	train	train	test	train	test	valid
DB09517	C0751674	0	C04	train	train	train	valid	train	train	valid	train	train	train
DB09526	C0003811	0	C14	test	test	train	train	test	train	train	valid	train	train
DB09526	C0040053	0	C14	test	test	train	train	test	train	train	valid	train	train
DB09555	C0002171	0	C17	valid	train	valid	train	train	valid	train	train	train	test
DB09555	C0022595	0	C17	valid	train	valid	train	train	valid	train	train	train	test
DB09559	C0022638	0	C18	train	train	train	train	train	test	train	test	valid	train
DB09559	C0022951	0	C18	train	train	train	train	train	test	train	test	valid	train
DB09564	C0023890	0	C06	train	train	train	train	train	train	train	train	train	test
DB09564	C0031154	0	C01	train	train	train	train	train	train	train	train	train	train
DB09564	C0276226	0	C01	train	train	train	train	train	train	train	train	train	train
DB09568	C1956346	0	C14	test	test	train	train	test	train	train	valid	train	train
DB11081	C0020502	0	C19	train	train	test	test	train	train	train	train	train	train
DB11085	C1458155	0	C04	train	train	train	valid	train	train	valid	train	train	train
DB11131	C0085580	0	C14	test	test	train	train	test	train	train	valid	train	train
DB11157	C0004153	0	C14	test	test	train	train	test	train	train	valid	train	train
DB11157	C0005697	0	C12	train	train	train	test	valid	train	train	train	train	train
DB11157	C0013720	0	C17	valid	train	valid	train	train	valid	train	train	train	test
DB11157	C0014836	0	C01	train	train	train	train	train	train	train	train	train	train
DB11157	C0026769	0	C10	train	train	train	train	train	train	test	train	test	valid
DB11157	C0033375	0	C04	train	train	train	valid	train	train	valid	train	train	train
DB11166	C0010481	0	C19	train	train	test	test	train	train	train	train	train	train
DB11166	C0011860	0	C18	train	train	train	train	train	test	train	test	valid	train
DB11181	C0028734	0	C23	valid	train	test	train	train	train	train	train	train	train
DB11181	C0040015	0	C15	train	train	train	valid	train	train	valid	train	train	train
DB11235	C0040028	0	C15	train	train	train	valid	train	train	valid	train	train	train
DB11273	C0024473	0	C18	train	train	train	train	train	test	train	test	valid	train
DB11274	C0013238	0	C11	train	test	train	train	train	train	train	train	train	train
DB11324	C0029456	0	C05	train	valid	valid	train	train	test	train	train	train	train
DB11324	C0034885	0	C06	train	train	train	train	train	train	train	train	train	test
DB11362	C0018099	0	C05	train	valid	valid	train	train	test	train	train	train	train
DB11362	C1621958	0	C04	train	train	train	valid	train	train	valid	train	train	train
DB11363	C0020445	0	C18	train	train	train	train	train	test	train	test	valid	train
DB11363	C0025149	0	C04	train	train	train	valid	train	train	valid	train	train	train
DB11560	C0001122	0	C18	train	train	train	train	train	test	train	test	valid	train
DB11560	C0006413	0	C01	train	train	train	train	train	train	train	train	train	train
DB11560	C0043352	0	C07	train	test	valid	train	train	train	train	train	train	train
DB11571	C0042373	0	C14	test	test	train	train	test	train	train	valid	train	train
DB11571	C0042875	0	C18	train	train	train	train	train	test	train	test	valid	train
DB11571	C0887833	0	C04	train	train	train	valid	train	train	valid	train	train	train
DB11572	C0002792	0	C20	train	train	test	train	valid	train	train	train	train	train
DB11572	C0007193	0	C14	test	test	train	train	test	train	train	valid	train	train
DB11572	C0271623	0	C19	train	train	test	test	train	train	train	train	train	train
DB11581	C0029882	0	C09	train	train	train	train	test	train	train	train	train	train
DB11581	C0034067	0	C23	valid	train	test	train	train	train	train	train	train	train
DB11581	C0398623	0	C15	train	train	train	valid	train	train	valid	train	train	train
DB11582	C0023480	0	C15	train	train	train	valid	train	train	valid	train	train	train
DB11582	C0152020	0	C06	train	train	train	train	train	train	train	train	train	test
DB11582	C0270736	0	C10	train	train	train	train	train	train	test	train	test	valid
DB11591	C0019618	0	C15	train	train	train	valid	train	train	valid	train	train	train
DB11591	C0020517	0	C20	train	train	test	train	valid	train	train	train	train	train
DB11591	C0020615	0	C18	train	train	train	train	train	test	train	test	valid	train
DB11591	C0024419	0	C15	train	train	train	valid	train	train	valid	train	train	train
DB11595	C0024115	0	C08	train	train	train	train	train	train	train	test	train	train
DB11598	C0005699	0	C04	train	train	train	valid	train	train	valid	train	train	train
DB11598	C0085413	0	C12	train	train	train	test	valid	train	train	train	train	train
DB11614	C0007789	0	C10	train	train	train	train	train	train	test	train	test	valid
DB11614	C0027627	0	C04	train	train	train	valid	train	train	valid	train	train	train
DB11614	C0235480	0	C14	test	test	train	train	test	train	train	valid	train	train
DB11619	C0005741	0	C11	train	test	train	train	train	train	train	train	train	train
DB11619	C0022104	0	C06	train	train	train	train	train	train	train	train	train	test
DB11619	C1140680	0	C12	train	train	train	test	valid	train	train	train	train	train
DB11629	C0020625	0	C18	train	train	train	train	train	test	train	test	valid	train
DB11629	C0162565	0	C06	train	train	train	train	train	train	train	train	train	test
DB11632	C0002874	0	C15	train	train	train	valid	train	train	valid	train	train	train
DB11632	C0011849	0	C18	train	train	train	train	train	test	train	test	valid	train
DB11632	C0011860	0	C18	train	train	train	train	train	test	train	test	valid	train
DB11632	C0020540	0	C14	test	test	train	train	test	train	train	valid	train	train
DB11632	C0920350	0	C19	train	train	test	test	train	train	train	train	train	train
DB11635	C0015672	0	C23	valid	train	test	train	train	train	train	train	train	train
DB11656	C0002962	0	C14	test	test	train	train	test	train	train	valid	train	train
DB11656	C0035078	0	C12	train	train	train	test	valid	train	train	train	train	train
DB11660	C0033117	0	C12	train	train	train	test	valid	train	train	train	train	train
DB11675	C0010346	0	C06	train	train	train	train	train	train	train	train	train	test
DB11675	C0028949	0	C23	valid	train	test	train	train	train	train	train	train	train
DB11675	C0032463	0	C15	train	train	train	valid	train	train	valid	train	train	train
DB11675	C0085159	0	F03	train	train	train	train	train	train	valid	train	valid	train
DB11675	C0221013	0	C04	train	train	train	valid	train	train	valid	train	train	train
DB11696	C0004775	0	C12	train	train	train	test	valid	train	train	train	train	train
DB11696	C0006118	0	C10	train	train	train	train	train	train	test	train	test	valid
DB11696	C0006267	0	C08	train	train	train	train	train	train	train	test	train	train
DB11696	C0018021	0	C19	train	train	test	test	train	train	train	train	train	train
DB11696	C1561643	0	C12	train	train	train	test	valid	train	train	train	train	train
DB11699	C0034069	0	C08	train	train	train	train	train	train	train	test	train	train
DB11699	C0039590	0	C12	train	train	train	test	valid	train	train	train	train	train
DB11712	C0021051	0	C20	train	train	test	train	valid	train	train	train	train	train
DB11712	C0026896	0	C10	train	train	train	train	train	train	test	train	test	valid
DB11742	C0019156	0	C06	train	train	train	train	train	train	train	train	train	test
DB11748	C0011884	0	C11	train	test	train	train	train	train	train	train	train	train
DB11748	C0014877	0	C10	train	train	train	train	train	train	test	train	test	valid
DB11748	C0038525	0	C10	train	train	train	train	train	train	test	train	test	valid
DB11748	C0151744	0	C14	test	test	train	train	test	train	train	valid	train	train
DB11748	C0553580	0	C04	train	train	train	valid	train	train	valid	train	train	train
DB11753	C0005695	0	C12	train	train	train	test	valid	train	train	train	train	train
DB11753	C0024121	0	C08	train	train	train	train	train	train	train	test	train	train
DB11753	C0040997	0	C07	train	test	valid	train	train	train	train	train	train	train
DB11757	C0032914	0	C12	train	train	train	test	valid	train	train	train	train	train
DB11767	C0026769	0	C10	train	train	train	train	train	train	test	train	test	valid
DB11767	C0268490	0	C18	train	train	train	train	train	test	train	test	valid	train
DB11767	C2930898	0	C11	train	test	train	train	train	train	train	train	train	train
DB11767	C4083212	0	C17	valid	train	valid	train	train	valid	train	train	train	test
DB11783	C0033375	0	C04	train	train	train	valid	train	train	valid	train	train	train
DB11792	C0031485	0	C18	train	train	train	train	train	test	train	test	valid	train
DB11817	C0030319	0	F03	train	train	train	train	train	train	valid	train	valid	train
DB11817	C0037286	0	C04	train	train	train	valid	train	train	valid	train	train	train
DB11817	C0038356	0	C06	train	train	train	train	train	train	train	train	train	test
DB11817	C0042373	0	C14	test	test	train	train	test	train	train	valid	train	train
DB11817	C0085580	0	C14	test	test	train	train	test	train	train	valid	train	train
DB11817	C0520679	0	C08	train	train	train	train	train	train	train	test	train	train
DB11817	C0878544	0	C14	test	test	train	train	test	train	train	valid	train	train
DB11824	C0001206	0	C05	train	valid	valid	train	train	test	train	train	train	train
DB11824	C0019243	0	C20	train	train	test	train	valid	train	train	train	train	train
DB11824	C0024586	0	C04	train	train	train	valid	train	train	valid	train	train	train
DB11824	C0031154	0	C01	train	train	train	train	train	train	train	train	train	train
DB11827	C0020545	0	C12	train	train	train	test	valid	train	train	train	train	train
DB11827	C0024586	0	C04	train	train	train	valid	train	train	valid	train	train	train
DB11827	C0028768	0	F03	train	train	train	train	train	train	valid	train	valid	train
DB11827	C0149958	0	C10	train	train	train	train	train	train	test	train	test	valid
DB11950	C0020459	0	C18	train	train	train	train	train	test	train	test	valid	train
DB11988	C0016412	0	C18	train	train	train	train	train	test	train	test	valid	train
DB11988	C0175683	0	C18	train	train	train	train	train	test	train	test	valid	train
DB11994	C0011849	0	C18	train	train	train	train	train	test	train	test	valid	train
DB11995	C0006413	0	C01	train	train	train	train	train	train	train	train	train	train
DB11995	C0017181	0	C06	train	train	train	train	train	train	train	train	train	test
DB11995	C0035220	0	C08	train	train	train	train	train	train	train	test	train	train
DB12010	C0282488	0	C12	train	train	train	test	valid	train	train	train	train	train
DB12017	C0035228	0	C08	train	train	train	train	train	train	train	test	train	train
DB12023	C0022593	0	C17	valid	train	valid	train	train	valid	train	train	train	test
DB12023	C0023470	0	C04	train	train	train	valid	train	train	valid	train	train	train
DB12023	C0031046	0	C14	test	test	train	train	test	train	train	valid	train	train
DB12023	C0033774	0	C17	valid	train	valid	train	train	valid	train	train	train	test
DB12023	C0034012	0	C19	train	train	test	test	train	train	train	train	train	train
DB12023	C0037769	0	C10	train	train	train	train	train	train	test	train	test	valid
DB12023	C0038325	0	C17	valid	train	valid	train	train	valid	train	train	train	test
DB12082	C0004352	0	F03	train	train	train	train	train	train	valid	train	valid	train
DB12082	C0014550	0	C10	train	train	train	train	train	train	test	train	test	valid
DB12082	C0019202	0	C10	train	train	train	train	train	train	test	train	test	valid
DB12082	C0030807	0	C17	valid	train	valid	train	train	valid	train	train	train	test
DB12082	C0042875	0	C18	train	train	train	train	train	test	train	test	valid	train
DB12082	C0162836	0	C01	train	train	train	train	train	train	train	train	train	train
DB12095	C0033578	0	C12	train	train	train	test	valid	train	train	train	train	train
DB12095	C0034885	0	C06	train	train	train	train	train	train	train	train	train	test
DB12095	C0040038	0	C14	test	test	train	train	test	train	train	valid	train	train
DB12095	C0948008	0	C10	train	train	train	train	train	train	test	train	test	valid
DB12153	C0003962	0	C23	valid	train	test	train	train	train	train	train	train	train
DB12153	C0037199	0	C08	train	train	train	train	train	train	train	test	train	train
DB12159	C0011991	0	C23	valid	train	test	train	train	train	train	train	train	train
DB12159	C0022596	0	C17	valid	train	valid	train	train	valid	train	train	train	test
DB12159	C0028738	0	C10	train	train	train	train	train	train	test	train	test	valid
DB12159	C0034012	0	C19	train	train	test	test	train	train	train	train	train	train
DB12159	C0677607	0	C19	train	train	test	test	train	train	train	train	train	train
DB12163	C0020542	0	C08	train	train	train	train	train	train	train	test	train	train
DB12230	C0018099	0	C05	train	valid	valid	train	train	test	train	train	train	train
DB12233	C0035220	0	C08	train	train	train	train	train	train	train	test	train	train
DB12243	C0005694	0	C12	train	train	train	test	valid	train	train	train	train	train
DB12243	C0011849	0	C18	train	train	train	train	train	test	train	test	valid	train
DB12243	C0011875	0	C14	test	test	train	train	test	train	train	valid	train	train
DB12243	C0021308	0	C23	valid	train	test	train	train	train	train	train	train	train
DB12243	C0025874	0	C12	train	train	train	test	valid	train	train	train	train	train
DB12243	C0026838	0	C05	train	valid	valid	train	train	test	train	train	train	train
DB12248	C0011849	0	C18	train	train	train	train	train	test	train	test	valid	train
DB12248	C0428977	0	C14	test	test	train	train	test	train	train	valid	train	train
DB12278	C0023448	0	C15	train	train	train	valid	train	train	valid	train	train	train
DB12278	C0034734	0	C14	test	test	train	train	test	train	train	valid	train	train
DB12278	C0035229	0	C08	train	train	train	train	train	train	train	test	train	train
DB12278	C0162429	0	C18	train	train	train	train	train	test	train	test	valid	train
DB12319	C0002871	0	C15	train	train	train	valid	train	train	valid	train	train	train
DB12319	C0006114	0	C10	train	train	train	train	train	train	test	train	test	valid
DB12319	C0014859	0	C06	train	train	train	train	train	train	train	train	train	test
DB12319	C0024523	0	C06	train	train	train	train	train	train	train	train	train	test
DB12319	C0025294	0	C01	train	train	train	train	train	train	train	train	train	train
DB12364	C0011581	0	F03	train	train	train	train	train	train	valid	train	valid	train
DB12364	C0027796	0	C10	train	train	train	train	train	train	test	train	test	valid
DB12364	C0034186	0	C12	train	train	train	test	valid	train	train	train	train	train
DB12364	C0038454	0	C10	train	train	train	train	train	train	test	train	test	valid
DB12364	C0268483	0	C18	train	train	train	train	train	test	train	test	valid	train
DB12401	C0028326	0	C14	test	test	train	train	test	train	train	valid	train	train
DB12401	C0032460	0	C12	train	train	train	test	valid	train	train	train	train	train
DB12401	C0034012	0	C19	train	train	test	test	train	train	train	train	train	train
DB12401	C0524910	0	C01	train	train	train	train	train	train	train	train	train	train
DB12417	C0007642	0	C01	train	train	train	train	train	train	train	train	train	train
DB12417	C0017612	0	C11	train	test	train	train	train	train	train	train	train	train
DB12417	C0020523	0	C20	train	train	test	train	valid	train	train	train	train	train
DB12417	C0022575	0	C11	train	test	train	train	train	train	train	train	train	train
DB12417	C0027430	0	C08	train	train	train	train	train	train	train	test	train	train
DB12417	C0034063	0	C08	train	train	train	train	train	train	train	test	train	train
DB12478	C0002418	0	C10	train	train	train	train	train	train	test	train	test	valid
DB12478	C0036341	0	F03	train	train	train	train	train	train	valid	train	valid	train
DB12478	C0751122	0	C10	train	train	train	train	train	train	test	train	test	valid
DB12483	C0004943	0	C17	valid	train	valid	train	train	valid	train	train	train	test
DB12483	C0011606	0	C17	valid	train	valid	train	train	valid	train	train	train	test
DB12483	C0019880	0	C18	train	train	train	train	train	test	train	test	valid	train
DB12483	C0020217	0	C04	train	train	train	valid	train	train	valid	train	train	train
DB12483	C0020540	0	C14	test	test	train	train	test	train	train	valid	train	train
DB12483	C1561643	0	C12	train	train	train	test	valid	train	train	train	train	train
DB12523	C0033581	0	C12	train	train	train	test	valid	train	train	train	train	train
DB12545	C0002726	0	C18	train	train	train	train	train	test	train	test	valid	train
DB12545	C0008312	0	C06	train	train	train	train	train	train	train	train	train	test
DB12545	C0035457	0	C08	train	train	train	train	train	train	train	test	train	train
DB12554	C0015624	0	C12	train	train	train	test	valid	train	train	train	train	train
DB12554	C0038379	0	C10	train	train	train	train	train	train	test	train	test	valid
DB12554	C0040997	0	C07	train	test	valid	train	train	train	train	train	train	train
DB12598	C0936215	0	C18	train	train	train	train	train	test	train	test	valid	train
DB12783	C0031069	0	C16	train	test	train	valid	train	valid	train	test	train	train
DB12783	C0149925	0	C08	train	train	train	train	train	train	train	test	train	train
DB12831	C0002875	0	C15	train	train	train	valid	train	train	valid	train	train	train
DB12831	C0014544	0	C10	train	train	train	train	train	train	test	train	test	valid
DB12833	C0007117	0	C04	train	train	train	valid	train	train	valid	train	train	train
DB12833	C0015672	0	C23	valid	train	test	train	train	train	train	train	train	train
DB12833	C0036920	0	C15	train	train	train	valid	train	train	valid	train	train	train
DB12833	C0268596	0	C18	train	train	train	train	train	test	train	test	valid	train
DB12836	C0018924	0	C05	train	valid	valid	train	train	test	train	train	train	train
DB12836	C0041582	0	C23	valid	train	test	train	train	train	train	train	train	train
DB12836	C0949116	0	C15	train	train	train	valid	train	train	valid	train	train	train
DB12865	C0018801	0	C14	test	test	train	train	test	train	train	valid	train	train
DB12867	C0039841	0	C18	train	train	train	train	train	test	train	test	valid	train
DB12947	C0005967	0	C04	train	train	train	valid	train	train	valid	train	train	train
DB12947	C0023869	0	C23	valid	train	test	train	train	train	train	train	train	train
DB12947	C0025637	0	C15	train	train	train	valid	train	train	valid	train	train	train
DB12947	C0035222	0	C08	train	train	train	train	train	train	train	test	train	train
DB13036	C0013405	0	C08	train	train	train	train	train	train	train	test	train	train
DB13036	C0162834	0	C17	valid	train	valid	train	train	valid	train	train	train	test
DB13036	C1704417	0	C18	train	train	train	train	train	test	train	test	valid	train
DB13152	C0024899	0	C04	train	train	train	valid	train	train	valid	train	train	train
DB13165	C0001430	0	C04	train	train	train	valid	train	train	valid	train	train	train
DB13165	C0001627	0	C12	train	train	train	test	valid	train	train	train	train	train
DB13165	C0020649	0	C14	test	test	train	train	test	train	train	valid	train	train
DB13165	C0024143	0	C12	train	train	train	test	valid	train	train	train	train	train
DB13165	C0037188	0	C14	test	test	train	train	test	train	train	valid	train	train
DB13165	C0039240	0	C14	test	test	train	train	test	train	train	valid	train	train
DB13165	C0039590	0	C12	train	train	train	test	valid	train	train	train	train	train
DB13165	C0042133	0	C04	train	train	train	valid	train	train	valid	train	train	train
DB13167	C0005779	0	C15	train	train	train	valid	train	train	valid	train	train	train
DB13167	C0006114	0	C10	train	train	train	train	train	train	test	train	test	valid
DB13167	C0018021	0	C19	train	train	test	test	train	train	train	train	train	train
DB13167	C0151744	0	C14	test	test	train	train	test	train	train	valid	train	train
DB13167	C0409959	0	C05	train	valid	valid	train	train	test	train	train	train	train
DB13169	C0001623	0	C19	train	train	test	test	train	train	train	train	train	train
DB13169	C0007786	0	C10	train	train	train	train	train	train	test	train	test	valid
DB13169	C0020433	0	C23	valid	train	test	train	train	train	train	train	train	train
DB13169	C0030567	0	C10	train	train	train	train	train	train	test	train	test	valid
DB13179	C0029134	0	C10	train	train	train	train	train	train	test	train	test	valid
DB13179	C0032768	0	C10	train	train	train	train	train	train	test	train	test	valid
DB13217	C0342543	0	C19	train	train	test	test	train	train	train	train	train	train
DB13345	C0006114	0	C10	train	train	train	train	train	train	test	train	test	valid
DB13345	C0020476	0	C18	train	train	train	train	train	test	train	test	valid	train
DB13345	C0034069	0	C08	train	train	train	train	train	train	train	test	train	train
DB13345	C0035412	0	C04	train	train	train	valid	train	train	valid	train	train	train
DB13345	C0036920	0	C15	train	train	train	valid	train	train	valid	train	train	train
DB13500	C0011875	0	C14	test	test	train	train	test	train	train	valid	train	train
DB13500	C0030848	0	C12	train	train	train	test	valid	train	train	train	train	train
DB13783	C0242422	0	C10	train	train	train	train	train	train	test	train	test	valid
DB13873	C0020626	0	C19	train	train	test	test	train	train	train	train	train	train
DB13873	C0021670	0	C04	train	train	train	valid	train	train	valid	train	train	train
DB13919	C0006625	0	C23	valid	train	test	train	train	train	train	train	train	train
DB13919	C0018671	0	C04	train	train	train	valid	train	train	valid	train	train	train
DB13919	C0085681	0	C18	train	train	train	train	train	test	train	test	valid	train
DB13928	C0014869	0	C06	train	train	train	train	train	train	train	train	train	test
DB13928	C3495559	0	C05	train	valid	valid	train	train	test	train	train	train	train
DB13933	C0023481	0	C15	train	train	train	valid	train	train	valid	train	train	train
DB13933	C0024031	0	C23	valid	train	test	train	train	train	train	train	train	train
DB13943	C0018099	0	C05	train	valid	valid	train	train	test	train	train	train	train
DB13943	C0026691	0	C14	test	test	train	train	test	train	train	valid	train	train
DB13943	C0035229	0	C08	train	train	train	train	train	train	train	test	train	train
DB13943	C3544321	0	F03	train	train	train	train	train	train	valid	train	valid	train
DB13954	C0010691	0	C12	train	train	train	test	valid	train	train	train	train	train
DB13999	C0017601	0	C11	train	test	train	train	train	train	train	train	train	train
DB13999	C0268579	0	C16	train	test	train	valid	train	valid	train	test	train	train
DB13999	C1861172	0	C14	test	test	train	train	test	train	train	valid	train	train
DB14006	C0029453	0	C05	train	valid	valid	train	train	test	train	train	train	train
DB14006	C0034150	0	C23	valid	train	test	train	train	train	train	train	train	train
DB14006	C0040479	0	C14	test	test	train	train	test	train	train	valid	train	train
DB14061	C0015371	0	C10	train	train	train	train	train	train	test	train	test	valid
DB14061	C0026709	0	C16	train	test	train	valid	train	valid	train	test	train	train
L-Arginine	C0019618	0	C15	train	train	train	valid	train	train	valid	train	train	train
L-Citrulline	C0008149	0	C01	train	train	train	train	train	train	train	train	train	train
L-Citrulline	C0027430	0	C08	train	train	train	train	train	train	train	test	train	train
L-Citrulline	C0043515	0	C06	train	train	train	train	train	train	train	train	train	test
SN-38	C0008149	0	C01	train	train	train	train	train	train	train	train	train	train
SN-38	C0013404	0	C08	train	train	train	train	train	train	train	test	train	train
SN-38	C0022568	0	C11	train	test	train	train	train	train	train	train	train	train
SN-38	C0040136	0	C04	train	train	train	valid	train	train	valid	train	train	train
SN-38	C0151740	0	C10	train	train	train	train	train	train	test	train	test	valid
aceclidine	C0011875	0	C14	test	test	train	train	test	train	train	valid	train	train
aceclidine	C0017205	0	C18	train	train	train	train	train	test	train	test	valid	train
aceclidine	C0271623	0	C19	train	train	test	test	train	train	train	train	train	train
acefylline	C0035455	0	C08	train	train	train	train	train	train	train	test	train	train
adiphenine	C0034013	0	C19	train	train	test	test	train	train	train	train	train	train
adiphenine	C0035335	0	C04	train	train	train	valid	train	train	valid	train	train	train
adiphenine	C0162316	0	C15	train	train	train	valid	train	train	valid	train	train	train
adrenalone	C0003850	0	C14	test	test	train	train	test	train	train	valid	train	train
adrenalone	C0011854	0	C18	train	train	train	train	train	test	train	test	valid	train
adrenalone	C0033975	0	F03	train	train	train	train	train	train	valid	train	valid	train
aminopentamide	C0020507	0	C23	valid	train	test	train	train	train	train	train	train	train
aminopentamide	C0700201	0	C10	train	train	train	train	train	train	test	train	test	valid
ammonium-lactate	C0003864	0	C05	train	valid	valid	train	train	test	train	train	train	train
ammonium-lactate	C0011875	0	C14	test	test	train	train	test	train	train	valid	train	train
ammonium-lactate	C0024437	0	C11	train	test	train	train	train	train	train	train	train	train
ammonium-lactate	C1561643	0	C12	train	train	train	test	valid	train	train	train	train	train
amtolmetin-guacil	C0023212	0	C14	test	test	train	train	test	train	train	valid	train	train
amtolmetin-guacil	C0025637	0	C15	train	train	train	valid	train	train	valid	train	train	train
amtolmetin-guacil	C0030920	0	C06	train	train	train	train	train	train	train	train	train	test
amtolmetin-guacil	C0038379	0	C10	train	train	train	train	train	train	test	train	test	valid
amtolmetin-guacil	C0242350	0	C12	train	train	train	test	valid	train	train	train	train	train
amtolmetin-guacil	C0311375	0	C10	train	train	train	train	train	train	test	train	test	valid
arsenic-trioxide	C0027404	0	C10	train	train	train	train	train	train	test	train	test	valid
arsenic-trioxide	C1956346	0	C14	test	test	train	train	test	train	train	valid	train	train
azelaic-acid	C0014474	0	C04	train	train	train	valid	train	train	valid	train	train	train
azelaic-acid	C0022951	0	C18	train	train	train	train	train	test	train	test	valid	train
azelaic-acid	C0031046	0	C14	test	test	train	train	test	train	train	valid	train	train
bendazac	C0040015	0	C15	train	train	train	valid	train	train	valid	train	train	train
benztropine-mesylate	C0002871	0	C15	train	train	train	valid	train	train	valid	train	train	train
benztropine-mesylate	C0018681	0	C23	valid	train	test	train	train	train	train	train	train	train
benztropine-mesylate	C0030297	0	C04	train	train	train	valid	train	train	valid	train	train	train
bifemelane	C0011882	0	C10	train	train	train	train	train	train	test	train	test	valid
bifemelane	C0018273	0	C23	valid	train	test	train	train	train	train	train	train	train
bifemelane	C0032987	0	C12	train	train	train	test	valid	train	train	train	train	train
bifemelane	C0155862	0	C01	train	train	train	train	train	train	train	train	train	train
bifemelane	C0238111	0	C10	train	train	train	train	train	train	test	train	test	valid
bifemelane	C0342731	0	C16	train	test	train	valid	train	valid	train	test	train	train
bucladesine	C0014356	0	C06	train	train	train	train	train	train	train	train	train	test
budipine	C0010043	0	C11	train	test	train	train	train	train	train	train	train	train
budipine	C0034150	0	C23	valid	train	test	train	train	train	train	train	train	train
buflomedil	C0011581	0	F03	train	train	train	train	train	train	valid	train	valid	train
buflomedil	C0019112	0	C06	train	train	train	train	train	train	train	train	train	test
buflomedil	C0029408	0	C05	train	valid	valid	train	train	test	train	train	train	train
camostat-mesilate	C0024419	0	C15	train	train	train	valid	train	train	valid	train	train	train
camostat-mesilate	C0032787	0	C23	valid	train	test	train	train	train	train	train	train	train
camostat-mesilate	C0242350	0	C12	train	train	train	test	valid	train	train	train	train	train
caramiphen	C0011848	0	C12	train	train	train	test	valid	train	train	train	train	train
caramiphen	C0038013	0	C05	train	valid	valid	train	train	test	train	train	train	train
caramiphen	C0524909	0	C01	train	train	train	train	train	train	train	train	train	train
carazolol	C0042035	0	C12	train	train	train	test	valid	train	train	train	train	train
carazolol	C0206682	0	C04	train	train	train	valid	train	train	valid	train	train	train
chlormadinone-acetate	C0031190	0	C08	train	train	train	train	train	train	train	test	train	train
chlormadinone-acetate	C0036690	0	C01	train	train	train	train	train	train	train	train	train	train
chlorogenic-acid	C0010308	0	C05	train	valid	valid	train	train	test	train	train	train	train
chlorogenic-acid	C0085417	0	C10	train	train	train	train	train	train	test	train	test	valid
clebopride	C0024790	0	C15	train	train	train	valid	train	train	valid	train	train	train
clebopride	C0282488	0	C12	train	train	train	test	valid	train	train	train	train	train
clobetasone-butyrate	C0013295	0	C06	train	train	train	train	train	train	train	train	train	test
clobetasone-butyrate	C0042847	0	C18	train	train	train	train	train	test	train	test	valid	train
clobetasone-butyrate	C0342731	0	C16	train	test	train	valid	train	valid	train	test	train	train
clorprenaline	C0002395	0	C10	train	train	train	train	train	train	test	train	test	valid
clorprenaline	C0017205	0	C18	train	train	train	train	train	test	train	test	valid	train
cortisone	C0006267	0	C08	train	train	train	train	train	train	train	test	train	train
cortisone	C0017601	0	C11	train	test	train	train	train	train	train	train	train	train
cortisone	C0019880	0	C18	train	train	train	train	train	test	train	test	valid	train
cortisone	C0021775	0	C14	test	test	train	train	test	train	train	valid	train	train
cortisone	C0025323	0	C12	train	train	train	test	valid	train	train	train	train	train
cycloserine-(d)	C0002965	0	C14	test	test	train	train	test	train	train	valid	train	train
cycloserine-(d)	C0003873	0	C05	train	valid	valid	train	train	test	train	train	train	train
cycloserine-(d)	C0011633	0	C17	valid	train	valid	train	train	valid	train	train	train	test
cyclosporin-a	C0079744	0	C04	train	train	train	valid	train	train	valid	train	train	train
cyclosporin-a	C0836924	0	C15	train	train	train	valid	train	train	valid	train	train	train
dabigatran	C0013405	0	C08	train	train	train	train	train	train	train	test	train	train
dabigatran	C0019829	0	C04	train	train	train	valid	train	train	valid	train	train	train
dabigatran-etexilate	C0001623	0	C19	train	train	test	test	train	train	train	train	train	train
deracoxib	C0002171	0	C17	valid	train	valid	train	train	valid	train	train	train	test
deracoxib	C0018916	0	C04	train	train	train	valid	train	train	valid	train	train	train
desmopressin-acetate	C0018273	0	C23	valid	train	test	train	train	train	train	train	train	train
desoxycorticosterone-pivalate	C0001418	0	C04	train	train	train	valid	train	train	valid	train	train	train
desoxycorticosterone-pivalate	C0023518	0	C15	train	train	train	valid	train	train	valid	train	train	train
desoxycorticosterone-pivalate	C0040136	0	C04	train	train	train	valid	train	train	valid	train	train	train
dexamethasone-sodium-phosphate	C0002894	0	C15	train	train	train	valid	train	train	valid	train	train	train
dexamethasone-sodium-phosphate	C0038220	0	C10	train	train	train	train	train	train	test	train	test	valid
dexamethasone-sodium-phosphate	C0042133	0	C04	train	train	train	valid	train	train	valid	train	train	train
dexamethasone-sodium-phosphate	C0152020	0	C06	train	train	train	train	train	train	train	train	train	test
diphemanil	C0005967	0	C04	train	train	train	valid	train	train	valid	train	train	train
diphemanil	C0025500	0	C04	train	train	train	valid	train	train	valid	train	train	train
diphemanil	C0029882	0	C09	train	train	train	train	test	train	train	train	train	train
diphemanil	C0032019	0	C10	train	train	train	train	train	train	test	train	test	valid
epalrestat	C0011848	0	C12	train	train	train	test	valid	train	train	train	train	train
ephedrine-(racemic)	C0022116	0	C23	valid	train	test	train	train	train	train	train	train	train
ephedrine-(racemic)	C0032027	0	C17	valid	train	valid	train	train	valid	train	train	train	test
ephedrine-(racemic)	C0036920	0	C15	train	train	train	valid	train	train	valid	train	train	train
ephedrine-(racemic)	C0271093	0	C11	train	test	train	train	train	train	train	train	train	train
ephedrine-(racemic)	C0409818	0	C17	valid	train	valid	train	train	valid	train	train	train	test
estropipate	C0025289	0	C10	train	train	train	train	train	train	test	train	test	valid
estropipate	C0155862	0	C01	train	train	train	train	train	train	train	train	train	train
estropipate	C1961099	0	C15	train	train	train	valid	train	train	valid	train	train	train
ethanolamine-oleate	C0002994	0	C14	test	test	train	train	test	train	train	valid	train	train
ethanolamine-oleate	C0040517	0	C10	train	train	train	train	train	train	test	train	test	valid
etofylline	C0002726	0	C18	train	train	train	train	train	test	train	test	valid	train
etofylline	C0020538	0	C14	test	test	train	train	test	train	train	valid	train	train
etofylline	C0036830	0	C17	valid	train	valid	train	train	valid	train	train	train	test
etofylline	C0887833	0	C04	train	train	train	valid	train	train	valid	train	train	train
falecalcitriol	C0003811	0	C14	test	test	train	train	test	train	train	valid	train	train
falecalcitriol	C0025323	0	C12	train	train	train	test	valid	train	train	train	train	train
falecalcitriol	C0027726	0	C12	train	train	train	test	valid	train	train	train	train	train
falecalcitriol	C0034065	0	C08	train	train	train	train	train	train	train	test	train	train
falecalcitriol	C0035412	0	C04	train	train	train	valid	train	train	valid	train	train	train
falecalcitriol	C0268483	0	C18	train	train	train	train	train	test	train	test	valid	train
falecalcitriol	C1961099	0	C15	train	train	train	valid	train	train	valid	train	train	train
flopropione	C0005283	0	C15	train	train	train	valid	train	train	valid	train	train	train
flopropione	C0023418	0	C04	train	train	train	valid	train	train	valid	train	train	train
flopropione	C0027708	0	C12	train	train	train	test	valid	train	train	train	train	train
flopropione	C0151744	0	C14	test	test	train	train	test	train	train	valid	train	train
fludarabine-phosphate	C0001618	0	C19	train	train	test	test	train	train	train	train	train	train
fludarabine-phosphate	C0035222	0	C08	train	train	train	train	train	train	train	test	train	train
fludarabine-phosphate	C0038358	0	C06	train	train	train	train	train	train	train	train	train	test
fludarabine-phosphate	C0948008	0	C10	train	train	train	train	train	train	test	train	test	valid
fludrocortisone-acetate	C0013390	0	C23	valid	train	test	train	train	train	train	train	train	train
fludrocortisone-acetate	C0023052	0	C08	train	train	train	train	train	train	train	test	train	train
fludrocortisone-acetate	C0029882	0	C09	train	train	train	train	test	train	train	train	train	train
fludrocortisone-acetate	C0242488	0	C08	train	train	train	train	train	train	train	test	train	train
fludrocortisone-acetate	C0268483	0	C18	train	train	train	train	train	test	train	test	valid	train
fluocinolone-acetonide	C0023827	0	C04	train	train	train	valid	train	train	valid	train	train	train
fluocinolone-acetonide	C0836924	0	C15	train	train	train	valid	train	train	valid	train	train	train
fluocinolone-acetonide	C1269683	0	F03	train	train	train	train	train	train	valid	train	valid	train
fluphenazine-decanoate	C0011854	0	C18	train	train	train	train	train	test	train	test	valid	train
flurbiprofen-(S)-(+)	C0007820	0	C10	train	train	train	train	train	train	test	train	test	valid
flurbiprofen-(S)-(+)	C0023827	0	C04	train	train	train	valid	train	train	valid	train	train	train
flurbiprofen-(S)-(+)	C0037299	0	C17	valid	train	valid	train	train	valid	train	train	train	test
ftorafur	C0004775	0	C12	train	train	train	test	valid	train	train	train	train	train
ftorafur	C0456909	0	C10	train	train	train	train	train	train	test	train	test	valid
ftorafur	C0949116	0	C15	train	train	train	valid	train	train	valid	train	train	train
gentamycin	C0002171	0	C17	valid	train	valid	train	train	valid	train	train	train	test
gentamycin	C0151526	0	C12	train	train	train	test	valid	train	train	train	train	train
haloperidol-decanoate	C0003128	0	C12	train	train	train	test	valid	train	train	train	train	train
haloperidol-decanoate	C0020461	0	C18	train	train	train	train	train	test	train	test	valid	train
haloperidol-decanoate	C0024894	0	C12	train	train	train	test	valid	train	train	train	train	train
haloperidol-decanoate	C0451641	0	C12	train	train	train	test	valid	train	train	train	train	train
hyaluronic-acid	C0003868	0	C05	train	valid	valid	train	train	test	train	train	train	train
hyaluronic-acid	C0013338	0	C05	train	valid	valid	train	train	test	train	train	train	train
hyaluronic-acid	C0020598	0	C18	train	train	train	train	train	test	train	test	valid	train
hydrocortisone-butyrate	C0020445	0	C18	train	train	train	train	train	test	train	test	valid	train
hydrocortisone-butyrate	C0037930	0	C10	train	train	train	train	train	train	test	train	test	valid
hydrocortisone-butyrate	C0278996	0	C04	train	train	train	valid	train	train	valid	train	train	train
hydrocortisone-phosphate	C0013238	0	C11	train	test	train	train	train	train	train	train	train	train
hydrocortisone-phosphate	C0014733	0	C01	train	train	train	train	train	train	train	train	train	train
hydrocortisone-phosphate	C0018203	0	C15	train	train	train	valid	train	train	valid	train	train	train
hydrocortisone-phosphate	C0020433	0	C23	valid	train	test	train	train	train	train	train	train	train
hydrocortisone-phosphate	C0042029	0	C12	train	train	train	test	valid	train	train	train	train	train
hydrocortisone-phosphate	C0887833	0	C04	train	train	train	valid	train	train	valid	train	train	train
hydrocortisone-phosphate	C0919267	0	C12	train	train	train	test	valid	train	train	train	train	train
ibuprofen-lysine	C0018099	0	C05	train	valid	valid	train	train	test	train	train	train	train
ibuprofen-lysine	C0020456	0	C18	train	train	train	train	train	test	train	test	valid	train
ibuprofen-lysine	C0035258	0	C10	train	train	train	train	train	train	test	train	test	valid
icatibant-acetate	C0017086	0	C23	valid	train	test	train	train	train	train	train	train	train
icatibant-acetate	C0020538	0	C14	test	test	train	train	test	train	train	valid	train	train
icatibant-acetate	C0020555	0	C17	valid	train	valid	train	train	valid	train	train	train	test
icatibant-acetate	C0042109	0	C17	valid	train	valid	train	train	valid	train	train	train	test
ipragliflozin-l-proline	C0017168	0	C06	train	train	train	train	train	train	train	train	train	test
levocarnitine-propionate	C0002874	0	C15	train	train	train	valid	train	train	valid	train	train	train
levocarnitine-propionate	C0021390	0	C06	train	train	train	train	train	train	train	train	train	test
levocarnitine-propionate	C0024523	0	C06	train	train	train	train	train	train	train	train	train	test
levocarnitine-propionate	C0162566	0	C06	train	train	train	train	train	train	train	train	train	test
maropitant	C2239176	0	C04	train	train	train	valid	train	train	valid	train	train	train
maropitant	C3463824	0	C15	train	train	train	valid	train	train	valid	train	train	train
megestrol-acetate	C0877792	0	C10	train	train	train	train	train	train	test	train	test	valid
melevodopa	C0025289	0	C10	train	train	train	train	train	train	test	train	test	valid
melevodopa	C0029401	0	C05	train	valid	valid	train	train	test	train	train	train	train
melevodopa	C0751122	0	C10	train	train	train	train	train	train	test	train	test	valid
methylene-blue	C0004364	0	C20	train	train	test	train	valid	train	train	train	train	train
methylprednisolone-aceponate	C0003469	0	F03	train	train	train	train	train	train	valid	train	valid	train
methylprednisolone-aceponate	C0022575	0	C11	train	test	train	train	train	train	train	train	train	train
methylprednisolone-aceponate	C0032897	0	C16	train	test	train	valid	train	valid	train	test	train	train
methylprednisolone-aceponate	C0262584	0	C04	train	train	train	valid	train	train	valid	train	train	train
methylprednisolone-aceponate	C0271093	0	C11	train	test	train	train	train	train	train	train	train	train
methylprednisolone-aceponate	C0376545	0	C04	train	train	train	valid	train	train	valid	train	train	train
methylprednisolone-aceponate	C0936215	0	C18	train	train	train	train	train	test	train	test	valid	train
minodronic-acid	C0155862	0	C01	train	train	train	train	train	train	train	train	train	train
mofezolac	C0013386	0	C10	train	train	train	train	train	train	test	train	test	valid
mofezolac	C0020540	0	C14	test	test	train	train	test	train	train	valid	train	train
mofezolac	C0023437	0	C04	train	train	train	valid	train	train	valid	train	train	train
mofezolac	C0024115	0	C08	train	train	train	train	train	train	train	test	train	train
mofezolac	C0038013	0	C05	train	valid	valid	train	train	test	train	train	train	train
mozavaptan	C0009375	0	C06	train	train	train	train	train	train	train	train	train	test
nemonapride	C0017181	0	C06	train	train	train	train	train	train	train	train	train	test
nemonapride	C0018802	0	C14	test	test	train	train	test	train	train	valid	train	train
nemonapride	C0030920	0	C06	train	train	train	train	train	train	train	train	train	test
omeprazole-magnesium	C0002893	0	C15	train	train	train	valid	train	train	valid	train	train	train
omeprazole-magnesium	C1961099	0	C15	train	train	train	valid	train	train	valid	train	train	train
omeprazole-magnesium	C2936781	0	C10	train	train	train	train	train	train	test	train	test	valid
penfluridol	C0002390	0	C08	train	train	train	train	train	train	train	test	train	train
penfluridol	C0014733	0	C01	train	train	train	train	train	train	train	train	train	train
penfluridol	C0745103	0	C18	train	train	train	train	train	test	train	test	valid	train
phosphatidylcholine	C1961835	0	C18	train	train	train	train	train	test	train	test	valid	train
picotamide	C0005695	0	C12	train	train	train	test	valid	train	train	train	train	train
picotamide	C0011875	0	C14	test	test	train	train	test	train	train	valid	train	train
picotamide	C0020217	0	C04	train	train	train	valid	train	train	valid	train	train	train
picotamide	C0036421	0	C17	valid	train	valid	train	train	valid	train	train	train	test
pimobendan	C0011881	0	C12	train	train	train	test	valid	train	train	train	train	train
pimobendan	C0018021	0	C19	train	train	test	test	train	train	train	train	train	train
pimobendan	C3463824	0	C15	train	train	train	valid	train	train	valid	train	train	train
pipenzolate	C0014549	0	C10	train	train	train	train	train	train	test	train	test	valid
pipenzolate	C0015624	0	C12	train	train	train	test	valid	train	train	train	train	train
pipenzolate	C0282193	0	C18	train	train	train	train	train	test	train	test	valid	train
pipenzolate	C0702166	0	C17	valid	train	valid	train	train	valid	train	train	train	test
piperidolate	C0003123	0	C23	valid	train	test	train	train	train	train	train	train	train
piperidolate	C0004943	0	C17	valid	train	valid	train	train	valid	train	train	train	test
piperidolate	C0018099	0	C05	train	valid	valid	train	train	test	train	train	train	train
piperidolate	C0021359	0	C12	train	train	train	test	valid	train	train	train	train	train
piperidolate	C0025294	0	C01	train	train	train	train	train	train	train	train	train	train
piperidolate	C0085083	0	C12	train	train	train	test	valid	train	train	train	train	train
piperidolate	C0497327	0	C10	train	train	train	train	train	train	test	train	test	valid
piperidolate	C0687720	0	C12	train	train	train	test	valid	train	train	train	train	train
pralidoxime-chloride	C0004943	0	C17	valid	train	valid	train	train	valid	train	train	train	test
pralidoxime-chloride	C0011860	0	C18	train	train	train	train	train	test	train	test	valid	train
pralidoxime-chloride	C0085682	0	C18	train	train	train	train	train	test	train	test	valid	train
prednisolone-acetate	C0010054	0	C14	test	test	train	train	test	train	train	valid	train	train
prednisolone-acetate	C0020546	0	C14	test	test	train	train	test	train	train	valid	train	train
prednisolone-acetate	C0026764	0	C15	train	train	train	valid	train	train	valid	train	train	train
prednisolone-acetate	C0039841	0	C18	train	train	train	train	train	test	train	test	valid	train
prednisolone-sodium-phosphate	C0010692	0	C12	train	train	train	test	valid	train	train	train	train	train
prednisolone-sodium-phosphate	C0014544	0	C10	train	train	train	train	train	train	test	train	test	valid
prednisolone-sodium-phosphate	C0018790	0	C14	test	test	train	train	test	train	train	valid	train	train
prednisolone-sodium-phosphate	C0042138	0	C12	train	train	train	test	valid	train	train	train	train	train
quinaprilat	C0028768	0	F03	train	train	train	train	train	train	valid	train	valid	train
quinaprilat	C0030578	0	C17	valid	train	valid	train	train	valid	train	train	train	test
quinaprilat	C0040997	0	C07	train	test	valid	train	train	train	train	train	train	train
r(-)-apomorphine	C0010308	0	C05	train	valid	valid	train	train	test	train	train	train	train
r(-)-apomorphine	C0014335	0	C06	train	train	train	train	train	train	train	train	train	test
r(-)-apomorphine	C0037763	0	C10	train	train	train	train	train	train	test	train	test	valid
r(-)-apomorphine	C0751362	0	C10	train	train	train	train	train	train	test	train	test	valid
revaprazan	C0007131	0	C08	train	train	train	train	train	train	train	test	train	train
revaprazan	C0282488	0	C12	train	train	train	test	valid	train	train	train	train	train
silibinin	C0085413	0	C12	train	train	train	test	valid	train	train	train	train	train
silibinin	C0270736	0	C10	train	train	train	train	train	train	test	train	test	valid
sodium-oxybate	C0010481	0	C19	train	train	test	test	train	train	train	train	train	train
sodium-salicylate	C0032987	0	C12	train	train	train	test	valid	train	train	train	train	train
sodium-salicylate	C0085129	0	C08	train	train	train	train	train	train	train	test	train	train
sodium-tetradecyl-sulfate	C0005779	0	C15	train	train	train	valid	train	train	valid	train	train	train
sodium-tetradecyl-sulfate	C0035258	0	C10	train	train	train	train	train	train	test	train	test	valid
sodium-tetradecyl-sulfate	C0702166	0	C17	valid	train	valid	train	train	valid	train	train	train	test
spiperone	C0008677	0	C08	train	train	train	train	train	train	train	test	train	train
spiperone	C0021364	0	C12	train	train	train	test	valid	train	train	train	train	train
spiperone	C0023212	0	C14	test	test	train	train	test	train	train	valid	train	train
spiperone	C2936781	0	C10	train	train	train	train	train	train	test	train	test	valid
strontium-ranelate	C0003862	0	C05	train	valid	valid	train	train	test	train	train	train	train
strontium-ranelate	C0008325	0	C06	train	train	train	train	train	train	train	train	train	test
strontium-ranelate	C0018801	0	C14	test	test	train	train	test	train	train	valid	train	train
strontium-ranelate	C0027430	0	C08	train	train	train	train	train	train	train	test	train	train
strontium-ranelate	C0027697	0	C12	train	train	train	test	valid	train	train	train	train	train
strontium-ranelate	C0042373	0	C14	test	test	train	train	test	train	train	valid	train	train
tannic-acid	C0238052	0	C18	train	train	train	train	train	test	train	test	valid	train
tebipenem	C0026769	0	C10	train	train	train	train	train	train	test	train	test	valid
tebipenem	C0030569	0	C10	train	train	train	train	train	train	test	train	test	valid
tebipenem	C0040015	0	C15	train	train	train	valid	train	train	valid	train	train	train
telotristat-ethyl	C0020550	0	C19	train	train	test	test	train	train	train	train	train	train
telotristat-ethyl	C0149931	0	C10	train	train	train	train	train	train	test	train	test	valid
tepoxalin	C0008533	0	C15	train	train	train	valid	train	train	valid	train	train	train
tepoxalin	C2930898	0	C11	train	test	train	train	train	train	train	train	train	train
tepoxalin	C4048328	0	C12	train	train	train	test	valid	train	train	train	train	train
testosterone-enanthate	C0022596	0	C17	valid	train	valid	train	train	valid	train	train	train	test
testosterone-enanthate	C0023267	0	C04	train	train	train	valid	train	train	valid	train	train	train
testosterone-enanthate	C0032019	0	C10	train	train	train	train	train	train	test	train	test	valid
testosterone-enanthate	C0342731	0	C16	train	test	train	valid	train	valid	train	test	train	train
testosterone-enanthate	C0342881	0	C18	train	train	train	train	train	test	train	test	valid	train
testosterone-enanthate	C0751967	0	C10	train	train	train	train	train	train	test	train	test	valid
testosterone-undecanoate	C0040261	0	C01	train	train	train	train	train	train	train	train	train	train
testosterone-undecanoate	C1956346	0	C14	test	test	train	train	test	train	train	valid	train	train
thiostrepton	C0014534	0	C12	train	train	train	test	valid	train	train	train	train	train
thiostrepton	C0028326	0	C14	test	test	train	train	test	train	train	valid	train	train
thiostrepton	C0030848	0	C12	train	train	train	test	valid	train	train	train	train	train
thiostrepton	C0041948	0	C12	train	train	train	test	valid	train	train	train	train	train
thiram	C0004096	0	C08	train	train	train	train	train	train	train	test	train	train
thiram	C0006142	0	C04	train	train	train	valid	train	train	valid	train	train	train
thiram	C0235974	0	C04	train	train	train	valid	train	train	valid	train	train	train
thiram	C2936781	0	C10	train	train	train	train	train	train	test	train	test	valid
trelagliptin	C0017086	0	C23	valid	train	test	train	train	train	train	train	train	train
trelagliptin	C0018794	0	C14	test	test	train	train	test	train	train	valid	train	train
trepibutone	C0035854	0	C17	valid	train	valid	train	train	valid	train	train	train	test
ufenamate	C0007194	0	C14	test	test	train	train	test	train	train	valid	train	train
ufenamate	C0017160	0	C06	train	train	train	train	train	train	train	train	train	test
vinburnine	C0001883	0	C08	train	train	train	train	train	train	train	test	train	train
vinburnine	C0010068	0	C14	test	test	train	train	test	train	train	valid	train	train
vinburnine	C0019618	0	C15	train	train	train	valid	train	train	valid	train	train	train
vinburnine	C0020555	0	C17	valid	train	valid	train	train	valid	train	train	train	test
vinburnine	C0031099	0	C07	train	test	valid	train	train	train	train	train	train	train
xipamide	C0018203	0	C15	train	train	train	valid	train	train	valid	train	train	train
xipamide	C0085215	0	C12	train	train	train	test	valid	train	train	train	train	train
xipamide	C0349464	0	C10	train	train	train	train	train	train	test	train	test	valid
